<?xml version="1.0" encoding="UTF-8" standalone="no"?>
<COLLADA xmlns="http://www.collada.org/2005/11/COLLADASchema" version="1.4.1">
  <asset>
    <contributor>
      <author>ImageToStl.com</author>
      <authoring_tool>ImageToStl.com</authoring_tool>
    </contributor>
    <created>2026-01-30T12:25:34</created>
    <modified>2026-01-30T12:25:34</modified>
    <up_axis>Y_UP</up_axis>
  </asset>
  <library_images>
  </library_images>
  <library_effects>
    <effect id="effect_0">
        <profile_COMMON>
          <technique sid="common">
            <phong>
              <diffuse>
                <color>0.85 0.85 0.85 1</color>
              </diffuse>
            </phong>
          </technique>
        </profile_COMMON>
    </effect>
  </library_effects>
  <library_materials>
    <material id="mat_0">
      <instance_effect url="#effect_0"/>
    </material>
  </library_materials>
  <library_geometries>
    <geometry id="geometry_2b4d50e4_bb00_472a_8d00_cb60d5dd0c1c">
      <mesh>
        <source id="pos_0">
          <float_array id="pos_0-array" count="27264">322 214.29824829 189.82917786 482 214.29824829 189.82917786 482 216.66609192 186.31719971 322 216.66609192 186.31719971 482 218.90852356 182.72386169 322 218.90852356 182.72386169 482 221.02275085 179.05361938 322 221.02275085 179.05361938 482 223.00611877 175.31105042 322 223.00611877 175.31105042 482 224.85617065 171.50082397 322 224.85617065 171.50082397 482 226.57061768 167.62767029 322 226.57061768 167.62767029 482 228.14729309 163.69642639 322 228.14729309 163.69642639 482 229.58425903 159.7119751 322 229.58425903 159.7119751 482 230.87969971 155.67930603 322 230.87969971 155.67930603 482 232.0320282 151.60343933 322 232.0320282 151.60343933 482 233.03977966 147.48942566 322 233.03977966 147.48942566 482 233.90171814 143.34242249 322 233.90171814 143.34242249 482 234.61677551 139.16758728 322 234.61677551 139.16758728 482 235.18403625 134.97010803 322 235.18403625 134.97010803 482 235.60282898 130.75521851 322 235.60282898 130.75521851 482 235.87258911 126.52819061 322 235.87258911 126.52819061 482 235.99302673 122.29426575 322 235.99302673 122.29426575 482 235.96394348 118.05873108 322 235.96394348 118.05873108 482 235.78541565 113.82685852 322 235.78541565 113.82685852 482 235.4576416 109.60391998 322 235.4576416 109.60391998 482 234.98104858 105.39518738 322 234.98104858 105.39518738 482 234.35621643 101.20589447 322 234.35621643 101.20589447 482 233.58392334 97.04125977 322 233.58392334 97.04125977 482 232.66513062 92.90647125 322 232.66513062 92.90647125 482 231.60099792 88.80669403 322 231.60099792 88.80669403 482 230.39283752 84.74701691 322 230.39283752 84.74701691 482 229.04216003 80.73251343 322 229.04216003 80.73251343 482 227.55064392 76.76817322 322 227.55064392 76.76817322 482 225.92015076 72.85894012 322 225.92015076 72.85894012 482 224.15270996 69.00968933 322 224.15270996 69.00968933 482 222.2505188 65.22520447 322 222.2505188 65.22520447 482 220.21595764 61.51021194 322 220.21595764 61.51021194 482 218.05155945 57.86933899 322 218.05155945 57.86933899 482 215.76000977 54.30711746 322 215.76000977 54.30711746 482 213.34417725 50.82798386 322 213.34417725 50.82798386 482 210.80706787 47.4362793 322 210.80706787 47.4362793 482 208.15182495 44.13622284 322 208.15182495 44.13622284 482 205.38179016 40.93193436 322 205.38179016 40.93193436 482 202.50039673 37.82739639 322 202.50039673 37.82739639 482 199.51123047 34.82648087 322 199.51123047 34.82648087 482 196.41801453 31.93292999 322 196.41801453 31.93292999 482 193.22460938 29.15034294 322 193.22460938 29.15034294 482 189.93499756 26.48219109 322 189.93499756 26.48219109 482 186.55326843 23.93179512 322 186.55326843 23.93179512 482 183.08363342 21.50233459 322 183.08363342 21.50233459 322 179.53042603 19.19683456 482 179.53042603 19.19683456 322 175.89807129 17.0181694 482 175.89807129 17.0181694 322 172.19108582 14.96905327 482 172.19108582 14.96905327 322 168.41409302 13.05203819 482 168.41409302 13.05203819 322 164.57180786 11.26951313 482 164.57180786 11.26951313 322 160.66899109 9.62369823 482 160.66899109 9.62369823 322 156.71054077 8.11664486 482 156.71054077 8.11664486 322 152.70135498 6.75022936 482 152.70135498 6.75022936 322 148.64645386 5.52615499 482 148.64645386 5.52615499 322 144.5508728 4.44594669 482 144.5508728 4.44594669 322 140.41972351 3.51095033 482 140.41972351 3.51095033 322 136.25816345 2.72233081 482 136.25816345 2.72233081 322 132.0713501 2.08107042 482 132.0713501 2.08107042 322 127.86450958 1.58796811 482 127.86450958 1.58796811 322 123.64289856 1.2436384 482 123.64289856 1.2436384 322 119.41175842 1.04851019 482 119.41175842 1.04851019 322 115.17636871 1.00282657 482 115.17636871 1.00282657 322 110.94200134 1.10664451 482 110.94200134 1.10664451 322 106.71394348 1.35983467 482 106.71394348 1.35983467 322 102.49745178 1.7620815 482 102.49745178 1.7620815 322 98.2977829 2.31288409 482 98.2977829 2.31288409 322 94.12017059 3.01155591 482 94.12017059 3.01155591 322 89.96981049 3.85722661 482 89.96981049 3.85722661 322 85.85189056 4.84884262 482 85.85189056 4.84884262 322 81.77152252 5.98516846 482 81.77152252 5.98516846 322 77.7338028 7.26478863 482 77.7338028 7.26478863 322 73.74375916 8.68610859 482 73.74375916 8.68610859 322 69.80635834 10.24735832 482 69.80635834 10.24735832 322 65.92651367 11.94659138 482 65.92651367 11.94659138 322 62.10905075 13.78169155 482 62.10905075 13.78169155 322 58.35873032 15.75037193 482 58.35873032 15.75037193 322 54.68022537 17.85018158 482 54.68022537 17.85018158 322 51.07811737 20.07850075 482 51.07811737 20.07850075 322 47.55688858 22.43255806 482 47.55688858 22.43255806 322 44.12093735 24.9094162 482 44.12093735 24.9094162 322 40.77453613 27.50599289 482 40.77453613 27.50599289 322 37.5218544 30.21904945 482 37.5218544 30.21904945 322 34.36695099 33.04520798 482 34.36695099 33.04520798 322 31.31374931 35.9809494 482 31.31374931 35.9809494 322 28.36605644 39.02261353 482 28.36605644 39.02261353 322 25.52754593 42.16640854 482 25.52754593 42.16640854 322 22.80175209 45.40842438 482 22.80175209 45.40842438 322 20.19207001 48.74461365 482 20.19207001 48.74461365 322 17.70175552 52.17082596 482 17.70175552 52.17082596 482 15.33390617 55.68279266 322 15.33390617 55.68279266 482 13.09147453 59.27613449 322 13.09147453 59.27613449 482 10.97725487 62.9463768 322 10.97725487 62.9463768 482 8.99388027 66.68894958 322 8.99388027 66.68894958 482 7.14382219 70.49918365 322 7.14382219 70.49918365 482 5.42938471 74.37233734 322 5.42938471 74.37233734 482 3.852705 78.30358124 322 3.852705 78.30358124 482 2.41574669 82.28801727 322 2.41574669 82.28801727 482 1.12030005 86.32068634 322 1.12030005 86.32068634 482 -0.03202066 90.3965683 322 -0.03202066 90.3965683 482 -1.0397799 94.51056671 322 -1.0397799 94.51056671 482 -1.90172219 98.65757751 322 -1.90172219 98.65757751 482 -2.61677361 102.83242035 322 -2.61677361 102.83242035 482 -3.18404341 107.02989197 322 -3.18404341 107.02989197 482 -3.60282445 111.24477386 322 -3.60282445 111.24477386 482 -3.87259555 115.47180939 322 -3.87259555 115.47180939 482 -3.99302006 119.70573425 322 -3.99302006 119.70573425 482 -3.96394849 123.94126892 322 -3.96394849 123.94126892 482 -3.7854166 128.17314148 322 -3.7854166 128.17314148 482 -3.45764709 132.39607239 322 -3.45764709 132.39607239 482 -2.98104811 136.60481262 322 -2.98104811 136.60481262 482 -2.35621357 140.79411316 322 -2.35621357 140.79411316 482 -1.58392203 144.95874023 322 -1.58392203 144.95874023 482 -0.6651355 149.09352112 322 -0.6651355 149.09352112 482 0.39900124 153.1933136 322 0.39900124 153.1933136 482 1.60716248 157.25297546 322 1.60716248 157.25297546 482 2.95784283 161.26748657 322 2.95784283 161.26748657 482 4.44935989 165.23182678 322 4.44935989 165.23182678 482 6.07985497 169.1410675 322 6.07985497 169.1410675 482 7.84729671 172.99031067 322 7.84729671 172.99031067 482 9.74948311 176.77479553 322 9.74948311 176.77479553 482 11.78404522 180.48979187 322 11.78404522 180.48979187 482 13.94844627 184.13066101 322 13.94844627 184.13066101 482 16.23999214 187.69288635 322 16.23999214 187.69288635 482 18.65582657 191.17201233 322 18.65582657 191.17201233 482 21.19293785 194.5637207 322 21.19293785 194.5637207 482 23.84816933 197.86376953 322 23.84816933 197.86376953 482 26.61820793 201.06806946 322 26.61820793 201.06806946 482 29.49960709 204.17260742 322 29.49960709 204.17260742 482 32.48877335 207.17352295 322 32.48877335 207.17352295 482 35.58198547 210.06707764 322 35.58198547 210.06707764 482 38.77539062 212.84965515 322 38.77539062 212.84965515 482 42.06500244 215.51780701 322 42.06500244 215.51780701 482 45.44673157 218.06820679 322 45.44673157 218.06820679 322 48.91636276 220.49766541 482 48.91636276 220.49766541 322 52.46957016 222.80316162 482 52.46957016 222.80316162 322 56.10192871 224.98182678 482 56.10192871 224.98182678 322 59.80891037 227.03094482 482 59.80891037 227.03094482 322 63.58590317 228.94796753 482 63.58590317 228.94796753 322 67.42819214 230.73048401 482 67.42819214 230.73048401 322 71.33100128 232.376297 482 71.33100128 232.376297 322 75.28945923 233.88336182 482 75.28945923 233.88336182 322 79.29863739 235.24977112 482 79.29863739 235.24977112 322 83.35354614 236.47384644 482 83.35354614 236.47384644 322 87.44911957 237.55404663 482 87.44911957 237.55404663 322 91.58026886 238.48904419 482 91.58026886 238.48904419 322 95.74184418 239.27766418 482 95.74184418 239.27766418 322 99.92865753 239.91893005 482 99.92865753 239.91893005 322 104.13549042 240.41203308 482 104.13549042 240.41203308 322 108.35710144 240.75636292 482 108.35710144 240.75636292 322 112.58824158 240.95149231 482 112.58824158 240.95149231 322 116.82363129 240.99717712 482 116.82363129 240.99717712 322 121.05799866 240.89335632 482 121.05799866 240.89335632 322 125.28605652 240.64016724 482 125.28605652 240.64016724 322 129.50254822 240.23791504 482 129.50254822 240.23791504 322 133.70222473 239.68711853 482 133.70222473 239.68711853 322 137.87983704 238.9884491 482 137.87983704 238.9884491 322 142.03018188 238.14277649 482 142.03018188 238.14277649 322 146.14811707 237.15115356 482 146.14811707 237.15115356 322 150.22846985 236.01483154 482 150.22846985 236.01483154 322 154.26618958 234.73521423 482 154.26618958 234.73521423 322 158.25624084 233.31388855 482 158.25624084 233.31388855 322 162.19363403 231.75263977 482 162.19363403 231.75263977 322 166.07348633 230.05340576 482 166.07348633 230.05340576 322 169.89094543 228.2183075 482 169.89094543 228.2183075 322 173.64126587 226.24963379 482 173.64126587 226.24963379 322 177.31977844 224.14982605 482 177.31977844 224.14982605 322 180.92189026 221.92149353 482 180.92189026 221.92149353 322 184.44311523 219.56744385 482 184.44311523 219.56744385 322 187.87905884 217.09057617 482 187.87905884 217.09057617 322 191.22546387 214.4940033 482 191.22546387 214.4940033 322 194.47814941 211.78094482 482 194.47814941 211.78094482 322 197.63305664 208.95478821 482 197.63305664 208.95478821 322 200.68624878 206.01904297 482 200.68624878 206.01904297 322 203.63394165 202.97738647 482 203.63394165 202.97738647 322 206.47245789 199.83358765 482 206.47245789 199.83358765 322 209.19824219 196.59158325 482 209.19824219 196.59158325 322 211.80792236 193.25538635 482 211.80792236 193.25538635 482 22.65629005 142.37115479 482 20.96701622 132.78601074 482 20.97636223 132.84378052 482 22.66722488 142.42829895 482 22.64813805 142.31356812 482 20.98851395 132.90101624 482 20.9604969 132.7278595 482 22.68091393 142.48483276 482 22.64278793 142.25564575 482 21.00344086 132.95759583 482 22.64025116 142.19752502 482 21.02110863 133.01338196 482 22.64053154 142.13934326 482 21.04147339 133.0682373 482 22.64363289 142.08126831 482 21.06448936 133.12203979 482 22.64954567 142.02339172 482 21.09009933 133.17463684 482 22.65825462 141.96588135 482 21.11824417 133.22595215 482 22.66974258 141.90884399 482 21.14885521 133.27581787 482 22.68397903 141.85244751 482 21.18186188 133.3241272 482 22.70093346 141.79679871 482 21.21718407 133.37077332 482 22.72056389 141.74203491 482 21.25473976 133.41564941 482 22.74282646 141.68829346 482 21.2944355 133.45863342 482 22.76766586 141.63569641 482 21.33618164 133.49964905 482 22.79502487 141.58435059 482 21.37987709 133.53855896 482 22.82484055 141.53440857 482 21.42541695 133.57530212 482 22.85704231 141.48596191 482 21.4726944 133.60978699 482 22.89199829 141.43855286 482 21.521595 133.641922 482 22.92923927 141.39292908 482 21.57200432 133.67163086 482 22.96867561 141.34918213 482 21.62380409 133.69885254 482 23.01020813 141.30741882 482 21.67686653 133.72351074 482 23.05374146 141.26774597 482 21.73106956 133.74554443 482 20.36783791 125.95374298 482 24.44088364 149.0531311 482 24.45740128 149.10926819 482 20.36411095 125.89402771 482 24.47663689 149.16452026 482 20.36336517 125.834198 482 24.49854279 149.21878052 482 20.36560249 125.77440643 482 23.09916878 141.23025513 482 21.78628159 133.7649231 482 24.52306747 149.27191162 482 20.37081718 125.71479797 482 24.55015182 149.32377625 482 20.3789959 125.65552521 482 24.57973289 149.37426758 482 20.39011955 125.59673309 482 23.14638138 141.19503784 482 21.84237289 133.78158569 482 24.61174202 149.42324829 482 20.40416145 125.53857422 482 24.64609909 149.47061157 482 20.42108345 125.48117828 482 23.19526482 141.16218567 482 21.89920998 133.79550171 482 24.682724 149.51625061 482 20.44084358 125.42470551 482 23.24570084 141.13175964 482 21.95665932 133.80662537 482 23.29756927 141.10385132 482 22.01457977 133.81492615 482 23.35074425 141.07853699 482 22.07283783 133.82040405 482 23.40509987 141.05584717 482 22.13129234 133.82302856 482 23.46050072 141.0358429 482 22.18980598 133.82279968 482 23.51681709 141.01860046 482 22.24823952 133.81971741 482 23.57391167 141.00413513 482 22.3064518 133.813797 482 22.36430931 133.80505371 482 23.63164711 140.99247742 482 20.37794876 116.33795929 482 20.38847923 116.39551544 482 27.72827721 158.02001953 482 27.73793221 158.07907104 482 27.7505188 158.13757324 482 20.37023735 116.279953 482 20.40180397 116.45249176 482 27.7215786 157.96057129 482 27.76600456 158.19535828 482 20.36536217 116.22164154 482 20.41788864 116.50875092 482 27.71785164 157.90084839 482 27.78435135 158.25231934 482 20.36333466 116.16316223 482 20.43669701 116.56416321 482 24.72153091 149.56004333 482 27.71710587 157.84101868 482 27.80551529 158.30827332 482 20.36416054 116.1046524 482 20.4581852 116.61858368 482 20.46339607 125.36928558 482 24.76242447 149.60189819 482 27.71934319 157.78123474 482 20.36783791 116.04625702 482 27.82944298 158.36312866 482 20.4822998 116.67189789 482 20.4886837 125.31505585 482 24.8053112 149.64170837 482 27.72455788 157.72161865 482 20.50898552 116.72397614 482 20.51664162 125.26216125 482 24.85008812 149.67936707 482 27.73273659 157.66235352 482 20.53817749 116.77468872 482 20.54720306 125.21071625 482 24.8966465 149.71481323 482 27.74386024 157.6035614 482 20.56980705 116.82391357 482 20.58028984 125.16086578 482 24.94487762 149.74794006 482 27.75790024 157.5453949 482 20.60379791 116.87154388 482 20.61444473 125.11449432 482 24.99466705 149.77868652 482 27.77482224 157.48800659 482 20.64006996 116.91745758 482 20.65078354 125.06981659 482 27.79458427 157.43153381 482 25.04589653 149.80696106 482 20.67853928 116.96155548 482 20.68922615 125.02693939 482 25.09844208 149.83270264 482 27.81713676 157.37611389 482 20.71911049 117.00371552 482 20.72968102 124.98594666 482 25.15217972 149.85586548 482 27.84242439 157.32188416 482 20.76168823 117.04385376 482 20.77205658 124.94694519 482 27.87038231 157.26898193 482 25.20698357 149.87635803 482 20.80617332 117.0818634 482 20.81625366 124.91002655 482 27.90094376 157.21754456 482 25.26272202 149.8941803 482 20.85245895 117.11766815 482 20.86217117 124.87526703 482 27.93403053 157.16769409 482 25.31926155 149.90924072 482 20.90043259 117.15116882 482 20.90970421 124.84275055 482 27.96744537 157.12226868 482 25.37646866 149.92153931 482 20.9499836 117.18228912 482 20.95874214 124.81255341 482 28.00295639 157.07847595 482 25.43420601 149.93104553 482 21.00099373 117.21096039 482 21.00917244 124.78474426 482 28.04048729 157.03640747 482 25.49234009 149.93771362 482 21.053339 117.23710632 482 21.06088066 124.75938416 482 28.07995224 156.99613953 482 25.55072784 149.94152832 482 21.10689926 117.26067352 482 21.11374283 124.73653412 482 28.12126541 156.95776367 482 25.60923386 149.94250488 482 21.16154289 117.28160095 482 21.16764259 124.71624756 482 28.16433525 156.92138672 482 25.66771889 149.94062805 482 21.2171402 117.29984283 482 21.22245216 124.69857025 482 28.20906639 156.88705444 482 25.72604179 149.93591309 482 21.27356339 117.31534576 482 21.27804756 124.68354797 482 28.25535965 156.85487366 482 25.78406334 149.92834473 482 21.33067322 117.32808685 482 21.33430099 124.67120361 482 28.30311394 156.82489014 482 25.84165001 149.91796875 482 21.38833809 117.33802795 482 21.39108086 124.66157532 482 28.35222435 156.79719543 482 25.89866066 149.90478516 482 21.44641685 117.34513855 482 21.44825745 124.65467834 482 25.95496178 149.88883972 482 28.40258026 156.77183533 482 21.50477409 117.34941864 482 21.50569725 124.65053558 482 26.01041794 149.87017822 482 28.45407295 156.74887085 482 21.56327057 117.35084534 482 21.56327057 124.64915466 482 28.50658798 156.72834778 482 20.9604969 109.27213287 482 30.70324707 164.52601624 482 20.96682739 109.21537018 482 30.7292614 164.57843018 482 20.97585106 109.15897369 482 30.75780106 164.6295166 482 20.98754883 109.10307312 482 30.78879547 164.67913818 482 21.001894 109.0477829 482 30.82217216 164.72720337 482 21.01885223 108.99324799 482 30.85785294 164.77357483 482 21.03838539 108.9395752 482 30.89575195 164.81816101 482 21.06045151 108.88689423 482 30.93577957 164.86083984 482 21.08499908 108.83532715 482 30.97784042 164.90151978 482 21.11197281 108.78498077 482 31.02183342 164.94010925 482 22.6587944 100.03715515 482 21.14131165 108.73597717 482 35.45748138 172.62210083 482 31.06765556 164.97648621 482 35.46887207 172.67962646 482 22.64989281 99.97932434 482 22.67050362 100.09449005 482 21.17294884 108.68843079 482 35.44891739 172.56410217 482 31.11519623 165.01060486 482 35.48305893 172.73652649 482 22.64382172 99.92112732 482 22.68499565 100.15117645 482 21.20808029 108.64080048 482 35.44319534 172.5057373 482 31.16434288 165.0423584 482 35.50000381 172.79266357 482 22.64059448 99.86270142 482 22.70223236 100.20709991 482 21.24551582 108.59496307 482 35.44033051 172.44717407 482 31.21498108 165.07168579 482 35.51967621 172.84790039 482 22.64021873 99.80419159 482 22.72217369 100.26210785 482 21.28516769 108.55102539 482 35.44033051 172.38853455 482 31.26698685 165.09849548 482 35.54201889 172.90211487 482 22.64269638 99.74572754 482 22.74477386 100.31607819 482 21.32693672 108.50909424 482 35.44319534 172.32997131 482 31.32023811 165.12275696 482 35.56698608 172.95516968 482 22.64801979 99.68745422 482 22.76997948 100.36888885 482 21.37072372 108.46927643 482 31.37460899 165.14437866 482 35.44891739 172.27160645 482 35.59451675 173.00694275 482 22.65617752 99.6295166 482 22.79772758 100.42040253 482 21.41641998 108.43167114 482 35.45748138 172.21360779 482 31.42996979 165.16333008 482 35.62453842 173.05731201 482 22.6671524 99.57203674 482 22.82795525 100.47050476 482 21.46391487 108.39635468 482 35.46887207 172.15608215 482 31.48618698 165.17956543 482 22.68091393 99.51516724 482 35.65699005 173.1061554 482 22.86058807 100.51907349 482 21.51309204 108.36342621 482 35.48305893 172.09918213 482 31.54313087 165.19303894 482 22.89554977 100.56599426 482 21.56383324 108.33296967 482 35.50000381 172.0430603 482 31.60066223 165.20370483 482 22.93275833 100.61116028 482 21.61601639 108.30504608 482 35.51967621 171.98780823 482 31.65864563 165.21157837 482 22.9721241 100.65444946 482 21.6695118 108.27972412 482 35.54201889 171.93360901 482 31.71694374 165.21659851 482 23.01355171 100.69577026 482 21.72418976 108.25708008 482 35.56698608 171.88053894 482 31.77541733 165.21878052 482 23.0569458 100.7350235 482 21.77991867 108.2371521 482 35.59451675 171.82876587 482 31.83392715 165.21809387 482 23.10220146 100.77211761 482 21.8365612 108.22000122 482 35.62453842 171.77841187 482 31.89233398 165.21456909 482 23.14921188 100.80696106 482 21.89398003 108.20565796 482 35.65699005 171.72956848 482 31.95050049 165.20820618 482 23.19786453 100.83946991 482 21.95203781 108.19416809 482 35.69187546 171.68225098 482 32.00828552 165.19900513 482 23.24804497 100.86956787 482 22.01059151 108.1855545 482 35.72903442 171.63670349 482 32.06555557 165.18699646 482 23.29963112 100.89718628 482 22.06949806 108.17984009 482 35.76837921 171.59303284 482 32.12217331 165.17221069 482 23.35250282 100.92225647 482 22.12861443 108.17703247 482 35.80981445 171.55134583 482 32.1780014 165.1546936 482 23.40653419 100.94471741 482 22.18779755 108.17714691 482 35.85324478 171.51173401 482 32.23291016 165.13446045 482 23.46159744 100.96451569 482 22.24690437 108.18017578 482 32.28676605 165.11158752 482 35.89855957 171.47428894 482 23.51755905 100.98161316 482 22.30578804 108.18611145 482 32.33944321 165.08612061 482 35.94565582 171.43911743 482 23.57428741 100.99595642 482 22.36430931 108.19495392 482 32.39081573 165.05810547 482 35.9944191 171.40629578 482 23.63164711 101.00751495 482 36.04472733 171.37590027 482 24.44088364 92.9468689 482 39.5573082 178.67637634 482 39.59202957 178.72348022 482 24.45780563 92.88948059 482 39.62900543 178.76882935 482 24.47756767 92.83300018 482 39.66814804 178.81233215 482 24.50012016 92.77758026 482 39.70936584 178.85386658 482 24.52540588 92.72335052 482 39.75255585 178.89334106 482 24.5533638 92.67045593 482 39.79762268 178.93066406 482 24.58392525 92.61901093 482 39.8444519 178.96574402 482 24.61701202 92.56916046 482 39.89293671 178.99850464 482 24.65152359 92.52233124 482 39.94296265 179.02885437 482 24.68826294 92.47723389 482 40.15602112 179.12489319 482 45.59516525 185.64051819 482 40.10106277 179.10481262 482 24.8109684 92.35333252 482 27.7403717 84.37963867 482 24.85571098 92.31615448 482 27.73028374 84.3219986 482 24.76807976 92.39263153 482 45.58551025 185.58146667 482 40.21189499 179.14228821 482 45.60775375 185.69902039 482 40.04714966 179.08207703 482 27.75325584 84.43671417 482 24.90220451 92.28118896 482 27.72301865 84.2639389 482 24.72714615 92.43395996 482 45.57881165 185.52201843 482 40.26855087 179.15692139 482 45.62323761 185.75680542 482 39.99440384 179.05673218 482 27.76890755 84.4930954 482 24.95033646 92.2485199 482 27.7185936 84.20559692 482 45.57508469 185.46229553 482 40.32585144 179.16877747 482 45.6415863 185.81376648 482 27.78728867 84.54865265 482 24.99999428 92.21822357 482 27.71701622 84.14710236 482 45.57434082 185.40246582 482 40.38365936 179.17782593 482 45.66275024 185.86973572 482 27.80835724 84.60324097 482 25.05106354 92.19036865 482 27.71829224 84.08860016 482 40.44184113 179.18405151 482 45.57657623 185.34268188 482 45.68667603 185.92457581 482 27.83205986 84.65673828 482 25.10342216 92.16501617 482 27.72241974 84.03023529 482 40.5002594 179.18742371 482 45.58179092 185.2830658 482 45.71330643 185.97814941 482 27.85834312 84.70901489 482 25.15694618 92.1422348 482 27.72938538 83.97213745 482 45.58996964 185.22380066 482 40.55876923 179.1879425 482 45.7425766 186.03033447 482 27.88714409 84.75995636 482 25.21151352 92.12207794 482 27.7391777 83.91444397 482 40.61723709 179.18562317 482 45.60109329 185.16500854 482 45.77441025 186.08099365 482 27.91839409 84.80942535 482 25.26699257 92.10458374 482 27.75176811 83.8572998 482 40.67552185 179.18045044 482 45.61513519 185.10684204 482 45.80872726 186.13000488 482 27.95201683 84.85731506 482 25.32325554 92.08979797 482 27.7671299 83.80084229 482 45.63205719 185.04945374 482 40.73348618 179.17243958 482 27.98793602 84.90350342 482 25.38016701 92.07775879 482 45.84544754 186.17724609 482 27.78522682 83.74519348 482 45.65181732 184.99298096 482 40.79098892 179.16160583 482 28.02606392 84.94789124 482 25.43759727 92.06848907 482 45.88447571 186.22261047 482 27.80601311 83.69049835 482 45.67436981 184.93756104 482 40.84790039 179.147995 482 28.06630898 84.9903717 482 25.4954071 92.06201935 482 27.82944298 83.63687897 482 45.9257164 186.26596069 482 45.69965744 184.8833313 482 40.90407562 179.13162231 482 28.10857773 85.03083038 482 25.55346298 92.05835724 482 45.72761536 184.83042908 482 40.95938492 179.11253357 482 28.15276718 85.06918335 482 25.61162949 92.05751038 482 45.75817871 184.7789917 482 41.01370239 179.09075928 482 28.19877625 85.10533905 482 25.66976738 92.05948639 482 45.79126358 184.72914124 482 41.06689072 179.06637573 482 28.24649048 85.13921356 482 25.72774315 92.06427002 482 41.11882782 179.03941345 482 45.82222366 184.68692017 482 28.29580116 85.17071533 482 25.78541756 92.07186127 482 45.85499191 184.64608765 482 41.16938782 179.00996399 482 28.34658813 85.1997757 482 25.84265518 92.08224487 482 45.88951492 184.60671997 482 41.21845627 178.97808838 482 28.39873123 85.22632599 482 25.89932442 92.09538269 482 45.9257164 184.56889343 482 41.26590729 178.94384766 482 28.45210648 85.25030518 482 25.95528793 92.11125946 482 41.31163788 178.90734863 482 45.96353912 184.53269958 482 28.50658798 85.27165222 482 26.01041794 92.12982178 482 46.00289917 184.49816895 482 38.10298538 131.02989197 482 39.37032318 138.21733093 482 41.02808762 144.40419006 482 37.54474258 117.35084534 482 37.54474258 124.64915466 482 43.52425766 151.26235962 482 30.70324707 77.47398376 482 50.73404312 191.07427979 482 30.72640228 77.42703247 482 50.77641678 191.11463928 482 30.75158501 77.3811264 482 50.82070541 191.15287781 482 30.77874565 77.33636475 482 50.86680603 191.18891907 482 30.80783463 77.29283905 482 50.914608 191.22265625 482 30.84305763 77.24508667 482 50.96399689 191.25404358 482 30.88059998 77.19914246 482 51.01485825 191.28297424 482 30.92036629 77.15510559 482 51.06707001 191.30938721 482 30.96226311 77.11308289 482 51.12050629 191.33322144 482 31.00618362 77.07318878 482 51.17504501 191.35443115 482 38.70899963 130.8604126 482 42.13941956 134.02362061 482 38.56080246 130.91389465 482 38.41015625 130.96003723 482 38.25742722 130.99873352 482 39.52193832 138.19432068 482 39.67448044 138.17857361 482 39.82759857 138.17012024 482 39.98094559 138.16900635 482 40.13417053 138.17520142 482 38.85439682 130.79971313 482 38.10298538 110.97010803 482 46.23117828 157.06736755 482 41.73275757 131.45831299 482 40.32760239 129.470047 482 40.25398254 129.59162903 482 40.17505264 129.70983887 482 40.08154297 129.83665466 482 39.98192215 129.95870972 482 39.87643433 130.07574463 482 39.76533127 130.18745422 482 39.64888 130.2935791 482 39.52736282 130.39385986 482 39.40106964 130.48805237 482 39.27030563 130.57594299 482 39.13538742 130.65731812 482 38.99663925 130.73196411 482 42.63466263 136.57328796 482 40.28692245 138.1887207 482 40.43885803 138.20951843 482 40.58962631 138.23754883 482 40.73888397 138.2727356 482 40.8862915 138.3150177 482 41.0315094 138.36430359 482 41.17420959 138.42045593 482 41.31406403 138.48336792 482 41.45075607 138.5528717 482 41.58396912 138.62882996 482 41.71340561 138.71107483 482 41.83876419 138.79940796 482 41.95976257 138.89361572 482 41.41516113 128.88047791 482 40.56625366 128.95475769 482 40.51521301 129.0874176 482 40.45834732 129.21768188 482 40.39577103 129.3453064 482 43.21789551 139.10427856 482 42.07612228 138.99349976 482 42.18758011 139.09883118 482 42.29388046 139.20935059 482 42.39477921 139.3248291 482 39.97740555 125.76481628 482 41.1798439 126.19075775 482 40.07465363 125.88339233 482 40.16613007 126.00646973 482 40.25162125 126.13378143 482 40.33093262 126.26502991 482 43.09358978 141.93283081 482 43.91670609 141.71228027 482 43.06315613 142.08686829 482 43.02522659 142.23921204 482 42.97989273 142.38952637 482 42.92726517 142.53744507 482 41.04497528 123.59693909 482 38.3042984 124.74031067 482 38.45238495 124.78015137 482 38.59840012 124.82701111 482 38.74201202 124.88079071 482 38.88288879 124.94137573 482 39.02071381 125.00861359 482 39.15517044 125.08235168 482 39.28594971 125.16243744 482 39.41275787 125.24867249 482 39.53530121 125.34086609 482 39.65330124 125.43880463 482 39.76648712 125.54227448 482 39.87460709 125.65102386 482 44.67710876 144.19580078 482 42.86746597 142.68261719 482 42.80064011 142.82469177 482 42.72694778 142.96331787 482 42.64656448 143.09819031 482 42.55968094 143.22895813 482 42.47029495 143.35044861 482 42.37530136 143.46759033 482 42.27490997 143.58013916 482 42.16933823 143.68786621 482 42.05882645 143.79049683 482 41.94361877 143.88783264 482 41.82396317 143.97964478 482 41.70012665 144.06573486 482 41 121 482 38.30771637 117.2588501 482 38.15724182 117.29187012 482 38.00535583 117.31762695 482 37.85240936 117.3360672 482 37.69875336 117.34714508 482 37.69805145 124.65281677 482 37.85100937 124.6638031 482 38.00326538 124.6820755 482 38.15447998 124.70759583 482 45.52305222 146.65150452 482 43.66957474 151.21336365 482 43.81706238 151.17137146 482 43.9663887 151.13647461 482 44.11721039 151.10873413 482 44.26918411 151.08824158 482 41.57238007 144.1459198 482 41.44101334 144.22001648 482 41.30630875 144.28785706 482 41.16856384 144.34928894 482 39.98564529 116.22557068 482 41.04497528 118.40306091 482 39.8828125 116.34027863 482 39.77459717 116.44992828 482 39.66124344 116.55425262 482 39.54301453 116.65301514 482 39.42018509 116.74599457 482 39.2930336 116.83297729 482 39.1618576 116.91375732 482 39.02695465 116.98815155 482 38.88864136 117.0559845 482 38.74723053 117.11710358 482 38.60305023 117.17137146 482 38.45643234 117.21865845 482 46.45352173 149.07644653 482 44.42196655 151.07502747 482 44.57520294 151.06912231 482 44.72854614 151.07054138 482 44.88164902 151.07928467 482 45.03416061 151.09532166 482 45.18572998 151.11863708 482 45.33600998 151.14915466 482 45.48466492 151.18682861 482 45.63135147 151.23155212 482 45.77573013 151.28321838 482 45.91748047 151.34173584 482 46.05627441 151.4069519 482 46.19179153 151.47872925 482 40.33093262 115.73497009 482 41.1798439 115.80924225 482 40.28120804 115.81890106 482 40.22895432 115.90127563 482 40.17422104 115.98202515 482 40.08285522 116.10606384 482 47.46739197 151.4677124 482 46.32373047 151.55688477 482 46.45178604 151.64125061 482 46.57566452 151.73164368 482 46.69508362 151.82785034 482 39.37032318 103.78266907 482 49.88033295 163.38789368 482 40.30495834 112.49124146 482 41.41516113 113.11951447 482 40.3801384 112.62490082 482 40.44885254 112.76200104 482 40.51093674 112.90222168 482 40.56625366 113.04524231 482 47.83615112 154.27488708 482 48.60846329 153.91474915 482 47.83315659 154.42663574 482 47.82299042 154.57809448 482 47.80567551 154.72888184 482 47.78125381 154.87869263 482 38.83517075 111.19177246 482 41.73275757 110.54167938 482 38.97409058 111.2567215 482 39.10975266 111.32822418 482 39.24184036 111.40612793 482 39.37005997 111.49024963 482 39.49411392 111.58039856 482 39.61372375 111.67636871 482 39.72861099 111.77794647 482 39.83851624 111.8848877 482 39.94318771 111.9969635 482 40.04238892 112.11390686 482 40.13589096 112.23545837 482 40.22348022 112.36132812 482 49.78857422 156.22850037 482 47.74977493 155.0271759 482 47.71131134 155.17401123 482 47.66595078 155.31886292 482 47.61379242 155.46141052 482 47.55495834 155.60133362 482 47.48957062 155.73831177 482 47.41778183 155.87205505 482 47.3397522 156.00224304 482 47.25565338 156.12860107 482 47.16333771 156.25387573 482 47.06505585 156.37452698 482 46.96104431 156.49026489 482 46.85154724 156.60083008 482 42.13941956 107.97638702 482 40.13417053 103.82479095 482 39.98094559 103.83099365 482 39.82759857 103.82987213 482 39.67448044 103.82143402 482 39.52193832 103.80568695 482 38.25332642 111.00033569 482 38.40205383 111.03770447 482 38.54882812 111.08214569 482 38.69330978 111.13353729 482 51.0480957 158.5 482 50.01493073 163.31440735 482 50.15288925 163.24743652 482 50.29388428 163.18713379 482 50.43759918 163.13363647 482 50.58370972 163.08705139 482 46.73682022 156.70594788 482 46.61713409 156.80540466 482 46.49276733 156.89892578 482 46.36401367 156.98631287 482 51.6349144 191.42460632 482 57.83013916 196.66809082 482 51.5764122 191.42573547 482 31.36077499 76.86083221 482 35.45714951 69.78445435 482 31.41667747 76.84094238 482 35.46841812 69.84187317 482 31.47349548 76.82384491 482 57.84178925 196.72581482 482 51.51792526 191.42401123 482 51.69329453 191.42063904 482 57.82133865 196.60984802 482 31.30592346 76.883461 482 35.44869232 69.72655487 482 35.48247147 69.89867401 482 31.53108788 76.80957031 482 57.85625458 196.78291321 482 51.4595871 191.41943359 482 51.75141144 191.41381836 482 57.8154068 196.55125427 482 31.25225639 76.9087677 482 35.44306946 69.66831207 482 35.49927521 69.95471954 482 31.58931732 76.79816437 482 57.87350845 196.8392334 482 51.40154648 191.41201782 482 57.81235504 196.49243164 482 51.80912399 191.4041748 482 31.1999073 76.93669891 482 35.44029236 69.60986328 482 35.51879501 70.0098877 482 31.64803886 76.78964996 482 57.89350128 196.89463806 482 51.34393311 191.40177917 482 57.81219482 196.43353271 482 51.86629868 191.39172363 482 31.14900398 76.96718597 482 35.44036865 69.55134583 482 35.54097748 70.06403351 482 31.70710754 76.78404999 482 57.91618729 196.94898987 482 51.28688812 191.38874817 482 57.81492615 196.37469482 482 51.92279816 191.37651062 482 31.0996685 77.00015259 482 35.44329453 69.49290466 482 35.56577682 70.11702728 482 31.76638412 76.7813797 482 57.94151688 197.00216675 482 51.23054886 191.37295532 482 57.82053757 196.31607056 482 51.97849274 191.35856628 482 31.05202293 77.03551483 482 35.44906616 69.43467712 482 35.5931282 70.16875458 482 31.82571793 76.7816391 482 57.96942139 197.05403137 482 57.82902145 196.25778198 482 52.03324127 191.33790588 482 35.45767212 69.37680054 482 35.62296677 70.21909332 482 31.8849678 76.78482819 482 57.99983978 197.10446167 482 52.08692169 191.31462097 482 57.84035492 196.19998169 482 35.46908569 69.31941223 482 35.65522766 70.26791382 482 31.94398689 76.79094696 482 58.03269577 197.15335083 482 52.13940048 191.28874207 482 57.85451126 196.14280701 482 35.48328781 69.26264191 482 35.68982697 70.31510162 482 32.00263214 76.79997253 482 58.06790924 197.20056152 482 52.19055557 191.2603302 482 57.87145233 196.08639526 482 35.50023651 69.20664215 482 35.72668457 70.3605423 482 32.06075668 76.81188202 482 58.10540009 197.24598694 482 57.8911438 196.03088379 482 52.24026489 191.22946167 482 35.51989746 69.1515274 482 35.76571655 70.40413666 482 32.1182251 76.82666016 482 58.14507294 197.28952026 482 57.91353607 195.97640991 482 52.288414 191.19621277 482 35.54222107 69.097435 482 35.80682373 70.44577789 482 32.17488861 76.84425354 482 58.18683243 197.33105469 482 52.33488083 191.16064453 482 57.93857193 195.9230957 482 35.56715393 69.04450226 482 35.84991455 70.48536682 482 32.23061752 76.86462402 482 58.23058319 197.37049866 482 52.37955856 191.12286377 482 57.96619797 195.87107849 482 35.59463501 68.99284363 482 35.89488602 70.52280426 482 32.28527069 76.88773346 482 58.2762146 197.4077301 482 57.99633789 195.82048035 482 52.42234421 191.08294678 482 35.62460709 68.94258881 482 35.94162369 70.55800629 482 32.3387146 76.91350555 482 35.65699005 68.89385223 482 58.32361984 197.44268799 482 52.46313095 191.04100037 482 58.02892685 195.77142334 482 58.04936218 195.74311829 482 35.99002457 70.59088898 482 32.39081573 76.94189453 482 52.50182724 190.99710083 482 58.07061005 195.71542358 482 36.0399704 70.62137604 482 58.09265518 195.68836975 482 41.02808762 97.59580994 482 41.95976257 103.10638428 482 42.63466263 105.42671204 482 41.83876419 103.20059967 482 41.71340561 103.28892517 482 41.58396912 103.37116241 482 41.45075607 103.4471283 482 41.31406403 103.51663971 482 41.17420959 103.57954407 482 41.0315094 103.63570404 482 40.8862915 103.68497467 482 40.73888397 103.7272644 482 40.58962631 103.7624588 482 40.43885803 103.79048157 482 40.28692245 103.8112793 482 52.38551331 160.72653198 482 50.73187256 163.04751587 482 50.88175583 163.01509094 482 51.03302002 162.98985291 482 51.18531418 162.97187805 482 51.33829117 162.9611969 482 51.49160767 162.95783997 482 51.64490891 162.96180725 482 51.79784393 162.9730835 482 51.95006561 162.99165344 482 52.10123062 163.01747131 482 52.25098419 163.05047607 482 52.39899445 163.09060669 482 52.54491806 163.13775635 482 42.39477921 102.67516327 482 43.21789551 102.89571381 482 42.29388046 102.79064178 482 42.18758011 102.90117645 482 42.07612228 103.00650024 482 53.79922104 162.90541077 482 52.68842316 163.19181824 482 52.82918549 163.25267029 482 52.96687698 163.32017517 482 53.10118866 163.3941803 482 42.9324646 99.47620392 482 43.91670609 100.28771973 482 42.98329544 99.62088776 482 43.02715683 99.7678299 482 43.06394958 99.91670227 482 43.09358978 100.06716156 482 54.64983749 165.605896 482 55.3478775 165.11711121 482 54.67409134 165.76235962 482 54.69059753 165.91983032 482 54.69931793 166.07794189 482 54.70023346 166.23626709 482 41.71065903 97.94125366 482 44.67710876 97.80419159 482 41.83619308 98.02933502 482 41.95737457 98.12330627 482 42.07392883 98.22296143 482 42.18559265 98.32807159 482 42.29210663 98.43839264 482 42.39323425 98.55368042 482 42.4887352 98.67366028 482 42.57840347 98.79806519 482 42.66202164 98.92661285 482 42.73940659 99.05900574 482 42.81038284 99.19494629 482 42.87478638 99.33411407 482 56.91183853 167.1907959 482 54.6933403 166.39445496 482 54.67865372 166.55210876 482 54.65621185 166.70884705 482 54.62606812 166.86430359 482 54.58829498 167.01806641 482 54.54298401 167.16978455 482 54.49024963 167.31907654 482 54.43021774 167.46559143 482 54.36303329 167.60897827 482 54.28885651 167.74887085 482 54.20787811 167.88491821 482 54.12028503 168.01683044 482 43.52425766 90.73764038 482 53.55415344 168.63465881 482 58.24541855 174.22547913 482 39.5573082 63.32361984 482 63.89385223 201.34301758 482 39.59202957 63.27651978 482 63.94291306 201.37559509 482 39.62900543 63.23116684 482 63.99351501 201.40574646 482 39.66814804 63.18767166 482 64.04553223 201.43336487 482 39.70936584 63.14613724 482 64.09884644 201.45840454 482 39.75255585 63.10666275 482 64.15332794 201.48078918 482 39.79762268 63.06933975 482 64.20883179 201.50048828 482 45.52305222 95.34848785 482 41.17089844 97.65167999 482 41.31087494 97.71431732 482 41.4477005 97.78356171 482 41.58106613 97.85926819 482 44.26918411 90.91175842 482 44.11721039 90.89126587 482 43.9663887 90.86353302 482 43.81706238 90.82862854 482 43.66957474 90.78662872 482 58.54666519 169.20907593 482 54.03747177 168.129776 482 53.94981003 168.23899841 482 53.85746765 168.34429932 482 53.76062012 168.44546509 482 53.65945053 168.54231262 482 58.36521149 174.12974548 482 58.48944473 174.0398407 482 58.61782455 173.95596313 482 58.75006866 173.87832642 482 58.88586807 173.80708313 482 39.8444519 63.03425598 482 64.26524353 201.51742554 482 39.89293671 63.00149918 482 64.32241821 201.53158569 482 39.94296265 62.97114182 482 64.38021088 201.54292297 482 46.45352173 92.92354584 482 45.91748047 90.65826416 482 45.77573013 90.71677399 482 45.63135147 90.76845551 482 45.48466492 90.81317139 482 45.33600998 90.85083771 482 45.18572998 90.88136292 482 45.03416061 90.90467072 482 44.88164902 90.92071533 482 44.72854614 90.92945862 482 44.57520294 90.93087769 482 44.42196655 90.92497253 482 60.25039673 171.16952515 482 59.02491379 173.74240112 482 59.16688919 173.68444824 482 59.31147385 173.6333313 482 59.45833206 173.58918762 482 59.60713196 173.55210876 482 59.75753403 173.52217102 482 59.90919113 173.49945068 482 60.06176376 173.48400879 482 60.21489716 173.4758606 482 60.36824417 173.47503662 482 60.52145767 173.48153687 482 46.05627441 90.5930481 482 60.67418671 173.49534607 482 46.19179153 90.52127838 482 60.82608032 173.51644897 482 62.77451706 178.75457764 482 46.69508362 90.17214966 482 47.46739197 90.53227997 482 46.57566452 90.26834869 482 46.45178604 90.35874176 482 46.32373047 90.44311523 482 62.02098846 173.06982422 482 60.9767952 173.54476929 482 61.12598038 173.58024597 482 61.27330399 173.62281799 482 61.41842651 173.67237854 482 47.77470398 87.08737946 482 48.60846329 88.08525085 482 47.80200958 87.24546051 482 47.82138062 87.40470886 482 47.8327713 87.56472778 482 47.83615112 87.72511292 482 63.32761765 175.58157349 482 63.93017578 174.97900391 482 63.37757492 175.72796631 482 63.42042542 175.87658691 482 63.45606232 176.02711487 482 63.48440933 176.1791687 482 46.87228394 85.41930389 482 49.78857422 85.77149963 482 46.98405075 85.53438568 482 47.08993149 85.6548996 482 47.1896553 85.78056335 482 47.28297806 85.91104126 482 47.36966324 86.04602814 482 47.44949722 86.18517303 482 47.52228165 86.32813263 482 47.5878334 86.47455597 482 47.64598465 86.62406158 482 47.69659805 86.77629089 482 47.7395401 86.93086243 482 65.83046722 176.74960327 482 63.5053978 176.33242798 482 63.51897812 176.48651123 482 63.5251236 176.6410675 482 63.52381134 176.79574585 482 63.5150528 176.95018005 482 63.49886703 177.10400391 482 63.47528458 177.25688171 482 63.44436646 177.40843201 482 63.40618515 177.55833435 482 63.36082458 177.70620728 482 63.30839539 177.85173035 482 63.24901581 177.99456787 482 63.18282318 178.1343689 482 40.5002594 62.81257629 482 45.59370804 56.79782104 482 40.55876923 62.81205368 482 65.01706696 201.47843933 482 71.79628754 205.39933777 482 64.96166992 201.49842834 482 71.80696869 205.4568634 482 64.90534973 201.51568604 482 45.5845108 56.73920441 482 40.44184113 62.81595612 482 45.605793 56.85591507 482 40.61723709 62.81438065 482 71.78842926 205.34135437 482 65.07142639 201.45574951 482 71.82043457 205.5138092 482 64.84825897 201.53015137 482 45.57822418 56.68020248 482 40.38365936 62.82217789 482 45.62073135 56.91333771 482 40.67552185 62.81955338 482 65.12459564 201.43041992 482 71.78340149 205.28305054 482 71.83666992 205.57003784 482 64.79051971 201.54179382 482 40.32585144 62.83122635 482 45.57485962 56.62096405 482 45.63849258 56.96995163 482 40.73348618 62.82756424 482 71.78122711 205.22457886 482 65.1764679 201.4025116 482 71.85562134 205.62539673 482 64.73228455 201.55059814 482 45.57442856 56.56163025 482 40.26855087 62.84308243 482 45.65903091 57.02561951 482 40.79098892 62.83839035 482 65.22690582 201.37210083 482 71.78190613 205.16607666 482 71.87724304 205.67976379 482 64.67368317 201.55653381 482 40.21189499 62.85771942 482 45.576931 56.50234604 482 45.68229294 57.08020401 482 40.84790039 62.852005 482 65.27578735 201.33924866 482 71.78543091 205.10766602 482 71.90149689 205.73301697 482 64.61486816 201.55958557 482 40.15602112 62.87509918 482 45.58235931 56.44326019 482 45.70822525 57.13357162 482 40.90407562 62.86837769 482 65.32299805 201.30403137 482 71.79180145 205.04949951 482 71.92831421 205.78501892 482 64.55596924 201.55973816 482 45.59070206 56.38451385 482 40.10106277 62.89518356 482 45.73676682 57.18559265 482 40.95938492 62.88747406 482 65.36842346 201.26654053 482 71.80099487 204.99171448 482 71.9576416 205.83566284 482 64.49713135 201.55700684 482 40.04714966 62.91792297 482 45.60194016 56.32625198 482 45.76784134 57.23613739 482 41.01370239 62.90924072 482 65.41195679 201.22686768 482 71.81300354 204.93444824 482 71.98939514 205.8848114 482 64.43849945 201.55140686 482 39.99440384 62.94326019 482 45.61604309 56.26861954 482 45.80137634 57.28508759 482 41.06689072 62.93362808 482 65.45349121 201.18510437 482 71.82778168 204.87782288 482 72.02350616 205.93234253 482 45.63297653 56.21175003 482 45.83729172 57.33231735 482 41.11882782 62.96057892 482 71.8453064 204.82199097 482 65.49292755 201.14135742 482 72.05989838 205.97816467 482 45.65270233 56.15579224 482 45.87549973 57.37771606 482 41.16938782 62.9900322 482 65.53016663 201.09571838 482 71.86553192 204.76708984 482 72.09848022 206.02215576 482 45.6751709 56.10087585 482 45.91590118 57.42116928 482 41.21845627 63.02191162 482 65.56512451 201.04832458 482 71.88841248 204.71324158 482 72.13916016 206.06422424 482 45.70032501 56.0471344 482 45.95840454 57.46257401 482 41.26590729 63.05614853 482 65.60348511 200.99000549 482 71.91388702 204.66055298 482 65.58473206 201.0194397 482 72.18183899 206.10424805 482 45.72810364 55.9947052 482 46.00289917 57.50182724 482 41.31163788 63.09265518 482 65.62137604 200.96002197 482 71.94189453 204.60917664 482 72.22642517 206.14215088 482 45.75844193 55.94371033 482 72.27279663 206.17782593 482 45.79126358 55.89427948 482 72.32086182 206.21121216 482 45.82222366 55.85205841 482 72.37049103 206.24220276 482 45.85499191 55.81122589 482 49.88033295 78.61210632 482 46.23535919 84.93505096 482 68.36534882 183.44584656 482 72.42156982 206.27073669 482 45.88951492 55.77186584 482 45.9257164 55.73404312 482 72.47398376 206.29675293 482 51.0480957 83.5 482 46.37211609 85.01891327 482 46.50450897 85.1095047 482 46.63221359 85.20659637 482 46.75490952 85.30995178 482 50.15288544 78.75256348 482 50.01493073 78.68559265 482 67.7909317 178.45333862 482 63.10997391 178.27082825 482 63.03063583 178.40361023 482 62.94499207 178.53240967 482 62.89033127 178.60810852 482 62.83348846 178.68218994 482 68.46669769 183.33076477 482 68.57343292 183.22064209 482 50.29388428 78.81286621 482 68.6852951 183.11575317 482 50.43759918 78.86636353 482 68.80204773 183.0163269 482 50.5837059 78.91294098 482 68.92341614 182.92259216 482 51.9500618 79.00834656 482 52.38551331 81.27347565 482 51.79784012 79.02692413 482 51.64490128 79.03820038 482 51.49160385 79.04216003 482 51.33828735 79.03879547 482 51.18531036 79.02811432 482 51.0330162 79.01013947 482 50.88175583 78.98490906 482 50.73186874 78.95249176 482 69.8092041 180.08816528 482 69.04911804 182.83474731 482 69.17887115 182.75302124 482 69.31238556 182.67758179 482 69.44934082 182.6085968 482 69.58943939 182.54623413 482 69.73236084 182.49064636 482 69.87776947 182.44194031 482 70.02534485 182.40022278 482 70.17473602 182.36561584 482 52.10122299 78.98252869 482 70.32561493 182.33818054 482 52.25098038 78.94952393 482 70.47762299 182.31797791 482 52.39898682 78.90939331 482 70.63043213 182.30505371 482 52.54491043 78.86225128 482 70.78368378 182.29945374 482 53.79922104 79.09458923 482 53.10118103 78.6058197 482 52.96686935 78.67982483 482 52.82917786 78.74732971 482 52.68841553 78.80818939 482 71.88288116 181.65211487 482 70.93701935 182.30117798 482 71.09010315 182.31021118 482 71.24258423 182.32655334 482 71.394104 182.35015869 482 53.55415344 73.36534882 482 50.73404312 50.9257164 482 78.63687897 209.17056274 482 54.70055008 75.78368378 482 55.3478775 76.88288116 482 54.69882965 75.93701935 482 54.689785 76.09010315 482 54.67344284 76.24258423 482 54.64983749 76.394104 482 73.6058197 183.89881897 482 74.09458923 183.20077515 482 73.67982483 184.03312683 482 73.74732971 184.17082214 482 73.80818939 184.31158447 482 73.86225128 184.45509338 482 50.77641678 50.88536453 482 78.69171906 209.19448853 482 50.82070541 50.84712219 482 78.74768829 209.21565247 482 50.86680603 50.81108475 482 78.80463409 209.23399353 482 50.914608 50.77733994 482 78.86243439 209.2494812 482 50.96399689 50.74596405 482 78.92092896 209.2620697 482 51.01485825 50.71703339 482 78.97997284 209.27172852 482 51.06707001 50.69061279 482 79.03943634 209.27842712 482 51.12050629 50.66677475 482 79.09915161 209.28215027 482 51.17504501 50.64556503 482 79.15898132 209.28289795 482 56.91183853 74.8092041 482 54.07741165 73.92341614 482 54.16524887 74.04911804 482 54.24697876 74.17887115 482 54.32242203 74.31238556 482 54.3914032 74.44934082 482 54.45376205 74.58943939 482 54.50935745 74.73236084 482 54.55806732 74.87776947 482 54.59977341 75.02534485 482 54.63438797 75.17473602 482 54.66182327 75.32561493 482 54.68202591 75.47762299 482 54.69494247 75.63043213 482 76.27347565 184.61448669 482 73.90939331 184.60101318 482 73.94952393 184.74902344 482 73.98252869 184.89877319 482 74.00834656 185.04994202 482 74.02692413 185.2021637 482 74.03820038 185.35510254 482 74.04216003 185.50839233 482 74.03879547 185.66171265 482 74.02811432 185.81469727 482 74.01013947 185.96697998 482 73.98490906 186.11824036 482 73.95249176 186.26812744 482 73.91294098 186.41629028 482 58.54666519 72.7909317 482 53.66923904 73.46669769 482 53.7793541 73.57343292 482 53.88424301 73.6852951 482 53.9836731 73.80204773 482 73.75256348 186.84710693 482 78.5 185.9519043 482 73.68559265 186.98506165 482 73.61210632 187.11967468 482 73.86636353 186.56240845 482 73.81286621 186.70611572 482 79.93263245 190.76882935 482 58.24912262 67.77761841 482 79.98049164 190.68864441 482 58.37470245 67.87744904 482 80.03066254 190.6098938 482 80.08309937 190.53263855 482 58.50511169 67.97087097 482 80.17484283 190.40811157 482 58.64002609 68.05767059 482 80.27248383 190.28814697 482 58.77910614 68.13761139 482 80.37579346 190.17301941 482 58.92200851 68.21051025 482 60.25039673 70.83046722 482 59.68105316 68.46353912 482 59.52456284 68.42825317 482 59.37002945 68.38518524 482 59.21783829 68.33444977 482 59.06837463 68.27617645 482 80.77149963 187.21142578 482 80.48452759 190.06300354 482 80.59843445 189.95835876 482 80.71724701 189.85931396 482 80.84069824 189.76611328 482 80.9684906 189.67895508 482 81.10033417 189.59806824 482 59.83911514 68.49097443 482 81.23592377 189.52363586 482 59.99834442 68.51046753 482 81.37494659 189.45579529 482 60.15835571 68.52198792 482 81.51706696 189.39476013 482 60.31873703 68.52549744 482 81.66196442 189.34062195 482 60.47909546 68.52099609 482 81.80930328 189.29353333 482 60.63903046 68.50847626 482 81.95874023 189.25358582 482 60.79813766 68.48799133 482 82.10993195 189.22090149 482 51.97849274 50.64144135 482 57.82817459 45.73720169 482 52.03324127 50.66208649 482 79.92676544 208.99255371 482 87.07845306 211.62353516 482 79.88045502 209.03044128 482 87.0689621 211.5657959 482 79.97113037 208.95240784 482 57.83910751 45.79433823 482 52.08692169 50.68537903 482 57.82002258 45.67960358 482 51.92279816 50.62348938 482 87.09075165 211.68074036 482 79.83231354 209.06596375 482 87.06229401 211.50765991 482 80.01344299 208.91009521 482 57.85279846 45.85087585 482 52.13940048 50.71125793 482 57.81467438 45.6216774 482 51.86629868 50.60826874 482 87.10582733 211.73727417 482 79.78245544 209.09906006 482 87.05846405 211.44926453 482 80.05358887 208.86573792 482 57.8692131 45.90668106 482 52.19055557 50.73966599 482 51.80912399 50.5958252 482 57.81213379 45.56356049 482 87.12363434 211.79301453 482 79.73101807 209.12962341 482 87.05748749 211.39076233 482 80.09147644 208.81942749 482 57.88830948 45.96163177 482 52.24026489 50.77053452 482 51.75141144 50.58618164 482 57.81241608 45.50539017 482 87.14414215 211.8478241 482 79.67811584 209.15757751 482 87.05936432 211.33227539 482 80.12700653 208.77128601 482 57.91004944 46.01558685 482 52.288414 50.80378723 482 51.69329453 50.57936478 482 57.81551743 45.44729996 482 87.16729736 211.90156555 482 79.62389374 209.18286133 482 87.06408691 211.2739563 482 80.15608978 208.72775269 482 57.93437958 46.06842804 482 52.33488083 50.83934784 482 51.6349144 50.57538986 482 57.82143021 45.389431 482 87.19303894 211.95410156 482 79.56847382 209.20541382 482 87.07165527 211.21594238 482 80.18325043 208.6829834 482 57.96123886 46.12002563 482 52.37955856 50.87713242 482 57.83013916 45.33191299 482 51.5764122 50.57426071 482 87.22131348 212.00532532 482 79.51199341 209.22517395 482 87.08203888 211.15835571 482 80.20843506 208.63708496 482 57.99057007 46.1702652 482 52.42234421 50.91705322 482 57.84162903 45.27488708 482 51.51792526 50.57598877 482 87.25205231 212.05511475 482 79.4546051 209.24209595 482 62.02098846 68.93017578 482 61.41842651 68.32761383 482 61.26655579 68.37929535 482 61.11229324 68.42331696 482 60.95602417 68.45957947 482 83.08525085 188.39154053 482 82.26251221 189.19552612 482 82.41614532 189.17753601 482 82.57046509 189.16697693 482 82.72511292 189.16384888 482 87.09521484 211.10133362 482 80.23159027 208.59013367 482 58.02230072 46.21902084 482 52.46313095 50.95900726 482 57.85586548 45.21848297 482 51.4595871 50.58056641 482 87.28518677 212.10334778 482 79.3964386 209.25613403 482 80.25267792 208.54220581 482 87.11115265 211.04504395 482 58.05635452 46.26618195 482 52.50182724 51.00289917 482 51.40154648 50.58797836 482 57.87281799 45.16283798 482 87.32062531 212.1499176 482 79.33764648 209.26725769 482 58.09265518 46.31163788 482 80.27165222 208.4934082 482 87.12982178 210.98957825 482 57.89244843 45.108078 482 51.34393311 50.5982132 482 87.35829926 212.19468689 482 79.27838135 209.2754364 482 51.28688812 50.6112442 482 57.914711 45.05433273 482 87.39810181 212.23757935 482 79.21877289 209.28065491 482 51.23054886 50.62704086 482 57.93955231 45.00173187 482 87.43995667 212.2784729 482 57.96691132 44.95039749 482 87.48374939 212.317276 482 57.99672699 44.90044785 482 87.52938843 212.35389709 482 58.02892685 44.85200119 482 87.57675171 212.38825989 482 58.06445694 44.80385971 482 87.62573242 212.42027283 482 58.10234451 44.75754547 482 87.67621613 212.44984436 482 58.14249039 44.71318054 482 87.72808838 212.47692871 482 58.18479919 44.67087173 482 87.78121185 212.50146484 482 58.22916412 44.63072586 482 87.83547211 212.52336121 482 58.27547455 44.59283829 482 87.89073181 212.54260254 482 58.32361984 44.5573082 482 87.9468689 212.55911255 482 62.77451706 63.24541855 482 85.73764038 193.47573853 482 63.48355484 65.82608032 482 63.93017578 67.02098846 482 63.45523453 65.97679138 482 63.4197464 66.12598419 482 63.37717438 66.2733078 482 63.32761765 66.41842651 482 85.17214966 190.30491638 482 85.53227997 189.53260803 482 85.26834869 190.42433167 482 85.35874176 190.54821777 482 85.44311523 190.67626953 482 85.52127838 190.80821228 482 63.19292068 63.88586807 482 65.83046722 65.25039673 482 63.25759125 64.02490997 482 63.31555176 64.16689301 482 63.36666489 64.31147003 482 63.41081238 64.45832825 482 63.44789505 64.60713196 482 63.47782898 64.75753021 482 63.50054932 64.90919495 482 63.51599884 65.06175995 482 63.52414322 65.21489716 482 63.52496338 65.36824799 482 63.51845932 65.52146149 482 63.5046463 65.67418671 482 87.92354584 190.54647827 482 85.5930481 190.94372559 482 85.65826416 191.08251953 482 85.71677399 191.22427368 482 85.76845551 191.36865234 482 85.81317139 191.51533508 482 85.85083771 191.66398621 482 85.88136292 191.81427002 482 85.90467072 191.96583557 482 85.92071533 192.11834717 482 85.92945862 192.27145386 482 85.93087769 192.42478943 482 85.92497253 192.57803345 482 85.91175842 192.7308197 482 67.7909317 63.54666519 482 62.87025452 63.36521149 482 62.96016312 63.48944473 482 63.04403305 63.61782455 482 63.1216774 63.75006866 482 90.34848785 191.47694397 482 85.89126587 192.88278198 482 85.86353302 193.03361511 482 85.82862854 193.18293762 482 85.78662872 193.33042908 482 63.89385223 40.65699005 482 94.51516724 214.3190918 482 63.94258881 40.62460709 482 94.57215881 214.33287048 482 63.99284363 40.59463501 482 94.62975311 214.34385681 482 64.04450226 40.56715393 482 94.68782043 214.35202026 482 64.097435 40.54222107 482 94.74621582 214.35733032 482 64.1515274 40.51989746 482 94.80480194 214.35978699 482 64.20664215 40.50023651 482 94.86344147 214.35939026 482 64.26264191 40.48328781 482 94.92198944 214.35610962 482 64.31941223 40.46908569 482 94.9803009 214.34997559 482 64.37680054 40.45767212 482 95.03824615 214.34100342 482 68.36534882 58.55415344 482 92.59580994 195.97190857 482 92.6465683 195.84138489 482 68.46669769 58.66923904 482 92.70297241 195.7131958 482 68.57343292 58.7793541 482 92.76491547 195.58758545 482 68.6852951 58.88424301 482 92.83227539 195.46479797 482 68.80204773 58.9836731 482 92.90493011 195.34506226 482 68.92341614 59.07741165 482 92.98274231 195.22862244 482 69.31238556 59.32242203 482 69.8092041 61.91183853 482 69.17887115 59.24697876 482 69.04911804 59.16524887 482 92.80419159 192.32289124 482 93.07672882 195.10119629 482 93.17689514 194.9785614 482 93.28297424 194.86100769 482 69.44934082 59.3914032 482 93.39472961 194.74884033 482 69.58943939 59.45376205 482 93.51187897 194.64231873 482 69.73236084 59.50935745 482 93.63413239 194.54170227 482 69.87776947 59.55806732 482 93.76120758 194.44723511 482 70.02534485 59.59977341 482 93.89277649 194.35914612 482 70.17473602 59.63438797 482 94.02854156 194.27764893 482 70.32561493 59.66182327 482 94.16815186 194.20295715 482 70.47762299 59.68202591 482 94.31127167 194.13523865 482 70.63043213 59.69494247 482 94.45756531 194.07466125 482 70.78368378 59.70055008 482 71.394104 59.64983749 482 71.88288116 60.3478775 482 71.24258423 59.67344284 482 71.09010315 59.689785 482 70.93701935 59.69882965 482 95.28771973 193.08329773 482 94.60666656 194.0213623 482 94.75820923 193.97547913 482 94.91183472 193.93713379 482 95.06716156 193.90640259 482 73.86225128 57.54491043 482 74.09458923 58.79922104 482 73.80818939 57.68841553 482 73.74732971 57.82917786 482 73.67982483 57.96686935 482 73.6058197 58.10118103 482 97.67516327 194.60522461 482 97.89571381 193.78210449 482 97.79064178 194.70611572 482 97.90117645 194.81242371 482 98.00650024 194.9238739 482 98.10638428 195.04023743 482 65.31510162 40.68982697 482 71.80015564 37.00367737 482 65.3605423 40.72668457 482 95.87075043 213.74987793 482 103.19338226 215.04333496 482 95.84093475 213.79981995 482 103.20450592 215.1007843 482 95.80873108 213.8482666 482 71.79109955 36.94519043 482 65.26791382 40.65522766 482 71.81208801 37.06164551 482 65.40413666 40.76571655 482 103.18507385 214.9854126 482 95.89810944 213.6985321 482 103.21840668 215.15762329 482 95.77393341 213.89546204 482 71.784935 36.88632965 482 65.21909332 40.62296677 482 71.82686615 37.1189537 482 65.44577789 40.80682373 482 103.17960358 214.9271698 482 95.92295074 213.64593506 482 103.23506927 215.2137146 482 95.73686981 213.94090271 482 71.78167725 36.82723618 482 65.16875458 40.5931282 482 71.84444427 37.17546463 482 65.48536682 40.84991455 482 103.17697144 214.86871338 482 95.94520569 213.5921936 482 103.25444794 215.26893616 482 95.69763947 213.98448181 482 71.78134155 36.76805115 482 65.11702728 40.56577682 482 71.86479187 37.23104095 482 65.52280426 40.89488602 482 103.17720032 214.81019592 482 95.96483612 213.53742981 482 103.27649689 215.32313538 482 95.65631866 214.02609253 482 71.78392792 36.70892715 482 65.06403351 40.54097748 482 71.88785553 37.28554535 482 65.55800629 40.94162369 482 103.18027496 214.75175476 482 95.98179626 213.48178101 482 103.30115509 215.37619019 482 95.61302185 214.06562805 482 71.78942108 36.64999771 482 65.0098877 40.51879501 482 71.91358185 37.33884811 482 65.59088898 40.99002457 482 103.18619537 214.69354248 482 95.99603271 213.42538452 482 103.32837677 215.42799377 482 95.56784058 214.10299683 482 71.79781342 36.59141159 482 64.95471954 40.49927521 482 71.94189453 37.39081573 482 65.62137604 41.0399704 482 103.19495392 214.63569641 482 96.00751495 213.36834717 482 103.35808563 215.47840881 482 95.52088165 214.13812256 482 71.80908203 36.53330994 482 64.89867401 40.48247147 482 103.39022064 215.52731323 482 95.47227478 214.1709137 482 71.82320404 36.47583771 482 64.84187317 40.46841812 482 103.42469788 215.57458496 482 95.42211914 214.20129395 482 71.8401413 36.41912842 482 64.78445435 40.45714951 482 103.46144104 215.62011719 482 95.3705368 214.22918701 482 71.85985565 36.36332703 482 64.72655487 40.44869232 482 103.50035858 215.66381836 482 95.31765747 214.2545166 482 71.8822937 36.30856323 482 64.66831207 40.44306946 482 103.54135895 215.70556641 482 95.26360321 214.27723694 482 64.60986328 40.44029236 482 71.90740967 36.25497055 482 103.58435059 215.74525452 482 95.20849609 214.29730225 482 64.55134583 40.44036865 482 71.93513489 36.2026825 482 103.62921906 215.78282166 482 95.15248108 214.31463623 482 71.96540833 36.15182877 482 64.49290466 40.44329453 482 103.6758728 215.81814575 482 95.09568787 214.32922363 482 71.99814606 36.1025238 482 64.43467712 40.44906616 482 103.72418976 215.85115051 482 72.03200531 36.05653 482 103.77405548 215.88175964 482 72.06802368 36.01220322 482 103.82535553 215.90989685 482 72.10610199 35.96963882 482 103.87796783 215.93551636 482 72.14617157 35.92893219 482 103.9317627 215.95852661 482 72.18812561 35.89017868 482 103.98661804 215.97889709 482 72.23188019 35.85346603 482 104.04240417 215.99656677 482 72.27732849 35.81887817 482 104.09898376 216.01148987 482 72.32437134 35.78649139 482 104.15621948 216.02363586 482 72.37290192 35.75637817 482 104.21398163 216.0329895 482 72.42281342 35.72861099 482 74.01013947 56.0330162 482 76.27347565 57.38551331 482 74.02811432 56.18531036 482 74.03879547 56.33828735 482 74.04216003 56.49160385 482 74.03820038 56.64490128 482 74.02692413 56.79784012 482 74.00834656 56.9500618 482 73.98252869 57.10122299 482 73.94952393 57.25098038 482 73.90939331 57.39898682 482 73.91294098 55.5837059 482 73.95249176 55.73186874 482 73.98490906 55.88175583 482 100.42671204 194.36534119 482 98.20059967 195.16123962 482 98.28892517 195.28659058 482 98.37116241 195.41603088 482 98.4471283 195.54924011 482 98.51663971 195.6859436 482 98.57954407 195.82579041 482 98.63570404 195.9684906 482 98.68497467 196.1137085 482 98.7272644 196.2611084 482 98.7624588 196.41036987 482 98.79048157 196.56114197 482 98.8112793 196.71307373 482 98.82479095 196.86582947 482 72.47398376 35.70324707 482 104.27213287 216.039505 482 78.5 56.0480957 482 73.61210632 54.88033295 482 73.68559265 55.01493073 482 73.75256348 55.15288544 482 73.81286621 55.29388428 482 73.86636353 55.43759918 482 102.97638702 194.86058044 482 98.83099365 197.01905823 482 98.82987213 197.17240906 482 98.82143402 197.32551575 482 98.80568695 197.47805786 482 98.78266907 197.62966919 482 79.93263245 51.23117828 482 105.97010803 198.89701843 482 80.0124588 51.36211395 482 106.0008316 198.74446106 482 80.09844971 51.48908615 482 106.03891754 198.59359741 482 80.19039917 51.61181259 482 106.08426666 198.44473267 482 80.28810883 51.73000336 482 106.13677979 198.29824829 482 80.39135742 51.84339142 482 80.77149963 54.78857422 482 105.54167938 195.26724243 482 106.19632721 198.15449524 482 80.49990082 51.95172119 482 106.26277924 198.01377869 482 80.61348724 52.05474472 482 106.33596039 197.87644958 482 80.73187256 52.15222168 482 106.41571808 197.74284363 482 80.85477448 52.24393845 482 106.50186157 197.61325073 482 80.98191833 52.32967758 482 106.59183502 197.49099731 482 81.11300659 52.40924835 482 106.68749237 197.37315369 482 81.24774933 52.48246765 482 106.78861237 197.25994873 482 81.38583374 52.54916763 482 106.89496613 197.1516571 482 81.52694702 52.60919571 482 107.00632477 197.04850769 482 81.67076874 52.66241455 482 107.12243652 196.95074463 482 81.81697083 52.7087059 482 107.24303436 196.85858154 482 81.96520996 52.74796295 482 107.36785889 196.7722168 482 82.11515808 52.78009415 482 107.49662781 196.69184875 482 78.63687897 32.82944107 482 111.04625702 216.63215637 482 78.69049835 32.80601501 482 111.10597229 216.63589478 482 78.74519348 32.78522491 482 111.165802 216.63664246 482 78.80084229 32.76713181 482 111.22559357 216.63439941 482 78.8572998 32.75177002 482 111.28520203 216.62918091 482 78.91444397 32.7391777 482 111.34447479 216.6210022 482 78.97213745 32.72938538 482 111.40326691 216.60987854 482 79.03023529 32.72241974 482 111.46142578 216.59584045 482 79.08860016 32.71829224 482 79.14710236 32.71701431 482 82.72511292 52.83615112 482 83.08525085 53.60846329 482 82.5717926 52.83308792 482 82.41879272 52.82270432 482 82.26646423 52.80502701 482 108.11951447 195.58483887 482 107.62905121 196.61766052 482 107.76483154 196.54981995 482 107.90366364 196.48846436 482 108.04524231 196.43374634 482 111.57529449 216.55915833 482 111.51882172 216.57891846 482 85.35070038 51.4633255 482 85.53227997 52.46739197 482 85.29354095 51.54237366 482 85.23400116 51.61965179 482 85.17214966 51.69508362 482 110.73497009 196.66906738 482 110.80924225 195.82015991 482 110.86621857 196.74838257 482 110.99353027 196.83387756 482 85.43601227 51.33504486 482 111.11660767 196.92533875 482 85.51506805 51.20282364 482 111.23518372 197.02259827 482 87.92354584 51.45352173 482 85.91214752 49.27268219 482 85.92523956 49.42617798 482 85.93094635 49.58012772 482 85.92926788 49.73416901 482 85.92019653 49.88795853 482 85.90376282 50.04113388 482 85.87999725 50.1933403 482 85.84895325 50.34423447 482 85.81070709 50.49346542 482 85.76534271 50.64068985 482 85.71296692 50.78556824 482 85.65370178 50.92776871 482 85.58768463 51.06695938 482 113.40306091 195.95503235 482 111.34897614 197.12539673 482 111.45772552 197.23350525 482 111.56119537 197.34669495 482 111.65913391 197.46470642 482 111.75132751 197.58724976 482 111.83756256 197.71405029 482 111.91764832 197.84483337 482 111.99138641 197.97927856 482 112.05862427 198.11711121 482 112.11920929 198.25799561 482 112.17298889 198.40159607 482 112.21984863 198.54760742 482 112.25968933 198.69569397 482 85.73764038 48.52425766 482 90.34848785 50.52305222 482 85.78683472 48.67024612 482 85.82897949 48.81842422 482 85.86396027 48.96845245 482 85.89170074 49.11998749 482 116 196 482 112.29240417 198.84552002 482 112.3179245 198.99673462 482 112.3361969 199.14898682 482 112.34718323 199.30195618 482 112.35084534 199.45526123 482 80.17071533 33.29580307 482 87.07222748 30.78771591 482 80.1997757 33.34658813 482 112.32971191 215.66094971 482 119.67191315 215.66932678 482 112.31787872 215.71607971 482 112.33894348 215.60533142 482 119.66197205 215.61166382 482 87.08259583 30.84436417 482 80.22632599 33.39873123 482 80.13921356 33.24649048 482 87.06458282 30.73063469 482 119.68465424 215.72644043 482 112.3034668 215.77058411 482 119.65486145 215.55358887 482 112.34555054 215.54933167 482 87.09567261 30.90044975 482 80.25030518 33.45210648 482 80.10533905 33.19877625 482 87.05969238 30.67325211 482 119.70015717 215.78285217 482 112.28651428 215.82435608 482 119.65058136 215.495224 482 112.34951782 215.49308777 482 87.11142731 30.95584488 482 80.27165222 33.50658798 482 80.06918335 33.15276718 482 87.05755615 30.61570168 482 119.71839905 215.8384552 482 112.2670517 215.87727356 482 87.12982178 31.01041794 482 119.64915466 215.4367218 482 112.35084534 215.4367218 482 80.03083038 33.10857773 482 87.05818176 30.55811501 482 119.73932648 215.89309692 482 112.24512482 215.92922974 482 79.9903717 33.06630707 482 87.06157684 30.5006237 482 119.76289368 215.94665527 482 112.22077942 215.98008728 482 79.94789124 33.02606201 482 87.06771851 30.44336319 482 119.78903961 215.99900818 482 112.19407654 216.02973938 482 79.90350342 32.98793411 482 87.07660675 30.38646126 482 119.81771088 216.05001831 482 112.16506958 216.07809448 482 87.08821106 30.33005333 482 79.85731506 32.95201874 482 119.84883118 216.0995636 482 112.13382721 216.12501526 482 87.10250854 30.27426529 482 79.80942535 32.91839218 482 119.88233185 216.14753723 482 112.09829712 216.17315674 482 87.11946106 30.21922874 482 79.75995636 32.887146 482 119.9181366 216.1938324 482 112.06040955 216.21946716 482 87.13904572 30.16506767 482 79.70901489 32.85834503 482 119.95614624 216.23831177 482 112.02026367 216.26383972 482 87.16120148 30.11190987 482 79.65673828 32.83206177 482 119.99628448 216.28088379 482 111.97795105 216.30615234 482 87.18587494 30.05987549 482 79.60324097 32.80835724 482 120.03844452 216.32145691 482 111.93358612 216.34629822 482 87.21302795 30.00908661 482 79.54865265 32.78728867 482 120.08254242 216.35992432 482 111.8872757 216.38418579 482 87.2425766 29.95965767 482 79.4930954 32.76890564 482 120.12845612 216.39620972 482 111.83913422 216.41970825 482 87.27446747 29.91170311 482 79.43671417 32.75325394 482 120.17608643 216.43019104 482 111.78928375 216.45280457 482 79.37963867 32.7403717 482 87.30999756 29.86355972 482 120.22531128 216.46182251 482 111.73783875 216.48335266 482 79.3219986 32.73028564 482 87.34788513 29.8172493 482 120.27602386 216.49101257 482 111.68494415 216.51132202 482 87.38803101 29.77288437 482 79.2639389 32.72301865 482 120.32810211 216.5177002 482 111.63071442 216.53660583 482 87.43034363 29.73057556 482 79.20559692 32.7185936 482 120.38141632 216.54180908 482 87.47470856 29.69042778 482 120.43583679 216.56330872 482 87.52101898 29.65254211 482 120.49124908 216.58210754 482 87.56916046 29.61701202 482 120.54750824 216.59819031 482 87.61901093 29.58392525 482 120.60448456 216.61152649 482 87.67045593 29.5533638 482 120.66204071 216.62205505 482 87.72335052 29.52540588 482 120.720047 216.62976074 482 87.77758026 29.50012016 482 120.77835846 216.63464355 482 87.83300018 29.47756767 482 120.83683777 216.63665771 482 87.88948059 29.45780563 482 120.8953476 216.63583374 482 87.9468689 29.44088364 482 120.95374298 216.63215637 482 92.59580994 46.02808762 482 119.64915466 199.45526123 482 119.65270233 199.30447388 482 92.65167999 46.17089844 482 119.66332245 199.15402222 482 92.71431732 46.31087494 482 119.68099976 199.00424194 482 92.78356171 46.4477005 482 119.70568848 198.85545349 482 92.85926819 46.58106613 482 118.59693909 195.95503235 482 119.73734283 198.70799255 482 92.94125366 46.71065903 482 92.80419159 49.67710876 482 119.77589417 198.56217957 482 93.02933502 46.83619308 482 119.82124329 198.41833496 482 93.12330627 46.95737457 482 119.87330627 198.27677917 482 93.22296143 47.07392883 482 119.93195343 198.13783264 482 93.32807159 47.18559265 482 119.99707031 198.00178528 482 93.43839264 47.29210663 482 120.06850433 197.86895752 482 93.55368042 47.39323425 482 120.14609528 197.73962402 482 93.67366028 47.4887352 482 120.22967529 197.61407471 482 93.79806519 47.57840347 482 120.32284546 197.48770142 482 93.92661285 47.66202164 482 120.42208862 197.36604309 482 94.05900574 47.73940659 482 120.52716064 197.24938965 482 94.19494629 47.81038284 482 120.63780212 197.13800049 482 94.33411407 47.87478638 482 120.75376892 197.03215027 482 94.47620392 47.9324646 482 95.28771973 48.91670609 482 95.06716156 48.09358978 482 94.91670227 48.06394958 482 94.7678299 48.02715683 482 94.62088776 47.98329544 482 121.19075775 195.82015991 482 120.87476349 196.93209839 482 121.00051117 196.83808899 482 121.13069916 196.75035095 482 121.26502991 196.66906738 482 97.67516327 47.39477921 482 97.78236389 47.30144119 482 97.89571381 48.21789551 482 123.88048553 195.58483887 482 124.09777832 196.48905945 482 123.95475769 196.43374634 482 97.8853302 47.20345306 482 124.23799896 196.55114746 482 94.51516724 27.68091393 482 127.72786713 216.039505 482 97.9838562 47.10099792 482 127.78567505 216.03303528 482 94.57203674 27.6671524 482 124.37509918 196.61985779 482 127.84310913 216.02375793 482 94.6295166 27.65617752 482 98.07775116 46.99428177 482 94.68745422 27.64801979 482 124.50875854 196.69503784 482 94.74572754 27.64269638 482 94.80419159 27.64021873 482 128.17221069 215.91116333 482 128.11985779 215.93650818 482 128.06632996 215.95928955 482 128.01176453 215.97944641 482 127.95628357 215.99693298 482 127.90001678 216.01171875 482 98.82337189 45.15514755 482 100.42671204 47.63466263 482 98.80835724 45.31198502 482 98.78566742 45.46789551 482 98.75534821 45.62250519 482 98.71748352 45.77544403 482 98.67215729 45.9263382 482 98.61948395 46.07482529 482 98.55958557 46.22055054 482 98.49261475 46.36316299 482 98.41872406 46.50231552 482 98.33808899 46.63767624 482 98.25091553 46.76891327 482 98.16683197 46.88351822 482 126.45832062 195.26724243 482 124.63867188 196.77651978 482 124.76454163 196.86410522 482 124.88609314 196.95761108 482 125.0030365 197.05680847 482 125.1151123 197.16148376 482 125.22205353 197.27139282 482 125.32363129 197.38627625 482 125.41960144 197.50588989 482 125.50975037 197.62994385 482 125.59387207 197.75816345 482 125.67177582 197.89024353 482 125.7432785 198.02590942 482 125.80822754 198.16482544 482 94.86270142 27.64059448 482 94.92112732 27.64382172 482 94.97932434 27.64989281 482 95.03715515 27.6587944 482 102.97638702 47.13941956 482 98.78266907 44.37032318 482 98.80621338 44.5261116 482 98.82208252 44.68286133 482 98.83024597 44.84020615 482 98.83067322 44.99776077 482 129.02362061 194.86058044 482 125.86646271 198.3066864 482 125.91785431 198.45117188 482 125.96229553 198.59794617 482 125.99966431 198.74667358 482 126.02989197 198.89701843 482 128.22328186 215.88330078 482 95.99595642 28.57428741 482 103.19495392 27.36430931 482 96.00751495 28.63164711 482 105.97010803 43.10298538 482 133.21733093 197.62966919 482 135.99247742 213.36834717 482 128.80505371 214.63569641 482 136.00404358 213.42572021 482 128.81384277 214.69392395 482 103.1861496 27.30607033 482 95.98161316 28.51755905 482 106.00033569 43.25332642 482 133.19378662 197.47389221 482 136.01838684 213.48243713 482 128.81977844 214.75253296 482 103.18021393 27.24747086 482 95.96451569 28.46159744 482 136.03547668 213.53840637 482 128.8228302 214.81135559 482 103.1771698 27.18865204 482 95.94471741 28.40653419 482 106.03770447 43.40205383 482 133.17791748 197.31713867 482 136.05528259 213.59346008 482 128.82299805 214.87025452 482 103.17700958 27.12975311 482 95.92225647 28.35250282 482 106.08214569 43.54882812 482 133.16975403 197.15979004 482 136.07774353 213.64749146 482 128.82026672 214.92907715 482 103.17973328 27.07091713 482 95.89718628 28.29963112 482 136.10281372 213.70036316 482 128.81465149 214.98771667 482 103.18534851 27.01228523 482 95.86956787 28.24804497 482 106.13353729 43.69330978 482 133.16932678 197.00224304 482 136.13043213 213.75195312 482 128.8061676 215.04600525 482 95.83946991 28.19786453 482 103.1938324 26.95400047 482 136.16053772 213.80213928 482 128.79483032 215.10379028 482 106.19177246 43.83517075 482 105.54167938 46.73275757 482 103.20516205 26.89620209 482 95.80696106 28.14921188 482 133.17662048 196.84484863 482 131.57328796 194.36534119 482 136.19303894 213.8507843 482 128.78068542 215.16096497 482 95.77211761 28.10220146 482 103.2193222 26.83903122 482 106.2567215 43.97409058 482 133.19165039 196.6880188 482 136.22787476 213.89779663 482 128.76373291 215.21737671 482 103.23626709 26.78262138 482 95.7350235 28.0569458 482 136.26496887 213.9430542 482 128.74404907 215.27288818 482 103.25595856 26.72711182 482 95.69577026 28.01355171 482 106.32822418 44.10975266 482 133.21434021 196.53210449 482 136.30422974 213.9864502 482 128.72164917 215.32736206 482 95.65444946 27.9721241 482 103.2783432 26.67263412 482 106.40612793 44.24184036 482 136.34555054 214.02787781 482 128.6966095 215.38067627 482 95.61116028 27.93275833 482 103.30338287 26.61932182 482 133.24465942 196.37748718 482 136.38883972 214.06724548 482 128.66899109 215.43269348 482 95.56599426 27.89554977 482 103.33100891 26.5673027 482 106.49024963 44.37005997 482 136.43400574 214.10444641 482 128.63885498 215.48330688 482 133.28251648 196.2245636 482 95.51907349 27.86058807 482 103.36115265 26.51670074 482 136.48092651 214.1394043 482 128.60626221 215.53236389 482 95.47050476 27.82795525 482 103.39373779 26.46763802 482 106.58039856 44.49411392 482 133.32783508 196.07366943 482 136.52949524 214.17204285 482 128.57174683 215.57919312 482 95.42040253 27.79772758 482 103.42824554 26.4208107 482 106.67636871 44.61372375 482 136.57958984 214.20227051 482 128.53500366 215.6242981 482 95.36888885 27.76997948 482 103.46498871 26.37570763 482 133.38050842 195.9251709 482 136.63110352 214.23002625 482 128.49612427 215.66755676 482 103.50387573 26.33244133 482 95.31607819 27.74477386 482 106.77794647 44.72861099 482 136.68391418 214.25521851 482 128.4552002 215.70889282 482 95.26210785 27.72217369 482 103.54480743 26.29110718 482 133.44041443 195.77944946 482 136.73788452 214.27783203 482 128.41230774 215.74819946 482 95.20709991 27.70223236 482 103.58769226 26.25180817 482 106.8848877 44.83851624 482 136.79290771 214.29777527 482 128.36756897 215.78536987 482 103.63243866 26.21463203 482 95.15117645 27.68499565 482 133.50738525 195.63684082 482 136.84881592 214.31500244 482 128.32107544 215.82032776 482 95.09449005 27.67050362 482 103.67893219 26.17966843 482 106.9969635 44.94318771 482 133.58128357 195.49768066 482 136.90551758 214.32949829 482 128.27293396 215.85299683 482 103.72705841 26.14699936 482 136.96284485 214.34120178 482 103.77671814 26.11669922 482 107.11390686 45.04238892 482 133.66191101 195.36231995 482 137.02067566 214.35011292 482 103.82778931 26.0888443 482 107.23545837 45.13589096 482 137.07887268 214.35618591 482 103.88014984 26.06349564 482 133.74908447 195.2310791 482 137.13729858 214.35940552 482 103.93367004 26.04071426 482 107.36132812 45.22348022 482 137.19581604 214.35978699 482 103.9882431 26.02055359 482 133.83317566 195.1164856 482 104.04371643 26.00305939 482 107.49124146 45.30495834 482 104.09998322 25.98827744 482 133.92224121 195.00572205 482 104.15689087 25.97623634 482 108.11951447 46.41516113 482 107.90222168 45.51093674 482 107.76200104 45.44885254 482 107.62490082 45.3801384 482 134.10427856 193.78210449 482 134.0161438 194.89900208 482 134.1146698 194.79655457 482 134.21763611 194.69856262 482 108.04524231 45.56625366 482 134.3248291 194.60522461 482 137.48483276 214.3190918 482 137.42796326 214.33285522 482 137.3704834 214.34382629 482 137.31254578 214.35197449 482 137.25427246 214.3572998 482 104.21432495 25.96697044 482 104.27213287 25.9604969 482 136.71228027 193.08329773 482 137.08329773 193.93605042 482 136.93283081 193.90640259 482 110.73497009 45.33093262 482 110.86930084 45.24965668 482 110.80924225 46.1798439 482 137.23216248 193.97283936 482 110.99948883 45.16190338 482 137.37910461 194.01670837 482 111.12523651 45.06789398 482 137.52378845 194.0675354 482 111.24623108 44.96784592 482 112.26265717 43.29200745 482 113.40306091 46.04497528 482 112.22410583 43.43782043 482 112.17875671 43.58166504 482 112.12669373 43.72321701 482 112.06804657 43.86216736 482 112.00292969 43.99821091 482 111.93149567 44.1310463 482 111.85390472 44.26037979 482 111.77032471 44.38592529 482 111.67715454 44.51229095 482 111.57791138 44.63395309 482 111.47283936 44.75061798 482 111.36219788 44.86200333 482 139.19580078 192.32289124 482 137.6658783 194.12521362 482 137.80505371 194.18962097 482 137.94099426 194.2605896 482 138.07339478 194.33798218 482 138.20193481 194.42160034 482 138.32633972 194.51126099 482 138.44631958 194.60676575 482 138.56159973 194.70788574 482 138.67192078 194.81440735 482 138.77703857 194.92607117 482 138.87669373 195.04263306 482 138.97067261 195.1638031 482 139.05874634 195.28933716 482 111.04625702 25.36783791 482 144.0531311 212.55911255 482 112.35084534 42.54474258 482 116 46 482 112.34729767 42.69552612 482 112.33667755 42.84597397 482 112.31900024 42.99575424 482 112.29431152 43.14454269 482 139.28569031 195.68911743 482 141.65150452 191.47694397 482 139.34831238 195.82910156 482 139.40419006 195.97190857 482 139.14073181 195.41893005 482 139.21643066 195.55229187 482 144.16699219 212.52243042 482 144.11051941 212.54219055 482 111.1046524 25.36416054 482 111.16316223 25.36333466 482 111.22164154 25.36536217 482 111.279953 25.37023735 482 111.33795929 25.37794876 482 146.10829163 192.88000488 482 146.13604736 193.03153992 482 119.6820755 43.00326538 482 119.70759583 43.15447998 482 119.74031067 43.3042984 482 118.59693909 46.04497528 482 146.08786011 192.72732544 482 144.07644653 190.54647827 482 146.17102051 193.18157959 482 119.6638031 42.85100937 482 119.78015137 43.45238495 482 146.07476807 192.57382202 482 146.21316528 193.32975769 482 119.65281677 42.69805145 482 119.82701111 43.59840012 482 146.06904602 192.4198761 482 119.64915466 42.54474258 482 146.26235962 193.47573853 482 144.87017822 210.98957825 482 119.88079071 43.74201202 482 146.07072449 192.26582336 482 119.94137573 43.88288879 482 146.07980347 192.11204529 482 120.00861359 44.02071381 482 146.09623718 191.9588623 482 120.08235168 44.15517044 482 146.12001038 191.80665588 482 120.16243744 44.28594971 482 146.15104675 191.65576172 482 120.24867249 44.41275787 482 146.18930054 191.50653076 482 120.34086609 44.53530121 482 146.23466492 191.35931396 482 120.43880463 44.65330124 482 146.28703308 191.21443176 482 120.54227448 44.76648712 482 146.34629822 191.07223511 482 120.65102386 44.87460709 482 146.41230774 190.93304443 482 120.76481628 44.97740555 482 146.48493958 190.79718018 482 144.47898865 212.34745789 482 144.43083191 212.38299561 482 144.38098145 212.41607666 482 144.32954407 212.44664001 482 144.27664185 212.47459412 482 144.22241211 212.49987793 482 121.19075775 46.1798439 482 121.00646973 45.16613007 482 120.88339233 45.07465363 482 146.4677124 189.53260803 482 146.56399536 190.66494751 482 146.64929199 190.53668213 482 146.70646667 190.45762634 482 121.13378143 45.25162125 482 146.76599121 190.38035583 482 121.26502991 45.33093262 482 146.82785034 190.30491638 482 119.64915466 26.56327057 482 112.35084534 26.56327057 482 151.72834778 208.4934082 482 144.88856506 211.04415894 482 119.65048218 26.5069046 482 112.34941864 26.50477409 482 151.74969482 208.54789734 482 144.90432739 211.09954834 482 119.65444946 26.45066261 482 112.34513855 26.44641685 482 151.77366638 208.60127258 482 144.91740417 211.15563965 482 111.39551544 25.38847923 482 111.45249176 25.40180397 482 111.50875092 25.41788864 482 111.56416321 25.43669701 482 119.66105652 26.39466858 482 112.33802795 26.38833809 482 151.80023193 208.65341187 482 144.92778015 211.21228027 482 119.67028809 26.33904648 482 112.32808685 26.33067322 482 151.82928467 208.70419312 482 144.93540955 211.2693634 482 119.68212128 26.28392029 482 112.31534576 26.27356339 482 151.86079407 208.75350952 482 144.94030762 211.32675171 482 119.6965332 26.22941017 482 112.29984283 26.2171402 482 151.89465332 208.80122375 482 144.94244385 211.3842926 482 119.71348572 26.1756382 482 112.28160095 26.16154289 482 151.93081665 208.847229 482 144.94181824 211.44187927 482 119.7329483 26.12272072 482 112.26067352 26.10689926 482 151.96916199 208.89141846 482 144.93843079 211.49937439 482 119.75487518 26.07077599 482 112.23710632 26.053339 482 152.0096283 208.9336853 482 144.93228149 211.55664062 482 119.77922058 26.01991844 482 112.21096039 26.00099373 482 152.05210876 208.97393799 482 144.92340088 211.61354065 482 112.18228912 25.9499836 482 119.80592346 25.97026062 482 152.09649658 209.0120697 482 144.91178894 211.66995239 482 112.15116882 25.90043259 482 119.83493042 25.92191315 482 152.14268494 209.04798889 482 144.89749146 211.72573853 482 112.11766815 25.85245895 482 119.86617279 25.87497902 482 152.19058228 209.081604 482 144.88053894 211.78077698 482 112.0818634 25.80617332 482 119.90170288 25.82683754 482 152.24005127 209.112854 482 144.86096191 211.83493042 482 112.04385376 25.76168823 482 119.93959045 25.78052711 482 152.29098511 209.1416626 482 144.83880615 211.88809204 482 112.00371552 25.71911049 482 119.97973633 25.73616219 482 152.34326172 209.16793823 482 144.81411743 211.94012451 482 111.96155548 25.67853928 482 120.02204895 25.69385338 482 152.39675903 209.19165039 482 144.78697205 211.99092102 482 111.91745758 25.64006996 482 120.06641388 25.6537056 482 152.45135498 209.21270752 482 144.75741577 212.04034424 482 111.87154388 25.60379791 482 120.1127243 25.61581993 482 152.50689697 209.23109436 482 144.7255249 212.08830261 482 111.82391357 25.56980705 482 120.16086578 25.58028984 482 152.5632782 209.24674988 482 144.69000244 212.13644409 482 120.21071625 25.54720306 482 111.77468872 25.53817749 482 152.62036133 209.2596283 482 144.65211487 212.18275452 482 111.72397614 25.50898552 482 120.26216125 25.51664162 482 152.67799377 209.26971436 482 144.61196899 212.22711182 482 120.31505585 25.4886837 482 111.67189789 25.4822998 482 152.73605347 209.27697754 482 144.56965637 212.26942444 482 120.36928558 25.46339607 482 111.61858368 25.4581852 482 152.79440308 209.28140259 482 144.52529907 212.30957031 482 120.42470551 25.44084358 482 152.85290527 209.2829895 482 120.48117828 25.42108345 482 120.53857422 25.40416145 482 123.95475769 45.56625366 482 124.09633636 45.51153564 482 123.88048553 46.41516113 482 148.91474915 188.39154053 482 149.4282074 189.16691589 482 149.27488708 189.16384888 482 124.23516846 45.45018387 482 149.58120728 189.17729187 482 124.37094879 45.38233948 482 149.73353577 189.19497681 482 124.50337219 45.30815125 482 149.88484192 189.21990967 482 153.08555603 209.26081848 482 153.02786255 209.27061462 482 152.96977234 209.27758789 482 152.91139221 209.28170776 482 125.80367279 43.84550858 482 126.45832062 46.73275757 482 125.73722076 43.98622131 482 125.66403961 44.1235466 482 125.58428192 44.25716019 482 125.49813843 44.3867569 482 125.40816498 44.50899887 482 125.31250763 44.62685394 482 125.21138763 44.74005127 482 125.10503387 44.84834671 482 124.99367523 44.95148849 482 124.87756348 45.04925537 482 124.75696564 45.14142227 482 124.63214111 45.2277832 482 151.22850037 187.21142578 482 150.03479004 189.25204468 482 150.18302917 189.29129028 482 150.32922363 189.33758545 482 150.47305298 189.39080811 482 150.61416626 189.45083618 482 150.75224304 189.51753235 482 150.88699341 189.59075928 482 151.01808167 189.6703186 482 151.14523315 189.75605774 482 151.26812744 189.84777832 482 151.38650513 189.94525146 482 151.50010681 190.04827881 482 151.60864258 190.15660095 482 120.59673309 25.39011955 482 120.65552521 25.3789959 482 120.71479797 25.37081718 482 120.77440643 25.36560249 482 120.834198 25.36336517 482 126.02989197 43.10298538 482 129.02362061 47.13941956 482 125.9991684 43.25553131 482 125.96108246 43.40641022 482 125.91573334 43.55526352 482 125.86322021 43.70174408 482 153.5 185.9519043 482 151.71188354 190.27000427 482 151.80960083 190.38818359 482 151.90155029 190.51091003 482 151.98753357 190.63789368 482 152.06736755 190.76882935 482 153.36312866 209.17056274 482 153.30950928 209.19398499 482 153.25480652 209.21476746 482 153.19915771 209.23286438 482 153.1427002 209.24822998 482 120.89402771 25.36411095 482 120.95374298 25.36783791 482 133.20951843 45.4388504 482 133.23753357 45.58961487 482 131.57328796 47.63466263 482 155.72653198 184.61448669 482 157.98985291 185.96697998 482 158.01509094 186.11824036 482 158.04751587 186.26812744 482 133.1887207 45.28691483 482 133.2727356 45.73887253 482 157.97187805 185.81469727 482 158.08705139 186.41629028 482 133.17520142 45.1341629 482 133.3150177 45.88627625 482 157.9611969 185.66171265 482 158.13363647 186.56240845 482 133.16900635 44.98093796 482 133.36428833 46.03149414 482 157.95783997 185.50839233 482 158.18713379 186.70611572 482 133.17012024 44.82759476 482 133.42044067 46.17419434 482 157.96180725 185.35510254 482 158.24743652 186.84710693 482 133.17857361 44.67447662 482 133.48335266 46.31404877 482 157.9730835 185.2021637 482 158.31440735 186.98506165 482 133.19432068 44.52193832 482 133.5528717 46.450737 482 157.99165344 185.04994202 482 133.21733093 44.37032318 482 158.38789368 187.11967468 482 133.62882996 46.58395004 482 158.01747131 184.89877319 482 133.71105957 46.71338654 482 158.05047607 184.74902344 482 159.52601624 206.29675293 482 133.7993927 46.83874512 482 158.09060669 184.60101318 482 133.89360046 46.9597435 482 134.10427856 48.21789551 482 158.13775635 184.45509338 482 157.90541077 183.20077515 482 133.9934845 47.07610321 482 158.19181824 184.31158447 482 134.09880066 47.18756104 482 158.25267029 184.17082214 482 134.20933533 47.29386139 482 158.32017517 184.03312683 482 158.3941803 183.89881897 482 134.3248291 47.39473343 482 127.72786713 25.9604969 482 160.11711121 181.65211487 482 160.75741577 182.32655334 482 160.605896 182.35015869 482 136.93283081 48.09358978 482 137.08816528 48.06286621 482 136.71228027 48.91670609 482 160.90989685 182.31021118 482 137.24179077 48.02451706 482 161.06297302 182.30117798 482 137.39334106 47.97864151 482 161.21632385 182.29945374 482 137.54243469 47.92534637 482 159.67562866 206.21351624 482 159.62709045 206.24362183 482 159.57719421 206.27139282 482 139.19580078 49.67710876 482 138.71702576 47.13898849 482 138.60527039 47.25115967 482 138.48812866 47.35768509 482 138.36585999 47.45830154 482 138.23880005 47.55276871 482 138.10722351 47.64085388 482 137.97146606 47.72234726 482 137.83184814 47.79704285 482 137.6887207 47.86476517 482 162.1907959 180.08816528 482 161.36956787 182.30505371 482 161.52236938 182.31797791 482 161.6743927 182.33818054 482 161.82527161 182.36561584 482 161.97465515 182.40022278 482 162.1222229 182.44194031 482 162.26763916 182.49064636 482 162.41055298 182.54623413 482 162.55065918 182.6085968 482 162.68762207 182.67758179 482 138.82310486 47.02144241 482 162.82112122 182.75302124 482 138.92326355 46.89880753 482 162.95088196 182.83474731 482 139.01725769 46.77138519 482 163.07658386 182.92259216 482 135.99153137 28.63704872 482 128.80505371 27.36430931 482 166.37863159 200.96002197 482 160.05810547 204.60917664 482 128.813797 27.3064518 482 136.00289917 28.57937622 482 166.40910339 201.00997925 482 160.08642578 204.66114807 482 128.81971741 27.24823952 482 136.01707458 28.52232933 482 166.44198608 201.05838013 482 160.11213684 204.71444702 482 128.82279968 27.18980598 482 136.03401184 28.46604347 482 166.47718811 201.1051178 482 160.13520813 204.76895142 482 128.82302856 27.13129234 482 136.05369568 28.41065598 482 166.51463318 201.15008545 482 160.1555481 204.82453918 482 136.07606506 28.35629654 482 128.82040405 27.07283783 482 166.55421448 201.19317627 482 160.17314148 204.88104248 482 136.10107422 28.30310059 482 128.81492615 27.01457977 482 166.59585571 201.23428345 482 160.18791199 204.93835449 482 136.12864685 28.25119019 482 128.80662537 26.95665932 482 166.63945007 201.27331543 482 160.19984436 204.99632263 482 136.15873718 28.20069504 482 128.79550171 26.89920998 482 166.68490601 201.31018066 482 160.20890808 205.05480957 482 136.19126892 28.1517334 482 128.78158569 26.84237289 482 166.73208618 201.34477234 482 160.21507263 205.11367798 482 136.22605896 28.10453606 482 128.7649231 26.78628159 482 166.78091431 201.37702942 482 160.21832275 205.17276001 482 136.26312256 28.05909538 482 128.74554443 26.73106956 482 166.83123779 201.40687561 482 160.21865845 205.23194885 482 136.30236816 28.0155201 482 128.72351074 26.67686653 482 166.88296509 201.43421936 482 160.21607971 205.29107666 482 136.34367371 27.97391319 482 128.69885254 26.62380409 482 166.93597412 201.45901489 482 160.21058655 205.3500061 482 136.38697815 27.93437386 482 128.67163086 26.57200432 482 166.9901123 201.48120117 482 160.20219421 205.40858459 482 136.43215942 27.89699554 482 128.641922 26.521595 482 167.04527283 201.50071716 482 160.19091797 205.46669006 482 128.60978699 26.4726944 482 136.47911072 27.86187172 482 167.10133362 201.51753235 482 160.17680359 205.52415466 482 128.57530212 26.42541695 482 136.52772522 27.82908249 482 167.15812683 201.53158569 482 160.15985107 205.58087158 482 128.53855896 26.37987709 482 136.57788086 27.79870605 482 167.21554565 201.54284668 482 160.14015198 205.63667297 482 127.78601837 25.96701622 482 127.84378052 25.97636223 482 127.90101624 25.98851395 482 127.95759583 26.00344086 482 128.01338196 26.02110863 482 128.49964905 26.33618164 482 136.62947083 27.7708168 482 167.27345276 201.55130005 482 160.1177063 205.69143677 482 128.45863342 26.2944355 482 136.68234253 27.74547958 482 167.33169556 201.55693054 482 160.09259033 205.74502563 482 128.41564941 26.25473976 482 136.73640442 27.72275734 482 167.39013672 201.55970764 482 160.06486511 205.7973175 482 136.79150391 27.70270348 482 128.37077332 26.21718407 482 167.44865417 201.55963135 482 160.03459167 205.84817505 482 128.3241272 26.18186188 482 136.84751892 27.68536377 482 167.50709534 201.55670166 482 160.00186157 205.8974762 482 128.27581787 26.14885521 482 136.90431213 27.67078018 482 167.56532288 201.55093384 482 159.96798706 205.94346619 482 128.22595215 26.11824417 482 136.96174622 27.65899086 482 167.62319946 201.54232788 482 159.93197632 205.98779297 482 141.65150452 50.52305222 482 139.40419006 46.02808762 482 139.35343933 46.15861893 482 139.29702759 46.28680801 482 139.23509216 46.41241837 482 139.16772461 46.53520584 482 139.09506226 46.65493774 482 164.20907593 178.45333862 482 163.19795227 183.0163269 482 163.31469727 183.11575317 482 163.42657471 183.22064209 482 163.53329468 183.33076477 482 163.63465881 183.44584656 482 159.89389038 206.03036499 482 159.85383606 206.07107544 482 159.81187439 206.1098175 482 159.76812744 206.14653015 482 159.72267151 206.18112183 482 137.0196991 27.65001869 482 137.07801819 27.64389038 482 128.0682373 26.04147339 482 128.12203979 26.06448936 482 128.17463684 26.09009933 482 144.07644653 51.45352173 482 146.09532166 50.03416061 482 146.11863708 50.18572998 482 168.52217102 177.24246216 482 168.55210876 177.39286804 482 166.16952515 176.74960327 482 146.14915466 50.33600998 482 168.49945068 177.09080505 482 146.07928467 49.88164902 482 168.58918762 177.54167175 482 146.18682861 50.48466492 482 168.48400879 176.93823242 482 146.07054138 49.72854614 482 168.6333313 177.68852234 482 146.23155212 50.63135147 482 168.4758606 176.78511047 482 146.06912231 49.57520294 482 168.68444824 177.83311462 482 146.28321838 50.77573013 482 168.47503662 176.63175964 482 146.07502747 49.42196655 482 168.74240112 177.9750824 482 146.34173584 50.91748047 482 168.48153687 176.47854614 482 146.08824158 49.26918411 482 168.80708313 178.11413574 482 146.4069519 51.05627441 482 168.49534607 176.32582092 482 146.10873413 49.11721039 482 168.87832642 178.24993896 482 146.47872925 51.19179153 482 146.4677124 52.46739197 482 168.06982422 174.97900391 482 168.51644897 176.17391968 482 146.13647461 48.9663887 482 168.95596313 178.38217163 482 146.55688477 51.32373047 482 168.54476929 176.02320862 482 146.17137146 48.81706238 482 169.0398407 178.51055908 482 146.64125061 51.45178604 482 168.58024597 175.87402344 482 146.21336365 48.66957474 482 169.12974548 178.63478088 482 146.73164368 51.57566452 482 168.62281799 175.72669983 482 146.26235962 48.52425766 482 169.22547913 178.75457764 482 146.82785034 51.69508362 482 168.67237854 175.58157349 482 167.90255737 201.45777893 482 167.84848022 201.48010254 482 167.79336548 201.49975586 482 167.73735046 201.51670837 482 167.68058777 201.53091431 482 173.90734863 195.68836975 482 137.13656616 27.64061737 482 137.19519043 27.64020729 482 137.25378418 27.64266205 482 137.31217957 27.64797783 482 137.37023926 27.65613747 482 137.42784119 27.6671257 482 169.97900391 173.06982422 482 170.72669983 173.62281799 482 170.58157349 173.67237854 482 149.27488708 52.83615112 482 149.42953491 52.8330307 482 148.91474915 53.60846329 482 170.87402344 173.58024597 482 149.58384705 52.82246017 482 171.02320862 173.54476929 482 149.73748779 52.80447006 482 171.17391968 173.51644897 482 149.89007568 52.77909851 482 150.7640686 52.47637177 482 151.22850037 54.78857422 482 150.62506104 52.54419708 482 150.48292542 52.6052475 482 150.33802795 52.65938187 482 150.19068909 52.70647049 482 150.04125977 52.74640656 482 171.74960327 171.16952515 482 171.32582092 173.49534607 482 171.47854614 173.48153687 482 171.63175964 173.47503662 482 171.78511047 173.4758606 482 171.93823242 173.48400879 482 172.09080505 173.49945068 482 172.24246216 173.52217102 482 150.8996582 52.40192795 482 172.39286804 173.55210876 482 167.95549011 201.43284607 482 168.1061554 201.34301758 482 168.05741882 201.37539673 482 168.00715637 201.40536499 482 151.0315094 52.32103729 482 172.54167175 173.58918762 482 151.15930176 52.23389053 482 172.68852234 173.6333313 482 151.28274536 52.14068985 482 172.83311462 173.68444824 482 151.40156555 52.04164886 482 172.9750824 173.74240112 482 151.51547241 51.93700027 482 173.11413574 173.80708313 482 151.62420654 51.82698441 482 153.5 56.0480957 482 152.06736755 51.23117828 482 152.01951599 51.31135178 482 151.96934509 51.39009857 482 151.91690063 51.46735764 482 151.82514954 51.59188843 482 151.72750854 51.71185684 482 173.45333862 169.20907593 482 173.24993896 173.87832642 482 173.38217163 173.95596313 482 173.51055908 174.0398407 482 173.63478088 174.12974548 482 173.75457764 174.22547913 482 137.48483276 27.68091393 482 173.67637634 197.44268799 482 151.72834778 33.50658798 482 144.87017822 31.01041794 482 179.49816895 190.99710083 482 173.94364929 195.73382568 482 144.88883972 30.95496178 482 151.74732971 33.45779037 482 179.53686523 191.04100037 482 173.97770691 195.78097534 482 144.90478516 30.89866066 482 151.76841736 33.40987015 482 179.57765198 191.08294678 482 174.00942993 195.82974243 482 151.79156494 33.36291504 482 144.91796875 30.84165001 482 179.62043762 191.12286377 482 174.03875732 195.87997437 482 144.92834473 30.78406334 482 151.81674194 33.31701279 482 179.66511536 191.16064453 482 174.06562805 195.93157959 482 144.93591309 30.72604179 482 151.84390259 33.27225113 482 179.71159363 191.19621277 482 174.08995056 195.98440552 482 144.94062805 30.66771889 482 151.8730011 33.22872162 482 179.75973511 191.22946167 482 174.11169434 196.03837585 482 144.94250488 30.60923386 482 151.90852356 33.18058014 482 179.80944824 191.2603302 482 174.13078308 196.09332275 482 151.94641113 33.1342659 482 144.94152832 30.55072784 482 179.8605957 191.28874207 482 174.14720154 196.14912415 482 144.93771362 30.49234009 482 151.98655701 33.08990097 482 179.91308594 191.31462097 482 174.16088867 196.20565796 482 144.93104553 30.43420601 482 152.02886963 33.04759216 482 179.9667511 191.33790588 482 174.17182922 196.26280212 482 144.92153931 30.37646866 482 152.07322693 33.00744629 482 180.02151489 191.35856628 482 174.17997742 196.32040405 482 152.11955261 32.96955872 482 144.90924072 30.31926155 482 180.07719421 191.37651062 482 174.18533325 196.37832642 482 144.8941803 30.26272202 482 152.16769409 32.93402863 482 180.13369751 191.39172363 482 174.18786621 196.43643188 482 144.87635803 30.20698357 482 152.21754456 32.90094376 482 180.19087219 191.4041748 482 174.18757629 196.49461365 482 152.26898193 32.87038422 482 144.85586548 30.15217972 482 180.24859619 191.41381836 482 174.18447876 196.55270386 482 144.83270264 30.09844208 482 152.32188416 32.84242249 482 180.30670166 191.42063904 482 174.17857361 196.61056519 482 144.80696106 30.04589653 482 152.37611389 32.81713867 482 180.36508179 191.42460632 482 174.16986084 196.66809082 482 152.43153381 32.79458618 482 144.77868652 29.99466705 482 180.42358398 191.42573547 482 174.15837097 196.72511292 482 152.48800659 32.77482224 482 144.74794006 29.94487762 482 180.48207092 191.42401123 482 174.14413452 196.7815094 482 152.5453949 32.75790024 482 144.71481323 29.8966465 482 180.54040527 191.41943359 482 174.12718201 196.8371582 482 144.67936707 29.85008812 482 152.6035614 32.74386215 482 180.59844971 191.41201782 482 174.10754395 196.891922 482 144.64170837 29.8053112 482 152.66235352 32.73273849 482 180.65606689 191.40177917 482 174.08529663 196.94566345 482 144.60189819 29.76242447 482 152.72161865 32.72455597 482 180.71310425 191.38874817 482 174.06045532 196.9982605 482 144.56004333 29.72153091 482 152.78123474 32.71934128 482 180.76945496 191.37295532 482 174.03309631 197.04960632 482 144.51625061 29.682724 482 152.84101868 32.71710587 482 180.82495117 191.35443115 482 144.0531311 29.44088364 482 155.72653198 57.38551331 482 157.99165344 56.9500618 482 158.01747131 57.10122299 482 177.33842468 166.67596436 482 177.36598206 166.82704163 482 175.08816528 167.1907959 482 177.31811523 166.52372742 482 158.05047607 57.25098038 482 157.9730835 56.79784012 482 177.40074158 166.97663879 482 177.30513 166.37069702 482 158.09060669 57.39898682 482 157.96180725 56.64490128 482 177.44261169 167.12440491 482 176.65211487 165.11711121 482 177.29946899 166.21722412 482 158.13775635 57.54491043 482 157.90541077 58.79922104 482 157.95783997 56.49160385 482 177.49150085 167.26998901 482 177.30114746 166.06365967 482 158.19181824 57.68841553 482 157.9611969 56.33828735 482 177.54728699 167.41307068 482 177.31018066 165.91033936 482 158.25267029 57.82917786 482 157.97187805 56.18531036 482 177.60986328 167.55332947 482 177.32652283 165.75764465 482 158.32017517 57.96686935 482 157.98985291 56.0330162 482 177.67907715 167.69042969 482 158.3941803 58.10118103 482 177.35015869 165.605896 482 158.01509094 55.88175583 482 177.754776 167.8240509 482 158.04751587 55.73186874 482 177.83676147 167.95391846 482 158.08705139 55.5837059 482 177.92488098 168.07969666 482 158.13363647 55.43759918 482 178.01890564 168.2011261 482 158.18713379 55.29388428 482 178.11863708 168.31791687 482 158.24743652 55.15288544 482 178.22383118 168.42980957 482 158.31440735 55.01493073 482 178.33427429 168.5365448 482 158.38789368 54.88033295 482 178.44967651 168.63786316 482 173.81520081 197.32913208 482 173.77082825 197.36927795 482 173.72451782 197.40716553 482 160.605896 59.64983749 482 160.75741577 59.67344284 482 160.11711121 60.3478775 482 178.20077515 162.90541077 482 179.0333252 163.32006836 482 178.89881897 163.3941803 482 160.90989685 59.689785 482 179.17123413 163.25247192 482 161.06297302 59.69882965 482 179.31221008 163.19155884 482 161.21632385 59.70055008 482 179.45594788 163.13745117 482 161.6743927 59.66182327 482 162.1907959 61.91183853 482 161.52236938 59.68202591 482 161.36956787 59.69494247 482 179.61448669 160.72653198 482 179.60209656 163.09028625 482 179.75035095 163.05015564 482 179.90034485 163.01716614 482 161.82527161 59.63438797 482 180.05174255 162.99139404 482 161.97465515 59.59977341 482 180.20419312 162.97288513 482 144.10926819 29.45740128 482 144.16452026 29.47663689 482 144.21878052 29.49854279 482 144.27191162 29.52306747 482 144.32377625 29.55015182 482 144.37426758 29.57973289 482 162.1222229 59.55806732 482 180.35736084 162.96168518 482 162.26763916 59.50935745 482 180.51089478 162.95783997 482 162.41055298 59.45376205 482 180.66444397 162.96133423 482 162.55065918 59.3914032 482 180.81762695 162.97216797 482 162.68762207 59.32242203 482 180.97013855 162.99031067 482 162.82112122 59.24697876 482 181.12159729 163.01573181 482 162.95088196 59.16524887 482 181.27166748 163.04837036 482 163.07658386 59.07741165 482 181.41999817 163.08815002 482 164.20907593 63.54666519 482 163.31469727 58.88424301 482 163.19795227 58.9836731 482 180.9519043 158.5 482 181.56626892 163.13497925 482 181.71012878 163.18873596 482 163.42657471 58.7793541 482 181.85124207 163.24932861 482 163.53329468 58.66923904 482 181.98930359 163.31660461 482 163.63465881 58.55415344 482 182.12399292 163.39039612 482 174.00328064 197.09954834 482 173.97106934 197.147995 482 173.93554688 197.19613647 482 173.8976593 197.2424469 482 173.85751343 197.28681946 482 160.05810547 37.39081573 482 185.99710083 184.49816895 482 144.42324829 29.61174202 482 144.47061157 29.64609909 482 152.90084839 32.71784973 482 152.96057129 32.72157669 482 183.39154053 153.91474915 482 184.21990967 154.88484192 482 182.21142578 156.22850037 482 166.16952515 65.25039673 482 168.51559448 65.8208313 482 168.06982422 67.02098846 482 168.54393005 65.97289276 482 184.19497681 154.73353577 482 184.25204468 155.03479004 482 168.49459839 65.66757965 482 168.57957458 66.12340546 482 184.17729187 154.58120728 482 184.29129028 155.18302917 482 168.48101807 65.5134964 482 168.62242126 66.27203369 482 184.16691589 154.4282074 482 184.33758545 155.32922363 482 168.47488403 65.3589325 482 168.67237854 66.41842651 482 184.16384888 154.27488708 482 184.39080811 155.47305298 482 168.47618103 65.20426178 482 184.45083618 155.61416626 482 168.48493958 65.04982758 482 184.51753235 155.75224304 482 168.50112915 64.89599609 482 184.59075928 155.88699341 482 168.52471924 64.74312592 482 181.08538818 191.22265625 482 181.03599548 191.25404358 482 180.98513794 191.28297424 482 180.93292236 191.30938721 482 180.87948608 191.33322144 482 184.6703186 156.01808167 482 168.55563354 64.59156036 482 184.75605774 156.14523315 482 168.59381104 64.44166565 482 184.84777832 156.26812744 482 168.63917542 64.2937851 482 184.94525146 156.38650513 482 168.69160461 64.14826202 482 185.04827881 156.50010681 482 168.75099182 64.00543213 482 185.15660095 156.60864258 482 168.81716919 63.8656311 482 185.27000427 156.71188354 482 168.89002991 63.72917938 482 185.38818359 156.80960083 482 168.96936035 63.59639359 482 185.51091003 156.90155029 482 169.05500793 63.46758652 482 169.10966492 63.39188766 482 185.63789368 156.98753357 482 169.16650391 63.31781006 482 169.22547913 63.24541855 482 185.76882935 157.06736755 482 170.58157349 68.32761383 482 170.72669983 68.37717438 482 169.97900391 68.93017578 482 184.53260803 151.4677124 482 185.42433167 151.73164368 482 185.30491638 151.82785034 482 170.87402344 68.4197464 482 185.54821777 151.64125061 482 171.02320862 68.45523834 482 185.67626953 151.55688477 482 153.02001953 32.72827911 482 153.07907104 32.73793411 482 153.13757324 32.7505188 482 153.19535828 32.76600266 482 153.25231934 32.78435135 482 153.30827332 32.80551529 482 171.17391968 68.48355865 482 185.80821228 151.47872925 482 166.37863159 41.0399704 482 190.68836975 178.90734863 482 166.39651489 41.00999832 482 160.08612061 37.33944321 482 190.73408508 178.94384766 482 186.04159546 184.53742981 482 166.41526794 40.9805603 482 166.43487549 40.95167923 482 160.11158752 37.28676605 482 190.78153992 178.97808838 482 186.08409119 184.5788269 482 166.46983337 40.9042778 482 160.13446045 37.23291016 482 171.74960327 70.83046722 482 171.32582092 68.5046463 482 185.54647827 149.07644653 482 185.94372559 151.4069519 482 190.83061218 179.00996399 482 186.12449646 184.62228394 482 166.50706482 40.85864639 482 160.1546936 37.1780014 482 190.88116455 179.03941345 482 186.16270447 184.66767883 482 166.54650879 40.81489563 482 160.17221069 37.12217331 482 190.93310547 179.06637573 482 186.19862366 184.71492004 482 171.47854614 68.51846313 482 186.08251953 151.34173584 482 166.58804321 40.77313614 482 160.18699646 37.06555557 482 190.98629761 179.09075928 482 186.23216248 184.76385498 482 166.63157654 40.73346329 482 160.19900513 37.00828552 482 191.0406189 179.11253357 482 186.26322937 184.81440735 482 166.67700195 40.69597244 482 160.20820618 36.95050049 482 191.09593201 179.13162231 482 186.29177856 184.86642456 482 171.63175964 68.52496338 482 186.22427368 151.28321838 482 166.72421265 40.66075897 482 160.21456909 36.89233398 482 191.15209961 179.147995 482 186.31770325 184.9197998 482 166.77310181 40.62790298 482 160.21809387 36.83392715 482 191.20901489 179.16160583 482 186.3409729 184.97438049 482 166.8235321 40.59748459 482 160.21878052 36.77541733 482 191.26651001 179.17243958 482 186.36151123 185.03004456 482 171.78511047 68.5241394 482 186.36865234 151.23155212 482 160.21659851 36.71694183 482 166.87539673 40.56957626 482 191.32447815 179.18045044 482 186.37927246 185.08666992 482 160.21157837 36.65864563 482 166.92857361 40.54425049 482 191.38276672 179.18562317 482 186.39421082 185.14408875 482 160.20370483 36.60066223 482 166.98292542 40.52156067 482 191.44122314 179.1879425 482 186.40629578 185.20217896 482 171.93823242 68.51599884 482 186.51533508 151.18682861 482 167.03833008 40.50156784 482 160.19303894 36.54312897 482 191.4997406 179.18742371 482 186.41548157 185.26080322 482 167.09465027 40.48431778 482 160.17956543 36.48618698 482 191.55815125 179.18405151 482 186.42176819 185.3197937 482 172.09080505 68.50054932 482 186.66398621 151.14915466 482 167.15174866 40.46985245 482 160.16333008 36.42996979 482 191.61633301 179.17782593 482 186.42514038 185.37904358 482 167.20947266 40.45820236 482 160.14437866 36.37460709 482 191.67414856 179.16877747 482 186.42556763 185.43836975 482 167.26771545 40.44940186 482 160.12275696 36.32024002 482 191.73144531 179.15692139 482 186.42306519 185.49765015 482 172.24246216 68.47782898 482 186.81427002 151.11863708 482 160.09849548 36.26698685 482 167.3263092 40.44347 482 191.7881012 179.14228821 482 186.41763306 185.55673218 482 167.38513184 40.44041824 482 160.07168579 36.21498108 482 191.84397888 179.12489319 482 186.40930176 185.61547852 482 167.44403076 40.44025803 482 160.0423584 36.16434479 482 191.89894104 179.10481262 482 186.39805603 185.67375183 482 172.39286804 68.44789886 482 186.96583557 151.09532166 482 167.50286865 40.44298553 482 160.01060486 36.11519623 482 191.95285034 179.08207703 482 186.38395691 185.73138428 482 167.56150818 40.44860077 482 159.97648621 36.06765366 482 192.00559998 179.05673218 482 186.36701965 185.78825378 482 172.54167175 68.41081238 482 187.11834717 151.07928467 482 167.61978149 40.45708466 482 159.94010925 36.02183151 482 192.05703735 179.02885437 482 186.34729004 185.84420776 482 172.68852234 68.36666107 482 187.27145386 151.07054138 482 172.83311462 68.31555176 482 187.42478943 151.06912231 482 181.26596069 191.07427979 482 181.22358704 191.11463928 482 181.17929077 191.15287781 482 181.13319397 191.18891907 482 172.9750824 68.25759125 482 187.57803345 151.07502747 482 173.11413574 68.19291687 482 173.45333862 72.7909317 482 187.7308197 151.08824158 482 186.47694397 146.65150452 482 173.24993896 68.12168121 482 187.88278198 151.10873413 482 173.38217163 68.04403687 482 188.03361511 151.13647461 482 173.51055908 67.9601593 482 188.18293762 151.17137146 482 173.63478088 67.87025452 482 188.33042908 151.21336365 482 173.75457764 67.77452087 482 188.47573853 151.26235962 482 153.36312866 32.82944107 482 188.90640259 141.93283081 482 188.93605042 142.08329773 482 188.08329773 141.71228027 482 176.65211487 76.88288116 482 177.32591248 76.23764038 482 177.35015869 76.394104 482 188.97283936 142.23216248 482 177.30940247 76.08016205 482 189.01670837 142.37910461 482 177.30067444 75.92206573 482 189.0675354 142.52378845 482 187.32289124 144.19580078 482 175.08816528 74.8092041 482 177.29975891 75.76372528 482 189.12521362 142.6658783 482 177.30665588 75.60553741 482 189.18962097 142.80505371 482 177.3213501 75.44788361 482 189.2605896 142.94099426 482 177.34379578 75.29114532 482 189.33798218 143.07339478 482 177.37393188 75.13570404 482 189.42160034 143.20193481 482 177.41171265 74.98193359 482 189.51126099 143.32633972 482 177.45701599 74.83021545 482 189.60676575 143.44631958 482 177.50975037 74.68092346 482 186.07427979 186.26596069 482 189.70788574 143.56159973 482 177.56977844 74.53440094 482 189.81440735 143.67192078 482 177.63696289 74.39102936 482 189.92607117 143.77703857 482 177.71113586 74.25113678 482 190.04263306 143.87669373 482 177.79212952 74.11507416 482 190.1638031 143.97067261 482 177.87971497 73.98316956 482 190.28933716 144.05874634 482 177.96252441 73.870224 482 190.41893005 144.14073181 482 178.05018616 73.76100159 482 190.55229187 144.21643066 482 178.14253235 73.65570831 482 178.89881897 78.6058197 482 179.03312683 78.67982483 482 178.20077515 79.09458923 482 188.78210449 139.10427856 482 189.70611572 139.20935059 482 189.60522461 139.3248291 482 190.68911743 144.28569031 482 178.23937988 73.55453491 482 179.17082214 78.74732971 482 189.81242371 139.09883118 482 190.82910156 144.34831238 482 178.34054565 73.45768738 482 179.31158447 78.80818939 482 189.9238739 138.99349976 482 178.44584656 73.36534882 482 190.97190857 144.40419006 482 179.45509338 78.86225128 482 179.61448669 81.27347565 482 190.04023743 138.89361572 482 189.36534119 136.57328796 482 179.60101318 78.90939331 482 190.16123962 138.79940796 482 179.74902344 78.94952393 482 190.28659058 138.71107483 482 179.89877319 78.98252869 482 190.41603088 138.62882996 482 159.52601624 35.70324707 482 180.04994202 79.00834656 482 190.54924011 138.5528717 482 180.2021637 79.02692413 482 190.6859436 138.48336792 482 180.35510254 79.03820038 482 190.82579041 138.42045593 482 180.50839233 79.04216003 482 190.9684906 138.36430359 482 180.66171265 79.03879547 482 191.1137085 138.3150177 482 180.81469727 79.02811432 482 191.2611084 138.2727356 482 180.96697998 79.01013947 482 191.41036987 138.23754883 482 181.11824036 78.98490906 482 191.56114197 138.20951843 482 181.26812744 78.95249176 482 191.71307373 138.1887207 482 181.41629028 78.91294098 482 180.9519043 83.5 482 191.86582947 138.17520142 482 189.86058044 134.02362061 482 181.56240845 78.86636353 482 192.01905823 138.16900635 482 181.70611572 78.81286621 482 192.17240906 138.17012024 482 186.20874023 186.10571289 482 186.17778015 186.14793396 482 186.14500427 186.18876648 482 186.11048889 186.22813416 482 181.84710693 78.75256348 482 192.32551575 138.17857361 482 181.98506165 78.68559265 482 192.47805786 138.19432068 482 182.11967468 78.61210632 482 192.62966919 138.21733093 482 183.39154053 88.08525085 482 184.1668396 87.57335663 482 184.16384888 87.72511292 482 191.43374634 128.95475769 482 191.48905945 129.09777832 482 190.58483887 128.88047791 482 184.17701721 87.42191315 482 191.55114746 129.23800659 482 184.19432068 87.27111816 482 191.61985779 129.37509155 482 184.21875 87.12130737 482 182.21142578 85.77149963 482 191.69503784 129.50875854 482 190.26724243 131.45831299 482 184.25022888 86.97281647 482 191.77651978 129.63867188 482 184.28868103 86.82598114 482 191.86410522 129.76454163 482 184.33404541 86.68113708 482 191.95761108 129.88609314 482 184.38619995 86.53858948 482 192.05680847 130.0030365 482 184.44503784 86.39866638 482 192.16148376 130.1151123 482 184.51042175 86.26168823 482 192.27139282 130.22206116 482 184.58221436 86.12795258 482 192.38627625 130.32362366 482 190.82015991 126.19075775 482 191.71879578 126.18109894 482 191.66906738 126.26502991 482 184.6602478 85.99775696 482 185.30491638 90.17214966 482 185.42433167 90.26834869 482 184.53260803 90.53227997 482 192.50588989 130.41960144 482 191.77104187 126.09872437 482 159.57843018 35.72926331 482 159.6295166 35.75780106 482 159.67913818 35.78879547 482 159.72720337 35.82217407 482 159.77357483 35.85785294 482 159.81816101 35.89575195 482 184.74433899 85.8713913 482 191.82577515 126.01797485 482 185.54821777 90.35874176 482 192.62994385 130.50975037 482 184.83666992 85.74612427 482 191.91714478 125.89393616 482 185.67626953 90.44311523 482 192.75816345 130.59387207 482 184.93493652 85.62548065 482 190.95503235 123.59693909 482 192.01435852 125.77442932 482 185.80821228 90.52127838 482 185.54647827 92.92354584 482 192.89024353 130.67178345 482 192.1171875 125.65972137 482 185.03895569 85.50974274 482 185.94372559 90.5930481 482 193.02590942 130.74328613 482 192.22540283 125.55007172 482 185.14845276 85.39917755 482 186.08251953 90.65826416 482 193.16482544 130.80822754 482 192.33876038 125.44574738 482 185.26318359 85.29404449 482 186.22427368 90.71677399 482 193.3066864 130.86647034 482 192.45698547 125.34698486 482 185.38287354 85.19460297 482 186.36865234 90.76845551 482 193.45117188 130.91786194 482 192.57981873 125.25400543 482 185.50723267 85.10107422 482 186.51533508 90.81317139 482 173.92938232 46.2845726 482 179.49816895 51.00289917 482 173.90734863 46.31163788 482 199.60917664 165.05810547 482 195.96002197 171.37863159 482 196.00997925 171.40910339 482 193.59794617 130.96229553 482 173.97106934 46.22858429 482 179.53686523 50.95900726 482 173.95063782 46.25688171 482 199.6612854 165.08648682 482 196.05838013 171.44198608 482 179.57765198 50.91705322 482 174.00366211 46.17952347 482 199.71473694 165.11227417 482 196.1051178 171.47718811 482 192.70697021 125.16702271 482 186.66398621 90.85083771 482 185.63598633 85.0136795 482 193.74667358 130.99966431 482 174.03379822 46.12892151 482 179.62043762 50.87713242 482 199.76937866 165.13537598 482 196.15008545 171.51463318 482 174.06143188 46.07690048 482 179.66511536 50.83934784 482 199.82510376 165.15574646 482 196.19317627 171.55421448 482 174.08647156 46.02358627 482 179.71159363 50.80378723 482 199.8817749 165.17333984 482 196.23428345 171.59585571 482 192.83815002 125.08624268 482 186.81427002 90.88136292 482 185.76882935 84.93263245 482 193.89701843 131.02989197 482 174.1088562 45.9691124 482 179.75973511 50.77053452 482 199.9392395 165.18811035 482 196.27331543 171.63945007 482 174.12854004 45.91360092 482 179.80944824 50.73966599 482 199.99737549 165.20002747 482 196.31018066 171.68490601 482 174.14549255 45.85719299 482 179.8605957 50.71125793 482 200.05601501 165.20906067 482 196.34477234 171.73208618 482 192.97303772 125.01184845 482 186.96583557 90.90467072 482 174.15965271 45.80001831 482 179.91308594 50.68537903 482 200.11503601 165.21517944 482 196.37702942 171.78091431 482 179.9667511 50.66208649 482 174.17097473 45.74222183 482 200.17428589 165.21836853 482 196.40687561 171.83123779 482 193.11135864 124.9440155 482 187.11834717 90.92071533 482 180.02151489 50.64144135 482 174.17945862 45.68393707 482 200.23361206 165.21862793 482 196.43421936 171.88296509 482 180.07719421 50.62348938 482 174.18507385 45.62530518 482 200.29289246 165.21594238 482 196.45901489 171.93597412 482 180.13369751 50.60826874 482 174.18780518 45.5664711 482 200.35195923 165.21034241 482 196.48120117 171.9901123 482 193.2527771 124.88289642 482 186.3248291 185.89912415 482 186.29968262 185.9528656 482 186.27189636 186.0052948 482 186.24156189 186.05628967 482 187.27145386 90.92945862 482 180.19087219 50.5958252 482 174.18763733 45.50757217 482 200.41069031 165.201828 482 196.50071716 172.04527283 482 191.66906738 115.73497009 482 191.74838257 115.86621857 482 190.82015991 115.80924225 482 188.08329773 100.28771973 482 188.93684387 99.91313934 482 188.90640259 100.06716156 482 180.24859619 50.58618164 482 174.18460083 45.44874954 482 200.46891785 165.19042969 482 196.51753235 172.10133362 482 191.83387756 115.99353027 482 188.97477722 99.76078796 482 193.3969574 124.82862854 482 180.30670166 50.57936478 482 174.17866516 45.39015198 482 187.42478943 90.93087769 482 200.52650452 165.17616272 482 196.53158569 172.15812683 482 180.36508179 50.57538986 482 174.16986084 45.33191299 482 191.92533875 116.11660767 482 189.02011108 99.61047363 482 200.58332825 165.15905762 482 196.54284668 172.21554565 482 180.42358398 50.57426071 482 174.15821838 45.27417755 482 200.63922119 165.13917542 482 196.55130005 172.27345276 482 192.02259827 116.23518372 482 190.95503235 118.40306091 482 189.07273865 99.46255493 482 187.32289124 97.80419159 482 193.54356384 124.78134155 482 187.57803345 90.92497253 482 180.48207092 50.57598877 482 174.14373779 45.21708298 482 190.58483887 113.11951447 482 191.48478699 112.9125824 482 191.43374634 113.04524231 482 200.69407654 165.11654663 482 196.55693054 172.33169556 482 189.60522461 102.67516327 482 189.70611572 102.79064178 482 188.78210449 102.89571381 482 192.12539673 116.34897614 482 189.13253784 99.31738281 482 174.12649536 45.1607666 482 180.54040527 50.58056641 482 200.7477417 165.0912323 482 196.55970764 172.39013672 482 191.54165649 112.78231812 482 189.81242371 102.90117645 482 180.59844971 50.58797836 482 174.10650635 45.10536575 482 200.8000946 165.06329346 482 196.55963135 172.44865417 482 191 121 482 193.69229126 124.7411499 482 192.23350525 116.45772552 482 187.7308197 90.91175842 482 186.47694397 95.34848785 482 189.19935608 99.17530823 482 180.65606689 50.5982132 482 174.08381653 45.05101395 482 191.60423279 112.65468597 482 200.85099792 165.0328064 482 196.55670166 172.50709534 482 189.9238739 103.00650024 482 180.71310425 50.6112442 482 174.05848694 44.99783707 482 192.34669495 116.56119537 482 200.90032959 164.99984741 482 196.55093384 172.56532288 482 189.27305603 99.0366745 482 190.26724243 110.54167938 482 191.6723938 112.52996063 482 180.76945496 50.62704086 482 174.03057861 44.94596863 482 193.84275818 124.70812988 482 187.88278198 90.89126587 482 190.04023743 103.10638428 482 189.36534119 105.42671204 482 200.94798279 164.96447754 482 196.54232788 172.62319946 482 192.46470642 116.65913391 482 180.82495117 50.64556503 482 200.99382019 164.92680359 482 189.35343933 98.90180969 482 191.74601746 112.40837097 482 190.16123962 103.20059967 482 192.58724976 116.75132751 482 193.99464417 124.68237305 482 188.03361511 90.86353302 482 189.44032288 98.77104187 482 191.82495117 112.2901535 482 190.28659058 103.28892517 482 192.71405029 116.83756256 482 189.52970886 98.64955902 482 191.91845703 112.16335297 482 194.14759827 124.6639328 482 188.18293762 90.82862854 482 190.41603088 103.37116241 482 192.84483337 116.91764832 482 189.62469482 98.53240967 482 192.01808167 112.04129028 482 190.54924011 103.4471283 482 194.30125427 124.65285492 482 188.33042908 90.78662872 482 192.97927856 116.99138641 482 189.72509766 98.41985321 482 192.12356567 111.924263 482 190.6859436 103.51663971 482 188.47573853 90.73764038 482 194.45526123 124.64915466 482 193.11711121 117.05862427 482 189.83065796 98.31214142 482 192.23466492 111.81254578 482 190.82579041 103.57954407 482 193.25799561 117.11920929 482 189.94117737 98.20950317 482 192.35112 111.7064209 482 190.9684906 103.63570404 482 193.40159607 117.17298889 482 190.05638123 98.11216736 482 192.47264099 111.60614014 482 191.1137085 103.68497467 482 193.54760742 117.21984863 482 190.17604065 98.0203476 482 159.86083984 35.93577957 482 159.90151978 35.97784042 482 167.67758179 40.46841812 482 167.73475647 40.48257065 482 167.79116821 40.49951553 482 192.59893799 111.51194 482 191.2611084 103.7272644 482 193.69569397 117.25968933 482 190.29988098 97.93425751 482 192.72969055 111.42404938 482 191.41036987 103.7624588 482 193.84552002 117.29240417 482 190.4276123 97.85407257 482 192.86460876 111.34268188 482 191.56114197 103.79048157 482 193.99673462 117.3179245 482 190.55899048 97.77998352 482 193.00335693 111.26803589 482 191.71307373 103.8112793 482 194.14898682 117.3361969 482 190.69369507 97.71214294 482 193.14559937 111.20027924 482 189.86058044 107.97638702 482 191.86582947 103.82479095 482 194.30195618 117.34718323 482 190.83143616 97.65070343 482 193.29100037 111.13959503 482 192.01905823 103.83099365 482 190.97190857 97.59580994 482 194.45526123 117.35084534 482 193.43919373 111.08610535 482 192.17240906 103.82987213 482 193.58984375 111.03996277 482 192.32551575 103.82143402 482 193.74256897 111.00126648 482 192.47805786 103.80568695 482 192.62966919 103.78266907 482 193.89701843 110.97010803 482 192.29063416 178.85386658 482 192.24743652 178.89334106 482 192.20237732 178.93066406 482 192.1555481 178.96574402 482 192.10707092 178.99850464 482 167.84667969 40.519207 482 167.90115356 40.54159927 482 167.95446777 40.56663513 482 168.00648499 40.59425735 482 168.05708313 40.62440109 482 192.44268799 178.67637634 482 192.40797424 178.72348022 482 192.37098694 178.76882935 482 192.33184814 178.81233215 482 168.1061554 40.65699005 482 173.67637634 44.5573082 482 186.03646851 57.46730423 482 190.68836975 63.09265518 482 185.99710083 57.50182724 482 205.98957825 149.87017822 482 203.4934082 156.72834778 482 206.04470825 149.88874817 482 203.54789734 156.74969482 482 186.07427979 57.43109894 482 190.73408508 63.05614853 482 206.10067749 149.90461731 482 203.60127258 156.77366638 482 186.11048889 57.39328003 482 190.78153992 63.02191162 482 206.15734863 149.91775513 482 203.65341187 156.80023193 482 186.14500427 57.35391617 482 190.83061218 62.9900322 482 206.21458435 149.9281311 482 203.70419312 156.82928467 482 186.17778015 57.31308746 482 190.88116455 62.96057892 482 206.27226257 149.93572998 482 203.75350952 156.86079407 482 186.20874023 57.27086258 482 190.93310547 62.93362808 482 206.33023071 149.94052124 482 203.80122375 156.89465332 482 186.24182129 57.22101212 482 190.98629761 62.90924072 482 206.3883667 149.94248962 482 203.847229 156.93081665 482 186.27238464 57.16957092 482 191.0406189 62.88747406 482 206.4465332 149.94165039 482 203.89141846 156.96916199 482 186.30033875 57.1166687 482 191.09593201 62.86837769 482 206.5045929 149.93798828 482 203.9336853 157.0096283 482 186.32562256 57.06244278 482 191.15209961 62.852005 482 206.56240845 149.9315033 482 203.97393799 157.05210876 482 186.34817505 57.00702286 482 191.20901489 62.83839035 482 206.61982727 149.92224121 482 204.0120697 157.09649658 482 186.36793518 56.95054626 482 191.26651001 62.82756424 482 206.67674255 149.91020203 482 204.04798889 157.14268494 482 191.32447815 62.81955338 482 186.38487244 56.89315414 482 206.73300171 149.89541626 482 204.081604 157.19058228 482 186.39891052 56.83499146 482 191.38276672 62.81438065 482 206.78848267 149.87792969 482 204.112854 157.24005127 482 186.41003418 56.77620316 482 191.44122314 62.81205368 482 206.8430481 149.85775757 482 204.1416626 157.29098511 482 191.4997406 62.81257629 482 186.41821289 56.71693039 482 206.89657593 149.8349762 482 204.16793823 157.34326172 482 191.55815125 62.81595612 482 186.42341614 56.65732193 482 206.94894409 149.80963135 482 204.19165039 157.39675903 482 186.42565918 56.59753036 482 191.61633301 62.82217789 482 207 149.78178406 482 204.21270752 157.45135498 482 186.4249115 56.53770447 482 191.67414856 62.83122635 482 207.04966736 149.7514801 482 204.23109436 157.50689697 482 186.42118835 56.47798538 482 191.73144531 62.84308243 482 207.09779358 149.71881104 482 204.24674988 157.5632782 482 186.41448975 56.41852951 482 191.7881012 62.85771942 482 207.14428711 149.68385315 482 204.2596283 157.62036133 482 186.40483093 56.359478 482 191.84397888 62.87509918 482 207.18902588 149.64666748 482 204.26971436 157.67799377 482 186.39224243 56.30098343 482 191.89894104 62.89518356 482 196.34301758 173.1061554 482 207.23191833 149.6073761 482 204.27697754 157.73605347 482 186.37675476 56.24318695 482 191.95285034 62.91792297 482 207.27285767 149.56604004 482 204.28140259 157.79440308 482 186.3584137 56.18623734 482 192.00559998 62.94326019 482 207.31173706 149.52276611 482 204.2829895 157.85290527 482 192.05703735 62.97114182 482 173.7237854 44.59226608 482 195.96002197 70.62137604 482 208.36834717 140.99247742 482 196.45777893 172.90255737 482 196.43284607 172.95549011 482 196.40536499 173.00715637 482 196.37539673 173.05741882 482 173.76940918 44.62950516 482 173.81317139 44.6689415 482 173.85491943 44.71047592 482 173.89460754 44.75400925 482 173.93208313 44.79943848 482 199.60917664 76.94189453 482 196.00968933 70.59107208 482 209.63569641 133.80505371 482 208.42572021 141.00404358 482 199.66055298 76.91388702 482 196.05781555 70.55840302 482 209.69421387 133.81388855 482 208.48243713 141.01838684 482 196.10430908 70.52344513 482 199.71324158 76.88841248 482 209.75309753 133.81982422 482 208.53840637 141.03547668 482 196.14904785 70.48626709 482 199.76708984 76.86553192 482 209.81219482 133.82286072 482 208.59346008 141.05528259 482 199.82199097 76.8453064 482 196.19194031 70.44696808 482 209.87138367 133.82296753 482 208.64749146 141.07774353 482 196.23287964 70.40563202 482 199.87782288 76.82778168 482 209.93049622 133.82015991 482 208.70036316 141.10281372 482 196.27175903 70.36236572 482 199.93444824 76.81300354 482 209.9894104 133.81445312 482 208.75195312 141.13043213 482 196.3085022 70.31726074 482 199.99171448 76.80099487 482 210.04795837 133.80583191 482 208.80213928 141.16053772 482 196.34301758 70.27043915 482 200.04949951 76.79180145 482 210.10601807 133.79434204 482 208.8507843 141.19303894 482 196.37545776 70.22159576 482 200.10766602 76.78543091 482 210.16343689 133.77999878 482 208.89779663 141.22787476 482 200.16607666 76.78190613 482 196.40548706 70.1712265 482 210.22007751 133.7628479 482 208.9430542 141.26496887 482 200.22457886 76.78122711 482 196.43301392 70.11945343 482 196.53091431 172.68058777 482 196.51670837 172.73735046 482 196.49975586 172.79336548 482 196.48010254 172.84848022 482 210.27581787 133.74291992 482 208.9864502 141.30422974 482 200.28305054 76.78340149 482 196.45797729 70.06639862 482 210.33049011 133.72027588 482 209.02787781 141.34555054 482 200.34135437 76.78842926 482 196.48033142 70.01218414 482 210.38398743 133.69496155 482 209.06724548 141.38883972 482 200.39933777 76.79628754 482 196.5 69.95694733 482 210.43617249 133.66703796 482 209.10444641 141.43400574 482 200.4568634 76.80696869 482 196.51693726 69.90081024 482 210.48690796 133.63656616 482 209.1394043 141.48092651 482 200.5138092 76.82043457 482 196.53112793 69.84391785 482 210.53608704 133.6036377 482 209.17204285 141.52949524 482 196.54251099 69.78639221 482 200.57003784 76.83666992 482 210.58358765 133.56832886 482 209.20227051 141.57958984 482 196.55108643 69.72838593 482 200.62539673 76.85562134 482 210.62927246 133.53071594 482 209.23002625 141.63110352 482 196.55680847 69.67002869 482 200.67976379 76.87724304 482 210.67306519 133.49090576 482 209.25521851 141.68391418 482 196.55967712 69.61146545 482 200.73301697 76.90149689 482 210.71482849 133.44897461 482 209.27783203 141.73788452 482 200.78501892 76.92831421 482 196.55967712 69.55282593 482 210.75448608 133.40504456 482 209.29777527 141.79290771 482 196.55680847 69.49425507 482 200.83566284 76.9576416 482 210.79191589 133.35920715 482 209.31500244 141.84881592 482 196.55108643 69.43589783 482 200.8848114 76.98939514 482 210.82705688 133.31156921 482 209.32949829 141.90551758 482 196.54251099 69.37789154 482 200.93234253 77.02350616 482 210.85868835 133.26402283 482 209.34120178 141.96284485 482 200.97816467 77.05989838 482 210.88803101 133.2150116 482 173.96730042 44.84664917 482 174.00015259 44.8955307 482 180.87948608 50.66677475 482 180.93292236 50.69061279 482 180.98513794 50.71703339 482 201.19216919 164.70716858 482 201.15693665 164.75491333 482 201.11940002 164.80085754 482 201.07963562 164.84489441 482 201.03773499 164.88691711 482 205.98957825 92.12982178 482 203.54592896 85.25112915 482 203.4934082 85.27165222 482 210.4367218 117.35084534 482 210.4367218 124.64915466 482 210.49430847 117.34946442 482 210.495224 124.65058136 482 206.04504395 92.11115265 482 203.59741211 85.22816467 482 210.55174255 117.34532166 482 210.55358887 124.65486145 482 206.10133362 92.09521484 482 203.64778137 85.20279694 482 210.60891724 117.33842468 482 210.61166382 124.66197205 482 206.15835571 92.08203888 482 203.69688416 85.17510223 482 210.66569519 117.32879639 482 210.66932678 124.67191315 482 206.21594238 92.07165527 482 203.74464417 85.14512634 482 210.72195435 117.31645203 482 210.72644043 124.68465424 482 203.79093933 85.11294556 482 206.2739563 92.06408691 482 210.77754211 117.30142975 482 210.78285217 124.70015717 482 203.83566284 85.07862091 482 206.33227539 92.05936432 482 210.83235168 117.28375244 482 210.8384552 124.71839905 482 203.8787384 85.04223633 482 206.39076233 92.05748749 482 210.88626099 117.26346588 482 210.89309692 124.73932648 482 206.44926453 92.05846405 482 203.92004395 85.00386047 482 210.93911743 117.24061584 482 210.94665527 124.76289368 482 203.95951843 84.96359253 482 206.50765991 92.06229401 482 210.99082947 117.21525574 482 210.99900818 124.78903961 482 203.99703979 84.92151642 482 206.5657959 92.0689621 482 211.04125977 117.18744659 482 211.05001831 124.81771088 482 206.62353516 92.07845306 482 204.03256226 84.87772369 482 211.09030151 117.15724945 482 211.0995636 124.84883118 482 204.06596375 84.83231354 482 206.68074036 92.09075165 482 211.13783264 117.12473297 482 211.14753723 124.88233185 482 204.09906006 84.78245544 482 206.73727417 92.10582733 482 211.18374634 117.08997345 482 211.1938324 124.9181366 482 206.79301453 92.12363434 482 204.12962341 84.73101807 482 208.36834717 101.00751495 482 209.63569641 108.19495392 482 211.22795105 117.05305481 482 211.23831177 124.95614624 482 206.8478241 92.14414215 482 204.15757751 84.67811584 482 209.69354248 108.18619537 482 208.42608643 100.9958725 482 211.27032471 117.01405334 482 211.28088379 124.99628448 482 206.90156555 92.16729736 482 204.18286133 84.62389374 482 209.75175476 108.18027496 482 208.48318481 100.98139954 482 211.31077576 116.97306061 482 211.32145691 125.03844452 482 206.95410156 92.19303894 482 204.20541382 84.56847382 482 211.34921265 116.93018341 482 211.35992432 125.08254242 482 209.81019592 108.17720032 482 208.539505 100.96414948 482 207.00532532 92.22131348 482 204.22517395 84.51199341 482 211.38555908 116.88550568 482 211.39620972 125.12845612 482 181.03599548 50.74596405 482 181.08538818 50.77733994 482 181.13319397 50.81108475 482 181.17929077 50.84712219 482 181.22358704 50.88536453 482 181.26596069 50.9257164 482 207.05511475 92.25205231 482 204.24209595 84.4546051 482 209.86871338 108.17697144 482 208.59489441 100.94416046 482 211.41970825 116.83913422 482 211.43019104 125.17608643 482 207.10334778 92.28518677 482 204.25613403 84.3964386 482 209.9271698 108.17960358 482 208.64926147 100.92147064 482 211.45280457 116.78928375 482 211.46182251 125.22531128 482 204.26725769 84.33764648 482 207.1499176 92.32062531 482 211.48335266 116.73783875 482 211.49101257 125.27602386 482 204.2754364 84.27838135 482 207.19468689 92.35829926 482 209.9854126 108.18507385 482 208.7024231 100.89614105 482 211.51132202 116.68494415 482 211.5177002 125.32810211 482 204.28065491 84.21877289 482 207.23757935 92.39810181 482 210.04333496 108.19338226 482 208.75430298 100.86823273 482 211.53660583 116.63071442 482 211.54180908 125.38141632 482 204.28289795 84.15898132 482 207.2784729 92.43995667 482 211.55915833 116.57529449 482 211.56330872 125.43583679 482 207.317276 92.48374939 482 210.1007843 108.20450592 482 208.80473328 100.83781433 482 210.15762329 108.21840668 482 208.85362244 100.80496216 482 210.2137146 108.23506927 482 208.90083313 100.76974487 482 210.26893616 108.25444794 482 208.94625854 100.73225403 482 210.32313538 108.27649689 482 208.98979187 100.69258118 482 210.37619019 108.30115509 482 209.03132629 100.6508255 482 210.42799377 108.32837677 482 209.070755 100.60707092 482 210.47840881 108.35808563 482 209.10800171 100.56144714 482 210.52731323 108.39022064 482 209.14295959 100.51403809 482 210.57458496 108.42469788 482 209.17515564 100.46559143 482 210.62011719 108.46144104 482 209.20497131 100.41564178 482 210.66381836 108.50035858 482 209.23233032 100.36430359 482 210.70556641 108.54135895 482 209.25717163 100.31170654 482 210.74525452 108.58435059 482 209.2794342 100.25796509 482 210.78282166 108.62921906 482 209.29907227 100.20320129 482 210.81814575 108.6758728 482 209.31602478 100.14755249 482 210.85115051 108.72418976 482 209.33026123 100.09115601 482 210.88175964 108.77405548 482 209.3417511 100.03412628 482 201.29675293 164.52601624 482 201.27359009 164.57296753 482 201.24841309 164.61886597 482 201.22125244 164.66363525 482 186.07427979 55.73404312 482 204.17056274 158.36312866 482 186.11552429 55.77739334 482 204.24822998 158.1427002 482 204.23286438 158.19915771 482 204.21476746 158.25480652 482 204.19398499 158.30950928 482 186.15455627 55.82274628 482 186.19126892 55.86998749 482 186.22558594 55.91900253 482 186.25743103 55.96966171 482 186.28669739 56.02185059 482 186.31332397 56.07543182 482 207.34848022 149.47766113 482 204.28170776 157.91139221 482 204.27758789 157.96977234 482 204.27061462 158.02786255 482 204.26081848 158.08555603 482 186.33724976 56.13027191 482 192.10707092 63.00149918 482 192.1555481 63.03425598 482 192.20237732 63.06933975 482 207.49987793 149.22241211 482 207.47459412 149.27664185 482 207.44664001 149.32954407 482 207.41607666 149.38098145 482 207.38299561 149.43083191 482 192.24743652 63.10666275 482 192.29063416 63.14613724 482 192.33184814 63.18767166 482 192.37098694 63.23116684 482 192.40797424 63.27651978 482 192.44268799 63.32361984 482 207.55911255 149.0531311 482 207.54219055 149.11051941 482 207.52243042 149.16699219 482 196.34301758 68.89385223 482 209.3190918 142.48483276 482 196.37545776 68.94269562 482 209.3572998 142.25427246 482 209.35197449 142.31254578 482 209.34382629 142.3704834 482 209.33285522 142.42796326 482 196.40548706 68.99305725 482 196.43301392 69.04483032 482 196.45797729 69.09789276 482 196.48033142 69.15209961 482 196.5 69.20734406 482 196.51693726 69.26347351 482 209.35011292 142.02067566 482 209.35618591 142.07887268 482 209.35940552 142.13729858 482 209.35978699 142.19581604 482 196.53112793 69.32037354 482 201.02215576 77.09848022 482 201.06422424 77.13916016 482 201.10424805 77.18183899 482 201.14215088 77.22642517 482 211.01245117 132.89692688 482 210.99810791 132.95220947 482 210.9811554 133.00675964 482 210.96160889 133.0604248 482 210.93954468 133.11309814 482 210.91499329 133.16467285 482 201.17782593 77.27279663 482 201.21121216 77.32086182 482 201.24220276 77.37049103 482 201.27073669 77.42156982 482 201.29675293 77.47398376 482 211.02415466 132.84101868 482 211.039505 132.7278595 482 211.03317261 132.78462219 482 204.17056274 83.63687897 482 211.63215637 125.95374298 482 204.19448853 83.69171906 482 204.21565247 83.74768829 482 211.62205505 125.66204071 482 211.62976074 125.720047 482 211.63464355 125.77835846 482 211.63665771 125.83683777 482 211.63583374 125.8953476 482 204.23399353 83.80463409 482 204.2494812 83.86243439 482 204.2620697 83.92092896 482 204.27172852 83.97997284 482 204.27842712 84.03943634 482 211.57891846 116.51882172 482 211.58210754 125.49124908 482 211.59819031 125.54750824 482 211.61152649 125.60448456 482 204.28215027 84.09915161 482 207.35389709 92.52938843 482 207.38825989 92.57675171 482 207.42027283 92.62573242 482 207.44984436 92.67621613 482 211.63664246 116.165802 482 211.63439941 116.22559357 482 211.62918091 116.28520203 482 211.6210022 116.34447479 482 211.60987854 116.40326691 482 211.59584045 116.46142578 482 207.47692871 92.72808838 482 207.50146484 92.78121185 482 207.52336121 92.83547211 482 207.54260254 92.89073181 482 207.55911255 92.9468689 482 211.63215637 116.04625702 482 211.63589478 116.10597229 482 209.3190918 99.51516724 482 211.039505 109.27213287 482 209.33277893 99.57170105 482 209.34370422 99.62883759 482 210.97889709 108.98661804 482 210.99656677 109.04240417 482 211.01148987 109.09898376 482 211.02363586 109.15621948 482 211.0329895 109.21398163 482 209.35186768 99.68643951 482 209.35720825 99.74436188 482 209.35975647 99.80247498 482 209.35946655 99.86064911 482 209.35636902 99.91873932 482 209.35044861 99.97660828 482 210.90989685 108.82535553 482 210.93551636 108.87796783 482 210.95852661 108.9317627 322 188.47573853 90.73764038 322 203.4934082 85.27165222 322 22.65629005 142.37115479 322 20.96701622 132.78601074 322 20.97636223 132.84378052 322 22.66722488 142.42829895 322 22.64813805 142.31356812 322 20.98851395 132.90101624 322 20.9604969 132.7278595 322 22.68091393 142.48483276 322 22.64278793 142.25564575 322 21.00344086 132.95759583 322 22.64025116 142.19752502 322 21.02110863 133.01338196 322 22.64053154 142.13934326 322 21.04147339 133.0682373 322 22.64363289 142.08126831 322 21.06448936 133.12203979 322 22.64954567 142.02339172 322 21.09009933 133.17463684 322 22.65825462 141.96588135 322 21.11824417 133.22595215 322 22.66974258 141.90884399 322 21.14885521 133.27581787 322 22.68397903 141.85244751 322 21.18186188 133.3241272 322 22.70093346 141.79679871 322 21.21718407 133.37077332 322 22.72056389 141.74203491 322 21.25473976 133.41564941 322 22.74282646 141.68829346 322 21.2944355 133.45863342 322 22.76766586 141.63569641 322 21.33618164 133.49964905 322 22.79502487 141.58435059 322 21.37987709 133.53855896 322 22.82484055 141.53440857 322 21.42541695 133.57530212 322 22.85704231 141.48596191 322 21.4726944 133.60978699 322 22.89199829 141.43855286 322 21.521595 133.641922 322 22.92923927 141.39292908 322 21.57200432 133.67163086 322 22.96867561 141.34918213 322 21.62380409 133.69885254 322 23.01020813 141.30741882 322 21.67686653 133.72351074 322 23.05374146 141.26774597 322 21.73106956 133.74554443 322 20.36783791 125.95374298 322 24.44088364 149.0531311 322 24.45740128 149.10926819 322 20.36411095 125.89402771 322 24.47663689 149.16452026 322 20.36336517 125.834198 322 24.49854279 149.21878052 322 20.36560249 125.77440643 322 23.09916878 141.23025513 322 21.78628159 133.7649231 322 24.52306747 149.27191162 322 20.37081718 125.71479797 322 24.55015182 149.32377625 322 20.3789959 125.65552521 322 24.57973289 149.37426758 322 20.39011955 125.59673309 322 23.14638138 141.19503784 322 21.84237289 133.78158569 322 24.61174202 149.42324829 322 20.40416145 125.53857422 322 24.64609909 149.47061157 322 20.42108345 125.48117828 322 23.19526482 141.16218567 322 21.89920998 133.79550171 322 24.682724 149.51625061 322 20.44084358 125.42470551 322 23.24570084 141.13175964 322 21.95665932 133.80662537 322 23.29756927 141.10385132 322 22.01457977 133.81492615 322 23.35074425 141.07853699 322 22.07283783 133.82040405 322 23.40509987 141.05584717 322 22.13129234 133.82302856 322 23.46050072 141.0358429 322 22.18980598 133.82279968 322 23.51681709 141.01860046 322 22.24823952 133.81971741 322 23.57391167 141.00413513 322 22.3064518 133.813797 322 23.63164711 140.99247742 322 22.36430931 133.80505371 322 20.37794876 116.33795929 322 20.38847923 116.39551544 322 27.72827721 158.02001953 322 27.73793221 158.07907104 322 27.7505188 158.13757324 322 20.37023735 116.279953 322 20.40180397 116.45249176 322 27.7215786 157.96057129 322 27.76600456 158.19535828 322 20.36536217 116.22164154 322 20.41788864 116.50875092 322 27.71785164 157.90084839 322 27.78435135 158.25231934 322 20.36333466 116.16316223 322 20.43669701 116.56416321 322 27.71710587 157.84101868 322 24.72153091 149.56004333 322 27.80551529 158.30827332 322 20.36416054 116.1046524 322 20.4581852 116.61858368 322 20.46339607 125.36928558 322 27.71934319 157.78123474 322 24.76242447 149.60189819 322 20.36783791 116.04625702 322 27.82944298 158.36312866 322 20.4822998 116.67189789 322 20.4886837 125.31505585 322 27.72455788 157.72161865 322 24.8053112 149.64170837 322 20.50898552 116.72397614 322 20.51664162 125.26216125 322 27.73273659 157.66235352 322 24.85008812 149.67936707 322 20.53817749 116.77468872 322 20.54720306 125.21071625 322 27.74386024 157.6035614 322 24.8966465 149.71481323 322 20.56980705 116.82391357 322 20.58028984 125.16086578 322 27.75790024 157.5453949 322 24.94487762 149.74794006 322 20.60379791 116.87154388 322 20.61444473 125.11449432 322 27.77482224 157.48800659 322 24.99466705 149.77868652 322 20.64006996 116.91745758 322 20.65078354 125.06981659 322 27.79458427 157.43153381 322 25.04589653 149.80696106 322 20.67853928 116.96155548 322 20.68922615 125.02693939 322 27.81713676 157.37611389 322 25.09844208 149.83270264 322 20.71911049 117.00371552 322 20.72968102 124.98594666 322 27.84242439 157.32188416 322 25.15217972 149.85586548 322 20.76168823 117.04385376 322 20.77205658 124.94694519 322 27.87038231 157.26898193 322 25.20698357 149.87635803 322 20.80617332 117.0818634 322 20.81625366 124.91002655 322 27.90094376 157.21754456 322 25.26272202 149.8941803 322 20.85245895 117.11766815 322 20.86217117 124.87526703 322 27.93403053 157.16769409 322 25.31926155 149.90924072 322 20.90043259 117.15116882 322 20.90970421 124.84275055 322 27.96744537 157.12226868 322 25.37646866 149.92153931 322 20.9499836 117.18228912 322 20.95874214 124.81255341 322 28.00295639 157.07847595 322 25.43420601 149.93104553 322 21.00099373 117.21096039 322 21.00917244 124.78474426 322 28.04048729 157.03640747 322 25.49234009 149.93771362 322 21.053339 117.23710632 322 21.06088066 124.75938416 322 28.07995224 156.99613953 322 25.55072784 149.94152832 322 21.10689926 117.26067352 322 21.11374283 124.73653412 322 28.12126541 156.95776367 322 25.60923386 149.94250488 322 21.16154289 117.28160095 322 21.16764259 124.71624756 322 28.16433525 156.92138672 322 25.66771889 149.94062805 322 21.2171402 117.29984283 322 21.22245216 124.69857025 322 28.20906639 156.88705444 322 25.72604179 149.93591309 322 21.27356339 117.31534576 322 21.27804756 124.68354797 322 28.25535965 156.85487366 322 25.78406334 149.92834473 322 21.33067322 117.32808685 322 21.33430099 124.67120361 322 28.30311394 156.82489014 322 25.84165001 149.91796875 322 21.38833809 117.33802795 322 21.39108086 124.66157532 322 28.35222435 156.79719543 322 25.89866066 149.90478516 322 21.44641685 117.34513855 322 21.44825745 124.65467834 322 28.40258026 156.77183533 322 25.95496178 149.88883972 322 21.50477409 117.34941864 322 21.50569725 124.65053558 322 28.45407295 156.74887085 322 26.01041794 149.87017822 322 21.56327057 117.35084534 322 21.56327057 124.64915466 322 28.50658798 156.72834778 322 20.9604969 109.27213287 322 30.70324707 164.52601624 322 20.96682739 109.21537018 322 30.7292614 164.57843018 322 20.97585106 109.15897369 322 30.75780106 164.6295166 322 20.98754883 109.10307312 322 30.78879547 164.67913818 322 21.001894 109.0477829 322 30.82217216 164.72720337 322 21.01885223 108.99324799 322 30.85785294 164.77357483 322 21.03838539 108.9395752 322 30.89575195 164.81816101 322 21.06045151 108.88689423 322 30.93577957 164.86083984 322 21.08499908 108.83532715 322 30.97784042 164.90151978 322 21.11197281 108.78498077 322 31.02183342 164.94010925 322 22.6587944 100.03715515 322 21.14131165 108.73597717 322 35.45748138 172.62210083 322 31.06765556 164.97648621 322 35.46887207 172.67962646 322 22.64989281 99.97932434 322 22.67050362 100.09449005 322 21.17294884 108.68843079 322 35.44891739 172.56410217 322 31.11519623 165.01060486 322 35.48305893 172.73652649 322 22.64382172 99.92112732 322 22.68499565 100.15117645 322 21.20808029 108.64080048 322 35.44319534 172.5057373 322 31.16434288 165.0423584 322 35.50000381 172.79266357 322 22.64059448 99.86270142 322 22.70223236 100.20709991 322 21.24551582 108.59496307 322 35.44033051 172.44717407 322 31.21498108 165.07168579 322 35.51967621 172.84790039 322 22.64021873 99.80419159 322 22.72217369 100.26210785 322 21.28516769 108.55102539 322 35.44033051 172.38853455 322 31.26698685 165.09849548 322 35.54201889 172.90211487 322 22.64269638 99.74572754 322 22.74477386 100.31607819 322 21.32693672 108.50909424 322 35.44319534 172.32997131 322 31.32023811 165.12275696 322 35.56698608 172.95516968 322 22.64801979 99.68745422 322 22.76997948 100.36888885 322 21.37072372 108.46927643 322 35.44891739 172.27160645 322 31.37460899 165.14437866 322 35.59451675 173.00694275 322 22.65617752 99.6295166 322 22.79772758 100.42040253 322 21.41641998 108.43167114 322 35.45748138 172.21360779 322 31.42996979 165.16333008 322 35.62453842 173.05731201 322 22.6671524 99.57203674 322 22.82795525 100.47050476 322 21.46391487 108.39635468 322 35.46887207 172.15608215 322 31.48618698 165.17956543 322 22.68091393 99.51516724 322 35.65699005 173.1061554 322 22.86058807 100.51907349 322 21.51309204 108.36342621 322 35.48305893 172.09918213 322 31.54313087 165.19303894 322 22.89554977 100.56599426 322 21.56383324 108.33296967 322 35.50000381 172.0430603 322 31.60066223 165.20370483 322 22.93275833 100.61116028 322 21.61601639 108.30504608 322 35.51967621 171.98780823 322 31.65864563 165.21157837 322 22.9721241 100.65444946 322 21.6695118 108.27972412 322 35.54201889 171.93360901 322 31.71694374 165.21659851 322 23.01355171 100.69577026 322 21.72418976 108.25708008 322 35.56698608 171.88053894 322 31.77541733 165.21878052 322 23.0569458 100.7350235 322 21.77991867 108.2371521 322 35.59451675 171.82876587 322 31.83392715 165.21809387 322 23.10220146 100.77211761 322 21.8365612 108.22000122 322 35.62453842 171.77841187 322 31.89233398 165.21456909 322 23.14921188 100.80696106 322 21.89398003 108.20565796 322 35.65699005 171.72956848 322 31.95050049 165.20820618 322 23.19786453 100.83946991 322 21.95203781 108.19416809 322 35.69187546 171.68225098 322 32.00828552 165.19900513 322 23.24804497 100.86956787 322 22.01059151 108.1855545 322 35.72903442 171.63670349 322 32.06555557 165.18699646 322 23.29963112 100.89718628 322 22.06949806 108.17984009 322 35.76837921 171.59303284 322 32.12217331 165.17221069 322 23.35250282 100.92225647 322 22.12861443 108.17703247 322 35.80981445 171.55134583 322 32.1780014 165.1546936 322 23.40653419 100.94471741 322 22.18779755 108.17714691 322 35.85324478 171.51173401 322 32.23291016 165.13446045 322 23.46159744 100.96451569 322 22.24690437 108.18017578 322 35.89855957 171.47428894 322 32.28676605 165.11158752 322 23.51755905 100.98161316 322 22.30578804 108.18611145 322 35.94565582 171.43911743 322 32.33944321 165.08612061 322 23.57428741 100.99595642 322 22.36430931 108.19495392 322 35.9944191 171.40629578 322 32.39081573 165.05810547 322 23.63164711 101.00751495 322 36.04472351 171.37588501 322 24.44088364 92.9468689 322 39.5573082 178.67637634 322 39.59202957 178.72348022 322 24.45780563 92.88948059 322 39.62900543 178.76882935 322 24.47756767 92.83300018 322 39.66814804 178.81233215 322 24.50012016 92.77758026 322 39.70936584 178.85386658 322 24.52540588 92.72335052 322 39.75255585 178.89334106 322 24.5533638 92.67045593 322 39.79762268 178.93066406 322 24.58392525 92.61901093 322 39.8444519 178.96574402 322 24.61701202 92.56916046 322 39.89293671 178.99850464 322 24.65152359 92.52233124 322 39.94296265 179.02885437 322 24.68826294 92.47723389 322 45.59516525 185.64051819 322 40.15602112 179.12489319 322 40.10106277 179.10481262 322 27.7403717 84.37963867 322 24.8109684 92.35333252 322 24.85571098 92.31615448 322 27.73028374 84.3219986 322 24.76807976 92.39263153 322 45.58551025 185.58146667 322 40.21189499 179.14228821 322 45.60775375 185.69902039 322 40.04714966 179.08207703 322 27.75325584 84.43671417 322 24.90220451 92.28118896 322 27.72301865 84.2639389 322 24.72714615 92.43395996 322 45.57881165 185.52201843 322 40.26855087 179.15692139 322 45.62323761 185.75680542 322 39.99440384 179.05673218 322 27.76890755 84.4930954 322 24.95033646 92.2485199 322 27.7185936 84.20559692 322 45.57508469 185.46229553 322 40.32585144 179.16877747 322 45.6415863 185.81376648 322 27.78728867 84.54865265 322 24.99999428 92.21822357 322 27.71701622 84.14710236 322 45.57434082 185.40246582 322 40.38365936 179.17782593 322 45.66275024 185.86973572 322 27.80835724 84.60324097 322 25.05106354 92.19036865 322 27.71829224 84.08860016 322 45.57657623 185.34268188 322 40.44184113 179.18405151 322 45.68667603 185.92457581 322 27.83205986 84.65673828 322 25.10342216 92.16501617 322 27.72241974 84.03023529 322 45.58179092 185.2830658 322 40.5002594 179.18742371 322 45.71330643 185.97814941 322 27.85834312 84.70901489 322 25.15694618 92.1422348 322 27.72938538 83.97213745 322 45.58996964 185.22380066 322 40.55876923 179.1879425 322 45.7425766 186.03033447 322 27.88714409 84.75995636 322 25.21151352 92.12207794 322 27.7391777 83.91444397 322 45.60109329 185.16500854 322 40.61723709 179.18562317 322 45.77441025 186.08099365 322 27.91839409 84.80942535 322 25.26699257 92.10458374 322 27.75176811 83.8572998 322 45.61513519 185.10684204 322 40.67552185 179.18045044 322 45.80872726 186.13000488 322 27.95201683 84.85731506 322 25.32325554 92.08979797 322 27.7671299 83.80084229 322 45.63205719 185.04945374 322 40.73348618 179.17243958 322 27.98793602 84.90350342 322 25.38016701 92.07775879 322 45.84544754 186.17724609 322 27.78522682 83.74519348 322 45.65181732 184.99298096 322 40.79098892 179.16160583 322 28.02606392 84.94789124 322 25.43759727 92.06848907 322 45.88447571 186.22261047 322 27.80601311 83.69049835 322 45.67436981 184.93756104 322 40.84790039 179.147995 322 28.06630898 84.9903717 322 25.4954071 92.06201935 322 27.82944298 83.63687897 322 45.9257164 186.26596069 322 45.69965744 184.8833313 322 40.90407562 179.13162231 322 28.10857773 85.03083038 322 25.55346298 92.05835724 322 45.72761536 184.83042908 322 40.95938492 179.11253357 322 28.15276718 85.06918335 322 25.61162949 92.05751038 322 45.75817871 184.7789917 322 41.01370239 179.09075928 322 28.19877625 85.10533905 322 25.66976738 92.05948639 322 45.79126358 184.72914124 322 41.06689072 179.06637573 322 28.24649048 85.13921356 322 25.72774315 92.06427002 322 45.82222366 184.68692017 322 41.11882782 179.03941345 322 28.29580116 85.17071533 322 25.78541756 92.07186127 322 45.85499191 184.64608765 322 41.16938782 179.00996399 322 28.34658813 85.1997757 322 25.84265518 92.08224487 322 45.88951492 184.60671997 322 41.21845627 178.97808838 322 28.39873123 85.22632599 322 25.89932442 92.09538269 322 45.9257164 184.56889343 322 41.26590729 178.94384766 322 28.45210648 85.25030518 322 25.95528793 92.11125946 322 45.96353912 184.53269958 322 41.31163788 178.90734863 322 28.50658798 85.27165222 322 26.01041794 92.12982178 322 46.00289917 184.49816895 322 39.37032318 138.21733093 322 38.10298538 131.02989197 322 37.54474258 124.64915466 322 41.02808762 144.40419006 322 37.54474258 117.35084534 322 43.52425766 151.26235962 322 30.70324707 77.47398376 322 50.73404312 191.07427979 322 30.72640228 77.42703247 322 50.77641678 191.11463928 322 30.75158501 77.3811264 322 50.82070541 191.15287781 322 30.77874565 77.33636475 322 50.86680603 191.18891907 322 30.80783463 77.29283905 322 50.914608 191.22265625 322 30.84305763 77.24508667 322 50.96399689 191.25404358 322 30.88059998 77.19914246 322 51.01485825 191.28297424 322 30.92036629 77.15510559 322 51.06707001 191.30938721 322 30.96226311 77.11308289 322 51.12050629 191.33322144 322 31.00618362 77.07318878 322 51.17504501 191.35443115 322 42.13941956 134.02362061 322 39.98094559 138.16900635 322 40.13417053 138.17520142 322 39.82759857 138.17012024 322 39.67448044 138.17857361 322 39.52193832 138.19432068 322 38.25742722 130.99873352 322 38.41015625 130.96003723 322 38.56080246 130.91389465 322 38.70899963 130.8604126 322 38.85439682 130.79971313 322 46.23117828 157.06736755 322 41.73275757 131.45831299 322 40.25398254 129.59162903 322 40.17505264 129.70983887 322 40.32760239 129.470047 322 38.99663925 130.73196411 322 39.13538742 130.65731812 322 39.27030563 130.57594299 322 39.40106964 130.48805237 322 39.52736282 130.39385986 322 39.64888 130.2935791 322 39.76533127 130.18745422 322 39.87643433 130.07574463 322 39.98192215 129.95870972 322 40.08154297 129.83665466 322 42.63466263 136.57328796 322 41.71340561 138.71107483 322 41.83876419 138.79940796 322 41.58396912 138.62882996 322 41.45075607 138.5528717 322 41.31406403 138.48336792 322 41.17420959 138.42045593 322 41.0315094 138.36430359 322 40.8862915 138.3150177 322 40.73888397 138.2727356 322 40.58962631 138.23754883 322 40.43885803 138.20951843 322 40.28692245 138.1887207 322 41.95976257 138.89361572 322 41.41516113 128.88047791 322 40.39577103 129.3453064 322 40.45834732 129.21768188 322 40.51521301 129.0874176 322 40.56625366 128.95475769 322 43.21789551 139.10427856 322 42.29388046 139.20935059 322 42.39477921 139.3248291 322 42.18758011 139.09883118 322 42.07612228 138.99349976 322 41.1798439 126.19075775 322 40.25162125 126.13378143 322 40.33093262 126.26502991 322 40.16613007 126.00646973 322 40.07465363 125.88339233 322 39.97740555 125.76481628 322 43.91670609 141.71228027 322 42.97989273 142.38952637 322 42.92726517 142.53744507 322 43.02522659 142.23921204 322 43.06315613 142.08686829 322 43.09358978 141.93283081 322 41.04497528 123.59693909 322 39.87460709 125.65102386 322 39.76648712 125.54227448 322 39.65330124 125.43880463 322 39.53530121 125.34086609 322 39.41275787 125.24867249 322 39.28594971 125.16243744 322 39.15517044 125.08235168 322 39.02071381 125.00861359 322 38.88288879 124.94137573 322 38.74201202 124.88079071 322 38.59840012 124.82701111 322 38.45238495 124.78015137 322 38.3042984 124.74031067 322 44.67710876 144.19580078 322 42.64656448 143.09819031 322 42.55968094 143.22895813 322 42.72694778 142.96331787 322 42.80064011 142.82469177 322 42.86746597 142.68261719 322 41.82396317 143.97964478 322 41.70012665 144.06573486 322 41.94361877 143.88783264 322 42.05882645 143.79049683 322 42.16933823 143.68786621 322 42.27490997 143.58013916 322 42.37530136 143.46759033 322 42.47029495 143.35044861 322 41 121 322 38.15447998 124.70759583 322 38.00326538 124.6820755 322 37.85100937 124.6638031 322 37.69805145 124.65281677 322 37.69875336 117.34714508 322 37.85240936 117.3360672 322 38.00535583 117.31762695 322 38.15724182 117.29187012 322 38.30771637 117.2588501 322 45.52305222 146.65150452 322 41.16856384 144.34928894 322 41.30630875 144.28785706 322 41.44101334 144.22001648 322 41.57238007 144.1459198 322 44.11721039 151.10873413 322 44.26918411 151.08824158 322 43.9663887 151.13647461 322 43.81706238 151.17137146 322 43.66957474 151.21336365 322 41.04497528 118.40306091 322 38.45643234 117.21865845 322 38.60305023 117.17137146 322 38.74723053 117.11710358 322 38.88864136 117.0559845 322 39.02695465 116.98815155 322 39.1618576 116.91375732 322 39.2930336 116.83297729 322 39.42018509 116.74599457 322 39.54301453 116.65301514 322 39.66124344 116.55425262 322 39.77459717 116.44992828 322 39.8828125 116.34027863 322 39.98564529 116.22557068 322 46.45352173 149.07644653 322 46.05627441 151.4069519 322 46.19179153 151.47872925 322 45.91748047 151.34173584 322 45.77573013 151.28321838 322 45.63135147 151.23155212 322 45.48466492 151.18682861 322 45.33600998 151.14915466 322 45.18572998 151.11863708 322 45.03416061 151.09532166 322 44.88164902 151.07928467 322 44.72854614 151.07054138 322 44.57520294 151.06912231 322 44.42196655 151.07502747 322 41.1798439 115.80924225 322 40.22895432 115.90127563 322 40.17422104 115.98202515 322 40.28120804 115.81890106 322 40.33093262 115.73497009 322 40.08285522 116.10606384 322 47.46739197 151.4677124 322 46.57566452 151.73164368 322 46.69508362 151.82785034 322 46.45178604 151.64125061 322 46.32373047 151.55688477 322 39.37032318 103.78266907 322 38.10298538 110.97010803 322 49.88033295 163.38789368 322 41.41516113 113.11951447 322 40.51093674 112.90222168 322 40.56625366 113.04524231 322 40.44885254 112.76200104 322 40.3801384 112.62490082 322 40.30495834 112.49124146 322 48.60846329 153.91474915 322 47.80567551 154.72888184 322 47.78125381 154.87869263 322 47.82299042 154.57809448 322 47.83315659 154.42663574 322 47.83615112 154.27488708 322 41.73275757 110.54167938 322 40.22348022 112.36132812 322 40.13589096 112.23545837 322 40.04238892 112.11390686 322 39.94318771 111.9969635 322 39.83851624 111.8848877 322 39.72861099 111.77794647 322 39.61372375 111.67636871 322 39.49411392 111.58039856 322 39.37005997 111.49024963 322 39.24184036 111.40612793 322 39.10975266 111.32822418 322 38.97409058 111.2567215 322 38.83517075 111.19177246 322 49.78857422 156.22850037 322 46.96104431 156.49026489 322 46.85154724 156.60083008 322 47.06505585 156.37452698 322 47.16333771 156.25387573 322 47.25565338 156.12860107 322 47.3397522 156.00224304 322 47.41778183 155.87205505 322 47.48957062 155.73831177 322 47.55495834 155.60133362 322 47.61379242 155.46141052 322 47.66595078 155.31886292 322 47.71131134 155.17401123 322 47.74977493 155.0271759 322 42.13941956 107.97638702 322 38.69330978 111.13353729 322 38.54882812 111.08214569 322 38.40205383 111.03770447 322 38.25332642 111.00033569 322 39.52193832 103.80568695 322 39.67448044 103.82143402 322 39.82759857 103.82987213 322 39.98094559 103.83099365 322 40.13417053 103.82479095 322 51.0480957 158.5 322 46.73682022 156.70594788 322 50.43759537 163.13363647 322 50.58369827 163.08706665 322 46.36401367 156.98631287 322 50.29388046 163.18713379 322 46.49276733 156.89892578 322 50.15288544 163.24743652 322 50.01493073 163.31440735 322 46.61713409 156.80540466 322 57.83013916 196.66809082 322 51.6349144 191.42460632 322 51.5764122 191.42573547 322 35.45714951 69.78445435 322 31.36077499 76.86083221 322 31.41667747 76.84094238 322 35.46841812 69.84187317 322 31.47349548 76.82384491 322 57.82133865 196.60984802 322 51.69329453 191.42063904 322 57.84178925 196.72581482 322 51.51792526 191.42401123 322 35.44869232 69.72655487 322 31.30592346 76.883461 322 35.48247147 69.89867401 322 31.53108788 76.80957031 322 57.8154068 196.55125427 322 51.75141144 191.41381836 322 57.85625458 196.78291321 322 51.4595871 191.41943359 322 35.44306946 69.66831207 322 31.25225639 76.9087677 322 35.49927521 69.95471954 322 31.58931732 76.79816437 322 57.81235504 196.49243164 322 51.80912399 191.4041748 322 57.87350845 196.8392334 322 51.40154648 191.41201782 322 35.44029236 69.60986328 322 31.1999073 76.93669891 322 35.51879501 70.0098877 322 31.64803886 76.78964996 322 57.81219482 196.43353271 322 51.86629868 191.39172363 322 57.89350128 196.89463806 322 51.34393311 191.40177917 322 35.44036865 69.55134583 322 31.14900398 76.96718597 322 35.54097748 70.06403351 322 31.70710754 76.78404999 322 57.81492615 196.37469482 322 51.92279816 191.37651062 322 57.91618729 196.94898987 322 51.28688812 191.38874817 322 35.44329453 69.49290466 322 31.0996685 77.00015259 322 35.56577682 70.11702728 322 31.76638412 76.7813797 322 57.82053757 196.31607056 322 51.97849274 191.35856628 322 57.94151688 197.00216675 322 51.23054886 191.37295532 322 35.44906616 69.43467712 322 31.05202293 77.03551483 322 35.5931282 70.16875458 322 31.82571793 76.7816391 322 57.82902145 196.25778198 322 52.03324127 191.33790588 322 57.96942139 197.05403137 322 35.45767212 69.37680054 322 35.62296677 70.21909332 322 31.8849678 76.78482819 322 57.84035492 196.19998169 322 52.08692169 191.31462097 322 57.99983978 197.10446167 322 35.46908569 69.31941223 322 35.65522766 70.26791382 322 31.94398689 76.79094696 322 57.85451126 196.14280701 322 52.13940048 191.28874207 322 58.03269577 197.15335083 322 35.48328781 69.26264191 322 35.68982697 70.31510162 322 32.00263214 76.79997253 322 57.87145233 196.08639526 322 52.19055557 191.2603302 322 58.06790924 197.20056152 322 35.50023651 69.20664215 322 35.72668457 70.3605423 322 32.06075668 76.81188202 322 57.8911438 196.03088379 322 52.24026489 191.22946167 322 58.10540009 197.24598694 322 35.51989746 69.1515274 322 35.76571655 70.40413666 322 32.1182251 76.82666016 322 57.91353607 195.97640991 322 52.288414 191.19621277 322 58.14507294 197.28952026 322 35.54222107 69.097435 322 35.80682373 70.44577789 322 32.17488861 76.84425354 322 57.93857193 195.9230957 322 52.33488083 191.16064453 322 58.18683243 197.33105469 322 35.56715393 69.04450226 322 35.84991455 70.48536682 322 32.23061752 76.86462402 322 57.96619797 195.87107849 322 52.37955856 191.12286377 322 58.23058319 197.37049866 322 35.59463501 68.99284363 322 35.89488602 70.52280426 322 32.28527069 76.88773346 322 57.99633789 195.82048035 322 52.42234421 191.08294678 322 58.2762146 197.4077301 322 35.62460709 68.94258881 322 35.94162369 70.55800629 322 32.3387146 76.91350555 322 35.65699005 68.89385223 322 58.02892685 195.77142334 322 52.46313095 191.04100037 322 58.32361984 197.44268799 322 58.04936218 195.74311829 322 35.99002457 70.59088898 322 32.39081573 76.94189453 322 58.07061005 195.71542358 322 52.50182724 190.99710083 322 36.0399704 70.62137604 322 58.09265518 195.68836975 322 41.02808762 97.59580994 322 42.63466263 105.42671204 322 40.28692245 103.8112793 322 40.43885803 103.79048157 322 40.58962631 103.7624588 322 40.73888397 103.7272644 322 40.8862915 103.68497467 322 41.0315094 103.63570404 322 41.17420959 103.57954407 322 41.31406403 103.51663971 322 41.45075607 103.4471283 322 41.58396912 103.37116241 322 41.71340561 103.28892517 322 41.83876419 103.20059967 322 41.95976257 103.10638428 322 52.38551331 160.72653198 322 52.39896774 163.09059143 322 52.54488754 163.13774109 322 52.25095749 163.05047607 322 52.10120392 163.01747131 322 51.95004272 162.99165344 322 51.79782104 162.9730835 322 51.64488602 162.96179199 322 51.49158859 162.95783997 322 51.33827591 162.9611969 322 51.18529892 162.97187805 322 51.03300476 162.98985291 322 50.88174438 163.01509094 322 50.73186111 163.04751587 322 43.21789551 102.89571381 322 42.07612228 103.00650024 322 42.18758011 102.90117645 322 42.29388046 102.79064178 322 42.39477921 102.67516327 322 53.79922104 162.90541077 322 52.96684647 163.32015991 322 53.10114288 163.39419556 322 52.82915115 163.25265503 322 52.68839264 163.19180298 322 43.91670609 100.28771973 322 43.06394958 99.91670227 322 43.09358978 100.06716156 322 43.02715683 99.7678299 322 42.98329544 99.62088776 322 42.9324646 99.47620392 322 55.3478775 165.11711121 322 54.67409134 165.76235962 322 54.69059753 165.91983032 322 54.64983749 165.605896 322 54.69931793 166.07794189 322 54.70023346 166.23626709 322 44.67710876 97.80419159 322 42.87478638 99.33411407 322 42.81038284 99.19494629 322 42.73940659 99.05900574 322 42.66202164 98.92661285 322 42.57840347 98.79806519 322 42.4887352 98.67366028 322 42.39323425 98.55368042 322 42.29210663 98.43839264 322 42.18559265 98.32807159 322 42.07392883 98.22296143 322 41.95737457 98.12330627 322 41.83619308 98.02933502 322 41.71065903 97.94125366 322 56.91183853 167.1907959 322 54.20787811 167.88491821 322 54.12028503 168.01683044 322 54.28885651 167.74887085 322 54.36303329 167.60897827 322 54.43021774 167.46559143 322 54.49024963 167.31907654 322 54.54298401 167.16978455 322 54.58829498 167.01806641 322 54.62606812 166.86430359 322 54.65621185 166.70884705 322 54.67865372 166.55210876 322 54.6933403 166.39445496 322 43.52425766 90.73764038 322 58.24541855 174.22547913 322 53.55415344 168.63465881 322 39.5573082 63.32361984 322 63.89385223 201.34301758 322 39.59202957 63.27651978 322 63.94291306 201.37559509 322 39.62900543 63.23116684 322 63.99351501 201.40574646 322 39.66814804 63.18767166 322 64.04553223 201.43336487 322 39.70936584 63.14613724 322 64.09884644 201.45840454 322 39.75255585 63.10666275 322 64.15332794 201.48078918 322 39.79762268 63.06933975 322 64.20883179 201.50048828 322 45.52305222 95.34848785 322 41.58106613 97.85926819 322 41.4477005 97.78356171 322 41.31087494 97.71431732 322 41.17089844 97.65167999 322 43.66957474 90.78662872 322 43.81706238 90.82862854 322 43.9663887 90.86353302 322 44.11721039 90.89126587 322 44.26918411 90.91175842 322 58.54666519 169.20907593 322 53.65945053 168.54231262 322 53.76062012 168.44546509 322 53.85746765 168.34429932 322 53.94981003 168.23899841 322 54.03747177 168.129776 322 58.75006866 173.87832642 322 58.88586807 173.80708313 322 58.61782455 173.95596313 322 58.48944473 174.0398407 322 58.36521149 174.12974548 322 39.8444519 63.03425598 322 64.26524353 201.51742554 322 39.89293671 63.00149918 322 64.32241821 201.53158569 322 39.94296265 62.97114182 322 64.38021088 201.54292297 322 46.45352173 92.92354584 322 44.42196655 90.92497253 322 44.57520294 90.93087769 322 44.72854614 90.92945862 322 44.88164902 90.92071533 322 45.03416061 90.90467072 322 45.18572998 90.88136292 322 45.33600998 90.85083771 322 45.48466492 90.81317139 322 45.63135147 90.76845551 322 45.77573013 90.71677399 322 45.91748047 90.65826416 322 60.25039673 171.16952515 322 60.36824417 173.47503662 322 60.52145767 173.48153687 322 60.21489716 173.4758606 322 60.06176376 173.48400879 322 59.90919113 173.49945068 322 59.75753403 173.52217102 322 59.60713196 173.55210876 322 59.45833206 173.58918762 322 59.31147385 173.6333313 322 59.16688919 173.68444824 322 59.02491379 173.74240112 322 46.05627441 90.5930481 322 60.67418671 173.49534607 322 46.19179153 90.52127838 322 60.82608032 173.51644897 322 62.77451706 178.75457764 322 47.46739197 90.53227997 322 46.32373047 90.44311523 322 46.45178604 90.35874176 322 46.57566452 90.26834869 322 46.69508362 90.17214966 322 62.02098846 173.06982422 322 61.27330399 173.62281799 322 61.41842651 173.67237854 322 61.12598038 173.58024597 322 60.9767952 173.54476929 322 48.60846329 88.08525085 322 47.8327713 87.56472778 322 47.83615112 87.72511292 322 47.82138062 87.40470886 322 47.80200958 87.24546051 322 47.77470398 87.08737946 322 63.93017578 174.97900391 322 63.45606232 176.02711487 322 63.48440933 176.1791687 322 63.42042542 175.87658691 322 63.37757492 175.72796631 322 63.32761765 175.58157349 322 49.78857422 85.77149963 322 47.7395401 86.93086243 322 47.69659805 86.77629089 322 47.64598465 86.62406158 322 47.5878334 86.47455597 322 47.52228165 86.32813263 322 47.44949722 86.18517303 322 47.36966324 86.04602814 322 47.28297806 85.91104126 322 47.1896553 85.78056335 322 47.08993149 85.6548996 322 46.98405075 85.53438568 322 46.87228394 85.41930389 322 65.83046722 176.74960327 322 63.24901581 177.99456787 322 63.18282318 178.1343689 322 63.30839539 177.85173035 322 63.36082458 177.70620728 322 63.40618515 177.55833435 322 63.44436646 177.40843201 322 63.47528458 177.25688171 322 63.49886703 177.10400391 322 63.5150528 176.95018005 322 63.52381134 176.79574585 322 63.5251236 176.6410675 322 63.51897812 176.48651123 322 63.5053978 176.33242798 322 45.59370804 56.79782104 322 40.5002594 62.81257629 322 40.55876923 62.81205368 322 71.79628754 205.39933777 322 65.01706696 201.47843933 322 64.96166992 201.49842834 322 71.80696869 205.4568634 322 64.90534973 201.51568604 322 45.5845108 56.73920441 322 40.44184113 62.81595612 322 45.605793 56.85591507 322 40.61723709 62.81438065 322 71.78842926 205.34135437 322 65.07142639 201.45574951 322 71.82043457 205.5138092 322 64.84825897 201.53015137 322 45.57822418 56.68020248 322 40.38365936 62.82217789 322 45.62073135 56.91333771 322 40.67552185 62.81955338 322 71.78340149 205.28305054 322 65.12459564 201.43041992 322 71.83666992 205.57003784 322 64.79051971 201.54179382 322 45.57485962 56.62096405 322 40.32585144 62.83122635 322 45.63849258 56.96995163 322 40.73348618 62.82756424 322 71.78122711 205.22457886 322 65.1764679 201.4025116 322 71.85562134 205.62539673 322 64.73228455 201.55059814 322 45.57442856 56.56163025 322 40.26855087 62.84308243 322 45.65903091 57.02561951 322 40.79098892 62.83839035 322 71.78190613 205.16607666 322 65.22690582 201.37210083 322 71.87724304 205.67976379 322 64.67368317 201.55653381 322 45.576931 56.50234604 322 40.21189499 62.85771942 322 45.68229294 57.08020401 322 40.84790039 62.852005 322 71.78543091 205.10766602 322 65.27578735 201.33924866 322 71.90149689 205.73301697 322 64.61486816 201.55958557 322 45.58235931 56.44326019 322 40.15602112 62.87509918 322 45.70822525 57.13357162 322 40.90407562 62.86837769 322 71.79180145 205.04949951 322 65.32299805 201.30403137 322 71.92831421 205.78501892 322 64.55596924 201.55973816 322 45.59070206 56.38451385 322 40.10106277 62.89518356 322 45.73676682 57.18559265 322 40.95938492 62.88747406 322 71.80099487 204.99171448 322 65.36842346 201.26654053 322 71.9576416 205.83566284 322 64.49713135 201.55700684 322 45.60194016 56.32625198 322 40.04714966 62.91792297 322 45.76784134 57.23613739 322 41.01370239 62.90924072 322 71.81300354 204.93444824 322 65.41195679 201.22686768 322 71.98939514 205.8848114 322 64.43849945 201.55140686 322 45.61604309 56.26861954 322 39.99440384 62.94326019 322 45.80137634 57.28508759 322 41.06689072 62.93362808 322 71.82778168 204.87782288 322 65.45349121 201.18510437 322 72.02350616 205.93234253 322 45.63297653 56.21175003 322 45.83729172 57.33231735 322 41.11882782 62.96057892 322 71.8453064 204.82199097 322 65.49292755 201.14135742 322 72.05989838 205.97816467 322 45.65270233 56.15579224 322 45.87549973 57.37771606 322 41.16938782 62.9900322 322 71.86553192 204.76708984 322 65.53016663 201.09571838 322 72.09848022 206.02215576 322 45.6751709 56.10087585 322 45.91590118 57.42116928 322 41.21845627 63.02191162 322 71.88841248 204.71324158 322 65.56512451 201.04832458 322 72.13916016 206.06422424 322 45.70032501 56.0471344 322 45.95840454 57.46257401 322 41.26590729 63.05614853 322 71.91388702 204.66055298 322 65.58473206 201.0194397 322 65.60348511 200.99000549 322 72.18183899 206.10424805 322 45.72810364 55.9947052 322 46.00289917 57.50182724 322 41.31163788 63.09265518 322 71.94189453 204.60917664 322 65.62137604 200.96002197 322 72.22642517 206.14215088 322 45.75844193 55.94371033 322 72.27279663 206.17782593 322 45.79126358 55.89427948 322 72.32086182 206.21121216 322 45.82222366 55.85205841 322 72.37049103 206.24220276 322 45.85499191 55.81122589 322 49.88033295 78.61210632 322 46.23535919 84.93505096 322 68.36534882 183.44584656 322 72.42156982 206.27073669 322 45.88951492 55.77186584 322 45.9257164 55.73404312 322 72.47398376 206.29675293 322 51.0480957 83.5 322 50.01493073 78.68559265 322 50.15288544 78.75256348 322 46.75490952 85.30995178 322 46.63221359 85.20659637 322 46.50450897 85.1095047 322 46.37211609 85.01891327 322 67.7909317 178.45333862 322 68.46669769 183.33076477 322 68.57343292 183.22064209 322 63.03063583 178.40361023 322 62.94499207 178.53240967 322 63.10997391 178.27082825 322 62.83348846 178.68218994 322 62.89033127 178.60810852 322 50.29388428 78.81286621 322 68.6852951 183.11575317 322 50.43759918 78.86636353 322 68.80204773 183.0163269 322 50.5837059 78.91294098 322 68.92341614 182.92259216 322 52.38551331 81.27347565 322 50.73186874 78.95249176 322 50.88175583 78.98490906 322 51.0330162 79.01013947 322 51.18531036 79.02811432 322 51.33828735 79.03879547 322 51.49160385 79.04216003 322 51.64490128 79.03820038 322 51.79784012 79.02692413 322 51.9500618 79.00834656 322 69.8092041 180.08816528 322 70.02534485 182.40022278 322 70.17473602 182.36561584 322 69.87776947 182.44194031 322 69.73236084 182.49064636 322 69.58943939 182.54623413 322 69.44934082 182.6085968 322 69.31238556 182.67758179 322 69.17887115 182.75302124 322 69.04911804 182.83474731 322 52.10122299 78.98252869 322 70.32561493 182.33818054 322 52.25098038 78.94952393 322 70.47762299 182.31797791 322 52.39898682 78.90939331 322 70.63043213 182.30505371 322 52.54491043 78.86225128 322 70.78368378 182.29945374 322 53.79922104 79.09458923 322 52.68841553 78.80818939 322 52.82917786 78.74732971 322 52.96686935 78.67982483 322 53.10118103 78.6058197 322 71.88288116 181.65211487 322 71.24258423 182.32655334 322 71.394104 182.35015869 322 71.09010315 182.31021118 322 70.93701935 182.30117798 322 53.55415344 73.36534882 322 50.73404312 50.9257164 322 78.63687897 209.17056274 322 55.3478775 76.88288116 322 54.67344284 76.24258423 322 54.64983749 76.394104 322 54.689785 76.09010315 322 54.69882965 75.93701935 322 54.70055008 75.78368378 322 74.09458923 183.20077515 322 73.80818939 184.31158447 322 73.86225128 184.45509338 322 73.74732971 184.17082214 322 73.67982483 184.03312683 322 73.6058197 183.89881897 322 50.77641678 50.88536453 322 78.69171906 209.19448853 322 50.82070541 50.84712219 322 78.74768829 209.21565247 322 50.86680603 50.81108475 322 78.80463409 209.23399353 322 50.914608 50.77733994 322 78.86243439 209.2494812 322 50.96399689 50.74596405 322 78.92092896 209.2620697 322 51.01485825 50.71703339 322 78.97997284 209.27172852 322 51.06707001 50.69061279 322 79.03943634 209.27842712 322 51.12050629 50.66677475 322 79.09915161 209.28215027 322 51.17504501 50.64556503 322 79.15898132 209.28289795 322 56.91183853 74.8092041 322 54.66182327 75.32561493 322 54.68202591 75.47762299 322 54.63438797 75.17473602 322 54.59977341 75.02534485 322 54.55806732 74.87776947 322 54.50935745 74.73236084 322 54.45376205 74.58943939 322 54.3914032 74.44934082 322 54.32242203 74.31238556 322 54.24697876 74.17887115 322 54.16524887 74.04911804 322 54.07741165 73.92341614 322 54.69494247 75.63043213 322 76.27347565 184.61448669 322 73.95249176 186.26812744 322 73.91294098 186.41629028 322 73.98490906 186.11824036 322 74.01013947 185.96697998 322 74.02811432 185.81469727 322 74.03879547 185.66171265 322 74.04216003 185.50839233 322 74.03820038 185.35510254 322 74.02692413 185.2021637 322 74.00834656 185.04994202 322 73.98252869 184.89877319 322 73.94952393 184.74902344 322 73.90939331 184.60101318 322 58.54666519 72.7909317 322 53.9836731 73.80204773 322 53.88424301 73.6852951 322 53.7793541 73.57343292 322 53.66923904 73.46669769 322 78.5 185.9519043 322 73.68559265 186.98506165 322 73.61210632 187.11967468 322 73.75256348 186.84710693 322 73.81286621 186.70611572 322 73.86636353 186.56240845 322 79.93263245 190.76882935 322 58.2491188 67.77762604 322 79.98049164 190.68864441 322 58.37470245 67.87744904 322 80.03066254 190.6098938 322 80.08309937 190.53263855 322 58.50511169 67.97087097 322 80.17484283 190.40811157 322 58.64002609 68.05767059 322 80.27248383 190.28814697 322 58.77910614 68.13761139 322 80.37579346 190.17301941 322 58.92200851 68.21051025 322 60.25039673 70.83046722 322 59.06837463 68.27617645 322 59.21783829 68.33444977 322 59.37002945 68.38518524 322 59.52456284 68.42825317 322 59.68105316 68.46353912 322 80.77149963 187.21142578 322 80.9684906 189.67895508 322 81.10033417 189.59806824 322 80.84069824 189.76611328 322 80.71724701 189.85931396 322 80.59843445 189.95835876 322 80.48452759 190.06300354 322 59.83911514 68.49097443 322 81.23592377 189.52363586 322 59.99834442 68.51046753 322 81.37494659 189.45579529 322 60.15835571 68.52198792 322 81.51706696 189.39476013 322 60.31873703 68.52549744 322 81.66196442 189.34062195 322 60.47909546 68.52099609 322 81.80930328 189.29353333 322 60.63903046 68.50847626 322 81.95874023 189.25358582 322 60.79813766 68.48799133 322 82.10993195 189.22090149 322 57.82817459 45.73720169 322 51.97849274 50.64144135 322 52.03324127 50.66208649 322 87.07845306 211.62353516 322 79.92676544 208.99255371 322 79.88045502 209.03044128 322 87.0689621 211.5657959 322 79.97113037 208.95240784 322 57.83910751 45.79433823 322 52.08692169 50.68537903 322 57.82002258 45.67960358 322 51.92279816 50.62348938 322 87.09075165 211.68074036 322 79.83231354 209.06596375 322 87.06229401 211.50765991 322 80.01344299 208.91009521 322 57.85279846 45.85087585 322 52.13940048 50.71125793 322 57.81467438 45.6216774 322 51.86629868 50.60826874 322 87.10582733 211.73727417 322 79.78245544 209.09906006 322 87.05846405 211.44926453 322 80.05358887 208.86573792 322 57.8692131 45.90668106 322 52.19055557 50.73966599 322 57.81213379 45.56356049 322 51.80912399 50.5958252 322 87.12363434 211.79301453 322 79.73101807 209.12962341 322 87.05748749 211.39076233 322 80.09147644 208.81942749 322 57.88830948 45.96163177 322 52.24026489 50.77053452 322 57.81241608 45.50539017 322 51.75141144 50.58618164 322 87.14414215 211.8478241 322 79.67811584 209.15757751 322 87.05936432 211.33227539 322 80.12700653 208.77128601 322 57.91004944 46.01558685 322 52.288414 50.80378723 322 57.81551743 45.44729996 322 51.69329453 50.57936478 322 87.16729736 211.90156555 322 79.62389374 209.18286133 322 87.06408691 211.2739563 322 80.15608978 208.72775269 322 57.93437958 46.06842804 322 52.33488083 50.83934784 322 57.82143021 45.389431 322 51.6349144 50.57538986 322 87.19303894 211.95410156 322 79.56847382 209.20541382 322 87.07165527 211.21594238 322 80.18325043 208.6829834 322 57.96123886 46.12002563 322 52.37955856 50.87713242 322 57.83013916 45.33191299 322 51.5764122 50.57426071 322 87.22131348 212.00532532 322 79.51199341 209.22517395 322 87.08203888 211.15835571 322 80.20843506 208.63708496 322 57.99057007 46.1702652 322 52.42234421 50.91705322 322 57.84162903 45.27488708 322 51.51792526 50.57598877 322 87.25205231 212.05511475 322 79.4546051 209.24209595 322 62.02098846 68.93017578 322 60.95602417 68.45957947 322 61.11229324 68.42331696 322 61.26655579 68.37929535 322 61.41842651 68.32761383 322 83.08525085 188.39154053 322 82.57046509 189.16697693 322 82.72511292 189.16384888 322 82.41614532 189.17753601 322 82.26251221 189.19552612 322 87.09521484 211.10133362 322 80.23159027 208.59013367 322 58.02230072 46.21902084 322 52.46313095 50.95900726 322 57.85586548 45.21848297 322 51.4595871 50.58056641 322 87.28518677 212.10334778 322 79.3964386 209.25613403 322 87.11115265 211.04504395 322 80.25267792 208.54220581 322 58.05635452 46.26618195 322 52.50182724 51.00289917 322 57.87281799 45.16283798 322 51.40154648 50.58797836 322 87.32062531 212.1499176 322 79.33764648 209.26725769 322 58.09265518 46.31163788 322 87.12982178 210.98957825 322 80.27165222 208.4934082 322 57.89244843 45.108078 322 51.34393311 50.5982132 322 87.35829926 212.19468689 322 79.27838135 209.2754364 322 57.914711 45.05433273 322 51.28688812 50.6112442 322 87.39810181 212.23757935 322 79.21877289 209.28065491 322 57.93955231 45.00173187 322 51.23054886 50.62704086 322 87.43995667 212.2784729 322 57.96691132 44.95039749 322 87.48374939 212.317276 322 57.99672699 44.90044785 322 87.52938843 212.35389709 322 58.02892685 44.85200119 322 87.57675171 212.38825989 322 58.06445694 44.80385971 322 87.62573242 212.42027283 322 58.10234451 44.75754547 322 87.67621613 212.44984436 322 58.14249039 44.71318054 322 87.72808838 212.47692871 322 58.18479919 44.67087173 322 87.78121185 212.50146484 322 58.22916412 44.63072586 322 87.83547211 212.52336121 322 58.27547455 44.59283829 322 87.89073181 212.54260254 322 58.32361984 44.5573082 322 87.9468689 212.55911255 322 62.77451706 63.24541855 322 85.73764038 193.47573853 322 63.93017578 67.02098846 322 63.37717438 66.2733078 322 63.32761765 66.41842651 322 63.4197464 66.12598419 322 63.45523453 65.97679138 322 63.48355484 65.82608032 322 85.53227997 189.53260803 322 85.44311523 190.67626953 322 85.52127838 190.80821228 322 85.35874176 190.54821777 322 85.26834869 190.42433167 322 85.17214966 190.30491638 322 65.83046722 65.25039673 322 63.5046463 65.67418671 322 63.51845932 65.52146149 322 63.52496338 65.36824799 322 63.52414322 65.21489716 322 63.51599884 65.06175995 322 63.50054932 64.90919495 322 63.47782898 64.75753021 322 63.44789505 64.60713196 322 63.41081238 64.45832825 322 63.36666489 64.31147003 322 63.31555176 64.16689301 322 63.25759125 64.02490997 322 63.19292068 63.88586807 322 87.92354584 190.54647827 322 85.92497253 192.57803345 322 85.91175842 192.7308197 322 85.93087769 192.42478943 322 85.92945862 192.27145386 322 85.92071533 192.11834717 322 85.90467072 191.96583557 322 85.88136292 191.81427002 322 85.85083771 191.66398621 322 85.81317139 191.51533508 322 85.76845551 191.36865234 322 85.71677399 191.22427368 322 85.65826416 191.08251953 322 85.5930481 190.94372559 322 67.7909317 63.54666519 322 63.1216774 63.75006866 322 63.04403305 63.61782455 322 62.96016312 63.48944473 322 62.87025452 63.36521149 322 90.34848785 191.47694397 322 85.78662872 193.33042908 322 85.82862854 193.18293762 322 85.86353302 193.03361511 322 85.89126587 192.88278198 322 63.89385223 40.65699005 322 94.51516724 214.3190918 322 63.94258881 40.62460709 322 94.57215881 214.33287048 322 63.99284363 40.59463501 322 94.62975311 214.34385681 322 64.04450226 40.56715393 322 94.68782043 214.35202026 322 64.097435 40.54222107 322 94.74621582 214.35733032 322 64.1515274 40.51989746 322 94.80480194 214.35978699 322 64.20664215 40.50023651 322 94.86344147 214.35939026 322 64.26264191 40.48328781 322 94.92198944 214.35610962 322 64.31941223 40.46908569 322 94.9803009 214.34997559 322 64.37680054 40.45767212 322 95.03824615 214.34100342 322 68.36534882 58.55415344 322 92.59580994 195.97190857 322 92.6465683 195.84138489 322 68.46669769 58.66923904 322 92.70297241 195.7131958 322 68.57343292 58.7793541 322 92.76491547 195.58758545 322 68.6852951 58.88424301 322 92.83227539 195.46479797 322 68.80204773 58.9836731 322 92.90493011 195.34506226 322 68.92341614 59.07741165 322 92.98274231 195.22862244 322 69.8092041 61.91183853 322 69.04911804 59.16524887 322 69.17887115 59.24697876 322 69.31238556 59.32242203 322 92.80419159 192.32289124 322 93.07672882 195.10119629 322 93.17689514 194.9785614 322 93.28297424 194.86100769 322 69.44934082 59.3914032 322 93.39472961 194.74884033 322 69.58943939 59.45376205 322 93.51187897 194.64231873 322 69.73236084 59.50935745 322 93.63413239 194.54170227 322 69.87776947 59.55806732 322 93.76120758 194.44723511 322 70.02534485 59.59977341 322 93.89277649 194.35914612 322 70.17473602 59.63438797 322 94.02854156 194.27764893 322 70.32561493 59.66182327 322 94.16815186 194.20295715 322 70.47762299 59.68202591 322 94.31127167 194.13523865 322 70.63043213 59.69494247 322 94.45756531 194.07466125 322 70.78368378 59.70055008 322 71.88288116 60.3478775 322 70.93701935 59.69882965 322 71.09010315 59.689785 322 71.24258423 59.67344284 322 71.394104 59.64983749 322 95.28771973 193.08329773 322 94.91183472 193.93713379 322 95.06716156 193.90640259 322 94.75820923 193.97547913 322 94.60666656 194.0213623 322 74.09458923 58.79922104 322 73.67982483 57.96686935 322 73.6058197 58.10118103 322 73.74732971 57.82917786 322 73.80818939 57.68841553 322 73.86225128 57.54491043 322 97.89571381 193.78210449 322 98.00650024 194.9238739 322 98.10638428 195.04023743 322 97.90117645 194.81242371 322 97.79064178 194.70611572 322 97.67516327 194.60522461 322 71.80015564 37.00367737 322 65.31510162 40.68982697 322 65.3605423 40.72668457 322 103.19338226 215.04333496 322 95.87075043 213.74987793 322 95.84093475 213.79981995 322 103.20450592 215.1007843 322 95.80873108 213.8482666 322 71.79109955 36.94519043 322 65.26791382 40.65522766 322 71.81208801 37.06164551 322 65.40413666 40.76571655 322 103.18507385 214.9854126 322 95.89810944 213.6985321 322 103.21840668 215.15762329 322 95.77393341 213.89546204 322 71.784935 36.88632965 322 65.21909332 40.62296677 322 71.82686615 37.1189537 322 65.44577789 40.80682373 322 103.17960358 214.9271698 322 95.92295074 213.64593506 322 103.23506927 215.2137146 322 95.73686981 213.94090271 322 71.78167725 36.82723618 322 65.16875458 40.5931282 322 71.84444427 37.17546463 322 65.48536682 40.84991455 322 103.17697144 214.86871338 322 95.94520569 213.5921936 322 103.25444794 215.26893616 322 95.69763947 213.98448181 322 71.78134155 36.76805115 322 65.11702728 40.56577682 322 71.86479187 37.23104095 322 65.52280426 40.89488602 322 103.17720032 214.81019592 322 95.96483612 213.53742981 322 103.27649689 215.32313538 322 95.65631866 214.02609253 322 71.78392792 36.70892715 322 65.06403351 40.54097748 322 71.88785553 37.28554535 322 65.55800629 40.94162369 322 103.18027496 214.75175476 322 95.98179626 213.48178101 322 103.30115509 215.37619019 322 95.61302185 214.06562805 322 71.78942108 36.64999771 322 65.0098877 40.51879501 322 71.91358185 37.33884811 322 65.59088898 40.99002457 322 103.18619537 214.69354248 322 95.99603271 213.42538452 322 103.32837677 215.42799377 322 95.56784058 214.10299683 322 71.79781342 36.59141159 322 64.95471954 40.49927521 322 71.94189453 37.39081573 322 65.62137604 41.0399704 322 103.19495392 214.63569641 322 96.00751495 213.36834717 322 103.35808563 215.47840881 322 95.52088165 214.13812256 322 71.80908203 36.53330994 322 64.89867401 40.48247147 322 103.39022064 215.52731323 322 95.47227478 214.1709137 322 71.82320404 36.47583771 322 64.84187317 40.46841812 322 103.42469788 215.57458496 322 95.42211914 214.20129395 322 71.8401413 36.41912842 322 64.78445435 40.45714951 322 103.46144104 215.62011719 322 95.3705368 214.22918701 322 71.85985565 36.36332703 322 64.72655487 40.44869232 322 103.50035858 215.66381836 322 95.31765747 214.2545166 322 71.8822937 36.30856323 322 64.66831207 40.44306946 322 103.54135895 215.70556641 322 95.26360321 214.27723694 322 71.90740967 36.25497055 322 64.60986328 40.44029236 322 103.58435059 215.74525452 322 95.20849609 214.29730225 322 71.93513489 36.2026825 322 64.55134583 40.44036865 322 103.62921906 215.78282166 322 95.15248108 214.31463623 322 71.96540833 36.15182877 322 64.49290466 40.44329453 322 103.6758728 215.81814575 322 95.09568787 214.32922363 322 71.99814606 36.1025238 322 64.43467712 40.44906616 322 103.72418976 215.85115051 322 72.03200531 36.05653 322 103.77405548 215.88175964 322 72.06802368 36.01220322 322 103.82535553 215.90989685 322 72.10610199 35.96963882 322 103.87796783 215.93551636 322 72.14617157 35.92893219 322 103.9317627 215.95852661 322 72.18812561 35.89017868 322 103.98661804 215.97889709 322 72.23188019 35.85346603 322 104.04240417 215.99656677 322 72.27732849 35.81887817 322 104.09898376 216.01148987 322 72.32437134 35.78649139 322 104.15621948 216.02363586 322 72.37290192 35.75637817 322 104.21398163 216.0329895 322 72.42281342 35.72861099 322 76.27347565 57.38551331 322 73.90939331 57.39898682 322 73.94952393 57.25098038 322 73.98252869 57.10122299 322 74.00834656 56.9500618 322 74.02692413 56.79784012 322 74.03820038 56.64490128 322 74.04216003 56.49160385 322 74.03879547 56.33828735 322 74.02811432 56.18531036 322 74.01013947 56.0330162 322 73.98490906 55.88175583 322 73.95249176 55.73186874 322 73.91294098 55.5837059 322 100.42671204 194.36534119 322 98.8112793 196.71307373 322 98.82479095 196.86582947 322 98.79048157 196.56114197 322 98.7624588 196.41036987 322 98.7272644 196.2611084 322 98.68497467 196.1137085 322 98.63570404 195.9684906 322 98.57954407 195.82579041 322 98.51663971 195.6859436 322 98.4471283 195.54924011 322 98.37116241 195.41603088 322 98.28892517 195.28659058 322 98.20059967 195.16123962 322 72.47398376 35.70324707 322 104.27213287 216.039505 322 78.5 56.0480957 322 73.86636353 55.43759918 322 73.81286621 55.29388428 322 73.75256348 55.15288544 322 73.68559265 55.01493073 322 73.61210632 54.88033295 322 102.97638702 194.86058044 322 98.80568695 197.47805786 322 98.78266907 197.62966919 322 98.82143402 197.32551575 322 98.82987213 197.17240906 322 98.83099365 197.01905823 322 79.93263245 51.23117828 322 105.97010803 198.89701843 322 80.0124588 51.36211395 322 106.0008316 198.74446106 322 80.09844971 51.48908615 322 106.03891754 198.59359741 322 80.19039917 51.61181259 322 106.08426666 198.44473267 322 80.28810883 51.73000336 322 106.13677979 198.29824829 322 80.39135742 51.84339142 322 80.77149963 54.78857422 322 106.19632721 198.15449524 322 105.54167938 195.26724243 322 80.49990082 51.95172119 322 106.26277924 198.01377869 322 80.61348724 52.05474472 322 106.33596039 197.87644958 322 80.73187256 52.15222168 322 106.41571808 197.74284363 322 80.85477448 52.24393845 322 106.50186157 197.61325073 322 80.98191833 52.32967758 322 106.59183502 197.49099731 322 81.11300659 52.40924835 322 106.68749237 197.37315369 322 81.24774933 52.48246765 322 106.78861237 197.25994873 322 81.38583374 52.54916763 322 106.89496613 197.1516571 322 81.52694702 52.60919571 322 107.00632477 197.04850769 322 81.67076874 52.66241455 322 107.12243652 196.95074463 322 81.81697083 52.7087059 322 107.24303436 196.85858154 322 81.96520996 52.74796295 322 107.36785889 196.7722168 322 82.11515808 52.78009415 322 107.49662781 196.69184875 322 78.63687897 32.82944107 322 111.04625702 216.63215637 322 78.69049835 32.80601501 322 111.10597229 216.63589478 322 78.74519348 32.78522491 322 111.165802 216.63664246 322 78.80084229 32.76713181 322 111.22559357 216.63439941 322 78.8572998 32.75177002 322 111.28520203 216.62918091 322 78.91444397 32.7391777 322 111.34447479 216.6210022 322 78.97213745 32.72938538 322 111.40326691 216.60987854 322 79.03023529 32.72241974 322 111.46142578 216.59584045 322 79.08860016 32.71829224 322 79.14710236 32.71701431 322 83.08525085 53.60846329 322 82.26646423 52.80502701 322 82.41879272 52.82270432 322 82.5717926 52.83308792 322 82.72511292 52.83615112 322 108.11951447 195.58483887 322 107.90366364 196.48846436 322 108.04524231 196.43374634 322 107.76483154 196.54981995 322 107.62905121 196.61766052 322 111.51882172 216.57891846 322 111.57529449 216.55915833 322 85.53227997 52.46739197 322 85.23400116 51.61965179 322 85.17214966 51.69508362 322 85.29354095 51.54237366 322 85.35070038 51.4633255 322 110.80924225 195.82015991 322 110.73497009 196.66906738 322 110.86621857 196.74838257 322 110.99353027 196.83387756 322 85.43601227 51.33504486 322 111.11660767 196.92533875 322 85.51506805 51.20282364 322 111.23518372 197.02259827 322 87.92354584 51.45352173 322 85.58768463 51.06695938 322 85.65370178 50.92776871 322 85.71296692 50.78556824 322 85.76534271 50.64068985 322 85.81070709 50.49346542 322 85.84895325 50.34423447 322 85.87999725 50.1933403 322 85.90376282 50.04113388 322 85.92019653 49.88795853 322 85.92926788 49.73416901 322 85.93094635 49.58012772 322 85.92523956 49.42617798 322 85.91214752 49.27268219 322 113.40306091 195.95503235 322 111.34897614 197.12539673 322 112.21984863 198.54760742 322 112.25968933 198.69569397 322 112.17298889 198.40159607 322 112.11920929 198.25799561 322 112.05862427 198.11711121 322 111.99138641 197.97927856 322 111.91764832 197.84483337 322 111.83756256 197.71405029 322 111.75132751 197.58724976 322 111.65913391 197.46470642 322 111.56119537 197.34669495 322 111.45772552 197.23350525 322 90.34848785 50.52305222 322 85.89170074 49.11998749 322 85.86396027 48.96845245 322 85.82897949 48.81842422 322 85.78683472 48.67024612 322 85.73764038 48.52425766 322 116 196 322 112.34718323 199.30195618 322 112.35084534 199.45526123 322 112.3361969 199.14898682 322 112.3179245 198.99673462 322 112.29240417 198.84552002 322 87.07222748 30.78771591 322 80.17071533 33.29580307 322 80.1997757 33.34658813 322 119.67191315 215.66932678 322 112.32971191 215.66094971 322 112.31787872 215.71607971 322 119.66197205 215.61166382 322 112.33894348 215.60533142 322 87.08259583 30.84436417 322 80.22632599 33.39873123 322 87.06458282 30.73063469 322 80.13921356 33.24649048 322 119.68465424 215.72644043 322 112.3034668 215.77058411 322 119.65486145 215.55358887 322 112.34555054 215.54933167 322 87.09567261 30.90044975 322 80.25030518 33.45210648 322 87.05969238 30.67325211 322 80.10533905 33.19877625 322 119.70015717 215.78285217 322 112.28651428 215.82435608 322 119.65058136 215.495224 322 112.34951782 215.49308777 322 87.11142731 30.95584488 322 80.27165222 33.50658798 322 87.05755615 30.61570168 322 80.06918335 33.15276718 322 119.71839905 215.8384552 322 112.2670517 215.87727356 322 87.12982178 31.01041794 322 119.64915466 215.4367218 322 112.35084534 215.4367218 322 87.05818176 30.55811501 322 80.03083038 33.10857773 322 119.73932648 215.89309692 322 112.24512482 215.92922974 322 87.06157684 30.5006237 322 79.9903717 33.06630707 322 119.76289368 215.94665527 322 112.22077942 215.98008728 322 87.06771851 30.44336319 322 79.94789124 33.02606201 322 119.78903961 215.99900818 322 112.19407654 216.02973938 322 87.07660675 30.38646126 322 79.90350342 32.98793411 322 119.81771088 216.05001831 322 112.16506958 216.07809448 322 87.08821106 30.33005333 322 79.85731506 32.95201874 322 119.84883118 216.0995636 322 112.13382721 216.12501526 322 87.10250854 30.27426529 322 79.80942535 32.91839218 322 119.88233185 216.14753723 322 112.09829712 216.17315674 322 87.11946106 30.21922874 322 79.75995636 32.887146 322 119.9181366 216.1938324 322 112.06040955 216.21946716 322 87.13904572 30.16506767 322 79.70901489 32.85834503 322 119.95614624 216.23831177 322 112.02026367 216.26383972 322 87.16120148 30.11190987 322 79.65673828 32.83206177 322 119.99628448 216.28088379 322 111.97795105 216.30615234 322 87.18587494 30.05987549 322 79.60324097 32.80835724 322 120.03844452 216.32145691 322 111.93358612 216.34629822 322 87.21302795 30.00908661 322 79.54865265 32.78728867 322 120.08254242 216.35992432 322 111.8872757 216.38418579 322 87.2425766 29.95965767 322 79.4930954 32.76890564 322 120.12845612 216.39620972 322 111.83913422 216.41970825 322 87.27446747 29.91170311 322 79.43671417 32.75325394 322 120.17608643 216.43019104 322 111.78928375 216.45280457 322 87.30999756 29.86355972 322 79.37963867 32.7403717 322 120.22531128 216.46182251 322 111.73783875 216.48335266 322 87.34788513 29.8172493 322 79.3219986 32.73028564 322 120.27602386 216.49101257 322 111.68494415 216.51132202 322 87.38803101 29.77288437 322 79.2639389 32.72301865 322 120.32810211 216.5177002 322 111.63071442 216.53660583 322 87.43034363 29.73057556 322 79.20559692 32.7185936 322 120.38141632 216.54180908 322 87.47470856 29.69042778 322 120.43583679 216.56330872 322 87.52101898 29.65254211 322 120.49124908 216.58210754 322 87.56916046 29.61701202 322 120.54750824 216.59819031 322 87.61901093 29.58392525 322 120.60448456 216.61152649 322 87.67045593 29.5533638 322 120.66204071 216.62205505 322 87.72335052 29.52540588 322 120.720047 216.62976074 322 87.77758026 29.50012016 322 120.77835846 216.63464355 322 87.83300018 29.47756767 322 120.83683777 216.63665771 322 87.88948059 29.45780563 322 120.8953476 216.63583374 322 87.9468689 29.44088364 322 120.95374298 216.63215637 322 92.59580994 46.02808762 322 119.64915466 199.45526123 322 119.65270233 199.30447388 322 92.65167999 46.17089844 322 119.66332245 199.15402222 322 92.71431732 46.31087494 322 119.68099976 199.00424194 322 92.78356171 46.4477005 322 119.70568848 198.85545349 322 92.85926819 46.58106613 322 119.73734283 198.70799255 322 118.59693909 195.95503235 322 92.94125366 46.71065903 322 92.80419159 49.67710876 322 119.77589417 198.56217957 322 93.02933502 46.83619308 322 119.82124329 198.41833496 322 93.12330627 46.95737457 322 119.87330627 198.27677917 322 93.22296143 47.07392883 322 119.93195343 198.13783264 322 93.32807159 47.18559265 322 119.99707031 198.00178528 322 93.43839264 47.29210663 322 120.06850433 197.86895752 322 93.55368042 47.39323425 322 120.14609528 197.73962402 322 93.67366028 47.4887352 322 120.22967529 197.61407471 322 93.79806519 47.57840347 322 120.32284546 197.48770142 322 93.92661285 47.66202164 322 120.42208862 197.36604309 322 94.05900574 47.73940659 322 120.52716064 197.24938965 322 94.19494629 47.81038284 322 120.63780212 197.13800049 322 94.33411407 47.87478638 322 120.75376892 197.03215027 322 94.47620392 47.9324646 322 95.28771973 48.91670609 322 94.7678299 48.02715683 322 94.62088776 47.98329544 322 94.91670227 48.06394958 322 95.06716156 48.09358978 322 121.19075775 195.82015991 322 121.13069916 196.75035095 322 121.26502991 196.66906738 322 121.00051117 196.83808899 322 120.87476349 196.93209839 322 97.78236389 47.30144119 322 97.67516327 47.39477921 322 97.89571381 48.21789551 322 124.09777832 196.48905945 322 123.88048553 195.58483887 322 123.95475769 196.43374634 322 97.8853302 47.20345306 322 124.23799896 196.55114746 322 94.51516724 27.68091393 322 127.72786713 216.039505 322 97.9838562 47.10099792 322 127.78567505 216.03303528 322 94.57203674 27.6671524 322 124.37509918 196.61985779 322 127.84310913 216.02375793 322 94.6295166 27.65617752 322 98.07775116 46.99428177 322 94.68745422 27.64801979 322 124.50875854 196.69503784 322 94.74572754 27.64269638 322 94.80419159 27.64021873 322 127.90001678 216.01171875 322 127.95628357 215.99693298 322 128.01176453 215.97944641 322 128.06632996 215.95928955 322 128.11985779 215.93650818 322 128.17221069 215.91116333 322 100.42671204 47.63466263 322 98.33808899 46.63767624 322 98.25091553 46.76891327 322 98.41872406 46.50231552 322 98.49261475 46.36316299 322 98.55958557 46.22055054 322 98.61948395 46.07482529 322 98.67215729 45.9263382 322 98.71748352 45.77544403 322 98.75534821 45.62250519 322 98.78566742 45.46789551 322 98.80835724 45.31198502 322 98.82337189 45.15514755 322 98.16683197 46.88351822 322 126.45832062 195.26724243 322 125.7432785 198.02590942 322 125.80822754 198.16482544 322 125.67177582 197.89024353 322 125.59387207 197.75816345 322 125.50975037 197.62994385 322 125.41960144 197.50588989 322 125.32363129 197.38627625 322 125.22205353 197.27139282 322 125.1151123 197.16148376 322 125.0030365 197.05680847 322 124.88609314 196.95761108 322 124.76454163 196.86410522 322 124.63867188 196.77651978 322 94.97932434 27.64989281 322 95.03715515 27.6587944 322 94.92112732 27.64382172 322 94.86270142 27.64059448 322 102.97638702 47.13941956 322 98.83067322 44.99776077 322 98.83024597 44.84020615 322 98.82208252 44.68286133 322 98.80621338 44.5261116 322 98.78266907 44.37032318 322 129.02362061 194.86058044 322 125.99966431 198.74667358 322 126.02989197 198.89701843 322 125.96229553 198.59794617 322 125.91785431 198.45117188 322 125.86646271 198.3066864 322 128.22328186 215.88330078 322 103.19495392 27.36430931 322 95.99595642 28.57428741 322 96.00751495 28.63164711 322 105.97010803 43.10298538 322 133.21733093 197.62966919 322 128.80505371 214.63569641 322 135.99247742 213.36834717 322 136.00404358 213.42572021 322 128.81384277 214.69392395 322 103.1861496 27.30607033 322 95.98161316 28.51755905 322 106.00033569 43.25332642 322 133.19378662 197.47389221 322 136.01838684 213.48243713 322 128.81977844 214.75253296 322 103.18021393 27.24747086 322 95.96451569 28.46159744 322 136.03547668 213.53840637 322 128.8228302 214.81135559 322 103.1771698 27.18865204 322 95.94471741 28.40653419 322 106.03770447 43.40205383 322 133.17791748 197.31713867 322 136.05528259 213.59346008 322 128.82299805 214.87025452 322 103.17700958 27.12975311 322 95.92225647 28.35250282 322 106.08214569 43.54882812 322 133.16975403 197.15979004 322 136.07774353 213.64749146 322 128.82026672 214.92907715 322 103.17973328 27.07091713 322 95.89718628 28.29963112 322 136.10281372 213.70036316 322 128.81465149 214.98771667 322 103.18534851 27.01228523 322 95.86956787 28.24804497 322 106.13353729 43.69330978 322 133.16932678 197.00224304 322 136.13043213 213.75195312 322 128.8061676 215.04600525 322 103.1938324 26.95400047 322 95.83946991 28.19786453 322 136.16053772 213.80213928 322 128.79483032 215.10379028 322 106.19177246 43.83517075 322 105.54167938 46.73275757 322 103.20516205 26.89620209 322 95.80696106 28.14921188 322 133.17662048 196.84484863 322 131.57328796 194.36534119 322 136.19303894 213.8507843 322 128.78068542 215.16096497 322 103.2193222 26.83903122 322 95.77211761 28.10220146 322 106.2567215 43.97409058 322 133.19165039 196.6880188 322 136.22787476 213.89779663 322 128.76373291 215.21737671 322 103.23626709 26.78262138 322 95.7350235 28.0569458 322 136.26496887 213.9430542 322 128.74404907 215.27288818 322 103.25595856 26.72711182 322 95.69577026 28.01355171 322 106.32822418 44.10975266 322 133.21434021 196.53210449 322 136.30422974 213.9864502 322 128.72164917 215.32736206 322 103.2783432 26.67263412 322 95.65444946 27.9721241 322 106.40612793 44.24184036 322 136.34555054 214.02787781 322 128.6966095 215.38067627 322 103.30338287 26.61932182 322 95.61116028 27.93275833 322 133.24465942 196.37748718 322 136.38883972 214.06724548 322 128.66899109 215.43269348 322 103.33100891 26.5673027 322 95.56599426 27.89554977 322 106.49024963 44.37005997 322 136.43400574 214.10444641 322 128.63885498 215.48330688 322 133.28251648 196.2245636 322 103.36115265 26.51670074 322 95.51907349 27.86058807 322 136.48092651 214.1394043 322 128.60626221 215.53236389 322 103.39373779 26.46763802 322 95.47050476 27.82795525 322 106.58039856 44.49411392 322 133.32783508 196.07366943 322 136.52949524 214.17204285 322 128.57174683 215.57919312 322 103.42824554 26.4208107 322 95.42040253 27.79772758 322 106.67636871 44.61372375 322 136.57958984 214.20227051 322 128.53500366 215.6242981 322 103.46498871 26.37570763 322 95.36888885 27.76997948 322 133.38050842 195.9251709 322 136.63110352 214.23002625 322 128.49612427 215.66755676 322 103.50387573 26.33244133 322 95.31607819 27.74477386 322 106.77794647 44.72861099 322 136.68391418 214.25521851 322 128.4552002 215.70889282 322 103.54480743 26.29110718 322 95.26210785 27.72217369 322 133.44041443 195.77944946 322 136.73788452 214.27783203 322 128.41230774 215.74819946 322 103.58769226 26.25180817 322 95.20709991 27.70223236 322 106.8848877 44.83851624 322 136.79290771 214.29777527 322 128.36756897 215.78536987 322 103.63243866 26.21463203 322 95.15117645 27.68499565 322 133.50738525 195.63684082 322 136.84881592 214.31500244 322 128.32107544 215.82032776 322 103.67893219 26.17966843 322 95.09449005 27.67050362 322 106.9969635 44.94318771 322 133.58128357 195.49768066 322 136.90551758 214.32949829 322 128.27293396 215.85299683 322 103.72705841 26.14699936 322 136.96284485 214.34120178 322 103.77671814 26.11669922 322 107.11390686 45.04238892 322 133.66191101 195.36231995 322 137.02067566 214.35011292 322 103.82778931 26.0888443 322 107.23545837 45.13589096 322 137.07887268 214.35618591 322 103.88014984 26.06349564 322 133.74908447 195.2310791 322 137.13729858 214.35940552 322 103.93367004 26.04071426 322 107.36132812 45.22348022 322 137.19581604 214.35978699 322 103.9882431 26.02055359 322 133.83317566 195.1164856 322 104.04371643 26.00305939 322 107.49124146 45.30495834 322 104.09998322 25.98827744 322 133.92224121 195.00572205 322 104.15689087 25.97623634 322 108.11951447 46.41516113 322 107.62490082 45.3801384 322 107.76200104 45.44885254 322 107.90222168 45.51093674 322 134.10427856 193.78210449 322 134.1146698 194.79655457 322 134.21763611 194.69856262 322 134.0161438 194.89900208 322 108.04524231 45.56625366 322 134.3248291 194.60522461 322 137.25427246 214.3572998 322 137.31254578 214.35197449 322 137.3704834 214.34382629 322 137.42796326 214.33285522 322 137.48483276 214.3190918 322 104.21432495 25.96697044 322 104.27213287 25.9604969 322 137.08329773 193.93605042 322 136.71228027 193.08329773 322 136.93283081 193.90640259 322 110.86930084 45.24965668 322 110.73497009 45.33093262 322 110.80924225 46.1798439 322 137.23216248 193.97283936 322 110.99948883 45.16190338 322 137.37910461 194.01670837 322 111.12523651 45.06789398 322 137.52378845 194.0675354 322 111.24623108 44.96784592 322 113.40306091 46.04497528 322 112.26265717 43.29200745 322 112.22410583 43.43782043 322 111.36219788 44.86200333 322 111.47283936 44.75061798 322 111.57791138 44.63395309 322 111.67715454 44.51229095 322 111.77032471 44.38592529 322 111.85390472 44.26037979 322 111.93149567 44.1310463 322 112.00292969 43.99821091 322 112.06804657 43.86216736 322 112.12669373 43.72321701 322 112.17875671 43.58166504 322 139.19580078 192.32289124 322 138.97067261 195.1638031 322 139.05874634 195.28933716 322 138.87669373 195.04263306 322 138.77703857 194.92607117 322 138.67192078 194.81440735 322 138.56159973 194.70788574 322 138.44631958 194.60676575 322 138.32633972 194.51126099 322 138.20193481 194.42160034 322 138.07339478 194.33798218 322 137.94099426 194.2605896 322 137.80505371 194.18962097 322 137.6658783 194.12521362 322 111.04625702 25.36783791 322 144.0531311 212.55911255 322 116 46 322 112.29431152 43.14454269 322 112.31900024 42.99575424 322 112.33667755 42.84597397 322 112.34729767 42.69552612 322 112.35084534 42.54474258 322 141.65150452 191.47694397 322 139.34831238 195.82910156 322 139.40419006 195.97190857 322 139.28569031 195.68911743 322 139.21643066 195.55229187 322 139.14073181 195.41893005 322 144.11051941 212.54219055 322 144.16699219 212.52243042 322 111.279953 25.37023735 322 111.33795929 25.37794876 322 111.22164154 25.36536217 322 111.16316223 25.36333466 322 111.1046524 25.36416054 322 146.13604736 193.03153992 322 146.10829163 192.88000488 322 119.6820755 43.00326538 322 119.70759583 43.15447998 322 119.74031067 43.3042984 322 118.59693909 46.04497528 322 146.08786011 192.72732544 322 144.07644653 190.54647827 322 146.17102051 193.18157959 322 119.6638031 42.85100937 322 119.78015137 43.45238495 322 146.07476807 192.57382202 322 146.21316528 193.32975769 322 119.65281677 42.69805145 322 119.82701111 43.59840012 322 146.06904602 192.4198761 322 119.64915466 42.54474258 322 146.26235962 193.47573853 322 119.88079071 43.74201202 322 146.07072449 192.26582336 322 119.94137573 43.88288879 322 146.07980347 192.11204529 322 120.00861359 44.02071381 322 146.09623718 191.9588623 322 120.08235168 44.15517044 322 146.12001038 191.80665588 322 120.16243744 44.28594971 322 146.15104675 191.65576172 322 120.24867249 44.41275787 322 146.18930054 191.50653076 322 120.34086609 44.53530121 322 146.23466492 191.35931396 322 120.43880463 44.65330124 322 146.28703308 191.21443176 322 120.54227448 44.76648712 322 146.34629822 191.07223511 322 120.65102386 44.87460709 322 146.41230774 190.93304443 322 120.76481628 44.97740555 322 146.48493958 190.79718018 322 144.22241211 212.49987793 322 144.27664185 212.47459412 322 144.32954407 212.44664001 322 144.38098145 212.41607666 322 144.43083191 212.38299561 322 144.47898865 212.34745789 322 121.19075775 46.1798439 322 120.88339233 45.07465363 322 121.00646973 45.16613007 322 146.4677124 189.53260803 322 146.56399536 190.66494751 322 146.64929199 190.53668213 322 146.70646667 190.45762634 322 121.13378143 45.25162125 322 146.76599121 190.38035583 322 121.26502991 45.33093262 322 146.82785034 190.30491638 322 119.64915466 26.56327057 322 112.35084534 26.56327057 322 151.72834778 208.4934082 322 144.87017822 210.98957825 322 144.88856506 211.04415894 322 119.65048218 26.5069046 322 112.34941864 26.50477409 322 151.74969482 208.54789734 322 144.90432739 211.09954834 322 119.65444946 26.45066261 322 112.34513855 26.44641685 322 151.77366638 208.60127258 322 144.91740417 211.15563965 322 111.50875092 25.41788864 322 111.56416321 25.43669701 322 111.45249176 25.40180397 322 111.39551544 25.38847923 322 119.66105652 26.39466858 322 112.33802795 26.38833809 322 151.80023193 208.65341187 322 144.92778015 211.21228027 322 119.67028809 26.33904648 322 112.32808685 26.33067322 322 151.82928467 208.70419312 322 144.93540955 211.2693634 322 119.68212128 26.28392029 322 112.31534576 26.27356339 322 151.86079407 208.75350952 322 144.94030762 211.32675171 322 119.6965332 26.22941017 322 112.29984283 26.2171402 322 151.89465332 208.80122375 322 144.94244385 211.3842926 322 119.71348572 26.1756382 322 112.28160095 26.16154289 322 151.93081665 208.847229 322 144.94181824 211.44187927 322 119.7329483 26.12272072 322 112.26067352 26.10689926 322 151.96916199 208.89141846 322 144.93843079 211.49937439 322 119.75487518 26.07077599 322 112.23710632 26.053339 322 152.0096283 208.9336853 322 144.93228149 211.55664062 322 119.77922058 26.01991844 322 112.21096039 26.00099373 322 152.05210876 208.97393799 322 144.92340088 211.61354065 322 119.80592346 25.97026062 322 112.18228912 25.9499836 322 152.09649658 209.0120697 322 144.91178894 211.66995239 322 119.83493042 25.92191315 322 112.15116882 25.90043259 322 152.14268494 209.04798889 322 144.89749146 211.72573853 322 119.86617279 25.87497902 322 112.11766815 25.85245895 322 152.19058228 209.081604 322 144.88053894 211.78077698 322 119.90170288 25.82683754 322 112.0818634 25.80617332 322 152.24005127 209.112854 322 144.86096191 211.83493042 322 119.93959045 25.78052711 322 112.04385376 25.76168823 322 152.29098511 209.1416626 322 144.83880615 211.88809204 322 119.97973633 25.73616219 322 112.00371552 25.71911049 322 152.34326172 209.16793823 322 144.81411743 211.94012451 322 120.02204895 25.69385338 322 111.96155548 25.67853928 322 152.39675903 209.19165039 322 144.78697205 211.99092102 322 120.06641388 25.6537056 322 111.91745758 25.64006996 322 152.45135498 209.21270752 322 144.75741577 212.04034424 322 120.1127243 25.61581993 322 111.87154388 25.60379791 322 152.50689697 209.23109436 322 144.7255249 212.08830261 322 120.16086578 25.58028984 322 111.82391357 25.56980705 322 152.5632782 209.24674988 322 144.69000244 212.13644409 322 120.21071625 25.54720306 322 111.77468872 25.53817749 322 152.62036133 209.2596283 322 144.65211487 212.18275452 322 120.26216125 25.51664162 322 111.72397614 25.50898552 322 152.67799377 209.26971436 322 144.61196899 212.22711182 322 120.31505585 25.4886837 322 111.67189789 25.4822998 322 152.73605347 209.27697754 322 144.56965637 212.26942444 322 120.36928558 25.46339607 322 111.61858368 25.4581852 322 152.79440308 209.28140259 322 144.52529907 212.30957031 322 120.42470551 25.44084358 322 152.85290527 209.2829895 322 120.48117828 25.42108345 322 120.53857422 25.40416145 322 124.09633636 45.51153564 322 123.95475769 45.56625366 322 123.88048553 46.41516113 322 149.4282074 189.16691589 322 148.91474915 188.39154053 322 149.27488708 189.16384888 322 124.23516846 45.45018387 322 149.58120728 189.17729187 322 124.37094879 45.38233948 322 149.73353577 189.19497681 322 124.50337219 45.30815125 322 149.88484192 189.21990967 322 152.91139221 209.28170776 322 152.96977234 209.27758789 322 153.02786255 209.27061462 322 153.08555603 209.26081848 322 126.45832062 46.73275757 322 125.58428192 44.25716019 322 125.49813843 44.3867569 322 125.66403961 44.1235466 322 125.73722076 43.98622131 322 125.80367279 43.84550858 322 124.63214111 45.2277832 322 124.75696564 45.14142227 322 124.87756348 45.04925537 322 124.99367523 44.95148849 322 125.10503387 44.84834671 322 125.21138763 44.74005127 322 125.31250763 44.62685394 322 125.40816498 44.50899887 322 151.22850037 187.21142578 322 151.50010681 190.04827881 322 151.60864258 190.15660095 322 151.38650513 189.94525146 322 151.26812744 189.84777832 322 151.14523315 189.75605774 322 151.01808167 189.6703186 322 150.88699341 189.59075928 322 150.75224304 189.51753235 322 150.61416626 189.45083618 322 150.47305298 189.39080811 322 150.32922363 189.33758545 322 150.18302917 189.29129028 322 150.03479004 189.25204468 322 120.77440643 25.36560249 322 120.834198 25.36336517 322 120.71479797 25.37081718 322 120.65552521 25.3789959 322 120.59673309 25.39011955 322 129.02362061 47.13941956 322 125.86322021 43.70174408 322 125.91573334 43.55526352 322 125.96108246 43.40641022 322 125.9991684 43.25553131 322 126.02989197 43.10298538 322 153.5 185.9519043 322 151.98753357 190.63789368 322 152.06736755 190.76882935 322 151.90155029 190.51091003 322 151.80960083 190.38818359 322 151.71188354 190.27000427 322 153.1427002 209.24822998 322 153.19915771 209.23286438 322 153.25480652 209.21476746 322 153.30950928 209.19398499 322 153.36312866 209.17056274 322 120.89402771 25.36411095 322 120.95374298 25.36783791 322 157.98985291 185.96697998 322 155.72653198 184.61448669 322 158.01509094 186.11824036 322 133.23754883 45.58963013 322 133.20951843 45.43886185 322 131.57328796 47.63466263 322 133.1887207 45.28692627 322 158.04751587 186.26812744 322 157.97187805 185.81469727 322 133.2727356 45.73888779 322 133.17520142 45.13417053 322 158.08705139 186.41629028 322 157.9611969 185.66171265 322 133.3150177 45.88629532 322 133.16900635 44.98094559 322 158.13363647 186.56240845 322 157.95783997 185.50839233 322 133.36430359 46.03151321 322 133.17012024 44.82759857 322 158.18713379 186.70611572 322 157.96180725 185.35510254 322 133.42045593 46.17421341 322 133.17857361 44.67448044 322 158.24743652 186.84710693 322 157.9730835 185.2021637 322 133.48336792 46.31406784 322 133.19432068 44.52193832 322 158.31440735 186.98506165 322 157.99165344 185.04994202 322 133.5528717 46.45075989 322 133.21733093 44.37032318 322 158.38789368 187.11967468 322 160.05810547 204.60917664 322 158.01747131 184.89877319 322 133.62884521 46.58397675 322 158.05047607 184.74902344 322 133.71107483 46.71340942 322 159.52601624 206.29675293 322 158.09060669 184.60101318 322 133.79940796 46.83876801 322 158.13775635 184.45509338 322 157.90541077 183.20077515 322 133.89361572 46.95976639 322 134.10427856 48.21789551 322 158.19181824 184.31158447 322 133.99349976 47.07612991 322 158.25267029 184.17082214 322 134.09883118 47.18758774 322 158.32017517 184.03312683 322 134.20936584 47.29388428 322 158.3941803 183.89881897 322 134.32484436 47.39478683 322 127.72786713 25.9604969 322 160.75741577 182.32655334 322 160.11711121 181.65211487 322 160.605896 182.35015869 322 137.08816528 48.06286621 322 136.93283081 48.09358978 322 136.71228027 48.91670609 322 160.90989685 182.31021118 322 137.24179077 48.02451706 322 161.06297302 182.30117798 322 137.39334106 47.97864151 322 161.21632385 182.29945374 322 137.54243469 47.92534637 322 159.57719421 206.27139282 322 159.62709045 206.24362183 322 159.67562866 206.21351624 322 139.19580078 49.67710876 322 137.6887207 47.86476517 322 137.83184814 47.79704285 322 137.97146606 47.72234726 322 138.10722351 47.64085388 322 138.23880005 47.55276871 322 138.36585999 47.45830154 322 138.48812866 47.35768509 322 138.60527039 47.25115967 322 138.71702576 47.13898849 322 162.1907959 180.08816528 322 162.41055298 182.54623413 322 162.55065918 182.6085968 322 162.26763916 182.49064636 322 162.1222229 182.44194031 322 161.97465515 182.40022278 322 161.82527161 182.36561584 322 161.6743927 182.33818054 322 161.52236938 182.31797791 322 161.36956787 182.30505371 322 162.68762207 182.67758179 322 138.82310486 47.02144241 322 162.82112122 182.75302124 322 138.92326355 46.89880753 322 162.95088196 182.83474731 322 139.01725769 46.77138519 322 163.07658386 182.92259216 322 135.99154663 28.63705063 322 128.80505371 27.36430931 322 166.37863159 200.96002197 322 136.00289917 28.57937622 322 128.813797 27.3064518 322 166.40910339 201.00997925 322 160.08642578 204.66114807 322 136.01707458 28.52232933 322 128.81971741 27.24823952 322 166.44198608 201.05838013 322 160.11213684 204.71444702 322 136.03401184 28.46604347 322 128.82279968 27.18980598 322 166.47718811 201.1051178 322 160.13520813 204.76895142 322 136.05369568 28.41065598 322 128.82302856 27.13129234 322 166.51463318 201.15008545 322 160.1555481 204.82453918 322 136.07606506 28.35629654 322 128.82040405 27.07283783 322 166.55421448 201.19317627 322 160.17314148 204.88104248 322 136.10107422 28.30310059 322 128.81492615 27.01457977 322 166.59585571 201.23428345 322 160.18791199 204.93835449 322 136.12864685 28.25119019 322 128.80662537 26.95665932 322 166.63945007 201.27331543 322 160.19984436 204.99632263 322 136.15873718 28.20069504 322 128.79550171 26.89920998 322 166.68490601 201.31018066 322 160.20890808 205.05480957 322 136.19126892 28.1517334 322 128.78158569 26.84237289 322 166.73208618 201.34477234 322 160.21507263 205.11367798 322 136.22605896 28.10453606 322 128.7649231 26.78628159 322 166.78091431 201.37702942 322 160.21832275 205.17276001 322 136.26312256 28.05909538 322 128.74554443 26.73106956 322 166.83123779 201.40687561 322 160.21865845 205.23194885 322 136.30236816 28.0155201 322 128.72351074 26.67686653 322 166.88296509 201.43421936 322 160.21607971 205.29107666 322 136.34367371 27.97391319 322 128.69885254 26.62380409 322 166.93597412 201.45901489 322 160.21058655 205.3500061 322 136.38697815 27.93437386 322 128.67163086 26.57200432 322 166.9901123 201.48120117 322 160.20219421 205.40858459 322 136.43215942 27.89699554 322 128.641922 26.521595 322 167.04527283 201.50071716 322 160.19091797 205.46669006 322 136.47911072 27.86187172 322 128.60978699 26.4726944 322 167.10133362 201.51753235 322 160.17680359 205.52415466 322 136.52772522 27.82908249 322 128.57530212 26.42541695 322 167.15812683 201.53158569 322 160.15985107 205.58087158 322 136.57788086 27.79870605 322 128.53855896 26.37987709 322 167.21554565 201.54284668 322 160.14015198 205.63667297 322 127.95759583 26.00344086 322 128.01338196 26.02110863 322 127.90101624 25.98851395 322 127.84378052 25.97636223 322 127.78601837 25.96701622 322 136.62947083 27.7708168 322 128.49964905 26.33618164 322 167.27345276 201.55130005 322 160.1177063 205.69143677 322 136.68234253 27.74547958 322 128.45863342 26.2944355 322 167.33169556 201.55693054 322 160.09259033 205.74502563 322 136.73640442 27.72275734 322 128.41564941 26.25473976 322 167.39013672 201.55970764 322 160.06486511 205.7973175 322 136.79150391 27.70270348 322 128.37077332 26.21718407 322 167.44865417 201.55963135 322 160.03459167 205.84817505 322 136.84751892 27.68536377 322 128.3241272 26.18186188 322 167.50709534 201.55670166 322 160.00186157 205.8974762 322 136.90431213 27.67078018 322 128.27581787 26.14885521 322 167.56532288 201.55093384 322 159.96798706 205.94346619 322 136.96174622 27.65899086 322 128.22595215 26.11824417 322 167.62319946 201.54232788 322 159.93197632 205.98779297 322 141.65150452 50.52305222 322 139.09506226 46.65493774 322 139.16772461 46.53520584 322 139.23509216 46.41241837 322 139.29702759 46.28680801 322 139.35343933 46.15861893 322 139.40419006 46.02808762 322 164.20907593 178.45333862 322 163.53329468 183.33076477 322 163.63465881 183.44584656 322 163.42657471 183.22064209 322 163.31469727 183.11575317 322 163.19795227 183.0163269 322 159.72267151 206.18112183 322 159.76812744 206.14653015 322 159.81187439 206.1098175 322 159.85383606 206.07107544 322 159.89389038 206.03036499 322 128.17463684 26.09009933 322 128.12203979 26.06448936 322 128.0682373 26.04147339 322 137.0196991 27.65001869 322 137.07801819 27.64389038 322 146.09532166 50.03416061 322 144.07644653 51.45352173 322 146.11863708 50.18572998 322 168.55210876 177.39286804 322 168.52217102 177.24246216 322 166.16952515 176.74960327 322 146.14915466 50.33600998 322 168.49945068 177.09080505 322 146.07928467 49.88164902 322 168.58918762 177.54167175 322 146.18682861 50.48466492 322 168.48400879 176.93823242 322 146.07054138 49.72854614 322 168.6333313 177.68852234 322 146.23155212 50.63135147 322 168.4758606 176.78511047 322 146.06912231 49.57520294 322 168.68444824 177.83311462 322 146.28321838 50.77573013 322 168.47503662 176.63175964 322 146.07502747 49.42196655 322 168.74240112 177.9750824 322 146.34173584 50.91748047 322 168.48153687 176.47854614 322 146.08824158 49.26918411 322 168.80708313 178.11413574 322 146.4069519 51.05627441 322 168.49534607 176.32582092 322 146.10873413 49.11721039 322 168.87832642 178.24993896 322 146.47872925 51.19179153 322 146.4677124 52.46739197 322 168.51644897 176.17391968 322 168.06982422 174.97900391 322 146.13647461 48.9663887 322 168.95596313 178.38217163 322 146.55688477 51.32373047 322 168.54476929 176.02320862 322 146.17137146 48.81706238 322 169.0398407 178.51055908 322 146.64125061 51.45178604 322 168.58024597 175.87402344 322 146.21336365 48.66957474 322 169.12974548 178.63478088 322 146.73164368 51.57566452 322 168.62281799 175.72669983 322 146.26235962 48.52425766 322 169.22547913 178.75457764 322 146.82785034 51.69508362 322 168.67237854 175.58157349 322 167.68058777 201.53091431 322 167.73735046 201.51670837 322 167.79336548 201.49975586 322 167.84848022 201.48010254 322 167.90255737 201.45777893 322 173.90734863 195.68836975 322 137.37023926 27.65613747 322 137.42784119 27.6671257 322 137.31217957 27.64797783 322 137.25378418 27.64266205 322 137.19519043 27.64020729 322 137.13656616 27.64061737 322 170.72669983 173.62281799 322 169.97900391 173.06982422 322 170.58157349 173.67237854 322 149.42953491 52.8330307 322 149.27488708 52.83615112 322 148.91474915 53.60846329 322 170.87402344 173.58024597 322 149.58384705 52.82246017 322 171.02320862 173.54476929 322 149.73748779 52.80447006 322 171.17391968 173.51644897 322 149.89007568 52.77909851 322 151.22850037 54.78857422 322 150.04125977 52.74640656 322 150.19068909 52.70647049 322 150.33802795 52.65938187 322 150.48292542 52.6052475 322 150.62506104 52.54419708 322 150.7640686 52.47637177 322 171.74960327 171.16952515 322 171.32582092 173.49534607 322 171.93823242 173.48400879 322 172.09080505 173.49945068 322 171.78511047 173.4758606 322 171.63175964 173.47503662 322 171.47854614 173.48153687 322 172.24246216 173.52217102 322 150.8996582 52.40192795 322 172.39286804 173.55210876 322 167.95549011 201.43284607 322 168.00715637 201.40536499 322 168.05741882 201.37539673 322 168.1061554 201.34301758 322 151.0315094 52.32103729 322 172.54167175 173.58918762 322 151.15930176 52.23389053 322 172.68852234 173.6333313 322 151.28274536 52.14068985 322 172.83311462 173.68444824 322 151.40156555 52.04164886 322 172.9750824 173.74240112 322 151.51547241 51.93700027 322 173.11413574 173.80708313 322 151.62420654 51.82698441 322 153.5 56.0480957 322 151.96934509 51.39009857 322 151.91690063 51.46735764 322 152.01951599 51.31135178 322 152.06736755 51.23117828 322 151.72750854 51.71185684 322 151.82514954 51.59188843 322 173.45333862 169.20907593 322 173.63478088 174.12974548 322 173.75457764 174.22547913 322 173.51055908 174.0398407 322 173.38217163 173.95596313 322 173.24993896 173.87832642 322 137.48483276 27.68091393 322 173.67637634 197.44268799 322 151.72834778 33.50658798 322 144.87017822 31.01041794 322 179.49816895 190.99710083 322 173.94364929 195.73382568 322 151.74732971 33.45779037 322 144.88883972 30.95496178 322 179.53686523 191.04100037 322 173.97770691 195.78097534 322 151.76841736 33.40987015 322 144.90478516 30.89866066 322 179.57765198 191.08294678 322 174.00942993 195.82974243 322 151.79156494 33.36291504 322 144.91796875 30.84165001 322 179.62043762 191.12286377 322 174.03875732 195.87997437 322 151.81674194 33.31701279 322 144.92834473 30.78406334 322 179.66511536 191.16064453 322 174.06562805 195.93157959 322 151.84390259 33.27225113 322 144.93591309 30.72604179 322 179.71159363 191.19621277 322 174.08995056 195.98440552 322 151.8730011 33.22872162 322 144.94062805 30.66771889 322 179.75973511 191.22946167 322 174.11169434 196.03837585 322 151.90852356 33.18058014 322 144.94250488 30.60923386 322 179.80944824 191.2603302 322 174.13078308 196.09332275 322 151.94641113 33.1342659 322 144.94152832 30.55072784 322 179.8605957 191.28874207 322 174.14720154 196.14912415 322 151.98655701 33.08990097 322 144.93771362 30.49234009 322 179.91308594 191.31462097 322 174.16088867 196.20565796 322 152.02886963 33.04759216 322 144.93104553 30.43420601 322 179.9667511 191.33790588 322 174.17182922 196.26280212 322 152.07322693 33.00744629 322 144.92153931 30.37646866 322 180.02151489 191.35856628 322 174.17997742 196.32040405 322 152.11955261 32.96955872 322 144.90924072 30.31926155 322 180.07719421 191.37651062 322 174.18533325 196.37832642 322 152.16769409 32.93402863 322 144.8941803 30.26272202 322 180.13369751 191.39172363 322 174.18786621 196.43643188 322 152.21754456 32.90094376 322 144.87635803 30.20698357 322 180.19087219 191.4041748 322 174.18757629 196.49461365 322 152.26898193 32.87038422 322 144.85586548 30.15217972 322 180.24859619 191.41381836 322 174.18447876 196.55270386 322 152.32188416 32.84242249 322 144.83270264 30.09844208 322 180.30670166 191.42063904 322 174.17857361 196.61056519 322 152.37611389 32.81713867 322 144.80696106 30.04589653 322 180.36508179 191.42460632 322 174.16986084 196.66809082 322 152.43153381 32.79458618 322 144.77868652 29.99466705 322 180.42358398 191.42573547 322 174.15837097 196.72511292 322 152.48800659 32.77482224 322 144.74794006 29.94487762 322 180.48207092 191.42401123 322 174.14413452 196.7815094 322 152.5453949 32.75790024 322 144.71481323 29.8966465 322 180.54040527 191.41943359 322 174.12718201 196.8371582 322 152.6035614 32.74386215 322 144.67936707 29.85008812 322 180.59844971 191.41201782 322 174.10754395 196.891922 322 152.66235352 32.73273849 322 144.64170837 29.8053112 322 180.65606689 191.40177917 322 174.08529663 196.94566345 322 152.72161865 32.72455597 322 144.60189819 29.76242447 322 180.71310425 191.38874817 322 174.06045532 196.9982605 322 152.78123474 32.71934128 322 144.56004333 29.72153091 322 180.76945496 191.37295532 322 174.03309631 197.04960632 322 152.84101868 32.71710587 322 144.51625061 29.682724 322 180.82495117 191.35443115 322 144.0531311 29.44088364 322 157.99165344 56.9500618 322 155.72653198 57.38551331 322 158.01747131 57.10122299 322 177.36598206 166.82704163 322 177.33842468 166.67596436 322 175.08816528 167.1907959 322 177.31811523 166.52372742 322 158.05047607 57.25098038 322 157.9730835 56.79784012 322 177.40074158 166.97663879 322 177.30513 166.37069702 322 158.09060669 57.39898682 322 157.96180725 56.64490128 322 177.44261169 167.12440491 322 177.29946899 166.21722412 322 176.65211487 165.11711121 322 158.13775635 57.54491043 322 157.90541077 58.79922104 322 157.95783997 56.49160385 322 177.49150085 167.26998901 322 177.30114746 166.06365967 322 158.19181824 57.68841553 322 157.9611969 56.33828735 322 177.54728699 167.41307068 322 177.31018066 165.91033936 322 158.25267029 57.82917786 322 157.97187805 56.18531036 322 177.60986328 167.55332947 322 177.32652283 165.75764465 322 158.32017517 57.96686935 322 157.98985291 56.0330162 322 177.67907715 167.69042969 322 158.3941803 58.10118103 322 177.35015869 165.605896 322 158.01509094 55.88175583 322 177.754776 167.8240509 322 158.04751587 55.73186874 322 177.83676147 167.95391846 322 158.08705139 55.5837059 322 177.92488098 168.07969666 322 158.13363647 55.43759918 322 178.01890564 168.2011261 322 158.18713379 55.29388428 322 178.11863708 168.31791687 322 158.24743652 55.15288544 322 178.22383118 168.42980957 322 158.31440735 55.01493073 322 178.33427429 168.5365448 322 158.38789368 54.88033295 322 178.44967651 168.63786316 322 173.72451782 197.40716553 322 173.77082825 197.36927795 322 173.81520081 197.32913208 322 160.75741577 59.67344284 322 160.605896 59.64983749 322 160.11711121 60.3478775 322 179.0333252 163.32006836 322 178.20077515 162.90541077 322 178.89881897 163.3941803 322 160.90989685 59.689785 322 179.17123413 163.25247192 322 161.06297302 59.69882965 322 179.31221008 163.19155884 322 161.21632385 59.70055008 322 179.45594788 163.13745117 322 162.1907959 61.91183853 322 161.36956787 59.69494247 322 161.52236938 59.68202591 322 161.6743927 59.66182327 322 179.61448669 160.72653198 322 179.75035095 163.05015564 322 179.90034485 163.01716614 322 179.60209656 163.09028625 322 161.82527161 59.63438797 322 180.05174255 162.99139404 322 161.97465515 59.59977341 322 180.20419312 162.97288513 322 144.32377625 29.55015182 322 144.37426758 29.57973289 322 144.27191162 29.52306747 322 144.21878052 29.49854279 322 144.16452026 29.47663689 322 144.10926819 29.45740128 322 162.1222229 59.55806732 322 180.35736084 162.96168518 322 162.26763916 59.50935745 322 180.51089478 162.95783997 322 162.41055298 59.45376205 322 180.66444397 162.96133423 322 162.55065918 59.3914032 322 180.81762695 162.97216797 322 162.68762207 59.32242203 322 180.97013855 162.99031067 322 162.82112122 59.24697876 322 181.12159729 163.01573181 322 162.95088196 59.16524887 322 181.27166748 163.04837036 322 163.07658386 59.07741165 322 181.41999817 163.08815002 322 164.20907593 63.54666519 322 163.19795227 58.9836731 322 163.31469727 58.88424301 322 180.9519043 158.5 322 181.56626892 163.13497925 322 181.71012878 163.18873596 322 163.42657471 58.7793541 322 181.85124207 163.24932861 322 163.53329468 58.66923904 322 181.98930359 163.31660461 322 163.63465881 58.55415344 322 182.12399292 163.39039612 322 174.00328064 197.09954834 322 173.97106934 197.147995 322 173.85751343 197.28681946 322 173.8976593 197.2424469 322 173.93554688 197.19613647 322 185.99710083 184.49816895 322 144.47061157 29.64609909 322 144.42324829 29.61174202 322 152.90084839 32.71784973 322 152.96057129 32.72157669 322 184.21990967 154.88484192 322 183.39154053 153.91474915 322 182.21142578 156.22850037 322 168.51559448 65.8208313 322 166.16952515 65.25039673 322 168.06982422 67.02098846 322 168.54393005 65.97289276 322 184.19497681 154.73353577 322 184.25204468 155.03479004 322 168.49459839 65.66757965 322 168.57957458 66.12340546 322 184.17729187 154.58120728 322 184.29129028 155.18302917 322 168.48101807 65.5134964 322 168.62242126 66.27203369 322 184.16691589 154.4282074 322 184.33758545 155.32922363 322 168.47488403 65.3589325 322 168.67237854 66.41842651 322 184.16384888 154.27488708 322 184.39080811 155.47305298 322 168.47618103 65.20426178 322 184.45083618 155.61416626 322 168.48493958 65.04982758 322 184.51753235 155.75224304 322 168.50112915 64.89599609 322 184.59075928 155.88699341 322 168.52471924 64.74312592 322 180.87948608 191.33322144 322 180.93292236 191.30938721 322 180.98513794 191.28297424 322 181.03599548 191.25404358 322 181.08538818 191.22265625 322 184.6703186 156.01808167 322 168.55563354 64.59156036 322 184.75605774 156.14523315 322 168.59381104 64.44166565 322 184.84777832 156.26812744 322 168.63917542 64.2937851 322 184.94525146 156.38650513 322 168.69160461 64.14826202 322 185.04827881 156.50010681 322 168.75099182 64.00543213 322 185.15660095 156.60864258 322 168.81716919 63.8656311 322 185.27000427 156.71188354 322 168.89002991 63.72917938 322 185.38818359 156.80960083 322 168.96936035 63.59639359 322 185.51091003 156.90155029 322 169.05500793 63.46758652 322 169.10966492 63.39188766 322 185.63789368 156.98753357 322 169.16650391 63.31781006 322 169.22547913 63.24541855 322 185.76882935 157.06736755 322 170.72669983 68.37717438 322 170.58157349 68.32761383 322 169.97900391 68.93017578 322 185.42433167 151.73164368 322 184.53260803 151.4677124 322 185.30491638 151.82785034 322 170.87402344 68.4197464 322 185.54821777 151.64125061 322 171.02320862 68.45523834 322 185.67626953 151.55688477 322 153.25231934 32.78435135 322 153.30827332 32.80551529 322 153.19535828 32.76600266 322 153.13757324 32.7505188 322 153.07907104 32.73793411 322 153.02001953 32.72827911 322 171.17391968 68.48355865 322 185.80821228 151.47872925 322 166.37863159 41.0399704 322 160.05810547 37.39081573 322 190.68836975 178.90734863 322 166.39651489 41.00999832 322 160.08612061 37.33944321 322 190.73408508 178.94384766 322 186.04159546 184.53742981 322 166.41526794 40.9805603 322 166.43487549 40.95167923 322 160.11158752 37.28676605 322 190.78153992 178.97808838 322 186.08409119 184.5788269 322 166.46983337 40.9042778 322 160.13446045 37.23291016 322 171.74960327 70.83046722 322 171.32582092 68.5046463 322 185.54647827 149.07644653 322 185.94372559 151.4069519 322 190.83061218 179.00996399 322 186.12449646 184.62228394 322 166.50706482 40.85864639 322 160.1546936 37.1780014 322 190.88116455 179.03941345 322 186.16270447 184.66767883 322 166.54650879 40.81489563 322 160.17221069 37.12217331 322 190.93310547 179.06637573 322 186.19862366 184.71492004 322 171.47854614 68.51846313 322 186.08251953 151.34173584 322 166.58804321 40.77313614 322 160.18699646 37.06555557 322 190.98629761 179.09075928 322 186.23216248 184.76385498 322 166.63157654 40.73346329 322 160.19900513 37.00828552 322 191.0406189 179.11253357 322 186.26322937 184.81440735 322 166.67700195 40.69597244 322 160.20820618 36.95050049 322 191.09593201 179.13162231 322 186.29177856 184.86642456 322 171.63175964 68.52496338 322 186.22427368 151.28321838 322 166.72421265 40.66075897 322 160.21456909 36.89233398 322 191.15209961 179.147995 322 186.31770325 184.9197998 322 166.77310181 40.62790298 322 160.21809387 36.83392715 322 191.20901489 179.16160583 322 186.3409729 184.97438049 322 166.8235321 40.59748459 322 160.21878052 36.77541733 322 191.26651001 179.17243958 322 186.36151123 185.03004456 322 171.78511047 68.5241394 322 186.36865234 151.23155212 322 166.87539673 40.56957626 322 160.21659851 36.71694183 322 191.32447815 179.18045044 322 186.37927246 185.08666992 322 166.92857361 40.54425049 322 160.21157837 36.65864563 322 191.38276672 179.18562317 322 186.39421082 185.14408875 322 166.98292542 40.52156067 322 160.20370483 36.60066223 322 191.44122314 179.1879425 322 186.40629578 185.20217896 322 171.93823242 68.51599884 322 186.51533508 151.18682861 322 167.03833008 40.50156784 322 160.19303894 36.54312897 322 191.4997406 179.18742371 322 186.41548157 185.26080322 322 167.09465027 40.48431778 322 160.17956543 36.48618698 322 191.55815125 179.18405151 322 186.42176819 185.3197937 322 172.09080505 68.50054932 322 186.66398621 151.14915466 322 167.15174866 40.46985245 322 160.16333008 36.42996979 322 191.61633301 179.17782593 322 186.42514038 185.37904358 322 167.20947266 40.45820236 322 160.14437866 36.37460709 322 191.67414856 179.16877747 322 186.42556763 185.43836975 322 167.26771545 40.44940186 322 160.12275696 36.32024002 322 191.73144531 179.15692139 322 186.42306519 185.49765015 322 172.24246216 68.47782898 322 186.81427002 151.11863708 322 167.3263092 40.44347 322 160.09849548 36.26698685 322 191.7881012 179.14228821 322 186.41763306 185.55673218 322 167.38513184 40.44041824 322 160.07168579 36.21498108 322 191.84397888 179.12489319 322 186.40930176 185.61547852 322 167.44403076 40.44025803 322 160.0423584 36.16434479 322 191.89894104 179.10481262 322 186.39805603 185.67375183 322 172.39286804 68.44789886 322 186.96583557 151.09532166 322 167.50286865 40.44298553 322 160.01060486 36.11519623 322 191.95285034 179.08207703 322 186.38395691 185.73138428 322 167.56150818 40.44860077 322 159.97648621 36.06765366 322 192.00559998 179.05673218 322 186.36701965 185.78825378 322 172.54167175 68.41081238 322 187.11834717 151.07928467 322 167.61978149 40.45708466 322 159.94010925 36.02183151 322 192.05703735 179.02885437 322 186.34729004 185.84420776 322 172.68852234 68.36666107 322 187.27145386 151.07054138 322 172.83311462 68.31555176 322 187.42478943 151.06912231 322 181.13319397 191.18891907 322 181.17929077 191.15287781 322 181.22358704 191.11463928 322 181.26596069 191.07427979 322 172.9750824 68.25759125 322 187.57803345 151.07502747 322 173.11413574 68.19291687 322 173.45333862 72.7909317 322 187.7308197 151.08824158 322 186.47694397 146.65150452 322 173.24993896 68.12168121 322 187.88278198 151.10873413 322 173.38217163 68.04403687 322 188.03361511 151.13647461 322 173.51055908 67.9601593 322 188.18293762 151.17137146 322 173.63478088 67.87025452 322 188.33042908 151.21336365 322 173.75457764 67.77452087 322 188.47573853 151.26235962 322 153.36312866 32.82944107 322 188.93605042 142.08329773 322 188.90640259 141.93283081 322 188.08329773 141.71228027 322 177.32591248 76.23764038 322 176.65211487 76.88288116 322 177.35015869 76.394104 322 188.97283936 142.23216248 322 177.30940247 76.08016205 322 189.01670837 142.37910461 322 177.30067444 75.92206573 322 189.0675354 142.52378845 322 187.32289124 144.19580078 322 177.29975891 75.76372528 322 175.08816528 74.8092041 322 189.12521362 142.6658783 322 177.30665588 75.60553741 322 189.18962097 142.80505371 322 177.3213501 75.44788361 322 189.2605896 142.94099426 322 177.34379578 75.29114532 322 189.33798218 143.07339478 322 177.37393188 75.13570404 322 189.42160034 143.20193481 322 177.41171265 74.98193359 322 189.51126099 143.32633972 322 177.45701599 74.83021545 322 189.60676575 143.44631958 322 177.50975037 74.68092346 322 186.07427979 186.26596069 322 189.70788574 143.56159973 322 177.56977844 74.53440094 322 189.81440735 143.67192078 322 177.63696289 74.39102936 322 189.92607117 143.77703857 322 177.71113586 74.25113678 322 190.04263306 143.87669373 322 177.79212952 74.11507416 322 190.1638031 143.97067261 322 177.87971497 73.98316956 322 190.28933716 144.05874634 322 177.96252441 73.870224 322 190.41893005 144.14073181 322 178.05018616 73.76100159 322 190.55229187 144.21643066 322 178.14253235 73.65570831 322 179.03312683 78.67982483 322 178.89881897 78.6058197 322 178.20077515 79.09458923 322 189.70611572 139.20935059 322 188.78210449 139.10427856 322 189.60522461 139.3248291 322 190.68911743 144.28569031 322 178.23937988 73.55453491 322 179.17082214 78.74732971 322 189.81242371 139.09883118 322 190.82910156 144.34831238 322 178.34054565 73.45768738 322 179.31158447 78.80818939 322 189.9238739 138.99349976 322 178.44584656 73.36534882 322 190.97190857 144.40419006 322 179.45509338 78.86225128 322 179.61448669 81.27347565 322 190.04023743 138.89361572 322 189.36534119 136.57328796 322 179.60101318 78.90939331 322 190.16123962 138.79940796 322 179.74902344 78.94952393 322 190.28659058 138.71107483 322 179.89877319 78.98252869 322 190.41603088 138.62882996 322 159.52601624 35.70324707 322 180.04994202 79.00834656 322 190.54924011 138.5528717 322 180.2021637 79.02692413 322 190.6859436 138.48336792 322 180.35510254 79.03820038 322 190.82579041 138.42045593 322 180.50839233 79.04216003 322 190.9684906 138.36430359 322 180.66171265 79.03879547 322 191.1137085 138.3150177 322 180.81469727 79.02811432 322 191.2611084 138.2727356 322 180.96697998 79.01013947 322 191.41036987 138.23754883 322 181.11824036 78.98490906 322 191.56114197 138.20951843 322 181.26812744 78.95249176 322 191.71307373 138.1887207 322 181.41629028 78.91294098 322 180.9519043 83.5 322 191.86582947 138.17520142 322 189.86058044 134.02362061 322 181.56240845 78.86636353 322 192.01905823 138.16900635 322 181.70611572 78.81286621 322 192.17240906 138.17012024 322 186.11048889 186.22813416 322 186.14500427 186.18876648 322 186.17778015 186.14793396 322 186.20874023 186.10571289 322 181.84710693 78.75256348 322 192.32551575 138.17857361 322 181.98506165 78.68559265 322 192.47805786 138.19432068 322 182.11967468 78.61210632 322 192.62966919 138.21733093 322 184.1668396 87.57335663 322 183.39154053 88.08525085 322 184.16384888 87.72511292 322 191.48905945 129.09777832 322 191.43374634 128.95475769 322 190.58483887 128.88047791 322 184.17701721 87.42191315 322 191.55114746 129.23800659 322 184.19432068 87.27111816 322 191.61985779 129.37509155 322 184.21875 87.12130737 322 182.21142578 85.77149963 322 191.69503784 129.50875854 322 190.26724243 131.45831299 322 184.25022888 86.97281647 322 191.77651978 129.63867188 322 184.28868103 86.82598114 322 191.86410522 129.76454163 322 184.33404541 86.68113708 322 191.95761108 129.88609314 322 184.38619995 86.53858948 322 192.05680847 130.0030365 322 184.44503784 86.39866638 322 192.16148376 130.1151123 322 184.51042175 86.26168823 322 192.27139282 130.22206116 322 184.58221436 86.12795258 322 192.38627625 130.32362366 322 191.71879578 126.18109894 322 190.82015991 126.19075775 322 191.66906738 126.26502991 322 184.6602478 85.99775696 322 185.42433167 90.26834869 322 185.30491638 90.17214966 322 184.53260803 90.53227997 322 192.50588989 130.41960144 322 191.77104187 126.09872437 322 159.77357483 35.85785294 322 159.81816101 35.89575195 322 159.72720337 35.82217407 322 159.67913818 35.78879547 322 159.6295166 35.75780106 322 159.57843018 35.72926331 322 184.74433899 85.8713913 322 191.82577515 126.01797485 322 185.54821777 90.35874176 322 192.62994385 130.50975037 322 184.83666992 85.74612427 322 191.91714478 125.89393616 322 185.67626953 90.44311523 322 192.75816345 130.59387207 322 184.93493652 85.62548065 322 192.01435852 125.77442932 322 190.95503235 123.59693909 322 185.80821228 90.52127838 322 185.54647827 92.92354584 322 192.89024353 130.67178345 322 192.1171875 125.65972137 322 185.03895569 85.50974274 322 185.94372559 90.5930481 322 193.02590942 130.74328613 322 192.22540283 125.55007172 322 185.14845276 85.39917755 322 186.08251953 90.65826416 322 193.16482544 130.80822754 322 192.33876038 125.44574738 322 185.26318359 85.29404449 322 186.22427368 90.71677399 322 193.3066864 130.86647034 322 192.45698547 125.34698486 322 185.38287354 85.19460297 322 186.36865234 90.76845551 322 193.45117188 130.91786194 322 192.57981873 125.25400543 322 185.50723267 85.10107422 322 186.51533508 90.81317139 322 179.49816895 51.00289917 322 173.92938232 46.2845726 322 173.90734863 46.31163788 322 199.60917664 165.05810547 322 195.96002197 171.37863159 322 196.00997925 171.40910339 322 193.59794617 130.96229553 322 179.53686523 50.95900726 322 173.95063782 46.25688171 322 173.97106934 46.22858429 322 199.6612854 165.08648682 322 196.05838013 171.44198608 322 179.57765198 50.91705322 322 174.00366211 46.17952347 322 199.71473694 165.11227417 322 196.1051178 171.47718811 322 192.70697021 125.16702271 322 186.66398621 90.85083771 322 185.63598633 85.0136795 322 193.74667358 130.99966431 322 179.62043762 50.87713242 322 174.03379822 46.12892151 322 199.76937866 165.13537598 322 196.15008545 171.51463318 322 179.66511536 50.83934784 322 174.06143188 46.07690048 322 199.82510376 165.15574646 322 196.19317627 171.55421448 322 179.71159363 50.80378723 322 174.08647156 46.02358627 322 199.8817749 165.17333984 322 196.23428345 171.59585571 322 192.83815002 125.08624268 322 186.81427002 90.88136292 322 185.76882935 84.93263245 322 193.89701843 131.02989197 322 179.75973511 50.77053452 322 174.1088562 45.9691124 322 199.9392395 165.18811035 322 196.27331543 171.63945007 322 179.80944824 50.73966599 322 174.12854004 45.91360092 322 199.99737549 165.20002747 322 196.31018066 171.68490601 322 179.8605957 50.71125793 322 174.14549255 45.85719299 322 200.05601501 165.20906067 322 196.34477234 171.73208618 322 192.97303772 125.01184845 322 186.96583557 90.90467072 322 179.91308594 50.68537903 322 174.15965271 45.80001831 322 200.11503601 165.21517944 322 196.37702942 171.78091431 322 179.9667511 50.66208649 322 174.17097473 45.74222183 322 200.17428589 165.21836853 322 196.40687561 171.83123779 322 193.11135864 124.9440155 322 187.11834717 90.92071533 322 180.02151489 50.64144135 322 174.17945862 45.68393707 322 200.23361206 165.21862793 322 196.43421936 171.88296509 322 180.07719421 50.62348938 322 174.18507385 45.62530518 322 200.29289246 165.21594238 322 196.45901489 171.93597412 322 180.13369751 50.60826874 322 174.18780518 45.5664711 322 200.35195923 165.21034241 322 196.48120117 171.9901123 322 193.2527771 124.88289642 322 186.24156189 186.05628967 322 186.27189636 186.0052948 322 186.29968262 185.9528656 322 186.3248291 185.89912415 322 187.27145386 90.92945862 322 180.19087219 50.5958252 322 174.18763733 45.50757217 322 200.41069031 165.201828 322 196.50071716 172.04527283 322 191.74838257 115.86621857 322 191.66906738 115.73497009 322 190.82015991 115.80924225 322 188.93684387 99.91313934 322 188.08329773 100.28771973 322 188.90640259 100.06716156 322 180.24859619 50.58618164 322 174.18460083 45.44874954 322 200.46891785 165.19042969 322 196.51753235 172.10133362 322 191.83387756 115.99353027 322 188.97477722 99.76078796 322 193.3969574 124.82862854 322 180.30670166 50.57936478 322 174.17866516 45.39015198 322 187.42478943 90.93087769 322 200.52650452 165.17616272 322 196.53158569 172.15812683 322 180.36508179 50.57538986 322 174.16986084 45.33191299 322 191.92533875 116.11660767 322 189.02011108 99.61047363 322 200.58332825 165.15905762 322 196.54284668 172.21554565 322 180.42358398 50.57426071 322 174.15821838 45.27417755 322 200.63922119 165.13917542 322 196.55130005 172.27345276 322 192.02259827 116.23518372 322 190.95503235 118.40306091 322 189.07273865 99.46255493 322 187.32289124 97.80419159 322 193.54356384 124.78134155 322 187.57803345 90.92497253 322 180.48207092 50.57598877 322 174.14373779 45.21708298 322 191.48478699 112.9125824 322 190.58483887 113.11951447 322 191.43374634 113.04524231 322 200.69407654 165.11654663 322 196.55693054 172.33169556 322 189.70611572 102.79064178 322 189.60522461 102.67516327 322 188.78210449 102.89571381 322 192.12539673 116.34897614 322 189.13253784 99.31738281 322 180.54040527 50.58056641 322 174.12649536 45.1607666 322 200.7477417 165.0912323 322 196.55970764 172.39013672 322 191.54165649 112.78231812 322 189.81242371 102.90117645 322 180.59844971 50.58797836 322 174.10650635 45.10536575 322 200.8000946 165.06329346 322 196.55963135 172.44865417 322 193.69229126 124.7411499 322 191 121 322 192.23350525 116.45772552 322 187.7308197 90.91175842 322 186.47694397 95.34848785 322 189.19935608 99.17530823 322 180.65606689 50.5982132 322 174.08381653 45.05101395 322 191.60423279 112.65468597 322 200.85099792 165.0328064 322 196.55670166 172.50709534 322 189.9238739 103.00650024 322 180.71310425 50.6112442 322 174.05848694 44.99783707 322 192.34669495 116.56119537 322 200.90032959 164.99984741 322 196.55093384 172.56532288 322 189.27305603 99.0366745 322 191.6723938 112.52996063 322 190.26724243 110.54167938 322 180.76945496 50.62704086 322 174.03057861 44.94596863 322 193.84275818 124.70812988 322 187.88278198 90.89126587 322 190.04023743 103.10638428 322 189.36534119 105.42671204 322 200.94798279 164.96447754 322 196.54232788 172.62319946 322 192.46470642 116.65913391 322 180.82495117 50.64556503 322 200.99382019 164.92680359 322 189.35343933 98.90180969 322 191.74601746 112.40837097 322 190.16123962 103.20059967 322 192.58724976 116.75132751 322 193.99464417 124.68237305 322 188.03361511 90.86353302 322 189.44032288 98.77104187 322 191.82495117 112.2901535 322 190.28659058 103.28892517 322 192.71405029 116.83756256 322 189.52970886 98.64955902 322 191.91845703 112.16335297 322 194.14759827 124.6639328 322 188.18293762 90.82862854 322 190.41603088 103.37116241 322 192.84483337 116.91764832 322 189.62469482 98.53240967 322 192.01808167 112.04129028 322 190.54924011 103.4471283 322 194.30125427 124.65285492 322 188.33042908 90.78662872 322 192.97927856 116.99138641 322 189.72509766 98.41985321 322 192.12356567 111.924263 322 190.6859436 103.51663971 322 194.45526123 124.64915466 322 193.11711121 117.05862427 322 189.83065796 98.31214142 322 192.23466492 111.81254578 322 190.82579041 103.57954407 322 193.25799561 117.11920929 322 189.94117737 98.20950317 322 192.35112 111.7064209 322 190.9684906 103.63570404 322 193.40159607 117.17298889 322 190.05638123 98.11216736 322 192.47264099 111.60614014 322 191.1137085 103.68497467 322 193.54760742 117.21984863 322 190.17604065 98.0203476 322 167.73475647 40.48257065 322 167.79116821 40.49951553 322 167.67758179 40.46841812 322 159.90151978 35.97784042 322 159.86083984 35.93577957 322 192.59893799 111.51194 322 191.2611084 103.7272644 322 193.69569397 117.25968933 322 190.29988098 97.93425751 322 192.72969055 111.42404938 322 191.41036987 103.7624588 322 193.84552002 117.29240417 322 190.4276123 97.85407257 322 192.86460876 111.34268188 322 191.56114197 103.79048157 322 193.99673462 117.3179245 322 190.55899048 97.77998352 322 193.00335693 111.26803589 322 191.71307373 103.8112793 322 194.14898682 117.3361969 322 190.69369507 97.71214294 322 193.14559937 111.20027924 322 189.86058044 107.97638702 322 191.86582947 103.82479095 322 194.30195618 117.34718323 322 190.83143616 97.65070343 322 193.29100037 111.13959503 322 192.01905823 103.83099365 322 190.97190857 97.59580994 322 194.45526123 117.35084534 322 193.43919373 111.08610535 322 192.17240906 103.82987213 322 193.58984375 111.03996277 322 192.32551575 103.82143402 322 193.74256897 111.00126648 322 192.47805786 103.80568695 322 192.62966919 103.78266907 322 193.89701843 110.97010803 322 192.10707092 178.99850464 322 192.1555481 178.96574402 322 192.20237732 178.93066406 322 192.24743652 178.89334106 322 192.29063416 178.85386658 322 203.4934082 156.72834778 322 168.00648499 40.59425735 322 168.05708313 40.62440109 322 167.95446777 40.56663513 322 167.90115356 40.54159927 322 167.84667969 40.519207 322 192.33184814 178.81233215 322 192.37098694 178.76882935 322 192.40797424 178.72348022 322 192.44268799 178.67637634 322 168.1061554 40.65699005 322 173.67637634 44.5573082 322 190.68836975 63.09265518 322 186.03646851 57.46730423 322 185.99710083 57.50182724 322 205.98957825 149.87017822 322 206.04470825 149.88874817 322 203.54789734 156.74969482 322 190.73408508 63.05614853 322 186.07427979 57.43109894 322 206.10067749 149.90461731 322 203.60127258 156.77366638 322 190.78153992 63.02191162 322 186.11048889 57.39328003 322 206.15734863 149.91775513 322 203.65341187 156.80023193 322 190.83061218 62.9900322 322 186.14500427 57.35391617 322 206.21458435 149.9281311 322 203.70419312 156.82928467 322 190.88116455 62.96057892 322 186.17778015 57.31308746 322 206.27226257 149.93572998 322 203.75350952 156.86079407 322 190.93310547 62.93362808 322 186.20874023 57.27086258 322 206.33023071 149.94052124 322 203.80122375 156.89465332 322 190.98629761 62.90924072 322 186.24182129 57.22101212 322 206.3883667 149.94248962 322 203.847229 156.93081665 322 191.0406189 62.88747406 322 186.27238464 57.16957092 322 206.4465332 149.94165039 322 203.89141846 156.96916199 322 191.09593201 62.86837769 322 186.30033875 57.1166687 322 206.5045929 149.93798828 322 203.9336853 157.0096283 322 191.15209961 62.852005 322 186.32562256 57.06244278 322 206.56240845 149.9315033 322 203.97393799 157.05210876 322 191.20901489 62.83839035 322 186.34817505 57.00702286 322 206.61982727 149.92224121 322 204.0120697 157.09649658 322 191.26651001 62.82756424 322 186.36793518 56.95054626 322 206.67674255 149.91020203 322 204.04798889 157.14268494 322 191.32447815 62.81955338 322 186.38487244 56.89315414 322 206.73300171 149.89541626 322 204.081604 157.19058228 322 191.38276672 62.81438065 322 186.39891052 56.83499146 322 206.78848267 149.87792969 322 204.112854 157.24005127 322 191.44122314 62.81205368 322 186.41003418 56.77620316 322 206.8430481 149.85775757 322 204.1416626 157.29098511 322 191.4997406 62.81257629 322 186.41821289 56.71693039 322 206.89657593 149.8349762 322 204.16793823 157.34326172 322 191.55815125 62.81595612 322 186.42341614 56.65732193 322 206.94894409 149.80963135 322 204.19165039 157.39675903 322 191.61633301 62.82217789 322 186.42565918 56.59753036 322 207 149.78178406 322 204.21270752 157.45135498 322 191.67414856 62.83122635 322 186.4249115 56.53770447 322 207.04966736 149.7514801 322 204.23109436 157.50689697 322 191.73144531 62.84308243 322 186.42118835 56.47798538 322 207.09779358 149.71881104 322 204.24674988 157.5632782 322 191.7881012 62.85771942 322 186.41448975 56.41852951 322 207.14428711 149.68385315 322 204.2596283 157.62036133 322 191.84397888 62.87509918 322 186.40483093 56.359478 322 207.18902588 149.64666748 322 204.26971436 157.67799377 322 191.89894104 62.89518356 322 186.39224243 56.30098343 322 196.34301758 173.1061554 322 207.23191833 149.6073761 322 204.27697754 157.73605347 322 191.95285034 62.91792297 322 186.37675476 56.24318695 322 207.27285767 149.56604004 322 204.28140259 157.79440308 322 192.00559998 62.94326019 322 186.3584137 56.18623734 322 207.31173706 149.52276611 322 204.2829895 157.85290527 322 192.05703735 62.97114182 322 173.7237854 44.59226608 322 195.96002197 70.62137604 322 196.37539673 173.05741882 322 196.40536499 173.00715637 322 196.43284607 172.95549011 322 196.45777893 172.90255737 322 173.89460754 44.75400925 322 173.93208313 44.79943848 322 173.85491943 44.71047592 322 173.81317139 44.6689415 322 173.76940918 44.62950516 322 199.60917664 76.94189453 322 196.00968933 70.59107208 322 209.63569641 133.80505371 322 208.36834717 140.99247742 322 208.42572021 141.00404358 322 199.66055298 76.91388702 322 196.05781555 70.55840302 322 209.69421387 133.81388855 322 208.48243713 141.01838684 322 199.71324158 76.88841248 322 196.10430908 70.52344513 322 209.75309753 133.81982422 322 208.53840637 141.03547668 322 199.76708984 76.86553192 322 196.14904785 70.48626709 322 209.81219482 133.82286072 322 208.59346008 141.05528259 322 199.82199097 76.8453064 322 196.19194031 70.44696808 322 209.87138367 133.82296753 322 208.64749146 141.07774353 322 199.87782288 76.82778168 322 196.23287964 70.40563202 322 209.93049622 133.82015991 322 208.70036316 141.10281372 322 199.93444824 76.81300354 322 196.27175903 70.36236572 322 209.9894104 133.81445312 322 208.75195312 141.13043213 322 199.99171448 76.80099487 322 196.3085022 70.31726074 322 210.04795837 133.80583191 322 208.80213928 141.16053772 322 200.04949951 76.79180145 322 196.34301758 70.27043915 322 210.10601807 133.79434204 322 208.8507843 141.19303894 322 200.10766602 76.78543091 322 196.37545776 70.22159576 322 210.16343689 133.77999878 322 208.89779663 141.22787476 322 200.16607666 76.78190613 322 196.40548706 70.1712265 322 210.22007751 133.7628479 322 208.9430542 141.26496887 322 200.22457886 76.78122711 322 196.43301392 70.11945343 322 196.48010254 172.84848022 322 196.49975586 172.79336548 322 196.51670837 172.73735046 322 196.53091431 172.68058777 322 210.27581787 133.74291992 322 208.9864502 141.30422974 322 200.28305054 76.78340149 322 196.45797729 70.06639862 322 210.33049011 133.72027588 322 209.02787781 141.34555054 322 200.34135437 76.78842926 322 196.48033142 70.01218414 322 210.38398743 133.69496155 322 209.06724548 141.38883972 322 200.39933777 76.79628754 322 196.5 69.95694733 322 210.43617249 133.66703796 322 209.10444641 141.43400574 322 200.4568634 76.80696869 322 196.51693726 69.90081024 322 210.48690796 133.63656616 322 209.1394043 141.48092651 322 200.5138092 76.82043457 322 196.53112793 69.84391785 322 210.53608704 133.6036377 322 209.17204285 141.52949524 322 200.57003784 76.83666992 322 196.54251099 69.78639221 322 210.58358765 133.56832886 322 209.20227051 141.57958984 322 200.62539673 76.85562134 322 196.55108643 69.72838593 322 210.62927246 133.53071594 322 209.23002625 141.63110352 322 200.67976379 76.87724304 322 196.55680847 69.67002869 322 210.67306519 133.49090576 322 209.25521851 141.68391418 322 200.73301697 76.90149689 322 196.55967712 69.61146545 322 210.71482849 133.44897461 322 209.27783203 141.73788452 322 200.78501892 76.92831421 322 196.55967712 69.55282593 322 210.75448608 133.40504456 322 209.29777527 141.79290771 322 200.83566284 76.9576416 322 196.55680847 69.49425507 322 210.79191589 133.35920715 322 209.31500244 141.84881592 322 200.8848114 76.98939514 322 196.55108643 69.43589783 322 210.82705688 133.31156921 322 209.32949829 141.90551758 322 200.93234253 77.02350616 322 196.54251099 69.37789154 322 210.85868835 133.26402283 322 209.34120178 141.96284485 322 200.97816467 77.05989838 322 210.88803101 133.2150116 322 180.93292236 50.69061279 322 180.98513794 50.71703339 322 180.87948608 50.66677475 322 174.00015259 44.8955307 322 173.96730042 44.84664917 322 210.4367218 124.64915466 322 201.03773499 164.88691711 322 201.07963562 164.84489441 322 201.11940002 164.80085754 322 201.15693665 164.75491333 322 201.19216919 164.70716858 322 205.98957825 92.12982178 322 203.54592896 85.25112915 322 210.4367218 117.35084534 322 210.49430847 117.34946442 322 210.495224 124.65058136 322 206.04504395 92.11115265 322 203.59741211 85.22816467 322 210.55174255 117.34532166 322 210.55358887 124.65486145 322 206.10133362 92.09521484 322 203.64778137 85.20279694 322 210.60891724 117.33842468 322 210.61166382 124.66197205 322 206.15835571 92.08203888 322 203.69688416 85.17510223 322 210.66569519 117.32879639 322 210.66932678 124.67191315 322 206.21594238 92.07165527 322 203.74464417 85.14512634 322 210.72195435 117.31645203 322 210.72644043 124.68465424 322 206.2739563 92.06408691 322 203.79093933 85.11294556 322 210.77754211 117.30142975 322 210.78285217 124.70015717 322 206.33227539 92.05936432 322 203.83566284 85.07862091 322 210.83235168 117.28375244 322 210.8384552 124.71839905 322 206.39076233 92.05748749 322 203.8787384 85.04223633 322 210.88626099 117.26346588 322 210.89309692 124.73932648 322 206.44926453 92.05846405 322 203.92004395 85.00386047 322 210.93911743 117.24061584 322 210.94665527 124.76289368 322 206.50765991 92.06229401 322 203.95951843 84.96359253 322 210.99082947 117.21525574 322 210.99900818 124.78903961 322 206.5657959 92.0689621 322 203.99703979 84.92151642 322 211.04125977 117.18744659 322 211.05001831 124.81771088 322 206.62353516 92.07845306 322 204.03256226 84.87772369 322 211.09030151 117.15724945 322 211.0995636 124.84883118 322 206.68074036 92.09075165 322 204.06596375 84.83231354 322 211.13783264 117.12473297 322 211.14753723 124.88233185 322 206.73727417 92.10582733 322 204.09906006 84.78245544 322 211.18374634 117.08997345 322 211.1938324 124.9181366 322 206.79301453 92.12363434 322 204.12962341 84.73101807 322 209.63569641 108.19495392 322 208.36834717 101.00751495 322 211.22795105 117.05305481 322 211.23831177 124.95614624 322 206.8478241 92.14414215 322 204.15757751 84.67811584 322 209.69354248 108.18619537 322 208.42608643 100.9958725 322 211.27032471 117.01405334 322 211.28088379 124.99628448 322 206.90156555 92.16729736 322 204.18286133 84.62389374 322 209.75175476 108.18027496 322 208.48318481 100.98139954 322 211.31077576 116.97306061 322 211.32145691 125.03844452 322 206.95410156 92.19303894 322 204.20541382 84.56847382 322 211.34921265 116.93018341 322 211.35992432 125.08254242 322 209.81019592 108.17720032 322 208.539505 100.96414948 322 207.00532532 92.22131348 322 204.22517395 84.51199341 322 211.38555908 116.88550568 322 211.39620972 125.12845612 322 181.22358704 50.88536453 322 181.26596069 50.9257164 322 181.17929077 50.84712219 322 181.13319397 50.81108475 322 181.08538818 50.77733994 322 181.03599548 50.74596405 322 207.05511475 92.25205231 322 204.24209595 84.4546051 322 209.86871338 108.17697144 322 208.59489441 100.94416046 322 211.41970825 116.83913422 322 211.43019104 125.17608643 322 207.10334778 92.28518677 322 204.25613403 84.3964386 322 209.9271698 108.17960358 322 208.64926147 100.92147064 322 211.45280457 116.78928375 322 211.46182251 125.22531128 322 207.1499176 92.32062531 322 204.26725769 84.33764648 322 211.48335266 116.73783875 322 211.49101257 125.27602386 322 207.19468689 92.35829926 322 204.2754364 84.27838135 322 209.9854126 108.18507385 322 208.7024231 100.89614105 322 211.51132202 116.68494415 322 211.5177002 125.32810211 322 207.23757935 92.39810181 322 204.28065491 84.21877289 322 210.04333496 108.19338226 322 208.75430298 100.86823273 322 211.53660583 116.63071442 322 211.54180908 125.38141632 322 207.2784729 92.43995667 322 204.28289795 84.15898132 322 211.55915833 116.57529449 322 211.56330872 125.43583679 322 207.317276 92.48374939 322 210.1007843 108.20450592 322 208.80473328 100.83781433 322 210.15762329 108.21840668 322 208.85362244 100.80496216 322 210.2137146 108.23506927 322 208.90083313 100.76974487 322 210.26893616 108.25444794 322 208.94625854 100.73225403 322 210.32313538 108.27649689 322 208.98979187 100.69258118 322 210.37619019 108.30115509 322 209.03132629 100.6508255 322 210.42799377 108.32837677 322 209.070755 100.60707092 322 210.47840881 108.35808563 322 209.10800171 100.56144714 322 210.52731323 108.39022064 322 209.14295959 100.51403809 322 210.57458496 108.42469788 322 209.17515564 100.46559143 322 210.62011719 108.46144104 322 209.20497131 100.41564178 322 210.66381836 108.50035858 322 209.23233032 100.36430359 322 210.70556641 108.54135895 322 209.25717163 100.31170654 322 210.74525452 108.58435059 322 209.2794342 100.25796509 322 210.78282166 108.62921906 322 209.29907227 100.20320129 322 210.81814575 108.6758728 322 209.31602478 100.14755249 322 210.85115051 108.72418976 322 209.33026123 100.09115601 322 210.88175964 108.77405548 322 209.3417511 100.03412628 322 201.22125244 164.66363525 322 201.24841309 164.61886597 322 201.27359009 164.57296753 322 201.29675293 164.52601624 322 186.07427979 55.73404312 322 204.17056274 158.36312866 322 186.11552429 55.77739334 322 204.19398499 158.30950928 322 204.21476746 158.25480652 322 204.23286438 158.19915771 322 204.24822998 158.1427002 322 186.28669739 56.02185059 322 186.31332397 56.07543182 322 186.25743103 55.96966171 322 186.22558594 55.91900253 322 186.19126892 55.86998749 322 186.15455627 55.82274628 322 207.34848022 149.47766113 322 204.26081848 158.08555603 322 204.27061462 158.02786255 322 204.27758789 157.96977234 322 204.28170776 157.91139221 322 192.1555481 63.03425598 322 192.20237732 63.06933975 322 192.10707092 63.00149918 322 186.33724976 56.13027191 322 207.38299561 149.43083191 322 207.41607666 149.38098145 322 207.44664001 149.32954407 322 207.47459412 149.27664185 322 207.49987793 149.22241211 322 192.40797424 63.27651978 322 192.44268799 63.32361984 322 192.37098694 63.23116684 322 192.33184814 63.18767166 322 192.29063416 63.14613724 322 192.24743652 63.10666275 322 207.52243042 149.16699219 322 207.54219055 149.11051941 322 207.55911255 149.0531311 322 196.34301758 68.89385223 322 209.3190918 142.48483276 322 196.37545776 68.94269562 322 209.33285522 142.42796326 322 209.34382629 142.3704834 322 209.35197449 142.31254578 322 209.3572998 142.25427246 322 196.48033142 69.15209961 322 196.5 69.20734406 322 196.45797729 69.09789276 322 196.43301392 69.04483032 322 196.40548706 68.99305725 322 196.51693726 69.26347351 322 209.35978699 142.19581604 322 209.35940552 142.13729858 322 209.35618591 142.07887268 322 209.35011292 142.02067566 322 201.10424805 77.18183899 322 201.14215088 77.22642517 322 201.06422424 77.13916016 322 201.02215576 77.09848022 322 196.53112793 69.32037354 322 210.91499329 133.16467285 322 210.93954468 133.11309814 322 210.96160889 133.0604248 322 210.9811554 133.00675964 322 210.99810791 132.95220947 322 211.01245117 132.89692688 322 201.27073669 77.42156982 322 201.29675293 77.47398376 322 201.24220276 77.37049103 322 201.21121216 77.32086182 322 201.17782593 77.27279663 322 211.02415466 132.84101868 322 211.03317261 132.78462219 322 211.039505 132.7278595 322 204.17056274 83.63687897 322 211.63215637 125.95374298 322 204.19448853 83.69171906 322 204.21565247 83.74768829 322 211.63583374 125.8953476 322 211.63665771 125.83683777 322 211.63464355 125.77835846 322 211.62976074 125.720047 322 211.62205505 125.66204071 322 204.27172852 83.97997284 322 204.27842712 84.03943634 322 204.2620697 83.92092896 322 204.2494812 83.86243439 322 204.23399353 83.80463409 322 211.61152649 125.60448456 322 211.59819031 125.54750824 322 211.58210754 125.49124908 322 211.57891846 116.51882172 322 204.28215027 84.09915161 322 207.42027283 92.62573242 322 207.44984436 92.67621613 322 207.38825989 92.57675171 322 207.35389709 92.52938843 322 211.59584045 116.46142578 322 211.60987854 116.40326691 322 211.6210022 116.34447479 322 211.62918091 116.28520203 322 211.63439941 116.22559357 322 211.63664246 116.165802 322 207.54260254 92.89073181 322 207.55911255 92.9468689 322 207.52336121 92.83547211 322 207.50146484 92.78121185 322 207.47692871 92.72808838 322 211.63589478 116.10597229 322 211.63215637 116.04625702 322 209.3190918 99.51516724 322 211.039505 109.27213287 322 209.33277893 99.57170105 322 209.34370422 99.62883759 322 211.0329895 109.21398163 322 211.02363586 109.15621948 322 211.01148987 109.09898376 322 210.99656677 109.04240417 322 210.97889709 108.98661804 322 209.35636902 99.91873932 322 209.35044861 99.97660828 322 209.35946655 99.86064911 322 209.35975647 99.80247498 322 209.35720825 99.74436188 322 209.35186768 99.68643951 322 210.95852661 108.9317627 322 210.93551636 108.87796783 322 210.90989685 108.82535553</float_array>
          <technique_common>
            <accessor source="#pos_0-array" count="27264" stride="3">
              <param name="X" type="float"/>
              <param name="Y" type="float"/>
              <param name="Z" type="float"/>
            </accessor>
          </technique_common>
        </source>
        <vertices id="vert_0">
          <input semantic="POSITION" source="#pos_0"/>
        </vertices>
        <triangles count="18176" material="mat_0">
          <input semantic="VERTEX" source="#vert_0" offset="0"/>
          <p>0 1 2 3 2 4 3 0 2 5 4 6 5 3 4 7 6 8 7 5 6 9 8 10 9 7 8 11 9 10 11 10 12 13 12 14 13 11 12 15 13 14 15 14 16 17 16 18 17 15 16 19 18 20 19 17 18 21 20 22 21 19 20 23 22 24 23 21 22 25 24 26 25 23 24 27 26 28 27 25 26 29 28 30 29 27 28 31 30 32 31 29 30 33 32 34 33 31 32 35 34 36 35 33 34 37 36 38 37 35 36 39 38 40 39 37 38 41 40 42 41 39 40 43 42 44 43 41 42 45 44 46 45 43 44 47 46 48 47 45 46 49 48 50 49 47 48 51 50 52 51 49 50 53 52 54 53 51 52 55 54 56 55 53 54 57 56 58 57 55 56 59 58 60 59 57 58 61 59 60 61 60 62 63 61 62 63 62 64 65 63 64 65 64 66 67 65 66 67 66 68 69 67 68 69 68 70 71 69 70 71 70 72 73 71 72 73 72 74 75 73 74 75 74 76 77 75 76 77 76 78 79 77 78 79 78 80 81 80 82 81 79 80 83 82 84 83 81 82 85 84 86 85 83 84 87 86 88 87 85 86 89 88 90 89 87 88 91 89 90 92 90 93 92 91 90 94 93 95 94 92 93 96 95 97 96 94 95 98 97 99 98 96 97 100 99 101 100 98 99 102 101 103 102 100 101 104 103 105 104 102 103 106 105 107 106 104 105 108 107 109 108 106 107 110 109 111 110 108 109 112 110 111 112 111 113 114 112 113 114 113 115 116 114 115 116 115 117 118 116 117 118 117 119 120 118 119 120 119 121 122 120 121 122 121 123 124 122 123 124 123 125 126 124 125 126 125 127 128 126 127 128 127 129 130 128 129 130 129 131 132 130 131 132 131 133 134 132 133 134 133 135 136 134 135 136 135 137 138 136 137 138 137 139 140 138 139 140 139 141 142 140 141 142 141 143 144 142 143 144 143 145 146 144 145 146 145 147 148 146 147 148 147 149 150 149 151 150 148 149 152 151 153 152 150 151 154 153 155 154 152 153 156 155 157 156 154 155 158 157 159 158 156 157 160 159 161 160 158 159 162 160 161 162 161 163 164 162 163 164 163 165 166 164 165 166 165 167 168 166 167 168 167 169 170 168 169 170 169 171 172 170 171 172 171 173 174 172 173 174 173 175 176 174 175 176 175 177 178 176 177 178 177 179 178 179 180 181 178 180 181 180 182 183 182 184 183 181 182 185 184 186 185 183 184 187 186 188 187 185 186 189 187 188 189 188 190 191 189 190 191 190 192 193 191 192 193 192 194 195 193 194 195 194 196 197 195 196 197 196 198 199 198 200 199 197 198 201 200 202 201 199 200 203 202 204 203 201 202 205 204 206 205 203 204 207 206 208 207 205 206 209 208 210 209 207 208 211 210 212 211 209 210 213 212 214 213 211 212 215 214 216 215 213 214 217 216 218 217 215 216 219 218 220 219 217 218 221 220 222 221 219 220 223 222 224 223 221 222 225 224 226 225 223 224 227 226 228 227 225 226 229 228 230 229 227 228 231 230 232 231 229 230 233 232 234 233 231 232 235 234 236 235 233 234 237 236 238 237 235 236 239 237 238 239 238 240 241 239 240 241 240 242 243 241 242 243 242 244 245 243 244 245 244 246 247 245 246 247 246 248 249 247 248 249 248 250 251 250 252 251 249 250 253 252 254 253 251 252 255 254 256 255 253 254 257 256 258 257 255 256 259 258 260 259 257 258 261 260 262 261 259 260 263 262 264 263 261 262 265 264 266 265 263 264 267 265 266 268 266 269 268 267 266 270 269 271 270 268 269 272 271 273 272 270 271 274 273 275 274 272 273 276 275 277 276 274 275 278 277 279 278 276 277 280 279 281 280 278 279 282 281 283 282 280 281 284 283 285 284 282 283 286 285 287 286 284 285 288 287 289 288 286 287 290 288 289 290 289 291 292 290 291 292 291 293 294 292 293 294 293 295 296 294 295 296 295 297 298 296 297 298 297 299 300 298 299 300 299 301 302 300 301 302 301 303 304 302 303 304 303 305 306 304 305 306 305 307 308 306 307 308 307 309 310 308 309 310 309 311 312 310 311 312 311 313 314 312 313 314 313 315 316 315 317 316 314 315 318 316 317 318 317 319 320 319 321 320 318 319 322 321 323 322 320 321 324 323 325 324 322 323 326 325 327 326 324 325 328 327 329 328 326 327 330 329 331 330 328 329 332 331 333 332 330 331 334 333 335 334 332 333 336 335 337 336 334 335 338 337 339 338 336 337 340 338 339 340 339 341 342 340 341 342 341 343 344 342 343 344 343 345 346 344 345 346 345 347 348 346 347 348 347 349 350 348 349 350 349 351 352 350 351 352 351 353 354 352 353 354 353 355 0 354 355 0 355 1 224 356 226 220 357 358 356 359 226 224 360 356 358 361 220 218 362 220 220 362 357 359 363 226 226 363 228 224 364 360 361 365 220 224 366 364 220 367 222 365 367 220 224 368 366 367 369 222 224 370 368 369 371 222 224 372 370 222 372 224 371 373 222 222 374 372 373 375 222 222 375 374 375 376 374 375 377 376 377 378 376 377 379 378 379 380 378 379 381 380 381 382 380 381 383 382 383 384 382 383 385 384 385 386 384 385 387 386 387 388 386 387 389 388 389 390 388 389 391 390 391 392 390 391 393 392 393 394 392 393 395 394 395 396 394 395 397 396 397 398 396 397 399 398 399 400 398 399 401 400 401 402 400 401 403 402 216 404 218 218 404 362 228 405 230 363 405 228 405 406 230 216 407 404 406 408 230 214 409 216 216 409 407 408 410 230 214 411 409 403 412 402 403 413 412 410 414 230 214 415 411 230 416 232 414 416 230 214 417 415 416 418 232 214 419 417 413 420 412 413 421 420 418 422 232 214 423 419 422 424 232 212 425 214 214 425 423 421 426 420 421 427 426 424 428 232 212 429 425 427 430 426 427 431 430 431 432 430 431 433 432 433 434 432 433 435 434 435 436 434 435 437 436 437 438 436 437 439 438 439 440 438 439 441 440 441 442 440 441 443 442 444 445 443 443 445 442 210 446 212 446 447 212 234 448 449 449 450 234 210 451 446 447 452 212 232 453 234 234 453 448 450 454 234 210 455 451 452 456 212 232 457 453 234 458 236 454 458 234 210 459 455 456 460 212 212 460 429 461 462 428 428 462 232 232 462 457 458 463 236 210 464 459 429 465 466 460 465 429 467 468 461 461 468 462 208 469 210 210 469 464 236 470 238 463 470 236 466 471 472 465 471 466 473 474 467 467 474 468 472 475 476 471 475 472 477 478 473 473 478 474 475 479 476 476 479 480 481 482 477 477 482 478 479 483 480 480 483 484 485 486 481 481 486 482 484 487 488 483 487 484 489 490 485 485 490 486 488 491 492 487 491 488 489 493 490 494 493 489 492 495 496 491 495 492 497 498 494 494 498 493 495 499 496 496 499 500 501 502 497 497 502 498 499 503 500 500 503 504 501 505 502 506 505 501 503 507 504 504 507 508 506 509 505 510 509 506 507 511 508 508 511 512 510 513 509 514 513 510 511 515 512 512 515 516 514 517 513 518 517 514 515 519 516 516 519 520 518 521 517 522 521 518 519 523 520 520 523 524 522 525 521 526 525 522 523 527 524 524 527 528 526 529 525 530 529 526 528 531 532 527 531 528 530 533 529 534 533 530 532 535 536 531 535 532 534 537 533 538 537 534 535 539 536 536 539 540 538 541 537 542 541 538 539 543 540 540 543 544 542 545 541 546 545 542 543 547 544 544 547 548 546 549 545 550 549 546 548 551 552 547 551 548 550 553 549 554 553 550 552 555 556 551 555 552 557 558 554 554 558 553 556 559 560 555 559 556 561 562 557 557 562 558 560 563 564 559 563 560 561 565 562 206 566 208 208 566 469 238 567 240 470 567 238 206 568 566 567 569 240 206 570 568 569 571 240 204 572 206 206 572 570 571 573 240 204 574 572 573 575 240 204 576 574 575 577 240 240 577 242 204 578 576 577 579 242 204 580 578 579 581 242 204 582 580 581 583 242 202 584 204 204 584 582 583 585 242 202 586 584 584 586 587 585 588 242 589 588 585 588 590 242 202 591 586 586 592 587 587 592 593 589 594 588 595 594 589 242 596 244 590 596 242 202 597 591 592 598 593 593 598 599 595 600 594 601 600 595 596 602 244 202 603 597 598 604 599 599 604 605 601 606 600 607 606 601 602 608 244 202 609 603 604 610 605 605 610 611 607 612 606 613 612 607 608 614 244 200 615 202 202 615 609 610 616 611 611 616 617 613 618 612 619 618 613 614 620 244 200 621 615 616 622 617 617 622 623 624 625 619 619 625 618 620 626 244 200 627 621 622 628 623 623 628 629 624 630 625 631 630 624 244 632 246 626 632 244 200 633 627 629 634 635 628 634 629 631 636 630 637 636 631 200 638 633 198 638 200 246 639 248 632 639 246 634 640 635 635 640 641 637 642 636 643 642 637 641 644 645 640 644 641 643 646 642 647 646 643 645 648 649 644 648 645 647 650 646 651 650 647 648 652 649 649 652 653 651 654 650 655 654 651 652 656 653 653 656 657 655 658 654 659 658 655 657 660 661 656 660 657 659 662 658 663 662 659 660 664 661 661 664 665 663 666 662 667 666 663 664 668 665 665 668 669 667 670 666 671 670 667 668 672 669 669 672 673 671 674 670 675 674 671 673 676 677 672 676 673 675 678 674 679 678 675 676 680 677 677 680 681 679 682 678 683 682 679 680 684 681 681 684 685 683 686 682 687 686 683 684 688 685 685 688 689 687 690 686 691 690 687 688 692 689 689 692 693 694 695 691 691 695 690 692 696 693 693 696 697 698 699 694 694 699 695 696 700 697 697 700 701 702 703 698 698 703 699 700 704 701 702 705 703 198 706 638 196 706 198 248 707 250 639 707 248 707 708 250 196 709 706 708 710 250 196 711 709 710 712 250 196 713 711 194 713 196 712 714 250 194 715 713 714 716 250 194 717 715 716 718 250 250 718 252 194 719 717 718 720 252 194 721 719 720 722 252 194 723 721 192 723 194 722 724 252 192 725 723 726 727 728 729 730 731 729 732 730 733 732 729 726 734 727 735 734 726 727 736 728 728 736 737 730 738 731 731 738 739 733 740 732 741 740 733 735 742 734 743 742 735 736 744 737 737 744 745 738 746 739 739 746 747 741 748 740 725 748 741 743 749 742 750 749 743 724 751 252 744 751 745 745 751 724 746 752 747 747 752 753 192 754 725 725 754 748 750 755 749 756 755 750 751 757 252 753 758 759 752 758 753 192 760 754 761 762 756 756 762 755 252 763 254 757 763 252 758 764 759 759 764 765 192 766 760 767 768 761 761 768 762 763 769 254 764 770 765 765 770 771 192 772 766 767 773 768 774 773 767 769 775 254 770 776 771 771 776 777 192 778 772 779 780 774 774 780 773 775 781 254 777 782 783 776 782 777 192 784 778 190 784 192 785 786 779 779 786 780 781 787 254 783 788 789 782 788 783 190 790 784 785 791 786 792 791 785 789 793 794 788 793 789 787 795 254 190 796 790 792 797 791 798 797 792 794 799 800 793 799 794 795 801 254 254 801 256 190 802 796 798 803 797 804 803 798 800 805 806 799 805 800 190 807 802 188 807 190 801 808 256 256 808 258 804 809 803 810 809 804 806 811 812 805 811 806 810 813 809 814 813 810 812 815 816 811 815 812 814 817 813 818 817 814 815 819 816 816 819 820 818 821 817 822 821 818 820 823 824 819 823 820 825 826 822 822 826 821 824 827 828 823 827 824 825 829 826 830 829 825 827 831 828 828 831 832 830 833 829 834 833 830 832 835 836 831 835 832 834 837 833 838 837 834 836 839 840 835 839 836 841 842 838 838 842 837 840 843 844 839 843 840 841 845 842 444 846 445 846 847 445 561 848 565 564 849 850 563 849 564 848 851 565 188 852 807 186 852 188 258 853 260 808 853 258 186 854 852 853 855 260 186 856 854 855 857 260 186 858 856 857 859 260 184 860 186 186 860 858 859 861 260 184 862 860 861 863 260 184 864 862 863 865 260 260 865 262 184 866 864 865 867 262 184 868 866 867 869 262 184 870 868 182 870 184 869 871 262 872 873 874 874 873 875 875 873 876 876 873 846 847 873 877 877 873 878 878 873 879 879 873 880 880 873 881 846 873 847 882 873 872 704 883 701 702 884 705 882 885 873 886 885 887 887 885 888 888 885 889 889 885 890 890 885 891 891 885 892 892 885 893 893 885 894 894 885 895 895 885 896 896 885 897 897 885 898 898 885 882 873 899 881 881 899 900 900 899 901 901 899 902 902 899 903 903 899 904 904 899 905 905 899 906 906 899 907 907 899 908 908 899 909 909 899 910 910 899 911 911 899 912 886 913 885 914 913 915 915 913 916 916 913 917 917 913 886 899 918 912 912 918 919 919 918 920 920 918 921 921 918 922 923 924 925 925 924 926 926 924 927 927 924 928 929 930 931 931 930 932 932 930 933 933 930 934 923 935 924 936 935 937 937 935 938 938 935 939 939 935 940 940 935 941 941 935 942 942 935 943 943 935 944 944 935 945 945 935 946 946 935 947 947 935 948 948 935 923 934 949 950 950 949 951 951 949 952 952 949 953 953 949 954 954 949 955 955 949 956 956 949 957 957 949 958 958 949 959 959 949 960 960 949 961 961 949 962 930 949 934 936 963 935 849 963 850 964 963 965 965 963 966 966 963 967 967 963 968 968 963 849 850 963 969 969 963 970 970 963 971 971 963 972 972 963 936 949 973 962 848 973 851 851 973 974 974 973 975 975 973 976 976 973 977 977 973 978 962 973 979 979 973 980 980 973 981 981 973 982 982 973 848 983 984 985 985 984 986 986 984 987 987 984 988 988 984 989 989 984 990 990 984 991 991 984 992 992 984 993 993 984 994 994 984 995 995 984 996 996 984 964 964 984 963 978 997 998 998 997 999 999 997 1000 1000 997 1001 1001 997 1002 1002 997 1003 1003 997 1004 1004 997 1005 1005 997 1006 1006 997 1007 1007 997 1008 1008 997 1009 1009 997 1010 973 997 978 1011 1012 1013 1013 1012 1014 1014 1012 1015 1015 1012 1016 1016 1012 983 983 1012 984 1010 1017 1018 1018 1017 1019 1019 1017 1020 1020 1017 1021 997 1017 1010 704 1022 883 884 1023 705 1024 1025 1026 1026 1025 1027 1027 1025 1028 1028 1025 1029 1030 1031 1032 1032 1031 1033 1033 1031 1034 1034 1031 1035 1036 1037 1038 1038 1037 1039 1039 1037 1040 1040 1037 1041 1041 1037 1042 1042 1037 1043 1043 1037 1044 1044 1037 1045 1045 1037 1046 1046 1037 1047 1047 1037 1048 1048 1037 1049 1049 1037 1024 1024 1037 1025 1035 1050 1051 1051 1050 1052 1052 1050 1053 1053 1050 1054 1054 1050 1055 1055 1050 1056 1056 1050 1057 1057 1050 1058 1058 1050 1059 1059 1050 1060 1060 1050 1061 1061 1050 1062 1062 1050 1063 1031 1050 1035 1036 1064 1037 1065 1064 1066 1066 1064 1067 1067 1064 1068 1068 1064 1069 1069 1064 1022 1022 1064 883 883 1064 1070 1070 1064 1071 1071 1064 1072 1072 1064 1073 1073 1064 1036 1023 1074 1075 1075 1074 1076 1076 1074 1077 1077 1074 1078 1078 1074 1079 1050 1074 1063 1063 1074 1080 1080 1074 1081 1081 1074 1082 1082 1074 1083 1083 1074 884 884 1074 1023 1084 1085 1086 1087 1088 1089 1089 1090 1091 1088 1090 1089 1085 1092 1086 1086 1092 1093 1094 1095 1084 1084 1095 1085 1096 1097 1087 1087 1097 1088 1091 1098 1099 1090 1098 1091 1093 1100 1101 1092 1100 1093 1102 1103 1094 1094 1103 1095 1104 1105 1096 1096 1105 1097 1099 1106 1107 1098 1106 1099 1100 1108 1101 1101 1108 1109 1102 1110 1103 1111 1110 1102 1112 1113 1104 1104 1113 1105 1107 1114 1115 1106 1114 1107 1109 1116 1117 1108 1116 1109 1111 1118 1110 1119 1118 1111 1120 1121 1112 1112 1121 1113 1114 1122 1115 1115 1122 1123 1116 1124 1117 1117 1124 1125 1119 1126 1118 1127 1126 1119 1128 1129 1120 1120 1129 1121 1122 1130 1123 1123 1130 1131 1125 1132 1133 1124 1132 1125 1127 1134 1126 1135 1134 1127 1136 1137 1128 1128 1137 1129 1130 1138 1131 1131 1138 1139 1132 1140 1133 871 1140 262 1133 1140 871 1135 1141 1134 1142 1141 1135 870 1143 1136 182 1143 870 1136 1143 1137 1139 1144 1145 1138 1144 1139 1140 1146 262 1147 1148 1142 1142 1148 1141 182 1149 1143 1144 1150 1145 1145 1150 1151 1146 1152 262 1153 1154 1147 1147 1154 1148 182 1155 1149 1151 1156 1157 1150 1156 1151 262 1158 264 1152 1158 262 1159 1160 1153 1153 1160 1154 182 1161 1155 1157 1162 1163 1156 1162 1157 1158 1164 264 1159 1165 1160 1166 1165 1159 182 1167 1161 1163 1168 1169 1162 1168 1163 1164 1170 264 1166 1171 1165 1172 1171 1166 182 1173 1167 180 1173 182 1169 1174 1175 1168 1174 1169 1170 1176 264 1177 1178 1172 1172 1178 1171 180 1179 1173 1175 1180 1181 1174 1180 1175 1176 1182 264 1183 1184 1177 1177 1184 1178 180 1185 1179 1181 1186 1187 1180 1186 1181 264 1188 266 1182 1188 264 1183 1189 1184 1190 1189 1183 180 1191 1185 1187 1192 1193 1186 1192 1187 180 1194 1191 179 1194 180 266 1195 269 1188 1195 266 1196 1197 1190 1190 1197 1189 1196 1198 1197 1193 1199 1200 1192 1199 1193 1201 1202 1196 1196 1202 1198 1199 1203 1200 1201 1204 1202 843 1205 844 1206 1207 1208 1208 1207 1209 1209 1207 1210 1210 1207 1211 1211 1207 1212 1212 1207 1213 1213 1207 1214 1214 1207 1215 1215 1207 1216 1216 1207 1217 1217 1207 1218 1218 1207 1219 1219 1207 1065 1065 1207 1064 1079 1220 1221 1221 1220 1222 1222 1220 1223 1223 1220 1224 1224 1220 1225 1225 1220 1226 1226 1220 1227 1227 1220 1228 1228 1220 1229 1229 1220 1230 1230 1220 1231 1231 1220 1232 1232 1220 1233 1074 1220 1079 1234 1235 1236 1236 1235 1237 1237 1235 1238 1238 1235 1206 1206 1235 1207 1220 1239 1233 1233 1239 1240 1240 1239 1241 1241 1239 1242 1242 1239 1243 1244 1245 1246 1246 1245 1247 1247 1245 1248 1248 1245 1249 1250 1251 1252 1252 1251 1253 1253 1251 1254 1254 1251 1255 1256 1257 1258 1258 1257 1259 1259 1257 1260 1260 1257 1261 1261 1257 1262 1262 1257 1263 1263 1257 1264 1264 1257 1265 1265 1257 1266 1266 1257 1267 1267 1257 1268 1268 1257 1269 1269 1257 1244 1244 1257 1245 1251 1270 1255 1255 1270 1271 1271 1270 1272 1272 1270 1273 1273 1270 1274 1274 1270 1275 1275 1270 1276 1276 1270 1277 1277 1270 1278 1278 1270 1279 1279 1270 1280 1280 1270 1281 1281 1270 1282 843 1283 1205 1284 1285 841 841 1285 845 179 1286 1194 177 1286 179 1195 1287 269 177 1288 1286 1287 1289 269 269 1289 271 177 1290 1288 1289 1291 271 177 1292 1290 1291 1293 271 177 1294 1292 175 1294 177 1293 1295 271 175 1296 1294 1295 1297 271 175 1298 1296 271 1299 273 1297 1299 271 1283 1300 1205 1205 1300 1301 1301 1300 1302 1302 1300 1303 1303 1300 1304 1304 1300 1256 1256 1300 1257 1305 1300 1306 1306 1300 1307 1307 1300 1308 1308 1300 1309 1309 1300 1283 1282 1310 1311 1311 1310 1312 1312 1310 1313 1313 1310 1314 1314 1310 1315 1315 1310 1284 1284 1310 1285 1270 1310 1282 1285 1310 1316 1316 1310 1317 1317 1310 1318 1318 1310 1319 1319 1310 1320 175 1321 1298 1299 1322 273 175 1323 1321 1322 1324 273 175 1325 1323 1324 1326 273 1305 1327 1300 1328 1327 1329 1329 1327 1330 1330 1327 1331 1331 1327 1332 1332 1327 1333 1333 1327 1334 1334 1327 1335 1335 1327 1336 1336 1327 1337 1337 1327 1338 1338 1327 1305 1320 1339 1340 1340 1339 1341 1341 1339 1342 1342 1339 1343 1343 1339 1344 1344 1339 1345 1345 1339 1346 1346 1339 1347 1347 1339 1348 1348 1339 1349 1349 1339 1350 1310 1339 1320 1328 1351 1327 1339 1352 1350 1351 1353 1327 1339 1354 1352 1201 1355 1204 1356 1357 1358 1353 1357 1327 1358 1357 1359 1359 1357 1360 1360 1357 1353 1354 1361 1362 1362 1361 1363 1363 1361 1364 1364 1361 1365 1339 1361 1354 1366 1367 1368 1368 1367 1369 1369 1367 1370 1370 1367 1371 1372 1373 1374 1374 1373 1375 1375 1373 1376 1376 1373 1377 1378 1379 1380 1380 1379 1381 1381 1379 1382 1382 1379 1383 1383 1379 1384 1384 1379 1385 1385 1379 1386 1386 1379 1387 1387 1379 1388 1388 1379 1389 1389 1379 1390 1390 1379 1366 1366 1379 1367 1373 1391 1377 1377 1391 1392 1392 1391 1393 1393 1391 1394 1394 1391 1395 1395 1391 1396 1396 1391 1397 1397 1391 1398 1398 1391 1399 1399 1391 1400 1400 1391 1401 1401 1391 1402 1402 1391 1403 1403 1391 1404 1405 1406 1407 1408 1409 1410 1409 1411 1410 1410 1411 1412 1405 1413 1406 1414 1413 1405 1406 1415 1407 1407 1415 1416 1408 1417 1409 1418 1417 1408 1412 1419 1420 1411 1419 1412 1414 1421 1413 1422 1421 1414 1416 1423 1424 1415 1423 1416 1425 1426 1418 1418 1426 1417 1420 1427 1428 1419 1427 1420 1429 1430 1422 1422 1430 1421 1423 1431 1424 1424 1431 1432 1425 1433 1426 1434 1433 1425 1428 1435 1436 1427 1435 1428 1429 1437 1430 1438 1437 1429 1432 1439 1440 1431 1439 1432 1441 1442 1434 1434 1442 1433 1436 1443 1444 1435 1443 1436 1445 1446 1438 1438 1446 1437 1439 1447 1440 1440 1447 1448 1449 1450 1441 1441 1450 1442 1444 1451 1452 1443 1451 1444 1453 1454 1445 1445 1454 1446 1448 1455 1456 1447 1455 1448 1457 1458 1449 1449 1458 1450 1452 1459 1460 1451 1459 1452 1453 1461 1454 1462 1461 1453 1455 1463 1456 1456 1463 1464 1465 1466 1457 1457 1466 1458 1460 1467 1468 1459 1467 1460 1469 1470 1462 1462 1470 1461 1464 1471 1472 1463 1471 1464 1473 1474 1465 1465 1474 1466 1468 1475 1476 1467 1475 1468 1477 1478 1469 1469 1478 1470 1472 1479 1480 1471 1479 1472 1481 1482 1473 1473 1482 1474 1476 1483 1326 1475 1483 1476 1325 1484 1477 1477 1484 1478 1480 1485 1486 1479 1485 1480 1481 1487 1482 1488 1487 1481 1326 1489 273 1483 1489 1326 175 1490 1325 1325 1490 1484 173 1490 175 1486 1491 1492 1485 1491 1486 1493 1494 1488 1488 1494 1487 1489 1495 273 173 1496 1490 1492 1497 1498 1491 1497 1492 1499 1500 1493 1493 1500 1494 1495 1501 273 173 1502 1496 1497 1503 1498 1498 1503 1504 1505 1506 1507 1507 1506 1499 1499 1506 1500 1501 1508 273 273 1508 275 173 1509 1502 1503 1510 1504 1504 1510 1511 1512 1513 1505 1505 1513 1506 1508 1514 275 173 1515 1509 1514 1516 275 173 1517 1515 171 1517 173 1516 1518 275 171 1519 1517 1518 1520 275 171 1521 1519 1203 1522 1200 1200 1522 1523 1355 1524 1204 1520 1525 275 171 1526 1521 169 1527 171 171 1527 1526 275 1528 277 1525 1528 275 1522 1529 1523 1523 1529 1530 1530 1529 1531 1531 1529 1532 1532 1529 1533 1533 1529 1378 1534 1529 1535 1535 1529 1522 1378 1529 1379 1404 1536 1537 1537 1536 1538 1538 1536 1539 1539 1536 1540 1540 1536 1541 1541 1536 1355 1355 1536 1524 1391 1536 1404 1524 1536 1542 1542 1536 1543 1534 1544 1529 1536 1545 1543 1544 1546 1529 1536 1547 1545 1546 1548 1529 1536 1549 1547 1550 1551 1552 1552 1551 1553 1553 1551 1554 1554 1551 1555 1555 1551 1556 1556 1551 1557 1557 1551 1558 1558 1551 1559 1559 1551 1548 1548 1551 1529 1549 1560 1561 1561 1560 1562 1562 1560 1563 1563 1560 1564 1564 1560 1565 1536 1560 1549 1565 1560 1566 1566 1560 1567 1567 1560 1568 1568 1560 1569 1550 1570 1551 1560 1571 1569 1570 1572 1551 1560 1573 1571 1572 1574 1551 1560 1575 1573 1574 1576 1551 1560 1577 1575 1576 1578 1551 1579 1578 1580 1580 1578 1581 1581 1578 1582 1582 1578 1576 1560 1583 1577 1577 1583 1584 1584 1583 1585 1585 1583 1586 1586 1583 1587 1510 1588 1511 169 1589 1527 167 1589 169 277 1590 279 1528 1590 277 1591 1592 1593 1593 1592 1594 1594 1592 1595 1595 1592 1596 1597 1598 1599 1599 1598 1600 1600 1598 1601 1601 1598 1602 167 1603 1589 279 1604 281 1590 1604 279 167 1605 1603 1604 1606 281 167 1607 1605 1606 1608 281 167 1609 1607 165 1609 167 1608 1610 281 165 1611 1609 1610 1612 281 165 1613 1611 1612 1614 281 165 1615 1613 281 1616 283 1614 1616 281 165 1617 1615 1616 1618 283 165 1619 1617 1618 1620 283 1591 1621 1592 1622 1621 1623 1623 1621 1624 1624 1621 1625 1625 1621 1626 1626 1621 1627 1627 1621 1628 1628 1621 1629 1629 1621 1630 1630 1621 1631 1631 1621 1632 1632 1621 1633 1633 1621 1634 1634 1621 1591 1598 1635 1602 1602 1635 1636 1636 1635 1637 1637 1635 1638 1638 1635 1639 1639 1635 1640 1640 1635 1641 1641 1635 1642 1642 1635 1643 1643 1635 1644 1644 1635 1645 1645 1635 1646 1646 1635 1647 1647 1635 1648 1588 1649 1650 1650 1649 1651 1651 1649 1652 1652 1649 1653 1653 1649 1622 1622 1649 1621 1654 1655 1656 1656 1655 1657 1635 1655 1648 1648 1655 1658 1658 1655 1659 1659 1655 1654 1657 1660 1512 1655 1660 1657 1512 1660 1513 1588 1661 1649 1510 1661 1588 1655 1662 1660 1661 1663 1649 1655 1664 1662 1655 1665 1664 1663 1666 1649 1655 1667 1665 1666 1668 1649 1655 1669 1667 1668 1670 1649 1655 1671 1669 1670 1672 1649 1672 1673 1649 1674 1673 1675 1675 1673 1676 1676 1673 1677 1677 1673 1678 1678 1673 1672 1655 1679 1671 1671 1679 1680 1680 1679 1681 1681 1679 1682 1682 1679 1683 1683 1679 1684 1684 1679 1685 1674 1686 1673 1679 1687 1685 1686 1688 1673 1679 1689 1687 1688 1690 1673 1679 1691 1689 1690 1692 1673 1679 1693 1691 1692 1694 1673 1679 1695 1693 1694 1696 1673 1679 1697 1695 1696 1698 1673 1679 1699 1697 1700 1701 1702 1703 1704 1705 1703 1706 1704 1707 1706 1703 1701 1708 1702 1702 1708 1709 1700 1710 1701 1711 1710 1700 1704 1712 1705 1705 1712 1713 1707 1714 1706 1715 1714 1707 1708 1716 1709 1709 1716 1717 1711 1718 1710 1719 1718 1711 1712 1720 1713 1713 1720 1721 1715 1722 1714 1723 1722 1715 1717 1724 1725 1716 1724 1717 1726 1727 1719 1719 1727 1718 1720 1728 1721 1721 1728 1729 1723 1730 1722 1731 1730 1723 1725 1732 1733 1724 1732 1725 1734 1735 1726 1726 1735 1727 1728 1736 1729 1729 1736 1737 1731 1738 1730 1739 1738 1731 1732 1740 1733 1733 1740 1741 1742 1743 1734 1734 1743 1735 1736 1744 1737 1737 1744 1745 1739 1746 1738 1747 1746 1739 1740 1748 1741 1741 1748 1749 1750 1751 1742 1742 1751 1743 1744 1752 1745 1745 1752 1753 1747 1754 1746 1755 1754 1747 1748 1756 1749 1749 1756 1757 1750 1758 1751 1759 1758 1750 1753 1760 1761 1752 1760 1753 1755 1762 1754 1763 1762 1755 1756 1764 1757 1757 1764 1765 1759 1766 1758 1767 1766 1759 1761 1768 1769 1760 1768 1761 1698 1770 1673 1771 1770 1772 1772 1770 1773 1773 1770 1774 1774 1770 1698 1699 1775 1776 1776 1775 1777 1777 1775 1778 1778 1775 1779 1679 1775 1699 1763 1780 1762 1781 1780 1763 1765 1782 1783 1764 1782 1765 1767 1784 1766 1785 1784 1767 1769 1786 1787 1768 1786 1769 1788 1789 1781 1781 1789 1780 1783 1790 1791 1782 1790 1783 1792 1793 1785 1785 1793 1784 1787 1794 1795 1786 1794 1787 1790 1796 1791 1797 1798 1788 1788 1798 1789 1792 1799 1793 1800 1799 1792 1795 1801 1802 1794 1801 1795 1803 1804 1800 1800 1804 1799 1801 1805 1802 1802 1805 1806 1807 1808 1803 1803 1808 1804 1806 1809 1620 1805 1809 1806 1807 1810 1808 165 1810 1619 1619 1810 1807 1809 1811 1620 1620 1811 283 165 1812 1810 163 1812 165 1811 1813 283 163 1814 1812 1813 1815 283 163 1816 1814 1815 1817 283 283 1817 285 163 1818 1816 1817 1819 285 163 1820 1818 1819 1821 285 163 1822 1820 161 1822 163 1821 1823 285 161 1824 1822 1823 1825 285 161 1826 1824 1825 1827 285 161 1828 1826 159 1828 161 1827 1829 285 285 1829 287 1796 1830 1791 1797 1831 1798 1832 1833 1834 1834 1833 1835 1835 1833 1836 1836 1833 1837 1838 1839 1840 1840 1839 1841 1841 1839 1842 1842 1839 1843 1844 1845 1846 1846 1845 1847 1847 1845 1848 1848 1845 1849 1849 1845 1850 1850 1845 1851 1851 1845 1852 1852 1845 1853 1853 1845 1854 1854 1845 1855 1855 1845 1856 1856 1845 1857 1832 1845 1833 1857 1845 1832 1843 1858 1859 1859 1858 1860 1860 1858 1861 1861 1858 1862 1862 1858 1863 1863 1858 1864 1864 1858 1865 1865 1858 1866 1866 1858 1867 1867 1858 1868 1868 1858 1869 1869 1858 1870 1870 1858 1871 1839 1858 1843 1844 1872 1845 1830 1872 1873 1873 1872 1874 1874 1872 1875 1875 1872 1876 1876 1872 1844 1858 1877 1871 1871 1877 1878 1878 1877 1879 1879 1877 1880 1880 1877 1881 1881 1877 1831 159 1882 1828 157 1882 159 287 1883 289 1829 1883 287 157 1884 1882 289 1885 291 1883 1885 289 157 1886 1884 1885 1887 291 157 1888 1886 1887 1889 291 157 1890 1888 155 1890 157 1889 1891 291 155 1892 1890 1891 1893 291 155 1894 1892 1893 1895 291 155 1896 1894 291 1897 293 1895 1897 291 155 1898 1896 1897 1899 293 155 1900 1898 1899 1901 293 1796 1902 1830 1830 1902 1872 1877 1903 1831 1831 1903 1798 1877 1904 1903 1902 1905 1872 1877 1906 1904 1905 1907 1872 1877 1908 1906 1907 1909 1872 1877 1910 1908 1909 1911 1872 1877 1912 1910 1911 1913 1872 1877 1914 1912 1915 1916 1917 1917 1916 1918 1918 1916 1913 1913 1916 1872 1877 1919 1914 1914 1919 1920 1920 1919 1921 1919 1922 1921 1915 1923 1916 1919 1924 1922 1923 1925 1916 1919 1926 1924 1925 1927 1916 1919 1928 1926 1927 1929 1916 1919 1930 1928 1929 1931 1916 1919 1932 1930 1931 1933 1916 1919 1934 1932 1933 1935 1916 1919 1936 1934 1935 1937 1916 1919 1938 1936 1937 1939 1916 1919 1940 1938 1939 1941 1916 1942 1943 1944 1944 1943 1945 1945 1943 1946 1946 1943 1941 1941 1943 1916 1919 1947 1940 1940 1947 1948 1948 1947 1949 1949 1947 1950 1950 1947 1951 1952 1953 1954 1954 1953 1955 1955 1953 1956 1956 1953 1957 1958 1959 1960 1960 1959 1961 1961 1959 1962 1962 1959 1963 1964 1965 1966 1967 1968 1969 1968 1970 1969 1969 1970 1971 1964 1972 1965 1973 1972 1964 1965 1974 1966 1966 1974 1975 1967 1976 1968 1977 1976 1967 1970 1978 1971 1971 1978 1979 1973 1980 1972 1981 1980 1973 1974 1982 1975 1975 1982 1983 1977 1984 1976 1985 1984 1977 1978 1986 1979 1979 1986 1987 1981 1988 1980 1989 1988 1981 1982 1990 1983 1983 1990 1991 1985 1992 1984 1993 1992 1985 1986 1994 1987 1987 1994 1995 1989 1996 1988 1997 1996 1989 1990 1998 1991 1991 1998 1999 1993 2000 1992 2001 2000 1993 1994 2002 1995 1995 2002 2003 1997 2004 1996 2005 2004 1997 1998 2006 1999 1999 2006 2007 2001 2008 2000 2009 2008 2001 2002 2010 2003 2003 2010 2011 2005 2012 2004 2013 2012 2005 2007 2014 2015 2006 2014 2007 2009 2016 2008 2017 2016 2009 2010 2018 2011 2011 2018 2019 2013 2020 2012 2021 2020 2013 2015 2022 2023 2014 2022 2015 2017 2024 2016 2025 2024 2017 2018 2026 2019 2019 2026 2027 2021 2028 2020 2029 2028 2021 2026 2030 2027 2027 2030 2031 2029 2032 2028 2033 2032 2029 2030 2034 2031 2031 2034 2035 2033 2036 2032 2037 2036 2033 2034 2038 2035 2035 2038 2039 2037 2040 2036 2041 2040 2037 2038 2042 2039 2039 2042 2043 2041 2044 2040 2045 2044 2041 2042 2046 2043 2043 2046 2047 2048 2049 2045 2045 2049 2044 2046 2050 2047 2047 2050 2051 2052 2053 2048 2048 2053 2049 2050 2054 2051 2051 2054 2055 2052 2056 2053 2057 2056 2052 2055 2058 2059 2054 2058 2055 2057 2060 2056 2061 2060 2057 2059 2062 1901 2058 2062 2059 1900 2063 2061 2061 2063 2060 2062 2064 1901 1901 2064 293 1900 2065 2063 153 2065 155 155 2065 1900 2064 2066 293 153 2067 2065 2066 2068 293 153 2069 2067 2068 2070 293 153 2071 2069 2070 2072 293 293 2072 295 153 2073 2071 2072 2074 295 153 2075 2073 2074 2076 295 153 2077 2075 151 2077 153 2076 2078 295 151 2079 2077 2078 2080 295 151 2081 2079 2082 2083 2084 2084 2083 2085 2085 2083 2086 2086 2083 2087 2087 2083 2088 2088 2083 2089 2089 2083 2090 2090 2083 2091 2091 2083 2092 2092 2083 1952 1952 2083 1953 2093 2083 2094 2094 2083 2095 2095 2083 2082 1959 2096 1963 1963 2096 2097 2097 2096 2098 2098 2096 2099 2099 2096 2100 2100 2096 2101 2101 2096 2102 2102 2096 2103 2103 2096 2104 2104 2096 2105 2105 2096 2106 2106 2096 2107 2107 2096 2108 2108 2096 2109 151 2110 2081 149 2110 151 2080 2111 295 295 2111 297 2093 2112 2083 2113 2112 2114 2114 2112 2115 2115 2112 2116 2116 2112 2117 2117 2112 2093 2096 2118 2109 2109 2118 2119 2119 2118 2120 2120 2118 2121 2121 2118 2122 2122 2118 2123 2113 2124 2112 2022 2124 2023 2023 2124 2113 2118 2125 2123 2123 2125 2025 2025 2125 2024 2124 2126 2112 2118 2127 2125 2126 2128 2112 2118 2129 2127 2128 2130 2112 2118 2131 2129 2130 2132 2112 2118 2133 2131 2112 2134 2135 2132 2134 2112 2136 2137 2118 2118 2137 2133 2134 2138 2135 2136 2139 2137 2138 2140 2135 2136 2141 2139 2140 2142 2135 2136 2143 2141 2142 2144 2135 2136 2145 2143 2144 2146 2135 2136 2147 2145 2146 2148 2135 2136 2149 2147 2148 2150 2135 2136 2151 2149 2150 2152 2135 2136 2153 2151 2152 2154 2135 2136 2155 2153 2154 2156 2135 2136 2157 2155 2156 2158 2135 2136 2159 2157 2158 2160 2135 2136 2161 2159 2160 2162 2135 2136 2163 2161 149 2164 2110 147 2164 149 297 2165 299 2111 2165 297 147 2166 2164 2165 2167 299 147 2168 2166 299 2169 301 2167 2169 299 147 2170 2168 2169 2171 301 147 2172 2170 2171 2173 301 147 2174 2172 145 2174 147 2173 2175 301 145 2176 2174 2175 2177 301 145 2178 2176 2177 2179 301 145 2180 2178 145 2181 2180 2182 2183 2184 2184 2183 2185 2185 2183 2186 2186 2183 2162 2162 2183 2135 2136 2187 2163 2163 2187 2188 2188 2187 2189 2189 2187 2190 2190 2187 2191 2192 303 2193 2193 303 2179 2179 303 301 2194 2195 2196 2196 2195 2197 2197 2195 2198 2199 2200 2201 2200 2202 2201 2194 2203 2195 2200 2204 2202 2203 2205 2195 2200 2206 2204 2205 2207 2195 2208 2207 2209 2209 2207 2210 2210 2207 2211 2211 2207 2212 2212 2207 2213 2213 2207 2214 2214 2207 2215 2215 2207 2216 2216 2207 2217 2217 2207 2218 2218 2207 2219 2219 2207 2220 2220 2207 2205 2206 2221 2222 2200 2221 2206 2222 2221 2223 2223 2221 2224 2224 2221 2225 2225 2221 2226 2226 2221 2227 2227 2221 2228 2228 2221 2229 2229 2221 2230 2230 2221 2231 2231 2221 2232 2232 2221 2233 2233 2221 2234 2235 2236 2237 2237 2236 2238 2238 2236 2239 2239 2236 2240 2240 2236 2208 2208 2236 2207 2234 2241 2242 2242 2241 2243 2243 2241 2244 2244 2241 2245 2245 2241 2246 2221 2241 2234 2247 2248 2249 2250 2251 2252 2253 2254 2250 2250 2254 2251 2249 2255 2256 2248 2255 2249 2257 2258 2247 2247 2258 2248 2252 2259 2260 2251 2259 2252 2253 2261 2254 2262 2261 2253 2256 2263 2264 2255 2263 2256 2265 2266 2257 2257 2266 2258 2259 2267 2260 2260 2267 2268 2262 2269 2261 2270 2269 2262 2264 2271 2272 2263 2271 2264 2273 2274 2265 2265 2274 2266 2268 2275 2276 2267 2275 2268 2271 2277 2272 2270 2278 2269 2279 2278 2270 2280 2281 2273 2273 2281 2274 2276 2282 2283 2275 2282 2276 2284 2285 2280 2280 2285 2281 2282 2286 2283 2283 2286 2287 2288 2289 2284 2284 2289 2285 2287 2290 2291 2286 2290 2287 2292 2293 2288 2288 2293 2289 2290 2294 2291 2291 2294 2295 2292 2296 2293 2297 2296 2292 2294 2298 2295 2295 2298 2299 2297 2300 2296 2301 2300 2297 2298 2302 2299 2299 2302 2303 2301 2304 2300 2305 2304 2301 2302 2306 2303 2303 2306 2307 2305 2308 2304 2309 2308 2305 2307 2310 2311 2306 2310 2307 2309 2312 2308 2313 2312 2309 2310 2314 2311 2311 2314 2315 2313 2316 2312 2317 2316 2313 2314 2318 2315 2315 2318 2319 2317 2320 2316 2321 2320 2317 2318 2322 2319 2319 2322 2323 2321 2324 2320 2325 2324 2321 2323 2326 2327 2322 2326 2323 2325 2328 2324 2329 2328 2325 2326 2330 2327 2327 2330 2331 2332 2333 2329 2329 2333 2328 2330 2334 2331 2331 2334 2335 2336 2337 2332 2332 2337 2333 2334 2338 2335 2335 2338 2339 2336 2340 2337 2341 2340 2336 2338 2342 2339 2339 2342 2343 2341 2344 2340 2345 2344 2341 2343 2346 2192 2342 2346 2343 2345 2347 2344 2181 2347 2345 145 2347 2181 2346 2348 2192 2192 2348 303 145 2349 2347 143 2349 145 2348 2350 303 143 2351 2349 2350 2352 303 143 2353 2351 2352 2354 303 143 2355 2353 2354 2356 303 303 2356 305 143 2357 2355 2356 2358 305 143 2359 2357 2358 2360 305 143 2361 2359 141 2361 143 2360 2362 305 141 2363 2361 2362 2364 305 141 2365 2363 2364 2366 305 2366 307 305 2272 2367 2235 2277 2367 2272 2235 2367 2236 2241 2368 2246 2246 2368 2279 2279 2368 2278 2241 2369 2368 2367 2370 2236 2241 2371 2369 2370 2372 2236 2241 2373 2371 2372 2374 2236 2241 2375 2373 2374 2376 2236 2377 2378 2241 2241 2378 2375 2236 2379 2380 2376 2379 2236 2377 2381 2378 2379 2382 2380 2377 2383 2381 2382 2384 2380 2377 2385 2383 2384 2386 2380 2377 2387 2385 141 139 2365 2386 2388 2380 2377 2389 2387 2388 2390 2380 2377 2391 2389 2390 2392 2380 2377 2393 2391 2392 2394 2380 2377 2395 2393 2394 2396 2380 2377 2397 2395 2396 2398 2380 2377 2399 2397 2398 2400 2380 2377 2401 2399 2400 2402 2380 2377 2403 2401 2402 2404 2380 2377 2405 2403 2404 2406 2380 2406 2407 2380 2408 2407 2409 2409 2407 2410 2410 2407 2411 2411 2407 2406 2405 2412 2413 2413 2412 2414 2414 2412 2415 2415 2412 2416 2377 2412 2405 2417 2418 2419 2420 2421 2422 2418 2423 2419 2420 2424 2421 139 2425 2365 137 2425 139 307 2426 309 2366 2426 307 2423 2427 2419 2426 2428 309 137 2429 2425 2420 2430 2424 2428 2431 309 137 2432 2429 2427 2433 2419 137 2434 2432 2420 2435 2430 137 2436 2434 137 2437 2436 2438 311 2439 2439 311 2440 2440 311 2441 2441 311 2442 2442 311 2443 2443 311 2431 2431 311 309 2444 2445 2446 2446 2445 2447 2447 2445 2448 2448 2445 2449 2449 2445 2450 2450 2445 2451 2451 2445 2452 2452 2445 2453 2453 2445 2454 2454 2445 2455 2455 2445 2456 2456 2445 2457 2457 2445 2433 2433 2445 2419 2435 2458 2459 2459 2458 2460 2460 2458 2461 2461 2458 2462 2462 2458 2463 2463 2458 2464 2464 2458 2465 2465 2458 2466 2466 2458 2467 2467 2458 2468 2468 2458 2469 2469 2458 2470 2470 2458 2471 2420 2458 2435 2437 135 2472 2472 135 2473 2473 135 2474 2474 135 2475 137 135 2437 2444 2476 2445 2477 2476 2478 2478 2476 2479 2479 2476 2480 2480 2476 2481 2481 2476 2444 2471 2482 2483 2483 2482 2484 2484 2482 2485 2485 2482 2486 2486 2482 2487 2458 2482 2471 2488 313 2438 2438 313 311 2489 2490 2491 2490 2492 2491 2491 2492 2477 2477 2492 2476 2482 2493 2487 2487 2494 2495 2493 2494 2487 2495 2496 2497 2494 2496 2495 2489 2498 2490 2499 2498 2489 2492 2500 2476 2482 2501 2493 2496 2502 2497 2497 2502 2503 2499 2504 2498 2505 2504 2499 2502 2506 2503 2503 2506 2507 2505 2508 2504 2509 2508 2505 2500 2510 2476 2482 2511 2501 2507 2512 2513 2506 2512 2507 2509 2514 2508 2515 2514 2509 2510 2516 2476 2482 2517 2511 2512 2518 2513 2513 2518 2519 2515 2520 2514 2521 2520 2515 2519 2522 2523 2518 2522 2519 2521 2524 2520 2525 2524 2521 2516 2526 2476 2482 2527 2517 2523 2528 2529 2522 2528 2523 2530 2531 2525 2525 2531 2524 2529 2532 2533 2528 2532 2529 2526 2534 2476 2476 2534 2535 2530 2536 2531 2537 2536 2530 2482 2538 2527 2539 2538 2482 2532 2540 2533 2533 2540 2541 2542 2543 2537 2537 2543 2536 2534 2544 2535 2539 2545 2538 2541 2546 2547 2540 2546 2541 2542 2548 2543 2549 2548 2542 2547 2550 2551 2546 2550 2547 2549 2552 2548 2553 2552 2549 2544 2554 2535 2539 2555 2545 2551 2556 2557 2550 2556 2551 2558 2559 2553 2553 2559 2552 2554 2560 2535 2556 2561 2557 2557 2561 2562 2563 2564 2558 2558 2564 2559 2539 2565 2555 2562 2566 2567 2561 2566 2562 2568 2569 2563 2563 2569 2564 2560 2570 2535 2567 2571 2572 2566 2571 2567 2539 2573 2565 2574 2575 2568 2568 2575 2569 2572 2576 2577 2571 2576 2572 2578 2579 2574 2574 2579 2575 2570 2580 2535 2539 2581 2573 2577 2582 2583 2576 2582 2577 2584 2585 2578 2578 2585 2579 2580 2586 2535 2583 2587 2588 2582 2587 2583 2589 2590 2584 2584 2590 2585 2539 2591 2581 2587 2592 2588 2588 2592 2593 2589 2594 2590 2595 2594 2589 2586 2596 2535 2593 2597 2598 2592 2597 2593 2599 2600 2595 2595 2600 2594 2539 2601 2591 2597 2602 2598 2598 2602 2603 2604 2605 2599 2599 2605 2600 2596 2606 2535 2602 2607 2603 2603 2607 2608 2604 2609 2605 2610 2609 2604 2539 2611 2601 2608 2612 2613 2607 2612 2608 2614 2615 2610 2610 2615 2609 2606 2616 2535 2539 2617 2611 2613 2618 2619 2612 2618 2613 2475 2620 2614 2614 2620 2615 2488 2621 313 2619 2621 2488 2618 2621 2619 135 2622 2475 2475 2622 2620 2616 2623 2535 2539 2624 2617 2621 2625 313 135 2626 2622 133 2626 135 2623 2627 2535 2625 2628 313 133 2629 2626 2539 2630 2624 2628 2631 313 133 2632 2629 2627 2633 2535 2631 2634 313 133 2635 2632 2539 2636 2630 133 2637 2635 2633 2638 2535 133 2639 2637 2539 2640 2636 133 2641 2639 2638 2642 2535 2643 2642 2644 2644 2642 2645 2645 2642 2638 2539 2646 2640 2640 2646 2647 2647 2646 2648 2648 2646 2649 2643 2650 2642 2646 2651 2649 2652 315 2653 2653 315 2654 2654 315 2655 2655 315 2656 2656 315 2634 2634 315 313 133 131 2641 2641 131 2657 2657 131 2658 2659 2660 2661 2662 2663 2664 2659 2665 2660 2663 2666 2664 2659 2667 2665 2666 2668 2664 2659 2669 2667 2668 2670 2664 2652 317 315 2671 2672 2673 2673 2672 2674 2674 2672 2675 2675 2672 2676 2676 2672 2677 2677 2672 2678 2678 2672 2679 2679 2672 2680 2680 2672 2681 2681 2672 2682 2682 2672 2683 2683 2672 2684 2684 2672 2670 2670 2672 2664 2659 2685 2669 2669 2685 2686 2686 2685 2687 2687 2685 2688 2688 2685 2689 2689 2685 2690 2690 2685 2691 2691 2685 2692 2692 2685 2693 2693 2685 2694 2694 2685 2695 2695 2685 2696 2696 2685 2697 2697 2685 2698 131 129 2658 129 2699 2658 2652 2700 317 2701 2702 2703 2703 2702 2704 2704 2702 2705 2705 2702 2706 2706 2702 2671 2671 2702 2672 2707 2708 2709 2709 2708 2710 2685 2708 2698 2698 2708 2711 2711 2708 2712 2712 2708 2707 2713 319 2714 2714 319 2700 2700 319 317 2699 127 2715 2715 127 2716 2716 127 2717 2717 127 2718 2718 127 2719 129 127 2699 2720 2721 2708 2702 2722 2723 2723 2724 2702 2702 2724 2725 2708 2726 2720 2727 2726 2708 2721 2728 2708 2702 2729 2722 2724 2730 2725 2727 2731 2726 2728 2732 2708 2702 2733 2729 2730 2734 2725 2727 2735 2731 2702 2736 2733 2701 2736 2702 2710 2737 2738 2708 2737 2710 2732 2737 2708 2734 2739 2725 2727 2740 2735 2739 2741 2725 2727 2742 2740 2741 2743 2725 2727 2744 2742 2743 2745 2725 2727 2746 2744 2745 2747 2725 2727 2748 2746 2747 2749 2725 2727 2750 2748 2749 2751 2725 2727 2752 2750 2751 2753 2725 2727 2754 2752 2753 2755 2725 2727 2756 2754 2755 2757 2725 2727 2758 2756 2757 2759 2725 2727 2760 2758 2761 321 2762 2762 321 2763 2763 321 2764 2764 321 2765 2765 321 2766 2766 321 2713 2713 321 319 2759 2767 2725 2768 2767 2769 2769 2767 2759 2727 2770 2760 2760 2770 2771 2770 2772 2771 2770 2773 2772 2768 2774 2767 2770 2775 2773 2774 2776 2767 2770 2777 2775 2701 2778 2736 2779 2778 2701 2738 2780 2781 2737 2780 2738 2779 2782 2778 2783 2782 2779 2781 2784 2785 2780 2784 2781 2783 2786 2782 2787 2786 2783 2785 2788 2789 2784 2788 2785 2719 125 2790 2790 125 2791 2791 125 2792 2792 125 2793 127 125 2719 2787 2794 2786 2795 2794 2787 2789 2796 2797 2788 2796 2789 2795 2798 2794 2799 2798 2795 2797 2800 2801 2796 2800 2797 2799 2802 2798 2803 2802 2799 2801 2804 2805 2800 2804 2801 2803 2806 2802 2807 2806 2803 2805 2808 2809 2804 2808 2805 2807 2810 2806 2811 2810 2807 2809 2812 2813 2808 2812 2809 2811 2814 2810 2815 2814 2811 2813 2816 2817 2812 2816 2813 2815 2818 2814 2819 2818 2815 2817 2820 2821 2816 2820 2817 2819 2822 2818 2823 2822 2819 2821 2824 2825 2820 2824 2821 2826 2827 2823 2823 2827 2822 2825 2828 2829 2824 2828 2825 2830 2831 2826 2826 2831 2827 2829 2832 2833 2828 2832 2829 2834 2835 2830 2830 2835 2831 2833 2836 2837 2832 2836 2833 2838 2839 2834 2834 2839 2835 2836 2840 2837 2837 2840 2841 2842 2843 2838 2838 2843 2839 2841 2844 2845 2840 2844 2841 2846 2847 2842 2842 2847 2843 2845 2848 2849 2844 2848 2845 2850 2851 2846 2846 2851 2847 2849 2852 2853 2848 2852 2849 2854 2855 2850 2850 2855 2851 2852 2856 2853 2853 2856 2857 2858 2859 2854 2854 2859 2855 2857 2860 2861 2856 2860 2857 2862 2863 2858 2858 2863 2859 2860 2864 2861 2861 2864 2865 2862 2866 2863 2867 2866 2862 2865 2868 2869 2864 2868 2865 2870 2871 2867 2867 2871 2866 2869 2872 2873 2868 2872 2869 2870 2874 2871 2875 2874 2870 2873 2876 2877 2872 2876 2873 2875 2878 2874 2879 2878 2875 2876 2880 2877 2877 2880 2881 125 2882 2793 2879 2882 2878 2793 2882 2879 2880 2883 2881 125 2884 2882 125 2885 2884 2886 2887 2888 2889 2890 2891 2887 2892 2888 2889 2893 2890 2892 2894 2888 2889 2895 2893 2894 2896 2888 2889 2897 2895 2898 323 2899 2899 323 2900 2900 323 2901 2901 323 2883 2881 323 2761 2883 323 2881 2761 323 321 2902 2903 2904 2904 2903 2905 2905 2903 2906 2906 2903 2907 2907 2903 2908 2908 2903 2909 2909 2903 2910 2910 2903 2911 2911 2903 2912 2912 2903 2913 2913 2903 2914 2914 2903 2915 2896 2903 2888 2915 2903 2896 2897 2916 2917 2917 2916 2918 2918 2916 2919 2889 2916 2897 2919 2916 2920 2920 2916 2921 2921 2916 2922 2922 2916 2923 2923 2916 2924 2924 2916 2925 2925 2916 2926 2926 2916 2927 2927 2916 2928 2928 2916 2929 125 123 2885 2885 123 2930 2930 123 2931 2931 123 2932 2932 123 2933 2933 123 2934 2935 2936 2937 2937 2936 2938 2938 2936 2939 2939 2936 2940 2940 2936 2902 2902 2936 2903 2929 2941 2942 2942 2941 2943 2943 2941 2944 2944 2941 2945 2945 2941 2946 2916 2941 2929 2947 325 2948 2948 325 2949 2949 325 2950 2950 325 2951 2951 325 2898 2898 325 323 123 121 2934 2934 121 2952 2952 121 2953 2954 2955 2956 2957 2958 2959 2959 2960 2957 2956 2961 2954 2955 2962 2956 2957 2963 2958 2957 2964 2941 2960 2964 2957 2956 2965 2961 2936 2965 2956 2962 2966 2956 2957 2967 2963 2964 2968 2941 2936 2969 2965 2966 2970 2956 2957 2971 2967 2968 2972 2941 2936 2973 2969 2970 2974 2956 2957 2975 2971 2972 2976 2941 2936 2977 2973 2974 2978 2956 2957 2979 2975 2976 2980 2941 2936 2981 2977 2978 2982 2956 2957 2983 2979 2935 2984 2936 2936 2984 2981 2980 2985 2941 2941 2985 2946 2982 2986 2956 2957 2987 2983 2986 2988 2956 2957 2989 2987 2990 327 2947 2947 327 325 2988 2991 2956 2957 2992 2989 2991 2993 2956 2956 2993 2994 2957 2995 2992 2996 2995 2957 2993 2997 2994 2996 2998 2995 2997 2999 2994 2996 3000 2998 2999 3001 2994 2996 3002 3000 2996 3003 3002 3001 3004 2994 2953 119 3005 121 119 2953 3006 3007 3008 3009 3010 3011 3006 3012 3007 3010 3013 3011 3006 3014 3012 3013 3015 3011 3006 3016 3014 3015 3017 3011 2990 329 327 3018 329 3019 3019 329 3020 3020 329 2990 3017 3021 3011 3022 3021 3023 3023 3021 3024 3024 3021 3025 3025 3021 3026 3026 3021 3027 3027 3021 3028 3028 3021 3029 3029 3021 3030 3030 3021 3017 3006 3031 3016 3016 3031 3032 3032 3031 3033 3033 3031 3034 3034 3031 3035 3035 3031 3036 3036 3031 3037 3037 3031 3038 3038 3031 3039 3039 3031 3040 3031 3041 3040 3022 3042 3021 3031 3043 3041 3042 3044 3021 3031 3045 3043 3044 3046 3021 3031 3047 3045 2935 3048 2984 3049 3048 2935 2985 3050 2946 2946 3050 3051 3052 3053 3049 3049 3053 3048 3050 3054 3051 3051 3054 3055 3056 3057 3052 3052 3057 3053 3054 3058 3055 3055 3058 3059 3060 3061 3056 3056 3061 3057 3058 3062 3059 3059 3062 3063 3064 3065 3060 3060 3065 3061 3062 3066 3063 3063 3066 3067 3064 3068 3065 3069 3068 3064 3066 3070 3067 3067 3070 3071 3069 3072 3068 3073 3072 3069 3070 3074 3071 3071 3074 3075 3073 3076 3072 3077 3076 3073 3074 3078 3075 3075 3078 3079 3077 3080 3076 3081 3080 3077 3078 3082 3079 3079 3082 3083 3081 3084 3080 3085 3084 3081 3082 3086 3083 3083 3086 3087 3085 3088 3084 3089 3088 3085 3086 3090 3087 3087 3090 3091 3089 3092 3088 3093 3092 3089 3090 3094 3091 3091 3094 3095 3093 3096 3092 3097 3096 3093 3094 3098 3095 3095 3098 3099 3097 3100 3096 3101 3100 3097 3098 3102 3099 3099 3102 3103 3101 3104 3100 3105 3104 3101 3102 3106 3103 3103 3106 3107 3105 3108 3104 3109 3108 3105 3106 3110 3107 3107 3110 3111 3112 3113 3109 3109 3113 3108 3110 3114 3111 3111 3114 3115 3116 3117 3112 3112 3117 3113 3114 3118 3115 3115 3118 3119 3120 3121 3116 3116 3121 3117 3118 3122 3119 3119 3122 3123 3005 117 3124 3124 117 3125 3125 117 3126 3126 117 3127 3127 117 3128 119 117 3005 3129 3130 3120 3120 3130 3121 3123 3131 3132 3122 3131 3123 3133 3134 3129 3129 3134 3130 3132 3135 3136 3131 3135 3132 3137 3138 3133 3133 3138 3134 3136 3139 3140 3135 3139 3136 3137 3141 3138 3142 3141 3137 3140 3143 3144 3139 3143 3140 3145 3146 3142 3142 3146 3141 3144 3147 3148 3143 3147 3144 3149 3150 3145 3145 3150 3146 3148 3151 3152 3147 3151 3148 3153 3154 3149 3149 3154 3150 3152 3155 3156 3151 3155 3152 3046 3157 3021 3158 3157 3159 3159 3157 3160 3160 3157 3161 3161 3157 3162 3162 3157 3163 3163 3157 3046 3031 3164 3047 3047 3164 3165 3165 3164 3166 3166 3164 3167 3167 3164 3168 3168 3164 3169 3156 331 3170 3170 331 3171 3171 331 3172 3172 331 3173 3173 331 3174 3174 331 3018 3018 331 329 3154 115 3175 3175 115 3176 3128 115 3177 3177 115 3178 3178 115 3179 3179 115 3153 117 115 3128 3153 115 3154 3180 3181 3182 3183 3184 3185 3182 3186 3180 3185 3187 3183 3180 3188 3181 3184 3189 3185 3186 3190 3180 3185 3191 3187 3180 3192 3188 3189 3193 3185 3190 3194 3180 3185 3195 3191 3180 3196 3192 3193 3197 3185 3194 3198 3180 3185 3199 3195 3180 3200 3196 3197 3201 3185 3198 3202 3180 3185 3203 3199 3180 3204 3200 3157 3204 3180 3185 3205 3164 3201 3205 3185 3202 3206 3180 3185 3207 3203 3157 3208 3204 3205 3209 3164 3206 3210 3180 3180 3210 3211 3212 3213 3185 3185 3213 3207 3157 3214 3208 3209 3215 3164 3210 3216 3211 3212 3217 3213 3157 3218 3214 3215 3219 3164 3216 3220 3211 3212 3221 3217 3157 3222 3218 3219 3223 3164 3220 3224 3211 3212 3225 3221 3157 3226 3222 3158 3226 3157 3164 3227 3169 3223 3227 3164 3224 3228 3211 3212 3229 3225 3230 333 3231 3231 333 3232 3232 333 3233 3233 333 3234 3234 333 3155 3155 333 3156 3156 333 331 3227 3235 3169 115 113 3176 3176 113 3236 3236 113 3237 3237 113 3238 3238 113 3239 3239 113 3240 3240 113 3241 3242 3243 3244 3245 3246 3247 3242 3248 3243 3246 3249 3247 3242 3250 3248 3249 3251 3247 3242 3252 3250 3251 3253 3247 3254 3255 3256 3256 3255 3257 3257 3255 3258 3258 3255 3259 3259 3255 3260 3260 3255 3253 3253 3255 3247 3252 3261 3262 3262 3261 3263 3263 3261 3264 3264 3261 3265 3265 3261 3266 3266 3261 3267 3242 3261 3252 3261 3268 3267 3254 3269 3255 3261 3270 3268 3271 335 3230 3230 335 333 3272 335 3273 3273 335 3274 3274 335 3271 3269 3275 3255 3261 3276 3270 3275 3277 3255 3261 3278 3276 3277 3279 3255 3261 3280 3278 3279 3281 3255 3261 3282 3280 3281 3283 3255 3261 3284 3282 3283 3285 3255 3285 3286 3255 3287 3286 3288 3288 3286 3289 3289 3286 3290 3290 3286 3291 3291 3286 3292 3292 3286 3285 3284 3293 3294 3294 3293 3295 3295 3293 3296 3296 3293 3297 3297 3293 3298 3261 3293 3284 113 111 3241 3241 111 3299 3272 337 335 3300 337 3272 3158 3301 3226 3302 3301 3158 3227 3303 3235 3235 3303 3304 3305 3306 3302 3302 3306 3301 3304 3307 3308 3303 3307 3304 3309 3310 3305 3305 3310 3306 3307 3311 3308 3308 3311 3312 3309 3313 3310 3314 3313 3309 3312 3315 3316 3311 3315 3312 3317 3318 3314 3314 3318 3313 3316 3319 3320 3315 3319 3316 3321 3322 3317 3317 3322 3318 3319 3323 3320 3320 3323 3324 3325 3326 3321 3321 3326 3322 3323 3327 3324 3324 3327 3328 3329 3330 3325 3325 3330 3326 3327 3331 3328 3328 3331 3332 3329 3333 3330 3334 3333 3329 3332 3335 3336 3331 3335 3332 3337 3338 3334 3334 3338 3333 3335 3339 3336 3336 3339 3340 3341 3342 3337 3337 3342 3338 3339 3343 3340 3340 3343 3344 3345 3346 3341 3341 3346 3342 3343 3347 3344 3344 3347 3348 3345 3349 3346 3350 3349 3345 3347 3351 3348 3348 3351 3352 3353 3354 3350 3350 3354 3349 3351 3355 3352 3352 3355 3356 3357 3358 3353 3353 3358 3354 3355 3359 3356 3356 3359 3360 3357 3361 3358 3362 3361 3357 3359 3363 3360 3360 3363 3364 3365 3366 3362 3362 3366 3361 3363 3367 3364 3364 3367 3368 3369 3370 3365 3365 3370 3366 3367 3371 3368 3368 3371 3372 3369 3373 3370 3374 3373 3369 3371 3375 3372 3372 3375 3376 3374 3377 3373 3378 3377 3374 3375 3379 3376 3376 3379 3380 3378 3381 3377 3382 3381 3378 3379 3383 3380 3380 3383 3384 3385 3386 3382 3382 3386 3381 3383 3387 3384 3384 3387 3388 3389 3390 3385 3385 3390 3386 3388 3391 3392 3387 3391 3388 3393 3394 3389 3389 3394 3390 3392 3395 3396 3391 3395 3392 3397 3398 3393 3393 3398 3394 3396 3399 3400 3395 3399 3396 3401 3402 3397 3397 3402 3398 3399 3403 3400 3299 109 3404 111 109 3299 3405 3406 3407 3408 3409 3410 3410 3411 3408 3407 3412 3405 3405 3413 3406 3409 3414 3410 3410 3415 3411 3412 3416 3405 3405 3417 3413 3414 3418 3410 3419 3420 3410 3410 3420 3415 3405 3421 3422 3416 3421 3405 3405 3423 3417 3418 3424 3410 3419 3425 3420 3421 3426 3422 3405 3427 3423 3424 3428 3410 3419 3429 3425 3426 3430 3422 3405 3431 3427 3428 3432 3410 3419 3433 3429 3430 3434 3422 3405 3435 3431 3432 3436 3410 3434 3437 3422 3419 3438 3433 3405 3439 3435 3436 3440 3410 3405 3441 3439 3440 3442 3410 3286 3443 3405 3405 3443 3441 3410 3444 3293 3442 3444 3410 3286 3445 3443 3444 3446 3293 3286 3447 3445 3446 3448 3293 3286 3449 3447 3448 3450 3293 3286 3451 3449 3450 3452 3293 3286 3453 3451 3287 3453 3286 3452 3454 3293 3293 3454 3298 3300 339 337 3455 339 3456 3456 339 3457 3457 339 3300 3458 3459 3460 3461 3462 3463 3459 3464 3460 3461 3465 3462 3464 3466 3460 3461 3467 3465 3466 3468 3460 3461 3469 3467 3470 3471 3472 3472 3471 3473 3473 3471 3468 3468 3471 3460 3469 3474 3475 3475 3474 3476 3476 3474 3477 3461 3474 3469 3470 3478 3471 3474 3479 3477 3478 3480 3471 3474 3481 3479 3404 107 3482 3482 107 3483 3483 107 3484 3484 107 3485 3485 107 3486 3486 107 3487 109 107 3404 3480 3488 3471 3474 3489 3481 3488 3490 3471 3474 3491 3489 3490 3492 3471 3474 3493 3491 3492 3494 3471 3474 3495 3493 3494 3496 3471 3474 3497 3495 3496 3498 3471 3474 3499 3497 3498 3500 3471 3474 3501 3499 3500 3502 3471 3474 3503 3501 3502 3504 3471 3505 3504 3506 3506 3504 3502 3503 3507 3508 3508 3507 3509 3474 3507 3503 3505 3510 3504 3507 3511 3509 3510 3512 3504 3507 3513 3511 3512 3514 3504 3507 3515 3513 3455 341 339 3516 341 3517 3517 341 3518 3518 341 3519 3519 341 3520 3520 341 3455 3287 3521 3453 3454 3522 3298 107 105 3487 3487 105 3523 3523 105 3524 3524 105 3401 3402 105 3525 3525 105 3526 3401 105 3402 3527 3528 3529 3530 3531 3532 3531 3533 3532 3527 3534 3528 3528 3535 3529 3530 3536 3531 3533 3537 3532 3527 3538 3534 3535 3539 3529 3530 3540 3536 3537 3541 3532 3527 3542 3538 3539 3543 3529 3530 3544 3540 3541 3545 3532 3527 3546 3542 3543 3547 3529 3530 3548 3544 3547 3549 3529 3530 3550 3548 3549 3551 3529 3530 3552 3550 3551 3553 3529 3530 3554 3552 3516 343 341 3403 343 3400 3555 343 3556 3556 343 3557 3557 343 3558 3558 343 3559 3559 343 3403 3400 343 3516 3553 3560 3529 3530 3561 3554 3560 3562 3529 3530 3563 3561 3562 3564 3529 3530 3565 3563 3564 3566 3529 3530 3567 3565 3566 3568 3529 3530 3569 3567 3568 3570 3529 3529 3570 3507 3530 3571 3569 3504 3571 3530 3570 3572 3507 3504 3573 3571 3572 3574 3507 3504 3575 3573 3574 3576 3507 3504 3577 3575 3504 3578 3577 3576 3579 3507 3504 3580 3578 3514 3581 3504 3504 3581 3580 3579 3582 3507 3507 3582 3515 3583 3584 3585 3586 3587 3588 3584 3589 3585 3586 3590 3587 3589 3591 3585 3586 3592 3590 105 103 3526 3526 103 3593 3593 103 3594 3594 103 3595 3595 103 3596 3596 103 3597 3597 103 3598 3591 3599 3585 3586 3600 3592 3521 3601 3453 3454 3602 3522 3521 3603 3601 3604 3603 3521 3522 3605 3606 3602 3605 3522 3604 3607 3603 3604 3608 3607 3609 3608 3604 3606 3610 3611 3605 3610 3606 3609 3612 3608 3613 3612 3609 3599 3614 3585 3615 3614 3599 3586 3616 3600 3600 3616 3617 3611 3618 3619 3610 3618 3611 3613 3620 3612 3621 3620 3613 3618 3622 3619 3619 3622 3623 3621 3624 3620 3625 3624 3621 3623 3626 3627 3622 3626 3623 3615 3628 3614 3616 3629 3617 3625 3630 3624 3631 3630 3625 3626 3632 3627 3627 3632 3633 3631 3634 3630 3635 3634 3631 3633 3636 3637 3632 3636 3633 3635 3638 3634 3639 3638 3635 3637 3640 3641 3636 3640 3637 3628 3642 3614 3616 3643 3629 3639 3644 3638 3645 3644 3639 3640 3646 3641 3641 3646 3647 3645 3648 3644 3649 3648 3645 3647 3650 3651 3646 3650 3647 3649 3652 3648 3653 3652 3649 3650 3654 3651 3651 3654 3655 3642 3656 3614 3616 3657 3643 3658 3659 3653 3653 3659 3652 3654 3660 3655 3655 3660 3661 3662 3663 3658 3658 3663 3659 3660 3664 3661 3661 3664 3665 3666 3667 3662 3662 3667 3663 3665 3668 3669 3664 3668 3665 3656 3670 3614 3616 3671 3657 3666 3672 3667 3673 3672 3666 3668 3674 3669 3669 3674 3675 3673 3676 3672 3677 3676 3673 3675 3678 3679 3674 3678 3675 3670 3680 3614 3616 3681 3671 3677 3682 3676 3683 3682 3677 3678 3684 3679 3679 3684 3685 3683 3686 3682 3687 3686 3683 3684 3688 3685 3685 3688 3689 3687 3690 3686 3691 3690 3687 3689 3692 3693 3688 3692 3689 3680 3694 3614 3616 3695 3681 3696 3697 3691 3691 3697 3690 3693 3698 3699 3692 3698 3693 3696 3700 3697 3701 3700 3696 3698 3702 3699 3699 3702 3703 3701 3704 3700 3705 3704 3701 3702 3706 3703 3703 3706 3707 3694 3708 3614 3616 3709 3695 3705 3710 3704 3711 3710 3705 3706 3712 3707 3707 3712 3713 3711 3714 3710 3715 3714 3711 3712 3716 3713 3713 3716 3717 3708 3718 3614 3616 3719 3709 3715 3720 3714 3721 3720 3715 3716 3722 3717 3717 3722 3723 3718 3724 3614 3616 3725 3719 3724 3726 3614 3616 3727 3725 3555 345 343 3728 345 3729 3729 345 3730 3730 345 3731 3731 345 3555 3726 3732 3614 3616 3733 3727 3614 3734 3735 3732 3734 3614 3616 3736 3733 3737 3736 3616 3734 3738 3735 3737 3739 3736 3738 3740 3735 3737 3741 3739 3740 3742 3735 3737 3743 3741 3742 3744 3735 3737 3745 3743 3744 3746 3735 3737 3747 3745 103 101 3598 3598 101 3748 3749 3750 3751 3752 3753 3754 3750 3755 3751 3752 3756 3753 3755 3757 3751 3752 3758 3756 3757 3759 3751 3751 3759 3760 3761 3762 3752 3752 3762 3758 3759 3763 3760 3761 3764 3762 3763 3765 3760 3761 3766 3764 3765 3767 3760 3761 3768 3766 3767 3769 3760 3761 3770 3768 3769 3771 3760 3761 3772 3770 3771 3773 3760 3761 3774 3772 3773 3775 3760 3761 3776 3774 3728 347 345 3777 347 3728 3775 3778 3760 3761 3779 3776 3778 3780 3760 3761 3781 3779 3780 3782 3760 3761 3783 3781 3782 3784 3760 3761 3785 3783 3784 3786 3760 3761 3787 3785 3735 3787 3761 3786 3788 3760 3760 3788 3737 3735 3789 3787 3788 3790 3737 3735 3791 3789 3790 3792 3737 3735 3793 3791 3794 3795 3796 3797 3798 3799 3792 3800 3737 3735 3801 3793 3795 3802 3796 3797 3803 3798 3800 3804 3737 3735 3805 3801 3802 3806 3796 3797 3807 3803 3746 3808 3735 3735 3808 3805 3804 3809 3737 3737 3809 3747 3806 3810 3796 3796 3810 3811 3797 3812 3807 3813 3812 3797 3810 3814 3811 3813 3815 3812 3814 3816 3811 3813 3817 3815 3816 3818 3811 3813 3819 3817 3748 99 3820 101 99 3748 3818 3821 3811 3813 3822 3819 3821 3823 3811 3813 3824 3822 3823 3825 3811 3813 3826 3824 3825 3827 3811 3813 3828 3826 3827 3829 3811 3813 3830 3828 3829 3831 3811 3813 3832 3830 3831 3833 3811 3813 3834 3832 3833 3835 3811 3813 3836 3834 3835 3837 3811 3813 3838 3836 3837 3839 3811 3811 3839 3840 3813 3841 3838 3842 3841 3813 3839 3843 3840 3842 3844 3841 3843 3845 3840 3842 3846 3844 3777 349 347 3847 349 3848 3848 349 3849 3849 349 3850 3850 349 3777 3845 3851 3840 3842 3852 3846 3851 3853 3840 3842 3854 3852 3853 3855 3840 3842 3856 3854 3857 3858 3859 3860 3861 3862 3857 3863 3858 3861 3864 3862 3857 3865 3863 3864 3866 3862 3857 3867 3865 3868 3867 3857 3866 3869 3862 3862 3869 3870 3868 3871 3867 3869 3872 3870 3868 3873 3871 3872 3874 3870 3868 3875 3873 3874 3876 3870 3868 3877 3875 3876 3878 3870 3868 3879 3877 3878 3880 3870 3868 3881 3879 3880 3882 3870 3868 3883 3881 3882 3884 3870 3885 3886 3887 3868 3888 3883 3889 3890 3891 3884 3892 3870 3885 3893 3886 99 97 3820 3820 97 3894 3894 97 3895 3895 97 3896 3896 97 3897 3897 97 3898 3898 97 3899 3868 3900 3888 3885 3901 3893 3890 3902 3891 3892 3903 3870 3868 3904 3900 3885 3905 3901 3902 3906 3891 3903 3907 3870 3868 3908 3904 3909 3910 3885 3885 3910 3905 3906 3911 3891 3891 3911 3912 3907 3913 3870 3909 3914 3910 3868 3915 3908 3911 3916 3912 3913 3917 3870 3909 3918 3914 3868 3919 3915 3840 3919 3868 3916 3920 3912 3870 3921 3842 3917 3921 3870 3909 3922 3918 3840 3923 3919 3920 3924 3912 3921 3925 3842 3909 3926 3922 3840 3927 3923 3924 3928 3912 3925 3929 3842 3909 3930 3926 3840 3931 3927 3928 3932 3912 3933 3934 3935 3935 3934 3514 3514 3934 3581 3515 3936 3937 3937 3936 3938 3582 3936 3515 3929 3939 3842 3940 3941 3942 3942 3941 3933 3933 3941 3934 3936 3943 3938 3938 3943 3944 3940 3945 3941 3946 3945 3940 3944 3947 3948 3943 3947 3944 3909 3949 3930 3932 3950 3912 3840 3951 3931 3939 3952 3842 3953 3954 3946 3946 3954 3945 3948 3955 3956 3947 3955 3948 3957 3958 3953 3953 3958 3954 3956 3959 3960 3955 3959 3956 3961 3962 3957 3957 3962 3958 3960 3963 3964 3959 3963 3960 3909 3965 3949 3950 3966 3912 3840 3967 3951 3855 3967 3840 3952 3968 3842 3842 3968 3856 3969 3970 3961 3961 3970 3962 3963 3971 3964 3964 3971 3972 3973 3974 3969 3969 3974 3970 3972 3975 3976 3971 3975 3972 3977 3978 3973 3973 3978 3974 3975 3979 3976 3976 3979 3980 3909 3981 3965 3966 3982 3912 3983 3984 3977 3977 3984 3978 3980 3985 3986 3979 3985 3980 3983 3987 3984 3988 3987 3983 3986 3989 3990 3985 3989 3986 3909 3991 3981 3982 3992 3912 3988 3993 3987 3994 3993 3988 3989 3995 3990 3990 3995 3996 3994 3997 3993 3998 3997 3994 3995 3999 3996 3996 3999 4000 3998 4001 3997 4002 4001 3998 3999 4003 4000 4000 4003 4004 3909 4005 3991 3847 351 349 3723 351 4006 4006 351 4007 4007 351 4008 4008 351 4009 4009 351 3847 3992 4010 3912 4002 4011 4001 4012 4011 4002 4003 4013 4004 4004 4013 4014 4015 4016 4017 4018 4019 4020 4012 4021 4011 4022 4021 4012 4013 4023 4014 4014 4023 4024 4016 4025 4017 4018 4026 4019 3909 4027 4005 4022 4028 4021 4029 4028 4022 4010 4030 3912 4023 4031 4024 4024 4031 4032 4029 4033 4028 4034 4033 4029 4025 4035 4017 4018 4036 4026 4032 4037 4038 4031 4037 4032 4034 4039 4033 4040 4039 4034 4038 4041 4042 4037 4041 4038 4017 4043 4044 4035 4043 4017 4018 4045 4036 4046 4045 4018 3909 4047 4027 4030 4048 3912 4040 4049 4039 4050 4049 4040 4051 4052 4053 4042 4054 4055 4041 4054 4042 4056 4057 4058 4043 4059 4044 4046 4060 4045 4061 4062 4050 4050 4062 4049 4055 4063 4064 4054 4063 4055 4051 4065 4052 4057 4066 4058 4061 4067 4062 4068 4067 4061 4064 4069 4070 4063 4069 4064 4071 4072 3909 3909 4072 4047 4059 4073 4044 4048 4074 3912 3912 4074 4075 4046 4076 4060 4068 4077 4067 4078 4077 4068 4051 4079 4065 4069 4080 4070 4070 4080 4081 4066 4082 4058 4078 4083 4077 4084 4083 4078 4073 4085 4044 4080 4086 4081 4081 4086 4087 4046 4088 4076 4089 4090 4051 4051 4090 4079 4084 4091 4083 4092 4091 4084 4071 4093 4072 4074 4094 4075 4058 4095 4096 4082 4095 4058 4087 4097 4098 4086 4097 4087 4085 4099 4044 4092 4100 4091 4097 4101 4098 4046 4102 4088 4089 4103 4090 4095 4104 4096 4099 4105 4044 4071 4106 4093 4094 4107 4075 4046 4108 4102 4089 4109 4103 4104 4110 4096 4105 4111 4044 4046 4112 4108 4089 4113 4109 4071 4114 4106 4107 4115 4075 4110 4116 4096 4111 4117 4044 4046 4118 4112 4089 4119 4113 4116 4120 4096 4071 4121 4114 4115 4122 4075 4117 4123 4044 4046 4124 4118 4089 4125 4119 4120 4126 4096 4122 4127 4075 4071 4128 4121 4123 4129 4044 4046 4130 4124 4089 4131 4125 4126 4132 4096 4129 4133 4044 4046 4134 4130 4089 4135 4131 4132 4136 4096 4133 4137 4044 4046 4138 4134 4089 4139 4135 4136 4140 4096 4137 4141 4044 4046 4142 4138 3721 95 3720 3899 95 4143 4143 95 4144 4144 95 3721 3720 95 4145 4145 95 4146 4146 95 4147 97 95 3899 4089 4148 4139 4140 4149 4096 4044 4150 4071 4141 4150 4044 4046 4151 4142 4075 4151 4046 4089 4152 4148 4149 4153 4096 4150 4154 4071 4075 4155 4151 4089 4156 4152 4153 4157 4096 4154 4158 4071 4075 4159 4155 4089 4160 4156 4157 4161 4096 4158 4162 4071 4075 4163 4159 4089 4164 4160 4165 4164 4089 4161 4166 4096 4096 4166 4165 4162 4167 4071 4075 4168 4163 4165 4169 4164 4166 4170 4165 4127 4171 4075 4075 4171 4168 4071 4172 4128 4167 4172 4071 4165 4173 4169 4170 4174 4165 4165 4175 4173 4174 4176 4165 4165 4177 4175 4176 4178 4165 4178 4179 4165 4165 4180 4177 4179 4180 4165 3722 353 3723 4181 353 4182 3723 353 351 4182 353 4183 4183 353 4184 4184 353 4185 4185 353 3722 95 93 4147 4147 93 4186 4186 93 4187 4187 93 4188 4188 93 4189 4189 93 4190 4181 355 353 4191 355 4192 4192 355 4193 4193 355 4194 4194 355 4181 93 90 4190 4190 90 4195 4195 90 4196 4197 4198 4199 4199 4198 3746 3746 4198 3808 3747 4200 4201 3809 4200 3747 4201 4202 4203 4200 4202 4201 4204 4205 4197 4197 4205 4198 4203 4206 4207 4202 4206 4203 4208 4209 4204 4204 4209 4205 4207 4210 4211 4206 4210 4207 4212 4213 4208 4208 4213 4209 4211 4214 4215 4210 4214 4211 4216 4217 4212 4212 4217 4213 4215 4218 4219 4214 4218 4215 4220 4221 4216 4216 4221 4217 4219 4222 4223 4218 4222 4219 4224 4225 4220 4220 4225 4221 4222 4226 4223 4223 4226 4227 4228 4229 4224 4224 4229 4225 4227 4230 4231 4226 4230 4227 4232 4233 4228 4228 4233 4229 4231 4234 4235 4230 4234 4231 4236 4237 4232 4232 4237 4233 4235 4238 4239 4234 4238 4235 4240 4241 4236 4236 4241 4237 4239 4242 4243 4238 4242 4239 4244 4245 4240 4240 4245 4241 4243 4246 4247 4242 4246 4243 4244 4248 4245 4249 4248 4244 4247 4250 4251 4246 4250 4247 4252 4253 4249 4249 4253 4248 4251 4254 4255 4250 4254 4251 4256 4257 4252 4252 4257 4253 4255 4258 4259 4254 4258 4255 4256 4260 4257 4261 4260 4256 4259 4262 4263 4258 4262 4259 4261 4264 4260 4265 4264 4261 4263 4266 4267 4262 4266 4263 4268 4269 4265 4265 4269 4264 4267 4270 4271 4266 4270 4267 4272 4273 4268 4268 4273 4269 4270 4274 4271 4271 4274 4275 4276 4277 4272 4272 4277 4273 4275 4278 4279 4274 4278 4275 4280 4281 4276 4276 4281 4277 4279 4282 4283 4278 4282 4279 4284 4285 4280 4280 4285 4281 4283 4286 4287 4282 4286 4283 4288 4289 4284 4284 4289 4285 4191 1 355 4290 1 4191 4287 4291 4292 4286 4291 4287 4293 4294 4288 4288 4294 4289 4292 4295 4296 4291 4295 4292 4297 4298 4293 4293 4298 4294 4295 4299 4296 4296 4299 4300 4297 4301 4298 90 88 4196 4196 88 4302 3855 4303 3967 3968 4304 3856 4305 2 4306 4306 2 4307 4307 2 4308 4308 2 4290 4290 2 1 88 86 4302 4302 86 4309 4309 86 4310 4310 86 4311 4311 86 4312 4312 86 4313 4303 4314 3967 4315 4314 4303 3968 4316 4304 4304 4316 4317 4315 4318 4314 4319 4318 4315 4316 4320 4317 4317 4320 4321 4322 4323 4319 4319 4323 4318 4320 4324 4321 4321 4324 4325 4326 4327 4322 4322 4327 4323 4324 4328 4325 4325 4328 4329 4326 4330 4327 4331 4330 4326 4328 4332 4329 4329 4332 4333 4334 4335 4331 4331 4335 4330 4332 4336 4333 4333 4336 4337 4338 4339 4334 4334 4339 4335 4336 4340 4337 4337 4340 4341 4342 4343 4338 4338 4343 4339 4340 4344 4341 4341 4344 4345 4346 4347 4342 4342 4347 4343 4344 4348 4345 4345 4348 4349 4350 4351 4346 4346 4351 4347 4348 4352 4349 4349 4352 4353 4350 4354 4351 4355 4354 4350 4352 4356 4353 4353 4356 4357 4355 4358 4354 4359 4358 4355 4101 4 4098 4098 4 4360 4360 4 4361 4361 4 4362 4362 4 4363 4363 4 4305 4305 4 2 4357 4364 4365 4356 4364 4357 4359 4366 4358 4367 4366 4359 4364 4368 4365 4365 4368 4369 4367 4370 4366 4371 4370 4367 4368 4372 4369 4369 4372 4373 4371 4374 4370 4375 4374 4371 4372 4376 4373 4373 4376 4377 4375 4378 4374 4379 4378 4375 4376 4380 4377 4377 4380 4381 4379 4382 4378 4383 4382 4379 4380 4384 4381 4381 4384 4385 4386 4387 4383 4383 4387 4382 4385 4388 4389 4384 4388 4385 4390 4391 4386 4386 4391 4387 4389 4392 4393 4388 4392 4389 4394 4395 4390 4390 4395 4391 4393 4396 4397 4392 4396 4393 4398 4399 4394 4394 4399 4395 4397 4400 4401 4396 4400 4397 4398 4402 4399 4403 4402 4398 4401 4404 4405 4400 4404 4401 4406 4407 4403 4403 4407 4402 4405 4408 4409 4404 4408 4405 4410 4411 4406 4406 4411 4407 4409 4412 4413 4408 4412 4409 4414 4415 4410 4410 4415 4411 4413 4416 4417 4412 4416 4413 4414 4418 4415 4416 4419 4417 4092 84 4100 86 84 4313 4313 84 4420 4420 84 4421 4421 84 4092 4100 84 4422 4422 84 4423 4423 84 4424 4425 6 4426 4426 6 4427 4427 6 4428 4428 6 4429 4429 6 4101 4101 6 4 4127 4430 4171 4431 4430 4432 4432 4430 4127 4172 4433 4128 4128 4433 4434 4433 4435 4434 4434 4435 4436 4431 4437 4430 4438 4437 4431 4435 4439 4436 4436 4439 4440 4438 4441 4437 4442 4441 4438 4439 4443 4440 4440 4443 4444 4442 4445 4441 4446 4445 4442 4443 4447 4444 4444 4447 4448 4446 4449 4445 4450 4449 4446 4447 4451 4448 4448 4451 4452 4453 4454 4450 4450 4454 4449 4451 4455 4452 4452 4455 4456 4457 4458 4453 4453 4458 4454 4455 4459 4456 4456 4459 4460 4461 4462 4457 4457 4462 4458 4459 4463 4460 4460 4463 4464 4461 4465 4462 4466 4465 4461 4463 4467 4464 4464 4467 4468 4469 4470 4466 4466 4470 4465 4467 4471 4468 4468 4471 4472 4473 4474 4469 4469 4474 4470 4471 4475 4472 4472 4475 4476 4473 4477 4474 4478 4477 4473 4476 4479 4480 4475 4479 4476 4481 4482 4478 4478 4482 4477 4479 4483 4480 4480 4483 4484 4485 4486 4481 4481 4486 4482 4484 4487 4488 4483 4487 4484 4485 4489 4486 4490 4489 4485 4179 4491 4180 4491 4492 4180 4487 4493 4488 4488 4493 4494 4490 4495 4489 4496 4495 4490 4491 4497 4492 4491 4498 4497 4493 4499 4494 4494 4499 4500 4496 4501 4495 4502 4501 4496 4498 4503 4497 4498 4504 4503 4499 4505 4500 4500 4505 4506 4502 4507 4501 4508 4507 4502 4505 4509 4506 4506 4509 4510 4504 4511 4503 4504 4512 4511 4508 4513 4507 4514 4513 4508 4509 4515 4510 4510 4515 4516 4424 82 4517 4517 82 4518 4518 82 4519 4519 82 4520 4520 82 4521 84 82 4424 4521 82 4522 4514 4523 4513 4524 4523 4514 4512 4525 4511 4512 4526 4525 4515 4527 4516 4516 4527 4528 4524 4529 4523 4530 4529 4524 4526 4531 4525 4526 4532 4531 4527 4533 4528 4528 4533 4534 4535 4536 4530 4530 4536 4529 4533 4537 4534 4534 4537 4538 4539 4540 4535 4535 4540 4536 4532 4541 4531 4532 4542 4541 4537 4543 4538 4538 4543 4544 4545 4546 4539 4539 4546 4540 4542 4547 4541 4542 4548 4547 4543 4549 4544 4544 4549 4550 4551 4552 4545 4545 4552 4546 4549 4553 4550 4550 4553 4554 4551 4555 4552 4548 4556 4547 4548 4557 4556 4557 4558 4556 4557 4559 4558 4559 4560 4558 4559 4561 4560 4561 4562 4560 4561 4563 4562 4563 4564 4562 4563 4565 4564 4565 4566 4564 4565 4567 4566 4567 4568 4566 4567 4569 4568 4569 4570 4568 4569 4571 4570 4571 4572 4570 4571 4573 4572 4573 4574 4572 4573 4575 4574 4575 4576 4574 4575 4577 4576 4577 4578 4576 4577 4579 4578 4579 4580 4578 4579 4581 4580 4581 4582 4580 4581 4583 4582 4583 4584 4582 4583 4585 4584 4585 4586 4584 4585 4587 4586 4587 4588 4586 4587 4589 4588 4589 4590 4588 4589 4591 4590 4592 8 4593 4593 8 4594 4594 8 4595 4595 8 4425 4425 8 6 82 80 4522 4522 80 4596 4592 10 8 4597 10 4592 80 78 4596 4596 78 4598 4599 12 4600 4600 12 4601 4601 12 4602 4602 12 4597 4597 12 10 4603 76 4604 4604 76 4605 4605 76 4606 4606 76 4607 4607 76 4608 78 76 4598 4598 76 4603 4609 14 4299 4300 14 4610 4610 14 4611 4611 14 4612 4612 14 4613 4613 14 4599 4599 14 12 4299 14 4300 4608 74 4614 4614 74 4297 4301 74 4615 4615 74 4616 4616 74 4617 76 74 4608 4297 74 4301 4609 16 14 4618 16 4619 4619 16 4620 4620 16 4621 4621 16 4622 4622 16 4609 4617 72 4623 4623 72 4624 4624 72 4625 4625 72 4626 4626 72 4627 4627 72 4628 74 72 4617 4629 18 4630 4630 18 4631 4631 18 4618 4618 18 16 4628 70 4632 72 70 4628 4633 20 4629 4629 20 18 4632 68 4634 70 68 4632 4635 22 4636 4636 22 4637 4637 22 4638 4638 22 4633 4633 22 20 4634 66 4639 4639 66 4640 4640 66 4641 4641 66 4642 4642 66 4643 4643 66 4644 68 66 4634 4417 24 4645 4645 24 4646 4646 24 4647 4647 24 4648 4635 24 22 4648 24 4635 4419 24 4417 4644 64 4649 4649 64 4414 4418 64 4650 4650 64 4651 4651 64 4652 4652 64 4653 4414 64 4418 66 64 4644 4654 26 4655 4655 26 4656 4656 26 4657 4657 26 4658 4658 26 4659 4659 26 4419 4419 26 24 4653 62 4660 4660 62 4661 4661 62 4662 4662 62 4663 4663 62 4664 64 62 4653 4665 28 4654 4654 28 26 4666 28 4667 4667 28 4665 62 60 4664 4664 60 4668 4666 30 28 4669 30 4666 4668 58 4670 4670 58 4671 60 58 4668 4669 32 30 4672 32 4673 4673 32 4674 4674 32 4675 4675 32 4676 4676 32 4669 4671 56 4677 4677 56 4678 4678 56 4679 4679 56 4680 4680 56 4681 58 56 4671 4672 34 32 4553 34 4554 4682 34 4553 4554 34 4683 4683 34 4684 4684 34 4685 4685 34 4672 4681 54 4686 4686 54 4551 4555 54 4687 4687 54 4688 4688 54 4689 4689 54 4690 56 54 4681 4551 54 4555 4682 36 34 4691 36 4692 4692 36 4693 4693 36 4694 4694 36 4695 4695 36 4696 4696 36 4682 4690 52 4697 4697 52 4698 4698 52 4699 4699 52 4700 4700 52 4701 54 52 4690 4691 38 36 4702 38 4703 4703 38 4691 52 50 4701 4701 50 4704 4705 40 4702 4702 40 38 4704 48 4706 50 48 4704 4706 48 4707 4708 42 4709 4709 42 4710 4710 42 4711 4711 42 4712 4712 42 4705 4705 42 40 4707 46 4713 4713 46 4714 4714 46 4715 4715 46 4716 4716 46 4717 4717 46 4718 48 46 4707 4708 44 42 4718 44 4591 4590 44 4719 4719 44 4720 4720 44 4721 4721 44 4708 46 44 4718 4591 44 4590 4127 4722 4432 4722 4723 4432 4724 225 227 4725 221 4726 4727 4724 227 4728 225 4724 4729 4726 221 4730 219 221 4730 221 4725 4731 227 229 4731 4727 227 4732 225 4728 4733 4729 221 4734 225 4732 4735 221 223 4735 4733 221 4736 225 4734 4737 4735 223 4738 225 4736 4739 4737 223 4740 225 4738 4740 223 225 4741 4739 223 4742 223 4740 4743 4741 223 4743 223 4742 4744 4743 4742 4745 4743 4744 4746 4745 4744 4747 4745 4746 4748 4747 4746 4749 4747 4748 4750 4749 4748 4751 4749 4750 4752 4751 4750 4753 4751 4752 4754 4753 4752 4755 4753 4754 4756 4755 4754 4757 4755 4756 4758 4757 4756 4759 4757 4758 4760 4759 4758 4761 4759 4760 4762 4761 4760 4763 4761 4762 4764 4763 4762 4765 4763 4764 4766 4765 4764 4767 4765 4766 4768 4767 4766 4769 4767 4768 4770 4769 4768 4771 4769 4770 4772 217 219 4772 219 4730 4773 229 231 4773 4731 229 4774 4773 231 4775 217 4772 4776 4774 231 4777 217 4775 4777 215 217 4778 4776 231 4779 215 4777 4780 4771 4770 4781 4771 4780 4782 4778 231 4783 215 4779 4784 231 233 4784 4782 231 4785 215 4783 4786 4784 233 4787 215 4785 4788 4781 4780 4789 4781 4788 4790 4786 233 4791 215 4787 4792 4790 233 4793 213 215 4793 215 4791 4794 4789 4788 4795 4789 4794 4796 4792 233 4797 213 4793 4798 4795 4794 4799 4795 4798 4800 4799 4798 4801 4799 4800 4802 4801 4800 4803 4801 4802 4804 4803 4802 4805 4803 4804 4806 4805 4804 4807 4805 4806 4808 4807 4806 4809 4807 4808 4810 4809 4808 4811 4809 4810 4812 4813 4811 4812 4811 4810 4814 211 213 4815 4814 213 4816 235 4817 4818 4817 235 4819 211 4814 4820 4815 213 4821 235 4816 4821 233 235 4822 4818 235 4823 211 4819 4824 4820 213 4825 233 4821 4826 235 237 4826 4822 235 4827 211 4823 4828 213 4797 4828 4824 213 4829 4796 233 4829 4830 4796 4829 233 4825 4831 4826 237 4832 211 4827 4833 4828 4797 4833 4797 4834 4835 4836 4830 4835 4830 4829 4837 209 211 4837 211 4832 4838 237 239 4838 4831 237 4839 4833 4834 4839 4834 4840 4841 4836 4835 4841 4842 4836 4843 4839 4840 4843 4840 4844 4845 4842 4841 4845 4846 4842 4847 4844 4848 4847 4843 4844 4849 4846 4845 4849 4850 4846 4851 4847 4848 4851 4848 4852 4853 4850 4849 4853 4854 4850 4855 4852 4856 4855 4851 4852 4857 4854 4853 4857 4858 4854 4859 4856 4860 4859 4855 4856 4861 4858 4857 4861 4862 4858 4863 4860 4864 4863 4859 4860 4865 4866 4862 4865 4862 4861 4867 4864 4868 4867 4863 4864 4869 4866 4865 4869 4870 4866 4871 4868 4872 4871 4867 4868 4873 4870 4869 4873 4874 4870 4875 4872 4876 4875 4871 4872 4877 4878 4874 4877 4874 4873 4879 4876 4880 4879 4875 4876 4881 4878 4877 4881 4882 4878 4883 4880 4884 4883 4879 4880 4885 4882 4881 4885 4886 4882 4887 4884 4888 4887 4883 4884 4889 4886 4885 4889 4890 4886 4891 4888 4892 4891 4887 4888 4893 4890 4889 4893 4894 4890 4895 4892 4896 4895 4891 4892 4897 4894 4893 4897 4898 4894 4899 4896 4900 4899 4895 4896 4901 4898 4897 4901 4902 4898 4903 4900 4904 4903 4899 4900 4905 4902 4901 4905 4906 4902 4907 4904 4908 4907 4903 4904 4909 4906 4905 4909 4910 4906 4911 4907 4908 4911 4908 4912 4913 4914 4910 4913 4910 4909 4915 4911 4912 4915 4912 4916 4917 4918 4914 4917 4914 4913 4919 4915 4916 4919 4916 4920 4921 4922 4918 4921 4918 4917 4923 4919 4920 4923 4920 4924 4925 4926 4922 4925 4922 4921 4927 4923 4924 4927 4924 4928 4929 4930 4926 4929 4926 4925 4931 4928 4932 4931 4927 4928 4933 4930 4929 4934 207 209 4934 209 4837 4935 239 241 4935 4838 239 4936 207 4934 4937 4935 241 4938 207 4936 4939 4937 241 4940 205 207 4940 207 4938 4941 4939 241 4942 205 4940 4943 4941 241 4944 205 4942 4945 241 243 4945 4943 241 4946 205 4944 4947 4945 243 4948 205 4946 4949 4947 243 4950 205 4948 4951 4949 243 4952 205 4950 4952 203 205 4953 4951 243 4954 4952 4955 4954 203 4952 4956 4957 4953 4956 4953 243 4958 4956 243 4959 203 4954 4960 4955 4961 4960 4954 4955 4962 4963 4957 4962 4957 4956 4964 243 245 4964 4958 243 4965 203 4959 4966 4961 4967 4966 4960 4961 4968 4969 4963 4968 4963 4962 4970 4964 245 4971 203 4965 4972 4967 4973 4972 4966 4967 4974 4975 4969 4974 4969 4968 4976 4970 245 4977 203 4971 4978 4973 4979 4978 4972 4973 4980 4981 4975 4980 4975 4974 4982 4976 245 4983 201 203 4983 203 4977 4984 4979 4985 4984 4978 4979 4986 4987 4981 4986 4981 4980 4988 4982 245 4989 201 4983 4990 4984 4985 4990 4985 4991 4992 4987 4986 4992 4993 4987 4994 4988 245 4995 201 4989 4996 4990 4991 4996 4991 4997 4998 4999 4993 4998 4993 4992 5000 4994 245 5000 245 247 5001 201 4995 5002 4997 5003 5002 4996 4997 5004 5005 4999 5004 4999 4998 5006 201 5001 5006 199 201 5007 5000 247 5007 247 249 5008 5002 5003 5008 5003 5009 5010 5005 5004 5010 5011 5005 5012 5009 5013 5012 5008 5009 5014 5015 5011 5014 5011 5010 5016 5012 5013 5016 5013 5017 5018 5015 5014 5018 5019 5015 5020 5016 5017 5020 5017 5021 5022 5019 5018 5022 5023 5019 5024 5021 5025 5024 5020 5021 5026 5023 5022 5026 5027 5023 5028 5025 5029 5028 5024 5025 5030 5027 5026 5030 5031 5027 5032 5029 5033 5032 5028 5029 5034 5031 5030 5034 5035 5031 5036 5033 5037 5036 5032 5033 5038 5039 5035 5038 5035 5034 5040 5036 5037 5040 5037 5041 5042 5043 5039 5042 5039 5038 5044 5041 5045 5044 5040 5041 5046 5047 5043 5046 5043 5042 5048 5045 5049 5048 5044 5045 5050 5051 5047 5050 5047 5046 5052 5048 5049 5052 5049 5053 5054 5051 5050 5054 5055 5051 5056 5053 5057 5056 5052 5053 5058 5059 5055 5058 5055 5054 5060 5057 5061 5060 5056 5057 5062 5063 5059 5062 5059 5058 5064 5061 5065 5064 5060 5061 5066 5063 5062 5066 5067 5063 5068 5065 5069 5068 5064 5065 5070 5071 5067 5070 5067 5066 5072 5068 5069 5073 5071 5070 5074 199 5006 5074 197 199 5075 5007 249 5075 249 251 5076 5075 251 5077 197 5074 5078 5076 251 5079 197 5077 5080 5078 251 5081 195 197 5081 197 5079 5082 5080 251 5083 195 5081 5084 5082 251 5085 195 5083 5086 5084 251 5086 251 253 5087 195 5085 5088 5086 253 5089 195 5087 5090 5088 253 5091 193 195 5091 195 5089 5092 5090 253 5093 193 5091 5094 5095 5096 5097 5098 5099 5100 5101 5098 5100 5098 5097 5102 5103 5095 5102 5095 5094 5104 5094 5096 5104 5096 5105 5106 5097 5099 5106 5099 5107 5108 5101 5100 5108 5109 5101 5110 5111 5103 5110 5103 5102 5112 5105 5113 5112 5104 5105 5114 5107 5115 5114 5106 5107 5116 5109 5108 5116 5093 5109 5117 5118 5111 5117 5111 5110 5119 5092 253 5119 5113 5092 5119 5112 5113 5120 5115 5121 5120 5114 5115 5122 193 5093 5122 5093 5116 5123 5124 5118 5123 5118 5117 5125 5119 253 5126 5121 5127 5126 5120 5121 5128 193 5122 5129 5130 5124 5129 5124 5123 5131 253 255 5131 5125 253 5132 5127 5133 5132 5126 5127 5134 193 5128 5135 5136 5130 5135 5130 5129 5137 5131 255 5138 5133 5139 5138 5132 5133 5140 193 5134 5141 5142 5136 5141 5136 5135 5143 5137 255 5144 5139 5145 5144 5138 5139 5146 193 5140 5147 5148 5142 5147 5142 5141 5149 5143 255 5150 5144 5145 5150 5145 5151 5152 191 193 5152 193 5146 5153 5154 5148 5153 5148 5147 5155 5149 255 5156 5150 5151 5156 5151 5157 5158 191 5152 5159 5160 5154 5159 5154 5153 5161 5157 5162 5161 5156 5157 5163 5155 255 5164 191 5158 5165 5166 5160 5165 5160 5159 5167 5162 5168 5167 5161 5162 5169 5163 255 5169 255 257 5170 191 5164 5171 5166 5165 5171 5172 5166 5173 5167 5168 5173 5168 5174 5175 191 5170 5175 189 191 5176 5169 257 5176 257 259 5177 5178 5172 5177 5172 5171 5179 5173 5174 5179 5174 5180 5181 5178 5177 5181 5182 5178 5183 5180 5184 5183 5179 5180 5185 5182 5181 5185 5186 5182 5187 5184 5188 5187 5183 5184 5189 5190 5186 5189 5186 5185 5191 5188 5192 5191 5187 5188 5193 5194 5190 5193 5190 5189 5195 5192 5196 5195 5191 5192 5197 5198 5194 5197 5194 5193 5199 5196 5200 5199 5195 5196 5201 5202 5198 5201 5198 5197 5203 5199 5200 5203 5200 5204 5205 5206 5202 5205 5202 5201 5207 5204 5208 5207 5203 5204 5209 5210 5206 5209 5206 5205 5211 5207 5208 5211 5208 5212 5213 5210 5209 5214 4813 4812 5214 5215 4813 5216 4931 4932 5217 4930 4933 5218 4931 5216 5219 5217 4933 5220 189 5175 5220 187 189 5221 259 261 5221 5176 259 5222 187 5220 5223 5221 261 5224 187 5222 5225 5223 261 5226 187 5224 5227 5225 261 5228 185 187 5228 187 5226 5229 5227 261 5230 185 5228 5231 5229 261 5232 185 5230 5233 261 263 5233 5231 261 5234 185 5232 5235 5233 263 5236 185 5234 5237 5235 263 5238 185 5236 5238 183 185 5239 5237 263 5240 5241 5242 5240 5243 5241 5240 5244 5243 5240 5245 5244 5240 5214 5245 5240 5246 5215 5240 5247 5246 5240 5248 5247 5240 5249 5248 5240 5250 5249 5240 5215 5214 5251 5071 5073 5252 5253 5254 5252 5255 5253 5252 5256 5250 5252 5257 5256 5252 5258 5257 5252 5259 5258 5252 5260 5259 5252 5261 5260 5252 5262 5261 5252 5263 5262 5252 5264 5263 5252 5265 5264 5252 5254 5265 5252 5250 5240 5266 5267 5268 5266 5269 5267 5266 5270 5269 5266 5271 5270 5266 5272 5271 5266 5273 5272 5266 5274 5273 5266 5275 5274 5266 5276 5275 5266 5277 5276 5266 5278 5277 5266 5242 5278 5266 5240 5242 5266 5268 5279 5280 5281 5255 5280 5282 5281 5280 5283 5282 5280 5284 5283 5280 5255 5252 5285 5266 5279 5285 5286 5287 5285 5288 5286 5285 5289 5288 5285 5279 5289 5290 5291 5292 5290 5293 5291 5290 5294 5293 5290 5295 5294 5296 5297 5298 5296 5299 5297 5296 5300 5299 5296 5301 5300 5302 5303 5295 5302 5304 5303 5302 5305 5304 5302 5306 5305 5302 5307 5306 5302 5308 5307 5302 5309 5308 5302 5310 5309 5302 5311 5310 5302 5312 5311 5302 5313 5312 5302 5314 5313 5302 5315 5314 5302 5295 5290 5316 5317 5318 5316 5319 5317 5316 5320 5319 5316 5321 5320 5316 5298 5321 5316 5322 5323 5316 5324 5322 5316 5325 5324 5316 5326 5325 5316 5327 5326 5316 5328 5327 5316 5329 5328 5316 5318 5329 5316 5296 5298 5330 5218 5216 5330 5331 5315 5330 5332 5331 5330 5333 5332 5330 5334 5333 5330 5216 5334 5330 5335 5218 5330 5336 5335 5330 5337 5336 5330 5338 5337 5330 5339 5338 5330 5315 5302 5340 5316 5323 5340 5341 5217 5340 5342 5341 5340 5343 5342 5340 5344 5343 5340 5323 5344 5340 5217 5219 5340 5345 5346 5340 5347 5345 5340 5348 5347 5340 5349 5348 5340 5219 5349 5350 5339 5330 5350 5351 5339 5350 5352 5351 5350 5353 5352 5350 5354 5353 5350 5355 5354 5350 5356 5355 5350 5357 5356 5350 5358 5357 5350 5359 5358 5350 5360 5359 5350 5361 5360 5350 5362 5361 5350 5363 5362 5364 5340 5346 5364 5365 5366 5364 5367 5365 5364 5368 5367 5364 5369 5368 5364 5370 5369 5364 5371 5370 5364 5372 5371 5364 5373 5372 5364 5374 5373 5364 5375 5374 5364 5376 5375 5364 5377 5376 5364 5346 5377 5378 5379 5380 5378 5381 5379 5378 5382 5381 5378 5363 5350 5378 5383 5363 5378 5380 5383 5384 5385 5386 5384 5387 5385 5384 5388 5387 5384 5366 5388 5384 5364 5366 5389 5069 5390 5389 5072 5069 5391 5251 5073 5392 5393 5394 5392 5395 5393 5392 5396 5395 5392 5397 5396 5398 5399 5400 5398 5401 5399 5398 5402 5401 5398 5403 5402 5404 5405 5397 5404 5406 5405 5404 5407 5406 5404 5408 5407 5404 5409 5408 5404 5410 5409 5404 5411 5410 5404 5412 5411 5404 5413 5412 5404 5414 5413 5404 5415 5414 5404 5416 5415 5404 5417 5416 5404 5397 5392 5418 5419 5420 5418 5421 5419 5418 5422 5421 5418 5423 5422 5418 5398 5400 5418 5424 5423 5418 5425 5424 5418 5426 5425 5418 5427 5426 5418 5428 5427 5418 5429 5428 5418 5430 5429 5418 5431 5430 5418 5400 5431 5432 5433 5417 5432 5434 5433 5432 5435 5434 5432 5436 5435 5432 5390 5436 5432 5417 5404 5432 5437 5389 5432 5438 5437 5432 5439 5438 5432 5440 5439 5432 5441 5440 5432 5389 5390 5442 5420 5443 5442 5418 5420 5442 5444 5445 5442 5446 5251 5442 5447 5444 5442 5251 5391 5442 5448 5446 5442 5449 5447 5442 5450 5449 5442 5451 5448 5442 5391 5450 5442 5443 5451 5452 5453 5454 5455 5456 5457 5458 5455 5457 5458 5457 5459 5460 5461 5453 5460 5453 5452 5462 5454 5463 5462 5452 5454 5464 5456 5455 5464 5465 5456 5466 5459 5467 5466 5458 5459 5468 5469 5461 5468 5461 5460 5470 5463 5471 5470 5462 5463 5472 5473 5465 5472 5465 5464 5474 5466 5467 5474 5467 5475 5476 5477 5469 5476 5469 5468 5478 5471 5479 5478 5470 5471 5480 5481 5473 5480 5473 5472 5482 5474 5475 5482 5475 5483 5484 5477 5476 5484 5485 5477 5486 5479 5487 5486 5478 5479 5488 5489 5481 5488 5481 5480 5490 5482 5483 5490 5483 5491 5492 5493 5485 5492 5485 5484 5494 5487 5495 5494 5486 5487 5496 5497 5489 5496 5489 5488 5498 5490 5491 5498 5491 5499 5500 5501 5493 5500 5493 5492 5502 5494 5495 5502 5495 5503 5504 5497 5496 5504 5505 5497 5506 5498 5499 5506 5499 5507 5508 5501 5500 5508 5509 5501 5510 5502 5503 5510 5239 263 5510 5503 5239 5511 5505 5504 5511 183 5238 5511 5238 5505 5512 5506 5507 5512 5507 5513 5514 5515 5509 5514 5509 5508 5516 5510 263 5517 183 5511 5518 5513 5519 5518 5512 5513 5520 5515 5514 5520 5521 5515 5522 5516 263 5523 183 5517 5524 5519 5525 5524 5518 5519 5526 5527 5521 5526 5521 5520 5528 5522 263 5528 263 265 5529 183 5523 5530 5525 5531 5530 5524 5525 5532 5533 5527 5532 5527 5526 5534 5528 265 5535 183 5529 5536 5530 5531 5536 5531 5537 5538 5539 5533 5538 5533 5532 5540 5534 265 5541 181 183 5541 183 5535 5542 5537 5543 5542 5536 5537 5544 5545 5539 5544 5539 5538 5546 5540 265 5547 181 5541 5548 5543 5549 5548 5542 5543 5550 5551 5545 5550 5545 5544 5552 5546 265 5553 181 5547 5554 5548 5549 5554 5549 5555 5556 5557 5551 5556 5551 5550 5558 5552 265 5558 265 267 5559 181 5553 5560 5554 5555 5560 5555 5561 5562 181 5559 5562 178 181 5563 5564 5557 5563 5557 5556 5565 5558 267 5565 267 268 5566 5564 5563 5567 5560 5561 5567 5561 5568 5569 5570 5564 5569 5564 5566 5571 5567 5568 5572 5570 5569 5573 5211 5212 5574 5441 5432 5574 5575 5441 5574 5576 5575 5574 5577 5576 5574 5578 5577 5574 5579 5578 5574 5580 5579 5574 5581 5580 5574 5582 5581 5574 5583 5582 5574 5584 5583 5574 5585 5584 5574 5586 5585 5574 5587 5586 5588 5442 5445 5588 5589 5590 5588 5591 5589 5588 5592 5591 5588 5593 5592 5588 5594 5593 5588 5595 5594 5588 5596 5595 5588 5597 5596 5588 5598 5597 5588 5599 5598 5588 5600 5599 5588 5601 5600 5588 5445 5601 5602 5587 5574 5602 5603 5587 5602 5604 5603 5602 5605 5604 5602 5606 5605 5607 5588 5590 5607 5608 5609 5607 5610 5608 5607 5611 5610 5607 5590 5611 5612 5613 5614 5612 5615 5613 5612 5616 5615 5612 5617 5616 5618 5619 5620 5618 5621 5619 5618 5622 5623 5618 5620 5622 5624 5617 5612 5624 5625 5617 5624 5626 5625 5624 5627 5626 5624 5628 5627 5624 5629 5628 5624 5630 5629 5624 5631 5630 5624 5632 5631 5624 5633 5632 5624 5634 5633 5624 5635 5634 5624 5636 5635 5624 5637 5636 5638 5618 5623 5638 5639 5640 5638 5641 5639 5638 5642 5641 5638 5643 5642 5638 5644 5643 5638 5645 5644 5638 5646 5645 5638 5647 5646 5638 5648 5647 5638 5649 5648 5638 5650 5649 5638 5623 5650 5651 5211 5573 5652 5653 5210 5652 5210 5213 5654 176 178 5654 178 5562 5655 5565 268 5656 176 5654 5657 5655 268 5657 268 270 5658 176 5656 5659 5657 270 5660 176 5658 5661 5659 270 5662 174 176 5662 176 5660 5663 5661 270 5664 174 5662 5665 5663 270 5666 174 5664 5667 5665 270 5667 270 272 5668 5651 5573 5668 5669 5637 5668 5637 5624 5668 5670 5669 5668 5671 5670 5668 5672 5671 5668 5573 5672 5668 5673 5651 5668 5674 5673 5668 5675 5674 5668 5676 5675 5668 5677 5676 5678 5679 5653 5678 5680 5679 5678 5681 5680 5678 5682 5681 5678 5683 5682 5678 5640 5683 5678 5653 5652 5678 5638 5640 5678 5684 5685 5678 5686 5684 5678 5687 5686 5678 5688 5687 5678 5652 5688 5689 174 5666 5690 5667 272 5691 174 5689 5692 5690 272 5693 174 5691 5694 5692 272 5695 5677 5668 5695 5696 5677 5695 5697 5696 5695 5698 5697 5695 5699 5698 5695 5700 5699 5695 5701 5700 5695 5702 5701 5695 5703 5702 5695 5704 5703 5695 5705 5704 5695 5706 5705 5707 5678 5685 5707 5708 5709 5707 5710 5708 5707 5711 5710 5707 5712 5711 5707 5713 5712 5707 5714 5713 5707 5715 5714 5707 5716 5715 5707 5717 5716 5707 5718 5717 5707 5685 5718 5719 5706 5695 5720 5707 5709 5721 5719 5695 5722 5707 5720 5723 5570 5572 5724 5725 5721 5724 5726 5725 5724 5727 5726 5724 5728 5727 5724 5721 5695 5729 5730 5731 5729 5732 5730 5729 5733 5732 5729 5722 5733 5729 5707 5722 5734 5735 5736 5734 5737 5735 5734 5738 5737 5734 5739 5738 5740 5741 5742 5740 5743 5741 5740 5744 5743 5740 5745 5744 5746 5739 5734 5746 5747 5739 5746 5748 5747 5746 5749 5748 5746 5750 5749 5746 5751 5750 5746 5752 5751 5746 5753 5752 5746 5754 5753 5746 5755 5754 5746 5756 5755 5746 5757 5756 5746 5758 5757 5759 5740 5742 5759 5760 5761 5759 5762 5760 5759 5763 5762 5759 5764 5763 5759 5765 5764 5759 5766 5765 5759 5767 5766 5759 5768 5767 5759 5769 5768 5759 5770 5769 5759 5771 5770 5759 5772 5771 5759 5742 5772 5773 5774 5775 5776 5777 5778 5779 5778 5780 5779 5776 5778 5781 5774 5773 5781 5782 5774 5783 5775 5784 5783 5773 5775 5785 5777 5776 5785 5786 5777 5787 5779 5780 5787 5780 5788 5789 5782 5781 5789 5790 5782 5791 5783 5784 5791 5784 5792 5793 5786 5785 5793 5794 5786 5795 5787 5788 5795 5788 5796 5797 5790 5789 5797 5798 5790 5799 5791 5792 5799 5792 5800 5801 5794 5793 5801 5802 5794 5803 5795 5796 5803 5796 5804 5805 5798 5797 5805 5806 5798 5807 5799 5800 5807 5800 5808 5809 5802 5801 5809 5810 5802 5811 5803 5804 5811 5804 5812 5813 5806 5805 5813 5814 5806 5815 5807 5808 5815 5808 5816 5817 5810 5809 5817 5818 5810 5819 5811 5812 5819 5812 5820 5821 5814 5813 5821 5822 5814 5823 5815 5816 5823 5816 5824 5825 5818 5817 5825 5826 5818 5827 5819 5820 5827 5820 5828 5829 5822 5821 5829 5830 5822 5831 5823 5824 5831 5824 5832 5833 5826 5825 5833 5834 5826 5835 5827 5828 5835 5828 5836 5837 5830 5829 5837 5838 5830 5839 5832 5840 5839 5831 5832 5841 5834 5833 5841 5842 5834 5843 5836 5844 5843 5835 5836 5845 5846 5838 5845 5838 5837 5847 5840 5848 5847 5839 5840 5849 5842 5841 5849 5850 5842 5851 5843 5844 5851 5844 5694 5852 5693 5846 5852 5846 5845 5853 5848 5854 5853 5847 5848 5855 5856 5850 5855 5850 5849 5857 5694 272 5857 5851 5694 5858 172 174 5858 5693 5852 5858 174 5693 5859 5853 5854 5859 5854 5860 5861 5856 5855 5861 5862 5856 5863 5857 272 5864 172 5858 5865 5859 5860 5865 5860 5866 5867 5868 5862 5867 5862 5861 5869 5863 272 5870 172 5864 5871 5866 5872 5871 5865 5866 5873 5868 5867 5873 5874 5868 5873 5875 5874 5876 272 274 5876 5869 272 5877 172 5870 5878 5871 5872 5878 5872 5879 5880 5875 5873 5880 5881 5875 5882 5876 274 5883 172 5877 5884 5882 274 5885 170 172 5885 172 5883 5886 5884 274 5887 170 5885 5888 5886 274 5889 170 5887 5890 5571 5568 5890 5568 5891 5892 5723 5572 5893 5888 274 5894 170 5889 5895 168 170 5895 170 5894 5896 274 276 5896 5893 274 5897 5898 5890 5897 5899 5898 5897 5758 5746 5897 5890 5891 5897 5900 5758 5897 5901 5900 5897 5902 5901 5897 5903 5902 5897 5891 5903 5904 5723 5892 5904 5905 5906 5904 5892 5905 5904 5907 5908 5904 5909 5907 5904 5761 5909 5904 5759 5761 5904 5910 5723 5904 5911 5910 5904 5908 5911 5912 5899 5897 5913 5904 5906 5914 5912 5897 5915 5904 5913 5916 5914 5897 5917 5904 5915 5918 5919 5916 5918 5920 5919 5918 5921 5920 5918 5922 5921 5918 5923 5922 5918 5924 5923 5918 5925 5924 5918 5926 5925 5918 5927 5926 5918 5916 5897 5928 5929 5930 5928 5931 5929 5928 5932 5931 5928 5933 5932 5928 5934 5933 5928 5935 5934 5928 5936 5935 5928 5937 5936 5928 5917 5937 5928 5904 5917 5938 5927 5918 5939 5928 5930 5940 5938 5918 5941 5928 5939 5942 5940 5918 5943 5928 5941 5944 5942 5918 5945 5928 5943 5946 5947 5944 5946 5948 5947 5946 5949 5948 5946 5950 5949 5946 5944 5918 5951 5928 5945 5951 5952 5953 5951 5954 5952 5951 5955 5954 5951 5945 5955 5956 5878 5879 5957 166 168 5957 168 5895 5958 5896 276 5958 276 278 5959 5960 5961 5959 5962 5960 5959 5963 5962 5959 5964 5963 5965 5966 5967 5965 5968 5966 5965 5969 5968 5965 5970 5969 5971 166 5957 5972 5958 278 5972 278 280 5973 166 5971 5974 5972 280 5975 166 5973 5976 5974 280 5977 164 166 5977 166 5975 5978 5976 280 5979 164 5977 5980 5978 280 5981 164 5979 5982 5980 280 5983 164 5981 5984 280 282 5984 5982 280 5985 164 5983 5986 5984 282 5987 164 5985 5988 5986 282 5989 5990 5991 5989 5992 5990 5989 5993 5992 5989 5994 5993 5989 5995 5994 5989 5996 5995 5989 5997 5996 5989 5998 5997 5989 5999 5998 5989 6000 5999 5989 6001 6000 5989 5964 5959 5989 6002 5964 5989 5991 6002 6003 5965 5967 6003 6004 6005 6003 6006 6004 6003 6007 6006 6003 6008 6007 6003 6009 6008 6003 6010 6009 6003 6011 6010 6003 6012 6011 6003 6013 6012 6003 6014 6013 6003 6015 6014 6003 6016 6015 6003 5967 6016 6017 6001 5989 6017 6018 6001 6017 6019 6018 6017 6020 6019 6017 6021 6020 6017 5956 6021 6022 6023 6024 6022 6025 6023 6022 6026 6025 6022 6027 6026 6022 6005 6027 6022 6003 6005 6028 5881 5880 6028 6024 5881 6028 6022 6024 6029 5956 6017 6029 5878 5956 6030 6022 6028 6031 6029 6017 6032 6022 6030 6033 6022 6032 6034 6031 6017 6035 6022 6033 6036 6034 6017 6037 6022 6035 6038 6036 6017 6039 6022 6037 6040 6038 6017 6041 6042 6040 6041 6043 6042 6041 6044 6043 6041 6045 6044 6041 6046 6045 6041 6040 6017 6047 6048 6049 6047 6050 6048 6047 6051 6050 6047 6052 6051 6047 6053 6052 6047 6039 6053 6047 6022 6039 6054 6046 6041 6055 6047 6049 6056 6054 6041 6057 6047 6055 6058 6056 6041 6059 6047 6057 6060 6058 6041 6061 6047 6059 6062 6060 6041 6063 6047 6061 6064 6062 6041 6065 6047 6063 6066 6064 6041 6067 6047 6065 6068 6069 6070 6071 6072 6073 6074 6072 6071 6074 6075 6072 6076 6068 6070 6076 6070 6077 6078 6069 6068 6078 6079 6069 6080 6071 6073 6080 6073 6081 6082 6075 6074 6082 6083 6075 6084 6076 6077 6084 6077 6085 6086 6079 6078 6086 6087 6079 6088 6080 6081 6088 6081 6089 6090 6083 6082 6090 6091 6083 6092 6084 6085 6092 6085 6093 6094 6095 6087 6094 6087 6086 6096 6088 6089 6096 6089 6097 6098 6091 6090 6098 6099 6091 6100 6092 6093 6100 6093 6101 6102 6095 6094 6102 6103 6095 6104 6096 6097 6104 6097 6105 6106 6099 6098 6106 6107 6099 6108 6100 6101 6108 6101 6109 6110 6103 6102 6110 6111 6103 6112 6104 6105 6112 6105 6113 6114 6107 6106 6114 6115 6107 6116 6108 6109 6116 6109 6117 6118 6111 6110 6118 6119 6111 6120 6112 6113 6120 6113 6121 6122 6115 6114 6122 6123 6115 6124 6116 6117 6124 6117 6125 6126 6119 6118 6126 6127 6119 6128 6120 6121 6128 6121 6129 6130 6123 6122 6130 6131 6123 6132 6124 6125 6132 6125 6133 6134 6127 6126 6134 6135 6127 6136 6129 6137 6136 6128 6129 6138 6139 6066 6138 6140 6139 6138 6141 6140 6138 6142 6141 6138 6066 6041 6143 6144 6145 6143 6146 6144 6143 6147 6146 6143 6067 6147 6143 6047 6067 6148 6131 6130 6148 6149 6131 6150 6133 6151 6150 6132 6133 6152 6135 6134 6152 6153 6135 6154 6136 6137 6154 6137 6155 6156 6157 6149 6156 6149 6148 6158 6150 6151 6158 6151 6159 6160 6153 6152 6160 6161 6153 6162 6155 6163 6162 6154 6155 6164 6158 6159 6165 6166 6157 6165 6157 6156 6167 6161 6160 6167 6168 6161 6169 6162 6163 6169 6163 6170 6171 6172 6168 6171 6168 6167 6173 6169 6170 6173 6170 6174 6175 6176 6172 6175 6172 6171 6177 6173 6174 6177 6174 5988 6178 5987 6176 6178 6176 6175 6178 164 5987 6179 6177 5988 6179 5988 282 6180 164 6178 6180 162 164 6181 6179 282 6182 162 6180 6183 6181 282 6184 162 6182 6185 6183 282 6185 282 284 6186 162 6184 6187 6185 284 6188 162 6186 6189 6187 284 6190 160 162 6190 162 6188 6191 6189 284 6192 160 6190 6193 6191 284 6194 160 6192 6195 6193 284 6196 158 160 6196 160 6194 6197 284 286 6197 6195 284 6198 6164 6159 6199 6166 6165 6200 6201 6202 6200 6203 6201 6200 6204 6203 6200 6205 6204 6206 6207 6208 6206 6209 6207 6206 6210 6209 6206 6211 6210 6212 6205 6200 6212 6213 6205 6212 6214 6213 6212 6215 6214 6212 6216 6215 6212 6217 6216 6212 6218 6217 6212 6219 6218 6212 6220 6219 6212 6221 6220 6212 6222 6221 6212 6223 6222 6212 6224 6223 6212 6225 6224 6226 6227 6228 6226 6229 6227 6226 6230 6229 6226 6231 6230 6226 6232 6231 6226 6233 6232 6226 6234 6233 6226 6235 6234 6226 6236 6235 6226 6237 6236 6226 6238 6237 6226 6239 6238 6226 6208 6239 6226 6206 6208 6240 6225 6212 6240 6241 6225 6240 6242 6241 6240 6243 6242 6240 6244 6243 6240 6198 6244 6245 6246 6199 6245 6247 6246 6245 6248 6247 6245 6249 6248 6245 6228 6249 6245 6226 6228 6250 156 158 6250 158 6196 6251 286 288 6251 6197 286 6252 156 6250 6253 288 290 6253 6251 288 6254 156 6252 6255 6253 290 6256 156 6254 6257 6255 290 6258 154 156 6258 156 6256 6259 6257 290 6260 154 6258 6261 6259 290 6262 154 6260 6263 6261 290 6264 154 6262 6265 290 292 6265 6263 290 6266 154 6264 6267 6265 292 6268 154 6266 6269 6267 292 6270 6164 6198 6270 6198 6240 6271 6245 6199 6271 6199 6165 6272 6245 6271 6273 6270 6240 6274 6245 6272 6275 6273 6240 6276 6245 6274 6277 6275 6240 6278 6245 6276 6279 6277 6240 6280 6245 6278 6281 6279 6240 6282 6245 6280 6283 6281 6240 6283 6284 6281 6283 6285 6284 6283 6286 6285 6287 6288 6289 6287 6282 6288 6287 6245 6282 6290 6287 6289 6291 6286 6283 6292 6287 6290 6293 6291 6283 6294 6287 6292 6295 6293 6283 6296 6287 6294 6297 6295 6283 6298 6287 6296 6299 6297 6283 6300 6287 6298 6301 6299 6283 6302 6287 6300 6303 6301 6283 6304 6287 6302 6305 6303 6283 6306 6287 6304 6307 6305 6283 6308 6287 6306 6309 6307 6283 6310 6311 6309 6310 6312 6311 6310 6313 6312 6310 6314 6313 6310 6309 6283 6315 6316 6317 6315 6318 6316 6315 6319 6318 6315 6308 6319 6315 6287 6308 6320 6321 6322 6320 6323 6321 6320 6324 6323 6320 6325 6324 6326 6327 6328 6326 6329 6327 6326 6330 6329 6326 6331 6330 6332 6333 6334 6335 6336 6337 6338 6337 6339 6338 6335 6337 6340 6341 6333 6340 6333 6332 6342 6334 6343 6342 6332 6334 6344 6336 6335 6344 6345 6336 6346 6338 6339 6346 6339 6347 6348 6349 6341 6348 6341 6340 6350 6343 6351 6350 6342 6343 6352 6353 6345 6352 6345 6344 6354 6346 6347 6354 6347 6355 6356 6349 6348 6356 6357 6349 6358 6351 6359 6358 6350 6351 6360 6361 6353 6360 6353 6352 6362 6354 6355 6362 6355 6363 6364 6365 6357 6364 6357 6356 6366 6359 6367 6366 6358 6359 6368 6369 6361 6368 6361 6360 6370 6362 6363 6370 6363 6371 6372 6373 6365 6372 6365 6364 6374 6367 6375 6374 6366 6367 6376 6377 6369 6376 6369 6368 6378 6370 6371 6378 6371 6379 6380 6381 6373 6380 6373 6372 6382 6374 6375 6382 6375 6383 6384 6385 6377 6384 6377 6376 6386 6379 6387 6386 6378 6379 6388 6389 6381 6388 6381 6380 6390 6382 6383 6390 6383 6391 6392 6393 6385 6392 6385 6384 6394 6386 6387 6394 6387 6395 6396 6397 6389 6396 6389 6388 6398 6395 6399 6398 6394 6395 6400 6401 6397 6400 6397 6396 6402 6398 6399 6402 6399 6403 6404 6401 6400 6404 6405 6401 6406 6402 6403 6406 6403 6407 6408 6409 6405 6408 6405 6404 6410 6406 6407 6410 6407 6411 6412 6413 6409 6412 6409 6408 6414 6410 6411 6414 6411 6415 6416 6413 6412 6416 6417 6413 6418 6414 6415 6418 6415 6419 6420 6421 6417 6420 6417 6416 6422 6418 6419 6422 6419 6423 6424 6425 6421 6424 6421 6420 6426 6423 6427 6426 6422 6423 6428 6429 6425 6428 6425 6424 6430 6427 6269 6430 6426 6427 6431 6268 6429 6431 6429 6428 6432 6430 6269 6432 6269 292 6433 6268 6431 6433 152 154 6433 154 6268 6434 6432 292 6435 152 6433 6436 6434 292 6437 152 6435 6438 6436 292 6439 152 6437 6440 6438 292 6440 292 294 6441 152 6439 6442 6440 294 6443 152 6441 6444 6442 294 6445 150 152 6445 152 6443 6446 6444 294 6447 150 6445 6448 6446 294 6449 150 6447 6450 6325 6320 6450 6451 6325 6450 6452 6451 6450 6453 6452 6450 6454 6453 6450 6455 6454 6450 6456 6455 6450 6457 6456 6450 6458 6457 6450 6459 6458 6450 6460 6459 6450 6461 6460 6450 6462 6461 6450 6463 6462 6464 6465 6466 6464 6467 6465 6464 6468 6467 6464 6469 6468 6464 6470 6469 6464 6471 6470 6464 6472 6471 6464 6473 6472 6464 6474 6473 6464 6475 6474 6464 6476 6475 6464 6477 6476 6464 6328 6477 6464 6326 6328 6478 148 150 6478 150 6449 6479 294 296 6479 6448 294 6480 6481 6463 6480 6482 6481 6480 6483 6482 6480 6484 6483 6480 6485 6484 6480 6463 6450 6486 6487 6488 6486 6489 6487 6486 6490 6489 6486 6491 6490 6486 6466 6491 6486 6464 6466 6492 6391 6485 6492 6390 6391 6492 6485 6480 6493 6393 6392 6493 6488 6393 6493 6486 6488 6494 6492 6480 6495 6486 6493 6496 6494 6480 6497 6486 6495 6498 6496 6480 6499 6486 6497 6500 6498 6480 6501 6486 6499 6502 6480 6503 6502 6500 6480 6504 6505 6486 6504 6486 6501 6506 6502 6503 6507 6505 6504 6508 6506 6503 6509 6505 6507 6510 6508 6503 6511 6505 6509 6512 6510 6503 6513 6505 6511 6514 6512 6503 6515 6505 6513 6516 6514 6503 6517 6505 6515 6518 6516 6503 6519 6505 6517 6520 6518 6503 6521 6505 6519 6522 6520 6503 6523 6505 6521 6524 6522 6503 6525 6505 6523 6526 6524 6503 6527 6505 6525 6528 6526 6503 6529 6505 6527 6530 6528 6503 6531 6505 6529 6532 146 148 6532 148 6478 6533 296 298 6533 6479 296 6534 146 6532 6535 6533 298 6536 146 6534 6537 298 300 6537 6535 298 6538 146 6536 6539 6537 300 6540 146 6538 6541 6539 300 6542 144 146 6542 146 6540 6543 6541 300 6544 144 6542 6545 6543 300 6546 144 6544 6547 6545 300 6548 144 6546 6549 144 6548 6550 6530 6503 6550 6551 6530 6550 6552 6551 6550 6553 6552 6550 6554 6553 6555 6505 6531 6555 6556 6557 6555 6558 6556 6555 6559 6558 6555 6531 6559 302 6560 6547 302 6561 6560 302 6547 300 6562 6563 6564 6562 6565 6563 6562 6566 6565 6567 6568 6569 6570 6567 6569 6571 6566 6562 6572 6567 6570 6573 6571 6562 6574 6567 6572 6575 6576 6573 6575 6577 6576 6575 6578 6577 6575 6579 6578 6575 6580 6579 6575 6581 6580 6575 6582 6581 6575 6583 6582 6575 6584 6583 6575 6585 6584 6575 6586 6585 6575 6587 6586 6575 6588 6587 6575 6573 6562 6589 6574 6590 6589 6567 6574 6589 6591 6592 6589 6593 6591 6589 6594 6593 6589 6595 6594 6589 6596 6595 6589 6597 6596 6589 6598 6597 6589 6599 6598 6589 6600 6599 6589 6601 6600 6589 6602 6601 6589 6590 6602 6603 6588 6575 6603 6604 6588 6603 6605 6604 6603 6606 6605 6603 6607 6606 6603 6608 6607 6609 6589 6592 6609 6610 6611 6609 6612 6610 6609 6613 6612 6609 6614 6613 6609 6592 6614 6615 6616 6617 6618 6619 6620 6621 6622 6619 6621 6619 6618 6623 6617 6624 6623 6615 6617 6625 6626 6616 6625 6616 6615 6627 6620 6628 6627 6618 6620 6629 6630 6622 6629 6622 6621 6631 6624 6632 6631 6623 6624 6633 6626 6625 6633 6634 6626 6635 6628 6636 6635 6627 6628 6637 6638 6630 6637 6630 6629 6639 6632 6640 6639 6631 6632 6641 6634 6633 6641 6642 6634 6643 6636 6644 6643 6635 6636 6645 6639 6640 6646 6647 6638 6646 6638 6637 6648 6649 6642 6648 6642 6641 6650 6644 6651 6650 6643 6644 6652 6653 6649 6652 6649 6648 6654 6651 6655 6654 6650 6651 6656 6657 6653 6656 6653 6652 6658 6655 6659 6658 6654 6655 6660 6661 6657 6660 6657 6656 6662 6659 6663 6662 6658 6659 6664 6665 6661 6664 6661 6660 6666 6663 6667 6666 6662 6663 6668 6669 6665 6668 6665 6664 6670 6666 6667 6670 6667 6671 6672 6673 6669 6672 6669 6668 6674 6671 6675 6674 6670 6671 6676 6677 6673 6676 6673 6672 6678 6674 6675 6678 6675 6679 6680 6677 6676 6680 6681 6677 6682 6679 6683 6682 6678 6679 6684 6685 6681 6684 6681 6680 6686 6683 6687 6686 6682 6683 6688 6689 6685 6688 6685 6684 6690 6687 6691 6690 6686 6687 6692 6693 6689 6692 6689 6688 6694 6691 6695 6694 6690 6691 6696 6697 6693 6696 6693 6692 6698 6695 6699 6698 6694 6695 6700 6701 6697 6700 6697 6696 6702 6699 6703 6702 6698 6699 6704 6705 6701 6704 6701 6700 6706 6703 6707 6706 6702 6703 6708 6709 6705 6708 6705 6704 6710 6707 6711 6710 6706 6707 6712 6713 6709 6712 6709 6708 6714 6711 6561 6714 6710 6711 6715 6713 6712 6715 6549 6713 6715 144 6549 6716 6561 302 6716 6714 6561 6717 144 6715 6717 142 144 6718 6716 302 6719 142 6717 6720 6718 302 6721 142 6719 6722 6720 302 6723 142 6721 6724 6722 302 6724 302 304 6725 142 6723 6726 6724 304 6727 142 6725 6728 6726 304 6729 140 142 6729 142 6727 6730 6728 304 6731 140 6729 6732 6730 304 6733 140 6731 6734 6732 304 306 6734 304 6735 6608 6603 6735 6645 6640 6735 6640 6608 6736 6611 6647 6736 6609 6611 6736 6647 6646 6737 6609 6736 6738 6735 6603 6739 6609 6737 6740 6738 6603 6741 6609 6739 6742 6740 6603 6743 6609 6741 6744 6742 6603 6745 6609 6743 6745 6746 6609 6747 6744 6603 6747 6603 6748 6749 6746 6745 6750 6747 6748 6751 6746 6749 6752 6750 6748 6753 6746 6751 6754 6752 6748 6755 6746 6753 138 140 6733 6756 6754 6748 6757 6746 6755 6758 6756 6748 6759 6746 6757 6760 6758 6748 6761 6746 6759 6762 6760 6748 6763 6746 6761 6764 6762 6748 6765 6746 6763 6766 6764 6748 6767 6746 6765 6768 6766 6748 6769 6746 6767 6770 6768 6748 6771 6746 6769 6772 6770 6748 6773 6746 6771 6774 6772 6748 6775 6776 6777 6775 6778 6776 6775 6779 6778 6775 6774 6748 6775 6777 6774 6780 6746 6773 6780 6781 6782 6780 6783 6781 6780 6784 6783 6780 6773 6784 6785 6786 6787 6788 6789 6790 6791 6785 6787 6792 6789 6788 6793 136 138 6793 138 6733 6794 306 308 6794 6734 306 6795 6791 6787 6796 6794 308 6797 136 6793 6798 6789 6792 6799 6796 308 6800 136 6797 6801 6795 6787 6802 136 6800 6803 6789 6798 6804 136 6802 6805 136 6804 310 6806 6799 310 6807 6806 310 6808 6807 310 6809 6808 310 6810 6809 310 6811 6810 310 6799 308 6812 6801 6787 6812 6813 6814 6812 6815 6813 6812 6816 6815 6812 6817 6816 6812 6818 6817 6812 6819 6818 6812 6820 6819 6812 6821 6820 6812 6822 6821 6812 6823 6822 6812 6824 6823 6812 6825 6801 6812 6814 6825 6826 6789 6803 6826 6827 6828 6826 6829 6827 6826 6830 6829 6826 6831 6830 6826 6832 6831 6826 6833 6832 6826 6834 6833 6826 6835 6834 6826 6836 6835 6826 6837 6836 6826 6838 6837 6826 6839 6838 6826 6803 6839 134 6840 6841 134 6842 6840 134 6843 6842 134 6805 6843 134 136 6805 6844 6824 6812 6844 6845 6824 6844 6846 6845 6844 6847 6846 6844 6848 6847 6844 6849 6848 6850 6826 6828 6850 6851 6852 6850 6853 6851 6850 6854 6853 6850 6855 6854 6850 6828 6855 312 6856 6811 312 6811 310 6857 6858 6859 6857 6859 6849 6860 6857 6849 6860 6849 6844 6861 6850 6852 6861 6852 6862 6863 6861 6862 6864 6862 6865 6864 6863 6862 6866 6867 6858 6866 6858 6857 6868 6860 6844 6869 6850 6861 6870 6865 6871 6870 6864 6865 6872 6867 6866 6872 6873 6867 6874 6870 6871 6874 6871 6875 6876 6877 6873 6876 6873 6872 6878 6868 6844 6879 6850 6869 6880 6874 6875 6880 6875 6881 6882 6877 6876 6882 6883 6877 6884 6878 6844 6885 6850 6879 6886 6880 6881 6886 6881 6887 6888 6883 6882 6888 6889 6883 6890 6886 6887 6890 6887 6891 6892 6889 6888 6892 6893 6889 6894 6884 6844 6895 6850 6885 6896 6890 6891 6896 6891 6897 6898 6899 6893 6898 6893 6892 6900 6896 6897 6900 6897 6901 6902 6894 6844 6902 6844 6903 6904 6905 6899 6904 6899 6898 6906 6850 6895 6906 6907 6850 6908 6900 6901 6908 6901 6909 6910 6911 6905 6910 6905 6904 6912 6902 6903 6913 6907 6906 6914 6908 6909 6914 6909 6915 6916 6917 6911 6916 6911 6910 6918 6914 6915 6918 6915 6919 6920 6921 6917 6920 6917 6916 6922 6912 6903 6923 6907 6913 6924 6918 6919 6924 6919 6925 6926 6927 6921 6926 6921 6920 6928 6922 6903 6929 6925 6930 6929 6924 6925 6931 6932 6927 6931 6927 6926 6933 6907 6923 6934 6929 6930 6934 6930 6935 6936 6937 6932 6936 6932 6931 6938 6928 6903 6939 6934 6935 6939 6935 6940 6941 6907 6933 6942 6937 6936 6942 6943 6937 6944 6939 6940 6944 6940 6945 6946 6947 6943 6946 6943 6942 6948 6938 6903 6949 6907 6941 6950 6945 6951 6950 6944 6945 6952 6947 6946 6952 6953 6947 6954 6948 6903 6955 6951 6956 6955 6950 6951 6957 6953 6952 6957 6958 6953 6959 6907 6949 6960 6956 6961 6960 6955 6956 6962 6963 6958 6962 6958 6957 6964 6954 6903 6965 6961 6966 6965 6960 6961 6967 6968 6963 6967 6963 6962 6969 6907 6959 6970 6966 6971 6970 6965 6966 6972 6968 6967 6972 6973 6968 6974 6964 6903 6975 6971 6976 6975 6970 6971 6977 6973 6972 6977 6978 6973 6979 6907 6969 6980 6976 6981 6980 6975 6976 6982 6978 6977 6982 6983 6978 6984 6974 6903 6985 6907 6979 6986 6980 6981 6986 6981 6987 6988 6841 6983 6988 6983 6982 6989 6987 6856 6989 6986 6987 6989 6856 312 6990 134 6841 6990 6841 6988 6991 6984 6903 6992 6907 6985 6993 6989 312 6994 132 134 6994 134 6990 6995 6991 6903 6996 6993 312 6997 132 6994 6998 6907 6992 6999 6996 312 7000 132 6997 7001 6995 6903 7002 6999 312 7003 132 7000 7004 6907 6998 7005 132 7003 7006 7001 6903 7007 132 7005 7008 6907 7004 7009 132 7007 7010 7011 7006 7010 7012 7011 7010 7013 7012 7010 7006 6903 7014 7015 7016 7014 7017 7015 7014 7008 7017 7014 6907 7008 7018 7013 7010 7019 7014 7016 314 7020 7002 314 7021 7020 314 7022 7021 314 7023 7022 314 7024 7023 314 7002 312 130 7025 7026 130 7009 7025 130 132 7009 7027 7028 7029 7030 7031 7032 7033 7028 7027 7034 7030 7032 7035 7028 7033 7036 7034 7032 7037 7028 7035 7038 7036 7032 316 7024 314 7039 7040 7041 7039 7042 7038 7039 7043 7042 7039 7044 7043 7039 7045 7044 7039 7046 7045 7039 7038 7032 7039 7047 7046 7039 7048 7047 7039 7049 7048 7039 7050 7049 7039 7051 7050 7039 7052 7051 7039 7041 7052 7053 7028 7037 7053 7054 7055 7053 7056 7054 7053 7057 7056 7053 7058 7057 7053 7059 7058 7053 7060 7059 7053 7061 7060 7053 7062 7061 7053 7063 7062 7053 7064 7063 7053 7065 7064 7053 7066 7065 7053 7037 7066 128 130 7026 7067 128 7026 7068 7024 316 7069 7070 7040 7069 7071 7070 7069 7072 7071 7069 7073 7072 7069 7074 7073 7069 7040 7039 7075 7053 7055 7075 7076 7077 7075 7078 7076 7075 7079 7078 7075 7080 7079 7075 7055 7080 318 7068 316 318 7081 7068 318 7082 7081 126 128 7067 126 7083 7084 126 7085 7083 126 7086 7085 126 7087 7086 126 7067 7087 7088 7089 7075 7090 7069 7091 7092 7069 7093 7092 7091 7069 7094 7075 7089 7094 7095 7075 7096 7088 7075 7097 7069 7090 7098 7092 7093 7099 7095 7094 7100 7096 7075 7101 7069 7097 7102 7098 7093 7103 7095 7099 7104 7074 7069 7104 7069 7101 7105 7100 7075 7105 7075 7077 7106 7102 7093 7107 7095 7103 7108 7106 7093 7109 7095 7107 7110 7108 7093 7111 7095 7109 7112 7110 7093 7113 7095 7111 7114 7112 7093 7115 7095 7113 7116 7114 7093 7117 7095 7115 7118 7116 7093 7119 7095 7117 7120 7118 7093 7121 7095 7119 7122 7120 7093 7123 7095 7121 7124 7122 7093 7125 7095 7123 7126 7124 7093 7127 7095 7125 320 7128 7082 320 7129 7128 320 7130 7129 320 7131 7130 320 7132 7131 320 7133 7132 320 7082 318 7134 7135 7126 7134 7136 7135 7134 7126 7093 7137 7127 7138 7137 7095 7127 7139 7137 7138 7140 7137 7139 7141 7136 7134 7142 7137 7140 7143 7141 7134 7144 7137 7142 7145 7074 7104 7145 7146 7074 7147 7105 7077 7147 7077 7148 7147 7148 7149 7150 7151 7146 7150 7146 7145 7152 7147 7149 7152 7149 7153 7154 7151 7150 7154 7155 7151 7156 7152 7153 7156 7153 7157 124 126 7084 124 7158 7159 124 7160 7158 124 7161 7160 124 7084 7161 7162 7155 7154 7162 7163 7155 7164 7156 7157 7164 7157 7165 7166 7167 7163 7166 7163 7162 7168 7164 7165 7168 7165 7169 7170 7167 7166 7170 7171 7167 7172 7169 7173 7172 7168 7169 7174 7171 7170 7174 7175 7171 7176 7172 7173 7176 7173 7177 7178 7175 7174 7178 7179 7175 7180 7176 7177 7180 7177 7181 7182 7179 7178 7182 7183 7179 7184 7180 7181 7184 7181 7185 7186 7183 7182 7186 7187 7183 7188 7184 7185 7188 7185 7189 7190 7187 7186 7190 7191 7187 7192 7188 7189 7192 7189 7193 7194 7191 7190 7194 7195 7191 7196 7192 7193 7196 7193 7197 7198 7195 7194 7198 7199 7195 7200 7196 7197 7200 7197 7201 7202 7199 7198 7202 7203 7199 7204 7200 7201 7204 7201 7205 7206 7203 7202 7206 7207 7203 7208 7204 7205 7208 7205 7209 7210 7207 7206 7210 7211 7207 7212 7208 7209 7212 7209 7213 7214 7211 7210 7214 7215 7211 7216 7212 7213 7216 7213 7217 7218 7215 7214 7218 7219 7215 7220 7216 7217 7220 7217 7221 7222 7219 7218 7222 7223 7219 7224 7221 7225 7224 7220 7221 7226 7223 7222 7226 7227 7223 7228 7225 7229 7228 7224 7225 7230 7227 7226 7230 7231 7227 7232 7228 7229 7232 7229 7233 7234 7231 7230 7234 7235 7231 7236 7232 7233 7236 7233 7237 7238 7239 7235 7238 7235 7234 7240 7236 7237 7240 7237 7241 7242 7243 7239 7242 7239 7238 7244 7240 7241 7244 7241 7245 7246 7247 7243 7246 7243 7242 7248 7244 7245 7248 7245 7249 7250 7247 7246 7250 124 7159 7250 7159 7247 7251 7248 7249 7252 124 7250 7253 124 7252 7254 7255 7256 7257 7258 7259 7260 7254 7256 7261 7258 7257 7262 7260 7256 7263 7258 7261 7264 7262 7256 7265 7258 7263 322 7266 7251 322 7267 7266 322 7268 7267 322 7269 7268 322 7251 7249 322 7133 320 322 7249 7133 7270 7271 7272 7270 7273 7271 7270 7274 7273 7270 7275 7274 7270 7276 7264 7270 7277 7276 7270 7278 7277 7270 7279 7278 7270 7280 7279 7270 7281 7280 7270 7282 7281 7270 7283 7282 7270 7272 7283 7270 7264 7256 7284 7285 7286 7284 7287 7285 7284 7288 7287 7284 7289 7288 7284 7290 7289 7284 7291 7290 7284 7292 7291 7284 7293 7292 7284 7294 7293 7284 7295 7294 7284 7296 7295 7284 7297 7296 7284 7265 7297 7284 7258 7265 122 124 7253 122 7298 7299 122 7300 7298 122 7301 7300 122 7302 7301 122 7253 7302 7303 7275 7270 7303 7304 7275 7303 7305 7304 7303 7306 7305 7303 7307 7306 7303 7308 7307 7309 7310 7311 7309 7312 7310 7309 7313 7312 7309 7314 7313 7309 7286 7314 7309 7284 7286 324 7315 7269 324 7316 7315 324 7317 7316 324 7318 7317 324 7319 7318 324 7269 322 120 122 7299 120 7320 7321 120 7299 7320 7322 7323 7324 7325 7326 7327 7328 7327 7326 7329 7324 7323 7330 7323 7322 7331 7325 7327 7332 7303 7327 7332 7327 7328 7333 7323 7309 7333 7329 7323 7334 7323 7330 7335 7331 7327 7336 7303 7332 7337 7333 7309 7338 7323 7334 7339 7335 7327 7340 7303 7336 7341 7337 7309 7342 7323 7338 7343 7339 7327 7344 7303 7340 7345 7341 7309 7346 7323 7342 7347 7343 7327 7348 7303 7344 7349 7345 7309 7350 7323 7346 7351 7347 7327 7352 7303 7348 7352 7308 7303 7353 7309 7311 7353 7349 7309 7353 7311 7354 7355 7323 7350 7356 7351 7327 7357 7323 7355 7358 7356 7327 326 7319 324 326 7359 7319 7360 7323 7357 7361 7358 7327 7362 7363 7323 7362 7323 7360 7364 7327 7365 7364 7361 7327 7366 7363 7362 7367 7364 7365 7368 7363 7366 7369 7367 7365 7370 7363 7368 7371 7369 7365 7372 7363 7370 7373 7371 7365 118 7321 7374 118 120 7321 7375 7376 7377 7378 7379 7380 7381 7376 7375 7382 7378 7380 7383 7376 7381 7384 7382 7380 7385 7376 7383 7386 7384 7380 328 7387 7359 328 7359 326 328 7388 7387 328 7389 7388 7390 7386 7380 7390 7391 7386 7390 7392 7391 7390 7393 7392 7390 7394 7393 7390 7395 7394 7390 7396 7395 7390 7397 7396 7390 7398 7397 7390 7399 7398 7400 7376 7385 7400 7401 7402 7400 7403 7401 7400 7404 7403 7400 7405 7404 7400 7406 7405 7400 7407 7406 7400 7408 7407 7400 7409 7408 7400 7385 7409 7410 7400 7402 7411 7399 7390 7412 7400 7410 7413 7411 7390 7414 7400 7412 7415 7413 7390 7416 7400 7414 7417 7418 7308 7417 7308 7352 7419 7353 7354 7420 7418 7417 7420 7421 7418 7422 7354 7423 7422 7419 7354 7424 7425 7421 7424 7421 7420 7426 7423 7427 7426 7422 7423 7428 7429 7425 7428 7425 7424 7430 7427 7431 7430 7426 7427 7432 7433 7429 7432 7429 7428 7434 7431 7435 7434 7430 7431 7436 7437 7433 7436 7433 7432 7438 7435 7439 7438 7434 7435 7440 7437 7436 7440 7441 7437 7442 7438 7439 7442 7439 7443 7444 7441 7440 7444 7445 7441 7446 7443 7447 7446 7442 7443 7448 7449 7445 7448 7445 7444 7450 7446 7447 7450 7447 7451 7452 7449 7448 7452 7453 7449 7454 7450 7451 7454 7451 7455 7456 7457 7453 7456 7453 7452 7458 7454 7455 7458 7455 7459 7460 7457 7456 7460 7461 7457 7462 7458 7459 7462 7459 7463 7464 7461 7460 7464 7465 7461 7466 7462 7463 7466 7463 7467 7468 7465 7464 7468 7469 7465 7470 7466 7467 7470 7467 7471 7472 7469 7468 7472 7473 7469 7474 7470 7471 7474 7471 7475 7476 7477 7473 7476 7473 7472 7478 7475 7479 7478 7474 7475 7480 7477 7476 7480 7481 7477 7482 7479 7483 7482 7478 7479 7484 7481 7480 7484 7485 7481 7486 7482 7483 7486 7483 7487 7488 7485 7484 7488 7489 7485 7490 7487 7491 7490 7486 7487 116 7492 7493 116 7494 7492 116 7495 7494 116 7496 7495 116 7374 7496 116 118 7374 7497 7489 7488 7497 7498 7489 7499 7491 7500 7499 7490 7491 7501 7498 7497 7501 7502 7498 7503 7500 7504 7503 7499 7500 7505 7502 7501 7505 7506 7502 7507 7504 7508 7507 7503 7504 7509 7506 7505 7509 7510 7506 7511 7508 7512 7511 7507 7508 7513 7514 7510 7513 7510 7509 7515 7512 7516 7515 7511 7512 7517 7518 7514 7517 7514 7513 7519 7515 7516 7519 7516 7520 7521 7522 7518 7521 7518 7517 7523 7520 7524 7523 7519 7520 7525 7415 7390 7525 7526 7415 7525 7527 7526 7525 7528 7527 7525 7529 7528 7525 7530 7529 7525 7531 7530 7532 7533 7534 7532 7535 7533 7532 7536 7535 7532 7537 7536 7532 7416 7537 7532 7400 7416 330 7389 328 330 7538 7389 330 7539 7538 330 7540 7539 330 7541 7540 330 7542 7541 330 7524 7542 114 7543 7522 114 7544 7543 114 7545 7544 114 7493 7545 114 116 7493 114 7546 7547 114 7521 7546 114 7522 7521 7548 7549 7550 7551 7552 7553 7554 7550 7549 7555 7553 7552 7556 7549 7548 7557 7551 7553 7558 7554 7549 7559 7553 7555 7560 7549 7556 7561 7557 7553 7562 7558 7549 7563 7553 7559 7564 7549 7560 7565 7561 7553 7566 7562 7549 7567 7553 7563 7568 7549 7564 7569 7565 7553 7570 7566 7549 7571 7553 7567 7572 7549 7568 7572 7525 7549 7573 7553 7532 7573 7569 7553 7574 7570 7549 7575 7553 7571 7576 7525 7572 7577 7573 7532 7578 7574 7549 7578 7549 7579 7580 7581 7553 7580 7553 7575 7582 7525 7576 7583 7577 7532 7584 7578 7579 7585 7581 7580 7586 7525 7582 7587 7583 7532 7588 7584 7579 7589 7581 7585 7590 7525 7586 7591 7587 7532 7592 7588 7579 7593 7581 7589 7594 7531 7525 7594 7525 7590 7595 7532 7534 7595 7591 7532 7596 7592 7579 7597 7581 7593 332 7524 330 332 7523 7524 332 7598 7523 332 7599 7598 332 7600 7599 332 7601 7600 332 7602 7601 7603 7595 7534 112 114 7547 112 7604 7605 112 7606 7604 112 7607 7606 112 7608 7607 112 7609 7608 112 7547 7609 7610 7611 7612 7613 7614 7615 7616 7611 7610 7617 7613 7615 7618 7611 7616 7619 7617 7615 7620 7611 7618 7621 7619 7615 7622 7621 7615 7622 7623 7621 7622 7624 7623 7622 7625 7624 7622 7626 7625 7622 7627 7626 7622 7628 7627 7629 7620 7630 7629 7611 7620 7629 7631 7632 7629 7633 7631 7629 7634 7633 7629 7635 7634 7629 7630 7635 7636 7629 7632 7637 7628 7622 7638 7629 7636 334 7602 332 334 7639 7602 334 7640 7639 334 7641 7640 334 7642 7641 7643 7637 7622 7644 7629 7638 7645 7643 7622 7646 7629 7644 7647 7645 7622 7648 7629 7646 7649 7647 7622 7650 7629 7648 7651 7649 7622 7652 7629 7650 7653 7651 7622 7654 7655 7656 7654 7657 7655 7654 7658 7657 7654 7653 7622 7654 7659 7653 7654 7660 7659 7654 7656 7660 7661 7662 7663 7661 7664 7662 7661 7665 7664 7661 7666 7665 7661 7652 7666 7661 7629 7652 110 7605 7667 110 112 7605 336 7642 334 336 7668 7642 7669 7531 7594 7669 7670 7531 7671 7603 7672 7671 7595 7603 7673 7670 7669 7673 7674 7670 7675 7671 7672 7675 7672 7676 7677 7674 7673 7677 7678 7674 7679 7676 7680 7679 7675 7676 7681 7682 7678 7681 7678 7677 7683 7680 7684 7683 7679 7680 7685 7686 7682 7685 7682 7681 7687 7683 7684 7687 7684 7688 7689 7690 7686 7689 7686 7685 7691 7687 7688 7691 7688 7692 7693 7694 7690 7693 7690 7689 7695 7691 7692 7695 7692 7696 7697 7698 7694 7697 7694 7693 7699 7695 7696 7699 7696 7700 7701 7702 7698 7701 7698 7697 7703 7699 7700 7703 7700 7704 7705 7706 7702 7705 7702 7701 7707 7704 7708 7707 7703 7704 7709 7710 7706 7709 7706 7705 7711 7708 7712 7711 7707 7708 7713 7714 7710 7713 7710 7709 7715 7712 7716 7715 7711 7712 7717 7718 7714 7717 7714 7713 7719 7716 7720 7719 7715 7716 7721 7722 7718 7721 7718 7717 7723 7719 7720 7723 7720 7724 7725 7726 7722 7725 7722 7721 7727 7724 7728 7727 7723 7724 7729 7730 7726 7729 7726 7725 7731 7728 7732 7731 7727 7728 7733 7734 7730 7733 7730 7729 7735 7732 7736 7735 7731 7732 7737 7738 7734 7737 7734 7733 7739 7736 7740 7739 7735 7736 7741 7742 7738 7741 7738 7737 7743 7739 7740 7743 7740 7744 7745 7746 7742 7745 7742 7741 7747 7744 7748 7747 7743 7744 7749 7750 7746 7749 7746 7745 7751 7748 7752 7751 7747 7748 7753 7754 7750 7753 7750 7749 7755 7752 7756 7755 7751 7752 7757 7758 7754 7757 7754 7753 7759 7756 7760 7759 7755 7756 7761 7762 7758 7761 7758 7757 7763 7760 7764 7763 7759 7760 7765 7766 7762 7765 7762 7761 7767 7764 7768 7767 7763 7764 7769 7766 7765 7769 7770 7766 7771 7767 7768 108 110 7667 108 7667 7772 7773 7774 7775 7776 7777 7778 7779 7778 7777 7780 7775 7774 7781 7774 7773 7782 7776 7778 7783 7778 7779 7784 7780 7774 7785 7774 7781 7786 7782 7778 7787 7778 7783 7787 7788 7778 7789 7784 7774 7789 7774 7790 7791 7774 7785 7792 7786 7778 7793 7788 7787 7794 7789 7790 7795 7774 7791 7796 7792 7778 7797 7788 7793 7798 7794 7790 7799 7774 7795 7800 7796 7778 7801 7788 7797 7802 7798 7790 7803 7774 7799 7804 7800 7778 7805 7802 7790 7806 7788 7801 7807 7774 7803 7808 7804 7778 7809 7774 7807 7810 7808 7778 7811 7774 7809 7811 7654 7774 7812 7810 7778 7812 7778 7661 7813 7654 7811 7814 7812 7661 7815 7654 7813 7816 7814 7661 7817 7654 7815 7818 7816 7661 7819 7654 7817 7820 7818 7661 7821 7654 7819 7821 7658 7654 7822 7820 7661 7822 7661 7663 338 7668 336 338 7823 7668 338 7824 7823 338 7825 7824 7826 7827 7828 7829 7830 7831 7832 7826 7828 7833 7830 7829 7834 7832 7828 7835 7830 7833 7836 7834 7828 7837 7830 7835 7838 7836 7828 7838 7839 7836 7838 7840 7839 7838 7841 7840 7842 7830 7837 7842 7843 7844 7842 7845 7843 7842 7837 7845 7846 7841 7838 7847 7842 7844 7848 7846 7838 7849 7842 7847 106 7850 7851 106 7852 7850 106 7853 7852 106 7854 7853 106 7855 7854 106 7772 7855 106 108 7772 7856 7848 7838 7857 7842 7849 7858 7856 7838 7859 7842 7857 7860 7858 7838 7861 7842 7859 7862 7860 7838 7863 7842 7861 7864 7862 7838 7865 7842 7863 7866 7864 7838 7867 7842 7865 7868 7866 7838 7869 7842 7867 7870 7868 7838 7871 7842 7869 7872 7870 7838 7872 7873 7870 7872 7874 7873 7875 7842 7871 7875 7876 7877 7875 7871 7876 7878 7874 7872 7879 7875 7877 7880 7878 7872 7881 7875 7879 7882 7880 7872 7883 7875 7881 340 7825 338 340 7884 7885 340 7886 7825 340 7887 7886 340 7888 7887 340 7885 7888 7889 7822 7663 104 7890 7770 104 7891 7890 104 7851 7891 104 106 7851 104 7770 7769 104 7892 7893 104 7769 7892 7894 7895 7896 7897 7898 7899 7900 7897 7899 7901 7895 7894 7902 7894 7896 7903 7898 7897 7904 7900 7899 7905 7895 7901 7906 7902 7896 7907 7898 7903 7908 7904 7899 7909 7895 7905 7910 7906 7896 7911 7898 7907 7912 7908 7899 7913 7895 7909 7914 7910 7896 7915 7898 7911 7916 7914 7896 7917 7898 7915 7918 7916 7896 7919 7898 7917 7920 7918 7896 7921 7898 7919 342 7771 7768 342 7768 7884 342 7884 340 342 7922 7771 342 7923 7922 342 7924 7923 342 7925 7924 342 7926 7925 7927 7920 7896 7928 7898 7921 7929 7927 7896 7930 7898 7928 7931 7929 7896 7932 7898 7930 7933 7931 7896 7934 7898 7932 7935 7933 7896 7936 7898 7934 7937 7896 7875 7937 7935 7896 7938 7898 7936 7938 7872 7898 7939 7937 7875 7940 7872 7938 7941 7939 7875 7942 7872 7940 7943 7941 7875 7944 7872 7942 7945 7872 7944 7946 7943 7875 7947 7872 7945 7948 7882 7872 7948 7872 7947 7949 7875 7883 7949 7946 7875 7950 7951 7952 7953 7954 7955 7956 7950 7952 7957 7954 7953 7958 7956 7952 7959 7954 7957 102 104 7893 102 7960 7961 102 7962 7960 102 7963 7962 102 7964 7963 102 7965 7964 102 7893 7965 7966 7958 7952 7967 7954 7959 7968 7969 7658 7968 7658 7821 7970 7822 7889 7971 7972 7969 7971 7969 7968 7973 7889 7974 7973 7970 7889 7975 7972 7971 7976 7977 7972 7976 7972 7975 7978 7973 7974 7978 7974 7979 7980 7977 7976 7980 7981 7977 7982 7983 7966 7982 7966 7952 7984 7954 7967 7984 7967 7985 7986 7978 7979 7986 7979 7987 7988 7989 7981 7988 7981 7980 7990 7987 7991 7990 7986 7987 7992 7993 7989 7992 7989 7988 7994 7991 7995 7994 7990 7991 7996 7983 7982 7997 7984 7985 7998 7999 7993 7998 7993 7992 8000 7995 8001 8000 7994 7995 8002 8003 7999 8002 7999 7998 8004 8000 8001 8004 8001 8005 8006 8007 8003 8006 8003 8002 8008 8004 8005 8008 8005 8009 8010 7996 7982 8011 7984 7997 8012 8013 8007 8012 8007 8006 8014 8009 8015 8014 8008 8009 8016 8017 8013 8016 8013 8012 8018 8015 8019 8018 8014 8015 8020 8021 8017 8020 8017 8016 8022 8018 8019 8022 8019 8023 8024 8010 7982 8025 7984 8011 8026 8027 8021 8026 8021 8020 8028 8022 8023 8028 8023 8029 8030 8031 8027 8030 8027 8026 8032 8029 8033 8032 8028 8029 8034 8035 8031 8034 8031 8030 8036 8033 8037 8036 8032 8033 8038 8024 7982 8039 7984 8025 8040 8041 8035 8040 8035 8034 8042 8037 8043 8042 8036 8037 8044 8045 8041 8044 8041 8040 8046 8042 8043 8046 8043 8047 8048 8038 7982 8049 7984 8039 8050 8051 8045 8050 8045 8044 8052 8047 8053 8052 8046 8047 8054 8051 8050 8054 8055 8051 8056 8053 8057 8056 8052 8053 8058 8059 8055 8058 8055 8054 8060 8057 8061 8060 8056 8057 8062 8048 7982 8063 7984 8049 8064 8059 8058 8064 8065 8059 8066 8060 8061 8066 8061 8067 8068 8065 8064 8068 8069 8065 8070 8067 8071 8070 8066 8067 8072 8069 8068 8072 8073 8069 8074 8071 8075 8074 8070 8071 8076 8062 7982 8077 7984 8063 8078 8073 8072 8078 8079 8073 8080 8075 8081 8080 8074 8075 8082 8079 8078 8082 8083 8079 8084 8081 8085 8084 8080 8081 8086 8076 7982 8087 7984 8077 8088 8083 8082 8088 8089 8083 8090 8085 8091 8090 8084 8085 8092 8086 7982 8093 7984 8087 8094 8092 7982 8095 7984 8093 344 7926 342 344 8096 7926 344 8097 8096 344 8098 8097 344 8099 8098 8100 8094 7982 8101 7984 8095 8102 7982 8103 8102 8100 7982 8104 8105 7984 8104 7984 8101 8106 8102 8103 8107 8105 8104 8108 8106 8103 8109 8105 8107 8110 8108 8103 8111 8105 8109 8112 8110 8103 8113 8105 8111 8114 8112 8103 8115 8105 8113 100 7961 8116 100 102 7961 8117 8118 8119 8120 8121 8122 8123 8117 8119 8124 8121 8120 8125 8123 8119 8126 8121 8124 8127 8119 8128 8127 8125 8119 8129 8130 8121 8129 8121 8126 8131 8127 8128 8132 8130 8129 8133 8131 8128 8134 8130 8132 8135 8133 8128 8136 8130 8134 8137 8135 8128 8138 8130 8136 8139 8137 8128 8140 8130 8138 8141 8139 8128 8142 8130 8140 8143 8141 8128 8144 8130 8142 346 8145 8099 346 8099 344 8146 8143 8128 8147 8130 8144 8148 8146 8128 8149 8130 8147 8150 8148 8128 8151 8130 8149 8152 8150 8128 8153 8130 8151 8154 8152 8128 8155 8130 8153 8155 8103 8130 8156 8154 8128 8156 8128 8105 8157 8103 8155 8158 8156 8105 8159 8103 8157 8160 8158 8105 8161 8103 8159 8162 8163 8164 8165 8166 8167 8168 8160 8105 8169 8103 8161 8170 8162 8164 8171 8166 8165 8172 8168 8105 8173 8103 8169 8174 8170 8164 8175 8166 8171 8176 8103 8173 8176 8114 8103 8177 8172 8105 8177 8105 8115 8178 8164 8179 8178 8174 8164 8180 8181 8166 8180 8166 8175 8182 8178 8179 8183 8181 8180 8184 8182 8179 8185 8181 8183 8186 8184 8179 8187 8181 8185 98 100 8116 98 8116 8188 8189 8186 8179 8190 8181 8187 8191 8189 8179 8192 8181 8190 8193 8191 8179 8194 8181 8192 8195 8193 8179 8196 8181 8194 8197 8195 8179 8198 8181 8196 8199 8197 8179 8200 8181 8198 8201 8199 8179 8202 8181 8200 8203 8201 8179 8204 8181 8202 8205 8203 8179 8206 8181 8204 8207 8205 8179 8207 8179 8208 8209 8210 8181 8209 8181 8206 8211 8207 8208 8212 8210 8209 8213 8211 8208 8214 8210 8212 348 8215 8145 348 8216 8215 348 8217 8216 348 8218 8217 348 8145 346 8219 8213 8208 8220 8210 8214 8221 8219 8208 8222 8210 8220 8223 8221 8208 8224 8210 8222 8225 8226 8227 8228 8229 8230 8231 8226 8225 8232 8228 8230 8233 8226 8231 8234 8232 8230 8235 8226 8233 8235 8236 8226 8237 8234 8230 8237 8230 8238 8239 8236 8235 8240 8237 8238 8241 8236 8239 8242 8240 8238 8243 8236 8241 8244 8242 8238 8245 8236 8243 8246 8244 8238 8247 8236 8245 8248 8246 8238 8249 8236 8247 8250 8248 8238 8251 8236 8249 8252 8250 8238 8253 8254 8255 8256 8236 8251 8257 8258 8259 8260 8252 8238 8261 8254 8253 96 8262 8263 96 8264 8262 96 8265 8264 96 8266 8265 96 8267 8266 96 8188 8267 96 98 8188 8268 8236 8256 8269 8254 8261 8270 8257 8259 8271 8260 8238 8272 8236 8268 8273 8254 8269 8274 8270 8259 8275 8271 8238 8276 8236 8272 8277 8254 8273 8277 8278 8254 8279 8259 8280 8279 8274 8259 8281 8275 8238 8282 8278 8277 8283 8236 8276 8284 8279 8280 8285 8281 8238 8286 8278 8282 8287 8208 8236 8287 8236 8283 8288 8284 8280 8289 8238 8210 8289 8285 8238 8290 8278 8286 8291 8208 8287 8292 8288 8280 8293 8289 8210 8294 8278 8290 8295 8208 8291 8296 8292 8280 8297 8293 8210 8298 8278 8294 8299 8208 8295 8300 8296 8280 8301 7882 7948 8301 8302 8303 8301 8303 7882 8304 8305 8306 8304 7883 8305 8304 7949 7883 8307 8297 8210 8308 8302 8301 8308 8309 8302 8308 8310 8309 8311 8306 8312 8311 8304 8306 8313 8314 8310 8313 8310 8308 8315 8312 8316 8315 8311 8312 8317 8278 8298 8318 8300 8280 8319 8208 8299 8320 8307 8210 8321 8314 8313 8321 8322 8314 8323 8316 8324 8323 8315 8316 8325 8326 8322 8325 8322 8321 8327 8324 8328 8327 8323 8324 8329 8326 8325 8329 8330 8326 8331 8328 8332 8331 8327 8328 8333 8278 8317 8334 8318 8280 8335 8223 8208 8335 8208 8319 8336 8320 8210 8336 8210 8224 8337 8330 8329 8337 8338 8330 8339 8332 8340 8339 8331 8332 8341 8342 8338 8341 8338 8337 8343 8340 8344 8343 8339 8340 8345 8342 8341 8345 8346 8342 8347 8344 8348 8347 8343 8344 8349 8278 8333 8350 8334 8280 8351 8352 8346 8351 8346 8345 8353 8348 8354 8353 8347 8348 8355 8356 8352 8355 8352 8351 8357 8353 8354 8357 8354 8358 8359 8278 8349 8360 8350 8280 8361 8362 8356 8361 8356 8355 8363 8358 8364 8363 8357 8358 8365 8362 8361 8365 8366 8362 8367 8364 8368 8367 8363 8364 8369 8370 8366 8369 8366 8365 8371 8368 8372 8371 8367 8368 8373 8278 8359 350 8374 8218 350 8375 8374 350 8376 8375 350 8377 8376 350 8091 8377 350 8218 348 8378 8360 8280 8379 8380 8370 8379 8370 8369 8381 8372 8382 8381 8371 8372 8383 8384 8385 8386 8387 8388 8389 8380 8379 8389 8390 8380 8391 8381 8382 8391 8382 8392 8393 8383 8385 8394 8387 8386 8395 8278 8373 8396 8390 8389 8396 8397 8390 8398 8378 8280 8399 8392 8400 8399 8391 8392 8401 8402 8397 8401 8397 8396 8403 8393 8385 8404 8387 8394 8405 8400 8406 8405 8399 8400 8407 8408 8402 8407 8402 8401 8409 8406 8410 8409 8405 8406 8411 8385 8412 8411 8403 8385 8413 8387 8404 8413 8414 8387 8415 8278 8395 8416 8398 8280 8417 8418 8408 8417 8408 8407 8419 8420 8421 8422 8410 8423 8422 8409 8410 8424 8425 8426 8427 8411 8412 8428 8414 8413 8429 8430 8418 8429 8418 8417 8431 8422 8423 8431 8423 8432 8433 8420 8419 8434 8424 8426 8435 8430 8429 8435 8436 8430 8437 8431 8432 8437 8432 8438 8439 8278 8415 8439 8440 8278 8441 8427 8412 8442 8416 8280 8442 8280 8443 8444 8414 8428 8445 8446 8436 8445 8436 8435 8447 8420 8433 8448 8437 8438 8448 8438 8449 8450 8434 8426 8451 8446 8445 8451 8452 8446 8453 8441 8412 8454 8448 8449 8454 8449 8455 8456 8414 8444 8457 8420 8447 8457 8458 8420 8459 8452 8451 8459 8460 8452 8461 8440 8439 8462 8442 8443 8463 8426 8464 8463 8450 8426 8465 8454 8455 8465 8455 8466 8467 8453 8412 8468 8460 8459 8469 8465 8466 8470 8414 8456 8471 8458 8457 8472 8463 8464 8473 8467 8412 8474 8440 8461 8475 8462 8443 8476 8414 8470 8477 8458 8471 8478 8472 8464 8479 8473 8412 8480 8414 8476 8481 8458 8477 8482 8440 8474 8483 8475 8443 8484 8478 8464 8485 8479 8412 8486 8414 8480 8487 8458 8481 8488 8484 8464 8489 8440 8482 8490 8483 8443 8491 8485 8412 8492 8414 8486 8493 8458 8487 8494 8488 8464 4722 8490 8443 8495 8440 8489 8496 8491 8412 8497 8414 8492 8498 8458 8493 8499 8494 8464 8500 8496 8412 8501 8414 8497 8502 8458 8498 8503 8499 8464 8504 8500 8412 8505 8414 8501 8506 8458 8502 8507 8503 8464 8508 8504 8412 8509 8414 8505 94 96 8263 94 8510 8511 94 8512 8510 94 8088 8512 94 8513 8089 94 8514 8513 94 8263 8514 94 8089 8088 8515 8458 8506 8516 8507 8464 8517 8412 8440 8517 8508 8412 8518 8443 8414 8518 8414 8509 8519 8458 8515 8520 8516 8464 8521 8517 8440 8522 8443 8518 8523 8458 8519 8524 8520 8464 8525 8521 8440 8526 8443 8522 8527 8458 8523 8528 8524 8464 8529 8525 8440 8530 8443 8526 8531 8458 8527 8531 8532 8458 8533 8528 8464 8533 8464 8532 8534 8529 8440 8535 8443 8530 8536 8532 8531 8537 8533 8532 8538 4722 8443 8538 8443 8535 8539 8534 8440 8539 8440 8495 8540 8532 8536 8541 8537 8532 8542 8532 8540 8543 8541 8532 8544 8532 8542 8545 8543 8532 8546 8545 8532 8547 8532 8544 8547 8546 8532 352 8090 8091 352 8548 8090 352 8549 8548 352 8550 8549 352 8551 8550 352 8552 8551 352 8091 350 8553 8177 8115 92 8554 8555 92 8556 8554 92 8557 8556 92 8558 8557 92 8511 8558 92 94 8511 354 8552 352 354 8559 8552 354 8560 8559 354 8561 8560 354 8562 8561 91 8555 8563 91 8563 8564 91 92 8555 8565 8114 8176 8565 8566 8567 8565 8567 8114 8568 8177 8553 8569 8568 8553 8569 8553 8570 8571 8566 8565 8571 8572 8566 8573 8569 8570 8573 8570 8574 8575 8572 8571 8575 8576 8572 8577 8573 8574 8577 8574 8578 8579 8576 8575 8579 8580 8576 8581 8577 8578 8581 8578 8582 8583 8580 8579 8583 8584 8580 8585 8581 8582 8585 8582 8586 8587 8584 8583 8587 8588 8584 8589 8585 8586 8589 8586 8590 8591 8588 8587 8591 8592 8588 8593 8589 8590 8593 8590 8594 8595 8592 8591 8595 8596 8592 8597 8593 8594 8597 8594 8598 8599 8596 8595 8599 8600 8596 8601 8597 8598 8601 8598 8602 8603 8600 8599 8603 8604 8600 8605 8601 8602 8605 8602 8606 8607 8604 8603 8607 8608 8604 8609 8605 8606 8609 8606 8610 8611 8608 8607 8611 8612 8608 8613 8609 8610 8613 8610 8614 8615 8616 8612 8615 8612 8611 8617 8613 8614 8617 8614 8618 8619 8616 8615 8619 8620 8616 8621 8617 8618 8621 8618 8622 8623 8624 8620 8623 8620 8619 8625 8621 8622 8625 8622 8626 8627 8624 8623 8627 8628 8624 8629 8625 8626 8629 8626 8630 8631 8628 8627 8631 8632 8628 8633 8629 8630 8633 8630 8634 8635 8632 8631 8635 8636 8632 8637 8633 8634 8637 8634 8638 8639 8636 8635 8639 8640 8636 8641 8637 8638 8641 8638 8642 8643 8640 8639 8643 8644 8640 8645 8641 8642 8645 8642 8646 8647 8644 8643 8647 8648 8644 8649 8645 8646 8649 8646 8650 8651 8648 8647 8651 8652 8648 8653 8649 8650 8653 8650 8654 8655 8652 8651 8655 8656 8652 0 8562 354 0 8657 8562 8658 8653 8654 8658 8654 8659 8660 8656 8655 8660 8661 8656 8662 8659 8663 8662 8658 8659 8664 8661 8660 8664 8665 8661 8666 8663 8667 8666 8662 8663 8668 8665 8664 89 91 8564 89 8564 8669 8670 8223 8335 3 8657 0 3 8671 8657 3 8672 8671 3 8673 8672 3 8674 8673 87 89 8669 87 8675 8676 87 8677 8675 87 8678 8677 87 8679 8678 87 8669 8679 8680 8681 8670 8680 8670 8335 8682 8224 8683 8682 8336 8224 8682 8683 8684 8685 8686 8681 8685 8681 8680 8687 8682 8684 8687 8684 8688 8689 8690 8686 8689 8686 8685 8691 8688 8692 8691 8687 8688 8693 8694 8690 8693 8690 8689 8695 8692 8696 8695 8691 8692 8697 8698 8694 8697 8694 8693 8699 8696 8700 8699 8695 8696 8701 8702 8698 8701 8698 8697 8703 8699 8700 8703 8700 8704 8705 8706 8702 8705 8702 8701 8707 8704 8708 8707 8703 8704 8709 8710 8706 8709 8706 8705 8711 8708 8712 8711 8707 8708 8713 8714 8710 8713 8710 8709 8715 8711 8712 8715 8712 8716 8717 8718 8714 8717 8714 8713 8719 8715 8716 8719 8716 8720 8721 8718 8717 8721 8722 8718 8723 8719 8720 8723 8720 8724 8725 8722 8721 8725 8726 8722 5 8674 3 5 8469 8466 5 8727 8674 5 8728 8727 5 8729 8728 5 8730 8729 5 8466 8730 8731 8723 8724 8731 8724 8732 8733 8726 8725 8733 8734 8726 8735 8731 8732 8735 8732 8736 8737 8734 8733 8737 8738 8734 8739 8735 8736 8739 8736 8740 8741 8738 8737 8741 8742 8738 8743 8740 8744 8743 8739 8740 8745 8742 8741 8745 8746 8742 8747 8743 8744 8747 8744 8748 8749 8746 8745 8749 8750 8746 8751 8747 8748 8751 8748 8752 8753 8750 8749 8753 8754 8750 8755 8751 8752 8755 8752 8756 8757 8754 8753 8757 8758 8754 8759 8755 8756 8759 8756 8760 8761 8758 8757 8761 8762 8758 8763 8759 8760 8763 8760 8764 8765 8762 8761 8765 8766 8762 8767 8763 8764 8767 8764 8768 8769 8766 8765 8769 8770 8766 8771 8767 8768 8771 8768 8772 8773 8770 8769 8773 8774 8770 8775 8772 8776 8775 8771 8772 8777 8774 8773 8777 8778 8774 8779 8776 8780 8779 8775 8776 8781 8778 8777 8781 8782 8778 8783 8779 8780 8783 8780 8784 8785 8782 8781 8786 8783 8784 85 87 8676 85 8460 8468 85 8787 8788 85 8789 8787 85 8468 8789 85 8790 8460 85 8791 8790 85 8676 8791 4723 4722 8538 8792 8539 8495 7 8469 5 7 8793 8469 7 8794 8793 7 8795 8794 7 8796 8795 7 8797 8796 8798 8799 4723 8798 4723 8538 8800 8539 8792 8801 8792 8802 8801 8800 8792 8803 8804 8799 8803 8799 8798 8805 8801 8802 8805 8802 8806 8807 8808 8804 8807 8804 8803 8809 8806 8810 8809 8805 8806 8811 8812 8808 8811 8808 8807 8813 8810 8814 8813 8809 8810 8815 8816 8812 8815 8812 8811 8817 8814 8818 8817 8813 8814 8819 8820 8816 8819 8816 8815 8821 8817 8818 8821 8818 8822 8823 8824 8820 8823 8820 8819 8825 8821 8822 8825 8822 8826 8827 8828 8824 8827 8824 8823 8829 8826 8830 8829 8825 8826 8831 8832 8828 8831 8828 8827 8833 8830 8834 8833 8829 8830 8835 8832 8831 8835 8836 8832 8837 8833 8834 8837 8834 8838 8839 8840 8836 8839 8836 8835 8841 8837 8838 8841 8838 8842 8843 8844 8840 8843 8840 8839 8845 8841 8842 8845 8842 8846 8847 8848 8844 8847 8844 8843 8849 8846 8850 8849 8845 8846 8851 8852 8848 8851 8848 8847 8853 8850 8854 8853 8849 8850 8855 8856 8852 8855 8852 8851 8857 8546 8547 8857 8858 8546 8859 8854 8860 8859 8853 8854 8861 8862 8856 8861 8856 8855 8863 8858 8857 8864 8858 8863 8865 8859 8860 8865 8860 8866 8867 8868 8862 8867 8862 8861 8869 8864 8863 8870 8864 8869 8871 8865 8866 8871 8866 8872 8873 8874 8868 8873 8868 8867 8875 8871 8872 8875 8872 8876 8877 8870 8869 8878 8870 8877 8879 8880 8874 8879 8874 8873 8881 8875 8876 8881 8876 8882 83 85 8788 83 8883 8884 83 8885 8883 83 8886 8885 83 8887 8886 83 8888 8887 83 8788 8888 8889 8890 8880 8889 8880 8879 8891 8878 8877 8892 8878 8891 8893 8882 8894 8893 8881 8882 8895 8896 8890 8895 8890 8889 8897 8892 8891 8898 8892 8897 8899 8894 8900 8899 8893 8894 8901 8902 8896 8901 8896 8895 8903 8900 8904 8903 8899 8900 8905 8906 8902 8905 8902 8901 8907 8898 8897 8908 8898 8907 8909 8903 8904 8909 8904 8910 8911 8912 8906 8911 8906 8905 8913 8908 8907 8914 8908 8913 8915 8909 8910 8915 8910 8916 8917 8918 8912 8917 8912 8911 8919 8916 8920 8919 8915 8916 8921 8918 8917 8922 8914 8913 8923 8914 8922 8924 8923 8922 8925 8923 8924 8926 8925 8924 8927 8925 8926 8928 8927 8926 8929 8927 8928 8930 8929 8928 8931 8929 8930 8932 8931 8930 8933 8931 8932 8934 8933 8932 8935 8933 8934 8936 8935 8934 8937 8935 8936 8938 8937 8936 8939 8937 8938 8940 8939 8938 8941 8939 8940 8942 8941 8940 8943 8941 8942 8944 8943 8942 8945 8943 8944 8946 8945 8944 8947 8945 8946 8948 8947 8946 8949 8947 8948 8950 8949 8948 8951 8949 8950 8952 8951 8950 8953 8951 8952 8954 8953 8952 8955 8953 8954 8956 8955 8954 8957 8955 8956 9 8958 8797 9 8959 8958 9 8960 8959 9 8961 8960 9 8797 7 81 8884 8962 81 83 8884 11 8963 8961 11 8961 9 79 81 8962 79 8962 8964 13 8965 8963 13 8966 8965 13 8967 8966 13 8968 8967 13 8963 11 77 79 8964 77 8969 8970 77 8971 8969 77 8972 8971 77 8973 8972 77 8974 8973 77 8964 8974 15 8968 13 15 8975 8666 15 8976 8968 15 8977 8976 15 8978 8977 15 8979 8978 15 8667 8979 15 8666 8667 75 8665 8668 75 8980 8981 75 8982 8980 75 8668 8982 75 8983 8665 75 8970 8983 75 77 8970 17 8984 8975 17 8975 15 17 8985 8984 17 8986 8985 17 8987 8986 17 8988 8987 73 75 8981 73 8989 8990 73 8991 8989 73 8992 8991 73 8993 8992 73 8994 8993 73 8981 8994 19 8988 17 19 8995 8988 19 8996 8995 19 8997 8996 71 8990 8998 71 73 8990 21 8997 19 21 8999 8997 69 8998 9000 69 71 8998 23 9001 8999 23 9002 9001 23 9003 9002 23 9004 9003 23 8999 21 67 9005 9006 67 9007 9005 67 9008 9007 67 9009 9008 67 9000 9009 67 69 9000 67 9006 9010 25 8786 8784 25 9011 9004 25 9012 9011 25 9013 9012 25 9014 9013 25 8784 9014 25 9004 23 65 8782 8785 65 67 9010 65 9015 9016 65 9017 9015 65 9018 9017 65 8785 9018 65 9019 8782 65 9010 9019 27 8786 25 27 9020 8786 27 9021 9020 27 9022 9021 27 9023 9022 27 9024 9023 27 9025 9024 63 9026 9027 63 9028 9026 63 9029 9028 63 9030 9029 63 9016 9030 63 65 9016 29 9031 9025 29 9032 9031 29 9033 9032 29 9025 27 61 9027 9034 61 63 9027 31 9035 9033 31 9033 29 59 9036 9037 59 9034 9036 59 61 9034 33 9038 9035 33 9039 9038 33 9040 9039 33 9041 9040 33 9042 9041 33 9035 31 57 9043 9044 57 9045 9043 57 9046 9045 57 9047 9046 57 9037 9047 57 59 9037 35 9042 33 35 9048 9042 35 9049 9048 35 9050 9049 35 8920 9050 35 9051 8919 35 8919 8920 55 9052 8918 55 9044 9052 55 8918 8921 55 57 9044 55 9053 9054 55 9055 9053 55 9056 9055 55 8921 9056 37 9057 9051 37 9058 9057 37 9059 9058 37 9060 9059 37 9061 9060 37 9062 9061 37 9051 35 53 55 9054 53 9063 9064 53 9065 9063 53 9066 9065 53 9067 9066 53 9054 9067 39 9062 37 39 9068 9062 39 9069 9068 51 9064 9070 51 53 9064 41 9069 39 41 9071 9069 49 9072 9073 49 9070 9072 49 51 9070 43 9074 9071 43 9075 9074 43 9076 9075 43 9077 9076 43 9078 9077 43 9071 41 47 9079 9080 47 9081 9079 47 9082 9081 47 9083 9082 47 9084 9083 47 9073 9084 47 49 9073 45 9085 9078 45 9086 9085 45 9087 9086 45 8956 9087 45 9080 8957 45 47 9080 45 9078 43 45 8957 8956 4723 8799 4432 4432 8799 4431 4431 8804 4438 8799 8804 4431 4438 8808 4442 8804 8808 4438 4442 8812 4446 8808 8812 4442 4446 8816 4450 8812 8816 4446 4450 8820 4453 8816 8820 4450 4453 8824 4457 8820 8824 4453 4457 8828 4461 8824 8828 4457 4461 8832 4466 8828 8832 4461 4466 8836 4469 8832 8836 4466 4469 8840 4473 8836 8840 4469 4473 8844 4478 8840 8844 4473 4478 8848 4481 8844 8848 4478 4481 8848 4485 4485 8852 4490 8848 8852 4485 4490 8856 4496 8852 8856 4490 4496 8862 4502 8856 8862 4496 4502 8868 4508 8862 8868 4502 4508 8874 4514 8868 8874 4508 4514 8880 4524 8874 8880 4514 4524 8890 4530 8880 8890 4524 4530 8896 4535 8890 8896 4530 4535 8902 4539 8896 8902 4535 4539 8906 4545 8902 8906 4539 4545 8912 4551 8906 8912 4545 4551 8918 4686 8912 8918 4551 8918 9052 4686 4686 9052 4681 9052 9044 4681 4681 9044 4680 4680 9043 4679 9044 9043 4680 4679 9045 4678 9043 9045 4679 4678 9046 4677 9045 9046 4678 4677 9047 4671 9046 9047 4677 4671 9037 4670 9047 9037 4671 4670 9036 4668 9037 9036 4670 9036 9034 4668 9034 9027 4668 4668 9027 4664 9027 9026 4664 4664 9026 4663 4663 9028 4662 9026 9028 4663 4662 9029 4661 9028 9029 4662 4661 9030 4660 9029 9030 4661 4660 9016 4653 9030 9016 4660 4653 9015 4652 9016 9015 4653 9015 9017 4652 4652 9017 4651 9017 9018 4651 4651 9018 4650 9018 8785 4650 4650 8785 4418 8785 8781 4418 4418 8781 4415 8781 8777 4415 4415 8777 4411 8777 8773 4411 4411 8773 4407 8773 8769 4407 4407 8769 4402 8769 8765 4402 4402 8765 4399 8765 8761 4399 4399 8761 4395 8761 8757 4395 4395 8757 4391 8757 8753 4391 4391 8753 4387 8753 8749 4387 4387 8749 4382 4382 8745 4378 8749 8745 4382 4378 8741 4374 8745 8741 4378 4374 8737 4370 8741 8737 4374 4370 8733 4366 8737 8733 4370 4366 8725 4358 8733 8725 4366 4358 8721 4354 8725 8721 4358 4354 8717 4351 8721 8717 4354 4351 8713 4347 8717 8713 4351 4347 8709 4343 8713 8709 4347 4343 8705 4339 8709 8705 4343 4339 8701 4335 8705 8701 4339 4335 8697 4330 8701 8697 4335 4330 8693 4327 8697 8693 4330 8693 8689 4327 4327 8689 4323 8689 8685 4323 4323 8685 4318 8685 8680 4318 4318 8680 4314 8680 8335 4314 4314 8335 3967 3967 8335 3951 3951 8319 3931 8335 8319 3951 3931 8299 3927 8319 8299 3931 3927 8295 3923 8299 8295 3927 3923 8291 3919 8295 8291 3923 3919 8287 3915 8291 8287 3919 3915 8283 3908 8287 8283 3915 8283 8276 3908 3908 8272 3904 8276 8272 3908 3904 8268 3900 8272 8268 3904 3900 8268 3888 3888 8256 3883 8268 8256 3888 3883 8251 3881 8256 8251 3883 3881 8249 3879 8251 8249 3881 3879 8247 3877 8249 8247 3879 3877 8245 3875 8247 8245 3877 3875 8243 3873 8245 8243 3875 3873 8241 3871 8243 8241 3873 3871 8239 3867 8241 8239 3871 3867 8235 3865 8239 8235 3867 3865 8233 3863 8235 8233 3865 3863 8231 3858 8233 8231 3863 3858 8225 3859 8231 8225 3858 8225 8227 3859 8227 8226 3859 3859 8226 3857 3857 8226 3868 3868 8236 3840 8226 8236 3868 3840 8208 3811 8236 8208 3840 3811 8179 3796 8208 8179 3811 8179 8164 3796 8164 8163 3796 3796 8163 3794 8163 8162 3794 3794 8162 3795 3795 8170 3802 8162 8170 3795 3802 8174 3806 8170 8174 3802 3806 8178 3810 8174 8178 3806 3810 8182 3814 8178 8182 3810 3814 8184 3816 8182 8184 3814 3816 8186 3818 8184 8186 3816 3818 8189 3821 8186 8189 3818 3821 8191 3823 8189 8191 3821 3823 8193 3825 8191 8193 3823 3825 8195 3827 8193 8195 3825 3827 8197 3829 8195 8197 3827 8197 8199 3829 3829 8199 3831 8199 8201 3831 3831 8201 3833 8201 8203 3833 3833 8203 3835 8203 8205 3835 3835 8205 3837 8205 8207 3837 3837 8207 3839 8207 8211 3839 3839 8211 3843 3843 8213 3845 8211 8213 3843 3845 8219 3851 8213 8219 3845 3851 8221 3853 8219 8221 3851 3853 8223 3855 8221 8223 3853 8223 8670 3855 3855 8670 4303 8670 8681 4303 4303 8681 4315 4319 8686 4322 4315 8686 4319 8681 8686 4315 4322 8690 4326 8686 8690 4322 4326 8694 4331 8690 8694 4326 4331 8698 4334 8694 8698 4331 4334 8702 4338 8698 8702 4334 4338 8706 4342 8702 8706 4338 4342 8710 4346 8706 8710 4342 8710 8714 4346 8714 8718 4346 4346 8718 4350 4350 8722 4355 8718 8722 4350 4355 8726 4359 8722 8726 4355 4359 8734 4367 8726 8734 4359 4367 8738 4371 8734 8738 4367 4371 8742 4375 8738 8742 4371 4375 8746 4379 8742 8746 4375 4379 8750 4383 8746 8750 4379 4383 8754 4386 8750 8754 4383 4386 8758 4390 8754 8758 4386 8758 8762 4390 4390 8762 4394 8762 8766 4394 4394 8766 4398 8766 8770 4398 4398 8770 4403 4403 8774 4406 8770 8774 4403 4406 8778 4410 8774 8778 4406 4410 8782 4414 8778 8782 4410 4414 9019 4649 8782 9019 4414 4649 9010 4644 9019 9010 4649 4644 9006 4643 9010 9006 4644 4643 9005 4642 9006 9005 4643 4642 9007 4641 9005 9007 4642 4641 9008 4640 9007 9008 4641 4640 9009 4639 9008 9009 4640 4639 9000 4634 9009 9000 4639 4634 8998 4632 9000 8998 4634 8998 8990 4632 4632 8990 4628 4628 8990 4627 4627 8989 4626 8990 8989 4627 4626 8991 4625 8989 8991 4626 4625 8992 4624 8991 8992 4625 4624 8993 4623 8992 8993 4624 4623 8994 4617 8993 8994 4623 4617 8981 4616 8994 8981 4617 4616 8980 4615 8981 8980 4616 8980 8982 4615 4615 8982 4301 8982 8668 4301 4301 8668 4298 8668 8664 4298 4298 8664 4294 8664 8660 4294 4294 8660 4289 8660 8655 4289 4289 8655 4285 8655 8651 4285 4285 8651 4281 8651 8647 4281 4281 8647 4277 8647 8643 4277 4277 8643 4273 8643 8639 4273 4273 8639 4269 8639 8635 4269 4269 8635 4264 8635 8631 4264 4264 8631 4260 4260 8627 4257 8631 8627 4260 4257 8623 4253 8627 8623 4257 4253 8619 4248 8623 8619 4253 4248 8615 4245 8619 8615 4248 4245 8611 4241 8615 8611 4245 4241 8607 4237 8611 8607 4241 4237 8603 4233 8607 8603 4237 4233 8599 4229 8603 8599 4233 4229 8595 4225 8599 8595 4229 4225 8591 4221 8595 8591 4225 4221 8587 4217 8591 8587 4221 4217 8583 4213 8587 8583 4217 4213 8579 4209 8583 8579 4213 8579 8575 4209 4209 8575 4205 8575 8571 4205 4205 8571 4198 8571 8565 4198 8565 8176 4198 4198 8176 3808 8176 8173 3808 3808 8173 3805 3805 8169 3801 8173 8169 3805 3801 8161 3793 8169 8161 3801 3793 8159 3791 8161 8159 3793 3791 8157 3789 8159 8157 3791 3789 8155 3787 8157 8155 3789 8155 8153 3787 3787 8153 3785 3785 8151 3783 8153 8151 3785 3783 8149 3781 8151 8149 3783 3781 8147 3779 8149 8147 3781 3779 8144 3776 8147 8144 3779 3776 8142 3774 8144 8142 3776 3772 8140 3770 3774 8140 3772 8142 8140 3774 3770 8138 3768 8140 8138 3770 3768 8136 3766 8138 8136 3768 3766 8134 3764 8136 8134 3766 3764 8132 3762 8134 8132 3764 3762 8129 3758 8132 8129 3762 3758 8126 3756 8129 8126 3758 3756 8124 3753 8126 8124 3756 3753 8120 3754 8124 8120 3753 8120 8122 3754 8122 8121 3754 3754 8121 3752 8121 8130 3752 3752 8130 3761 3735 8103 3614 3761 8103 3735 8130 8103 3761 3614 7982 3585 8103 7982 3614 7982 7952 3585 7952 7951 3585 3585 7951 3583 7951 7950 3583 3583 7950 3584 3584 7956 3589 7950 7956 3584 3589 7958 3591 7956 7958 3589 3591 7966 3599 7958 7966 3591 3599 7983 3615 7966 7983 3599 3615 7996 3628 7983 7996 3615 3628 8010 3642 7996 8010 3628 3642 8024 3656 8010 8024 3642 3656 8038 3670 8024 8038 3656 3670 8048 3680 8038 8048 3670 3694 8062 3708 3680 8062 3694 8048 8062 3680 3708 8076 3718 8062 8076 3708 3718 8086 3724 8076 8086 3718 8086 8092 3724 3724 8092 3726 8092 8094 3726 3726 8094 3732 8094 8100 3732 3732 8100 3734 8100 8102 3734 3734 8102 3738 8102 8106 3738 3738 8106 3740 8106 8108 3740 3740 8108 3742 3742 8110 3744 8108 8110 3742 3744 8112 3746 8110 8112 3744 8112 8114 3746 8114 8567 3746 3746 8567 4199 8567 8566 4199 4199 8566 4197 4197 8572 4204 8566 8572 4197 4204 8576 4208 8572 8576 4204 4208 8580 4212 8576 8580 4208 4212 8584 4216 8580 8584 4212 4216 8588 4220 8584 8588 4216 8588 8592 4220 4220 8592 4224 4224 8596 4228 8592 8596 4224 4228 8600 4232 8596 8600 4228 4232 8604 4236 8600 8604 4232 4236 8608 4240 8604 8608 4236 4240 8612 4244 8608 8612 4240 4244 8616 4249 8612 8616 4244 4249 8620 4252 8616 8620 4249 4252 8624 4256 8620 8624 4252 8624 8628 4256 4256 8628 4261 8628 8632 4261 4261 8632 4265 8632 8636 4265 4265 8636 4268 4268 8640 4272 8636 8640 4268 4272 8644 4276 8640 8644 4272 8644 8648 4276 4276 8648 4280 4280 8652 4284 8648 8652 4280 4284 8656 4288 8652 8656 4284 4288 8661 4293 8656 8661 4288 4293 8665 4297 8661 8665 4293 4297 8983 4614 8665 8983 4297 4614 8970 4608 8983 8970 4614 4608 8969 4607 8970 8969 4608 4607 8971 4606 8969 8971 4607 4606 8972 4605 8971 8972 4606 4605 8973 4604 8972 8973 4605 4604 8974 4603 8973 8974 4604 4603 8964 4598 8974 8964 4603 4598 8962 4596 8964 8962 4598 8962 8884 4596 4596 8884 4522 4522 8884 4521 4521 8883 4520 8884 8883 4521 4520 8885 4519 8883 8885 4520 4519 8886 4518 8885 8886 4519 4518 8887 4517 8886 8887 4518 4517 8888 4424 8887 8888 4517 4424 8788 4423 8888 8788 4424 4423 8787 4422 8788 8787 4423 8787 8789 4422 4422 8789 4100 8789 8468 4100 4100 8468 4091 8468 8459 4091 4091 8459 4083 8459 8451 4083 4083 8451 4077 8451 8445 4077 4077 8445 4067 8445 8435 4067 4067 8435 4062 8435 8429 4062 4062 8429 4049 8429 8417 4049 4049 8417 4039 8417 8407 4039 4039 8407 4033 8407 8401 4033 4033 8401 4028 8401 8396 4028 4028 8396 4021 4021 8389 4011 8396 8389 4021 4011 8379 4001 8389 8379 4011 4001 8369 3997 8379 8369 4001 3997 8365 3993 8369 8365 3997 3993 8361 3987 8365 8361 3993 3987 8355 3984 8361 8355 3987 3984 8351 3978 8355 8351 3984 3978 8345 3974 8351 8345 3978 3974 8341 3970 8345 8341 3974 3970 8337 3962 8341 8337 3970 3962 8329 3958 8337 8329 3962 3958 8325 3954 8329 8325 3958 3954 8321 3945 8325 8321 3954 8321 8313 3945 3945 8313 3941 8313 8308 3941 3941 8308 3934 8308 8301 3934 3934 8301 3581 8301 7948 3581 7948 7947 3581 3581 7947 3580 3580 7945 3578 7947 7945 3580 3578 7944 3577 7945 7944 3578 3577 7944 3575 3575 7942 3573 7944 7942 3575 3573 7940 3571 7942 7940 3573 3571 7938 3569 7940 7938 3571 3569 7936 3567 7938 7936 3569 3567 7934 3565 7936 7934 3567 3565 7932 3563 7934 7932 3565 3563 7930 3561 7932 7930 3563 3561 7928 3554 7930 7928 3561 3554 7921 3552 7928 7921 3554 7921 7919 3552 3552 7917 3550 7919 7917 3552 3550 7915 3548 7917 7915 3550 3548 7911 3544 7915 7911 3548 7911 7907 3544 3544 7907 3540 3540 7903 3536 7907 7903 3540 3536 7897 3531 7903 7897 3536 3531 7900 3533 7897 7900 3531 3533 7904 3537 7900 7904 3533 3537 7908 3541 7904 7908 3537 3541 7912 3545 7908 7912 3541 7912 7899 3545 3545 7899 3532 3532 7899 3530 3530 7898 3504 7899 7898 3530 7898 7872 3504 3504 7838 3471 7872 7838 3504 3471 7828 3460 7838 7828 3471 7828 7827 3460 3460 7827 3458 7827 7826 3458 3459 7826 3464 3458 7826 3459 3464 7832 3466 7826 7832 3464 3466 7834 3468 7832 7834 3466 3468 7836 3473 7834 7836 3468 3473 7839 3472 7836 7839 3473 3472 7840 3470 7839 7840 3472 3470 7841 3478 7840 7841 3470 3478 7846 3480 7841 7846 3478 3480 7848 3488 7846 7848 3480 3488 7856 3490 7848 7856 3488 3490 7858 3492 7856 7858 3490 3492 7860 3494 7858 7860 3492 3494 7862 3496 7860 7862 3494 7862 7864 3496 3496 7864 3498 7864 7866 3498 3498 7866 3500 7866 7868 3500 3500 7868 3502 7868 7870 3502 3502 7870 3506 7870 7873 3506 3506 7873 3505 7873 7874 3505 3505 7874 3510 3510 7878 3512 7874 7878 3510 3512 7880 3514 7878 7880 3512 7880 7882 3514 7882 8303 3514 3514 8303 3935 8303 8302 3935 3935 8302 3933 3933 8309 3942 8302 8309 3933 3942 8310 3940 8309 8310 3942 8310 8314 3940 3940 8314 3946 3946 8322 3953 8314 8322 3946 3953 8326 3957 8322 8326 3953 3957 8330 3961 8326 8330 3957 3961 8338 3969 8330 8338 3961 3969 8342 3973 8338 8342 3969 3977 8346 3983 3973 8346 3977 8342 8346 3973 3983 8352 3988 8346 8352 3983 8352 8356 3988 3988 8356 3994 8356 8362 3994 3994 8362 3998 8362 8366 3998 3998 8366 4002 4002 8370 4012 8366 8370 4002 4012 8380 4022 8370 8380 4012 4022 8390 4029 8380 8390 4022 4029 8397 4034 8390 8397 4029 4034 8402 4040 8397 8402 4034 4040 8408 4050 8402 8408 4040 4050 8418 4061 8408 8418 4050 4061 8430 4068 8418 8430 4061 4068 8436 4078 8430 8436 4068 4078 8446 4084 8436 8446 4078 4084 8452 4092 8446 8452 4084 4092 8460 4421 8452 8460 4092 4421 8790 4420 8460 8790 4421 4420 8791 4313 8790 8791 4420 4313 8676 4312 8791 8676 4313 4312 8675 4311 8676 8675 4312 4311 8677 4310 8675 8677 4311 4310 8678 4309 8677 8678 4310 4309 8679 4302 8678 8679 4309 4302 8669 4196 8679 8669 4302 8669 8564 4196 8564 8563 4196 4196 8563 4195 8563 8555 4195 4195 8555 4190 4190 8554 4189 8555 8554 4190 4189 8556 4188 8554 8556 4189 4188 8557 4187 8556 8557 4188 4187 8558 4186 8557 8558 4187 4186 8511 4147 8558 8511 4186 4147 8510 4146 8511 8510 4147 8510 8512 4146 4146 8512 4145 8512 8088 4145 4145 8088 3720 8088 8082 3720 3720 8082 3714 8082 8078 3714 3714 8078 3710 8078 8072 3710 3710 8072 3704 8072 8068 3704 3704 8068 3700 8068 8064 3700 3700 8064 3697 8064 8058 3697 3697 8058 3690 8058 8054 3690 3690 8054 3686 8054 8050 3686 3686 8050 3682 8050 8044 3682 3682 8044 3676 3676 8040 3672 8044 8040 3676 3672 8034 3667 8040 8034 3672 8034 8030 3667 3667 8030 3663 3663 8026 3659 8030 8026 3663 8026 8020 3659 3659 8020 3652 3652 8016 3648 8020 8016 3652 3648 8012 3644 8016 8012 3648 3644 8006 3638 8012 8006 3644 3638 8002 3634 8006 8002 3638 3634 7998 3630 8002 7998 3634 3630 7992 3624 7998 7992 3630 3624 7988 3620 7992 7988 3624 3620 7980 3612 7988 7980 3620 3612 7976 3608 7980 7976 3612 3608 7976 3607 3607 7975 3603 7976 7975 3607 3603 7971 3601 7975 7971 3603 7971 7968 3601 3601 7968 3453 7968 7821 3453 7821 7819 3453 3453 7819 3451 3451 7817 3449 7819 7817 3451 3449 7815 3447 7817 7815 3449 3447 7813 3445 7815 7813 3447 3445 7811 3443 7813 7811 3445 3443 7809 3441 7811 7809 3443 3441 7807 3439 7809 7807 3441 3439 7803 3435 7807 7803 3439 3435 7799 3431 7803 7799 3435 3431 7795 3427 7799 7795 3431 3427 7791 3423 7795 7791 3427 3423 7785 3417 7791 7785 3423 7785 7781 3417 3417 7781 3413 7781 7773 3413 3413 7773 3406 7773 7775 3406 3406 7775 3407 7775 7780 3407 3407 7780 3412 7780 7784 3412 3412 7784 3416 7784 7789 3416 3416 7789 3421 3421 7794 3426 7789 7794 3421 3426 7798 3430 7794 7798 3426 3430 7802 3434 7798 7802 3430 3434 7805 3437 7802 7805 3434 7805 7790 3437 3437 7790 3422 3422 7790 3405 3405 7774 3286 7790 7774 3405 3286 7654 3255 7774 7654 3286 3255 7622 3247 7654 7622 3255 7622 7615 3247 7615 7614 3247 3247 7614 3245 3245 7614 3246 3246 7613 3249 7614 7613 3246 3249 7617 3251 7613 7617 3249 3251 7619 3253 7617 7619 3251 3253 7621 3260 7619 7621 3253 3260 7623 3259 7621 7623 3260 3259 7624 3258 7623 7624 3259 3258 7625 3257 7624 7625 3258 3257 7626 3256 7625 7626 3257 3256 7627 3254 7626 7627 3256 3254 7628 3269 7627 7628 3254 3269 7637 3275 7628 7637 3269 3275 7643 3277 7637 7643 3275 3277 7645 3279 7643 7645 3277 3279 7647 3281 7645 7647 3279 7647 7649 3281 3281 7649 3283 7649 7651 3283 3283 7651 3285 7651 7653 3285 3285 7653 3292 7653 7659 3292 3292 7659 3291 7659 7660 3291 3291 7660 3290 7660 7656 3290 3290 7656 3289 3289 7655 3288 7656 7655 3289 3288 7657 3287 7655 7657 3288 7657 7658 3287 7658 7969 3287 3287 7969 3521 7969 7972 3521 3521 7972 3604 3604 7977 3609 7972 7977 3604 3609 7981 3613 7977 7981 3609 3613 7989 3621 7981 7989 3613 3621 7993 3625 7989 7993 3621 3625 7999 3631 7993 7999 3625 7999 8003 3631 3631 8003 3635 8003 8007 3635 3635 8007 3639 8007 8013 3639 3639 8013 3645 8013 8017 3645 3645 8017 3649 8017 8021 3649 3649 8021 3653 8021 8027 3653 3653 8027 3658 8027 8031 3658 3658 8031 3662 8031 8035 3662 3662 8035 3666 8035 8041 3666 3666 8041 3673 8041 8045 3673 3673 8045 3677 8045 8051 3677 3677 8051 3683 8051 8055 3683 3683 8055 3687 3687 8059 3691 8055 8059 3687 3691 8065 3696 8059 8065 3691 3701 8069 3705 3696 8069 3701 8065 8069 3696 3705 8073 3711 8069 8073 3705 3711 8079 3715 8073 8079 3711 3715 8083 3721 8079 8083 3715 3721 8089 4144 8083 8089 3721 4144 8513 4143 8089 8513 4144 4143 8514 3899 8513 8514 4143 3899 8263 3898 8514 8263 3899 3898 8262 3897 8263 8262 3898 3897 8264 3896 8262 8264 3897 3896 8265 3895 8264 8265 3896 8265 8266 3895 3895 8266 3894 8266 8267 3894 3894 8267 3820 8267 8188 3820 8188 8116 3820 3820 8116 3748 8116 7961 3748 3748 7961 3598 3598 7960 3597 7961 7960 3598 3597 7962 3596 7960 7962 3597 3596 7963 3595 7962 7963 3596 3595 7964 3594 7963 7964 3595 3594 7965 3593 7964 7965 3594 3593 7893 3526 7965 7893 3593 3526 7892 3525 7893 7892 3526 3525 7769 3402 7892 7769 3525 7769 7765 3402 3402 7765 3398 7765 7761 3398 3398 7761 3394 7761 7757 3394 3394 7757 3390 7757 7753 3390 3390 7753 3386 7753 7749 3386 3386 7749 3381 7749 7745 3381 3381 7745 3377 7745 7741 3377 3377 7741 3373 7741 7737 3373 3373 7737 3370 7737 7733 3370 3370 7733 3366 3366 7729 3361 7733 7729 3366 3361 7725 3358 7729 7725 3361 3358 7721 3354 7725 7721 3358 3354 7717 3349 7721 7717 3354 3349 7713 3346 7717 7713 3349 3346 7709 3342 7713 7709 3346 3342 7705 3338 7709 7705 3342 3338 7701 3333 7705 7701 3338 3333 7697 3330 7701 7697 3333 3330 7693 3326 7697 7693 3330 3326 7693 3322 3322 7689 3318 7693 7689 3322 3318 7685 3313 7689 7685 3318 3313 7681 3310 7685 7681 3313 3310 7677 3306 7681 7677 3310 3306 7673 3301 7677 7673 3306 7673 7669 3301 7669 7594 3301 3301 7594 3226 7594 7590 3226 3226 7590 3222 3222 7586 3218 7590 7586 3222 3218 7582 3214 7586 7582 3218 3214 7576 3208 7582 7576 3214 3208 7572 3204 7576 7572 3208 3204 7568 3200 7572 7568 3204 3200 7564 3196 7568 7564 3200 3196 7560 3192 7564 7560 3196 3192 7556 3188 7560 7556 3192 3188 7548 3181 7556 7548 3188 3181 7550 3182 7548 7550 3181 3186 7554 3190 3182 7554 3186 7550 7554 3182 3190 7558 3194 7554 7558 3190 3194 7562 3198 7558 7562 3194 7562 7566 3198 3198 7566 3202 7566 7570 3202 3202 7570 3206 7570 7574 3206 3206 7574 3210 7574 7578 3210 3210 7578 3216 7578 7584 3216 3216 7584 3220 3220 7588 3224 7584 7588 3220 3224 7592 3228 7588 7592 3224 7592 7596 3228 7596 7579 3228 3228 7579 3211 7579 7549 3211 3211 7549 3180 3180 7525 3157 7549 7525 3180 3021 7390 3011 3157 7390 3021 7525 7390 3157 7390 7380 3011 7380 7379 3011 3011 7379 3009 3009 7379 3010 3010 7378 3013 7379 7378 3010 3013 7382 3015 7378 7382 3013 3015 7384 3017 7382 7384 3015 3017 7386 3030 7384 7386 3017 3030 7391 3029 7386 7391 3030 3029 7392 3028 7391 7392 3029 3028 7393 3027 7392 7393 3028 3027 7394 3026 7393 7394 3027 3026 7395 3025 7394 7395 3026 3025 7396 3024 7395 7396 3025 3024 7397 3023 7396 7397 3024 3023 7398 3022 7397 7398 3023 3022 7399 3042 7398 7399 3022 3042 7411 3044 7399 7411 3042 3044 7413 3046 7411 7413 3044 7413 7415 3046 7415 7526 3046 3163 7526 3162 3046 7526 3163 3162 7527 3161 7526 7527 3162 3161 7528 3160 7527 7528 3161 3160 7529 3159 7528 7529 3160 3159 7530 3158 7529 7530 3159 7530 7531 3158 3158 7531 3302 7531 7670 3302 7670 7674 3302 3302 7674 3305 3305 7678 3309 7674 7678 3305 3309 7682 3314 7678 7682 3309 3314 7686 3317 7682 7686 3314 3317 7690 3321 7686 7690 3317 3321 7694 3325 7690 7694 3321 7694 7698 3325 3325 7698 3329 7698 7702 3329 3329 7702 3334 7702 7706 3334 3334 7706 3337 7706 7710 3337 3337 7710 3341 7710 7714 3341 3341 7714 3345 7714 7718 3345 3345 7718 3350 7718 7722 3350 3350 7722 3353 7722 7726 3353 3353 7726 3357 7726 7730 3357 3357 7730 3362 7730 7734 3362 3362 7734 3365 7734 7738 3365 3365 7738 3369 7738 7742 3369 3369 7742 3374 3374 7746 3378 7742 7746 3374 3378 7750 3382 7746 7750 3378 3382 7754 3385 7750 7754 3382 3385 7758 3389 7754 7758 3385 3389 7762 3393 7758 7762 3389 3393 7766 3397 7762 7766 3393 3397 7770 3401 7766 7770 3397 3401 7890 3524 7770 7890 3401 3524 7891 3523 7890 7891 3524 3523 7851 3487 7891 7851 3523 3487 7850 3486 7851 7850 3487 3486 7852 3485 7850 7852 3486 3485 7853 3484 7852 7853 3485 7853 7854 3484 3484 7854 3483 7854 7855 3483 3483 7855 3482 7855 7772 3482 3482 7772 3404 7772 7667 3404 3404 7667 3299 3299 7667 3241 3241 7605 3240 7667 7605 3241 3240 7604 3239 7605 7604 3240 3239 7606 3238 7604 7606 3239 3238 7607 3237 7606 7607 3238 3237 7608 3236 7607 7608 3237 3236 7609 3176 7608 7609 3236 3176 7547 3175 7609 7547 3176 3175 7546 3154 7547 7546 3175 3154 7521 3150 7546 7521 3154 3150 7517 3146 7521 7517 3150 7517 7513 3146 3146 7513 3141 7513 7509 3141 3141 7509 3138 7509 7505 3138 3138 7505 3134 7505 7501 3134 3134 7501 3130 7501 7497 3130 3130 7497 3121 7497 7488 3121 3121 7488 3117 7488 7484 3117 3117 7484 3113 7484 7480 3113 3113 7480 3108 7480 7476 3108 3108 7476 3104 3104 7472 3100 7476 7472 3104 3100 7468 3096 7472 7468 3100 3096 7464 3092 7468 7464 3096 3092 7460 3088 7464 7460 3092 3088 7456 3084 7460 7456 3088 7456 7452 3084 7452 7448 3084 3084 7448 3080 3080 7444 3076 7448 7444 3080 3076 7440 3072 7444 7440 3076 3072 7436 3068 7440 7436 3072 3068 7432 3065 7436 7432 3068 3065 7428 3061 7432 7428 3065 3061 7424 3057 7428 7424 3061 3057 7420 3053 7424 7420 3057 3053 7417 3048 7420 7417 3053 3048 7417 2984 7417 7352 2984 2984 7352 2981 2981 7348 2977 7352 7348 2981 2977 7344 2973 7348 7344 2977 2973 7340 2969 7344 7340 2973 2969 7336 2965 7340 7336 2969 2965 7332 2961 7336 7332 2965 2961 7328 2954 7332 7328 2961 2954 7326 2955 7328 7326 2954 2955 7325 2962 7326 7325 2955 2962 7331 2966 7325 7331 2962 2966 7335 2970 7331 7335 2966 2970 7339 2974 7335 7339 2970 2974 7343 2978 7339 7343 2974 2978 7347 2982 7343 7347 2978 7347 7351 2982 2982 7351 2986 7351 7356 2986 2986 7356 2988 7356 7358 2988 2988 7358 2991 7358 7361 2991 2991 7361 2993 7361 7364 2993 2993 7364 2997 7364 7367 2997 2997 7367 2999 2999 7369 3001 7367 7369 2999 3001 7371 3004 7369 7371 3001 7371 7373 3004 3004 7373 2994 7373 7365 2994 2994 7365 2956 2956 7327 2936 7365 7327 2956 7327 7303 2936 2936 7270 2903 7303 7270 2936 2903 7256 2888 7270 7256 2903 7256 7255 2888 2888 7255 2886 2886 7255 2887 2887 7254 2892 7255 7254 2887 2892 7260 2894 7254 7260 2892 2894 7262 2896 7260 7262 2894 2896 7264 2915 7262 7264 2896 2915 7276 2914 7264 7276 2915 2914 7277 2913 7276 7277 2914 2913 7278 2912 7277 7278 2913 2912 7279 2911 7278 7279 2912 2911 7280 2910 7279 7280 2911 2910 7281 2909 7280 7281 2910 2909 7282 2908 7281 7282 2909 2908 7283 2907 7282 7283 2908 7283 7272 2907 7272 7271 2907 2907 7271 2906 2906 7273 2905 7271 7273 2906 2905 7274 2904 7273 7274 2905 2904 7275 2902 7274 7275 2904 2902 7304 2940 7275 7304 2902 2940 7305 2939 7304 7305 2940 2939 7306 2938 7305 7306 2939 2938 7307 2937 7306 7307 2938 2937 7308 2935 7307 7308 2937 7308 7418 2935 2935 7418 3049 7418 7421 3049 3049 7421 3052 3052 7425 3056 7421 7425 3052 3056 7429 3060 7425 7429 3056 3060 7433 3064 7429 7433 3060 3064 7437 3069 7433 7437 3064 3069 7441 3073 7437 7441 3069 7441 7445 3073 3073 7445 3077 7445 7449 3077 3077 7449 3081 7449 7453 3081 3081 7453 3085 7453 7457 3085 3085 7457 3089 7457 7461 3089 3089 7461 3093 7461 7465 3093 3093 7465 3097 7465 7469 3097 3097 7469 3101 7469 7473 3101 3101 7473 3105 7473 7477 3105 3105 7477 3109 7477 7481 3109 3109 7481 3112 7481 7485 3112 3112 7485 3116 7485 7489 3116 3116 7489 3120 3120 7498 3129 7489 7498 3120 3129 7502 3133 7498 7502 3129 3133 7506 3137 7502 7506 3133 3137 7510 3142 7506 7510 3137 3142 7514 3145 7510 7514 3142 3145 7518 3149 7514 7518 3145 3149 7522 3153 7518 7522 3149 3153 7543 3179 7522 7543 3153 3179 7544 3178 7543 7544 3179 3178 7545 3177 7544 7545 3178 3177 7493 3128 7545 7493 3177 3128 7492 3127 7493 7492 3128 3127 7494 3126 7492 7494 3127 7494 7495 3126 3126 7495 3125 7495 7496 3125 3125 7496 3124 7496 7374 3124 3124 7374 3005 7374 7321 3005 3005 7321 2953 2953 7321 2952 2952 7320 2934 7321 7320 2952 2934 7299 2933 7320 7299 2934 2933 7298 2932 7299 7298 2933 2932 7300 2931 7298 7300 2932 2931 7301 2930 7300 7301 2931 2930 7302 2885 7301 7302 2930 2885 7253 2884 7302 7253 2885 2884 7252 2882 7253 7252 2884 2882 7250 2878 7252 7250 2882 2878 7246 2874 7250 7246 2878 2874 7242 2871 7246 7242 2874 2871 7238 2866 7242 7238 2871 7238 7234 2866 2866 7234 2863 7234 7230 2863 2863 7230 2859 7230 7226 2859 2859 7226 2855 7226 7222 2855 2855 7222 2851 7222 7218 2851 2851 7218 2847 7218 7214 2847 2847 7214 2843 7214 7210 2843 2843 7210 2839 2839 7206 2835 7210 7206 2839 7206 7202 2835 7202 7198 2835 2835 7198 2831 2831 7194 2827 7198 7194 2831 2827 7190 2822 7194 7190 2827 2822 7186 2818 7190 7186 2822 2818 7182 2814 7186 7182 2818 2814 7178 2810 7182 7178 2814 2810 7174 2806 7178 7174 2810 2806 7170 2802 7174 7170 2806 2802 7166 2798 7170 7166 2802 2798 7162 2794 7166 7162 2798 2794 7154 2786 7162 7154 2794 2786 7150 2782 7154 7150 2786 2782 7145 2778 7150 7145 2782 7145 7104 2778 2778 7104 2736 2736 7104 2733 2733 7101 2729 7104 7101 2733 2729 7097 2722 7101 7097 2729 2722 7090 2723 7097 7090 2722 2723 7091 2724 7090 7091 2723 2724 7092 2730 7091 7092 2724 2730 7098 2734 7092 7098 2730 2734 7102 2739 7098 7102 2734 2739 7106 2741 7102 7106 2739 2741 7108 2743 7106 7108 2741 2743 7110 2745 7108 7110 2743 2745 7112 2747 7110 7112 2745 2747 7114 2749 7112 7114 2747 2749 7116 2751 7114 7116 2749 7116 7118 2751 2751 7118 2753 7118 7120 2753 2753 7120 2755 7120 7122 2755 2755 7122 2757 7122 7124 2757 2757 7124 2759 7124 7126 2759 2759 7126 2769 7126 7135 2769 2769 7135 2768 2768 7136 2774 7135 7136 2768 2774 7141 2776 7136 7141 2774 7141 7143 2776 7143 7134 2776 2776 7134 2767 2767 7134 2725 2725 7093 2702 7134 7093 2725 2702 7069 2672 7093 7069 2702 2672 7039 2664 7069 7039 2672 7039 7032 2664 7032 7031 2664 2664 7031 2662 2662 7031 2663 2663 7030 2666 7031 7030 2663 2666 7034 2668 7030 7034 2666 2668 7036 2670 7034 7036 2668 2670 7038 2684 7036 7038 2670 2684 7042 2683 7038 7042 2684 2683 7043 2682 7042 7043 2683 2682 7044 2681 7043 7044 2682 2681 7045 2680 7044 7045 2681 7045 7046 2680 7046 7047 2680 2680 7047 2679 2679 7048 2678 7047 7048 2679 2678 7049 2677 7048 7049 2678 2677 7050 2676 7049 7050 2677 2676 7051 2675 7050 7051 2676 2675 7052 2674 7051 7052 2675 2674 7041 2673 7052 7041 2674 2673 7040 2671 7041 7040 2673 2671 7070 2706 7040 7070 2671 2706 7071 2705 7070 7071 2706 2705 7072 2704 7071 7072 2705 2704 7073 2703 7072 7073 2704 2703 7074 2701 7073 7074 2703 2701 7074 2779 7074 7146 2779 7146 7151 2779 2779 7151 2783 2783 7155 2787 7151 7155 2783 2787 7163 2795 7155 7163 2787 2795 7167 2799 7163 7167 2795 2799 7171 2803 7167 7171 2799 2803 7175 2807 7171 7175 2803 7175 7179 2807 2807 7179 2811 7179 7183 2811 2811 7183 2815 7183 7187 2815 2815 7187 2819 7187 7191 2819 2819 7191 2823 7191 7195 2823 2823 7195 2826 7195 7199 2826 2826 7199 2830 7199 7203 2830 2830 7203 2834 7203 7207 2834 2834 7207 2838 7207 7211 2838 2838 7211 2842 7211 7215 2842 2842 7215 2846 7215 7219 2846 2846 7219 2850 7219 7223 2850 2850 7223 2854 2854 7227 2858 7223 7227 2854 2858 7231 2862 7227 7231 2858 2862 7235 2867 7231 7235 2862 2867 7239 2870 7235 7239 2867 2870 7243 2875 7239 7243 2870 2875 7247 2879 7243 7247 2875 2879 7159 2793 7247 7159 2879 2793 7158 2792 7159 7158 2793 2792 7160 2791 7158 7160 2792 2791 7161 2790 7160 7161 2791 2790 7084 2719 7161 7084 2790 2719 7083 2718 7084 7083 2719 2718 7085 2717 7083 7085 2718 7085 7086 2717 2717 7086 2716 7086 7087 2716 2716 7087 2715 7087 7067 2715 2715 7067 2699 7067 7026 2699 2699 7026 2658 7026 7025 2658 2658 7025 2657 2657 7009 2641 7025 7009 2657 2641 7007 2639 7009 7007 2641 2639 7005 2637 7007 7005 2639 2637 7003 2635 7005 7003 2637 2635 7000 2632 7003 7000 2635 2632 6997 2629 7000 6997 2632 2629 6994 2626 6997 6994 2629 2626 6990 2622 6994 6990 2626 2622 6988 2620 6990 6988 2622 2620 6982 2615 6988 6982 2620 2615 6977 2609 6982 6977 2615 2609 6972 2605 6977 6972 2609 2605 6967 2600 6972 6967 2605 6967 6962 2600 2600 6962 2594 6962 6957 2594 2594 6957 2590 6957 6952 2590 2590 6952 2585 6952 6946 2585 2585 6946 2579 2579 6946 2575 2575 6942 2569 6946 6942 2575 2569 6936 2564 6942 6936 2569 2564 6931 2559 6936 6931 2564 6931 6926 2559 2559 6920 2552 6926 6920 2559 2552 6916 2548 6920 6916 2552 2548 6910 2543 6916 6910 2548 2543 6904 2536 6910 6904 2543 2536 6898 2531 6904 6898 2536 2531 6892 2524 6898 6892 2531 2524 6888 2520 6892 6888 2524 2520 6882 2514 6888 6882 2520 2514 6876 2508 6882 6876 2514 2508 6872 2504 6876 6872 2508 2504 6866 2498 6872 6866 2504 2498 6857 2490 6866 6857 2498 2490 6857 2492 6857 6860 2492 2492 6860 2500 2500 6868 2510 6860 6868 2500 2510 6878 2516 6868 6878 2510 2516 6884 2526 6878 6884 2516 2526 6894 2534 6884 6894 2526 2534 6902 2544 6894 6902 2534 2544 6912 2554 6902 6912 2544 2554 6922 2560 6912 6922 2554 2560 6928 2570 6922 6928 2560 6928 6938 2570 2570 6948 2580 6938 6948 2570 2580 6954 2586 6948 6954 2580 2586 6964 2596 6954 6964 2586 6964 6974 2596 2596 6974 2606 6974 6984 2606 2606 6984 2616 6984 6991 2616 2616 6991 2623 6991 6995 2623 2623 6995 2627 6995 7001 2627 2627 7001 2633 7001 7006 2633 2633 7006 2638 2638 7011 2645 7006 7011 2638 2645 7012 2644 7011 7012 2645 2644 7013 2643 7012 7013 2644 2643 7018 2650 7013 7018 2643 7018 7010 2650 2650 7010 2642 7010 6903 2642 2642 6903 2535 2476 6844 2445 2535 6844 2476 6903 6844 2535 2445 6812 2419 6844 6812 2445 6812 6787 2419 6787 6786 2419 2419 6786 2417 2417 6786 2418 2418 6785 2423 6786 6785 2418 2423 6791 2427 6785 6791 2423 2427 6795 2433 6791 6795 2427 2433 6801 2457 6795 6801 2433 2457 6825 2456 6801 6825 2457 6825 6814 2456 6814 6813 2456 2456 6813 2455 2455 6815 2454 6813 6815 2455 2454 6816 2453 6815 6816 2454 2453 6817 2452 6816 6817 2453 2452 6818 2451 6817 6818 2452 2451 6819 2450 6818 6819 2451 2450 6820 2449 6819 6820 2450 2449 6821 2448 6820 6821 2449 2448 6822 2447 6821 6822 2448 2447 6823 2446 6822 6823 2447 2446 6824 2444 6823 6824 2446 2444 6845 2481 6824 6845 2444 2481 6846 2480 6845 6846 2481 2480 6847 2479 6846 6847 2480 2479 6848 2478 6847 6848 2479 2478 6849 2477 6848 6849 2478 6849 6859 2477 2477 6859 2491 2491 6859 2489 2489 6858 2499 6859 6858 2489 2499 6867 2505 6858 6867 2499 2505 6873 2509 6867 6873 2505 2509 6877 2515 6873 6877 2509 2515 6883 2521 6877 6883 2515 2521 6889 2525 6883 6889 2521 2525 6893 2530 6889 6893 2525 6893 6899 2530 2530 6899 2537 6899 6905 2537 2537 6905 2542 6905 6911 2542 2542 6911 2549 6911 6917 2549 2549 6917 2553 6917 6921 2553 2553 6921 2558 6921 6927 2558 2558 6927 2563 6927 6932 2563 2563 6932 2568 6932 6937 2568 2568 6937 2574 6937 6943 2574 2574 6943 2578 6943 6947 2578 2578 6947 2584 6947 6953 2584 2584 6953 2589 2589 6958 2595 6953 6958 2589 2595 6963 2599 6958 6963 2595 2599 6968 2604 6963 6968 2599 2604 6973 2610 6968 6973 2604 2610 6978 2614 6973 6978 2610 2614 6983 2475 6978 6983 2614 2475 6841 2474 6983 6841 2475 2474 6840 2473 6841 6840 2474 2473 6842 2472 6840 6842 2473 6842 6843 2472 2472 6805 2437 6843 6805 2472 2437 6804 2436 6805 6804 2437 2436 6802 2434 6804 6802 2436 6802 6800 2434 2434 6800 2432 6800 6797 2432 2432 6797 2429 6797 6793 2429 2429 6793 2425 6793 6733 2425 2425 6733 2365 2365 6733 2363 2363 6731 2361 6733 6731 2363 2361 6729 2359 6731 6729 2361 2359 6727 2357 6729 6727 2359 2357 6725 2355 6727 6725 2357 2355 6723 2353 6725 6723 2355 2353 6721 2351 6723 6721 2353 2351 6719 2349 6721 6719 2351 2349 6717 2347 6719 6717 2349 2347 6715 2344 6717 6715 2347 2344 6712 2340 6715 6712 2344 2340 6708 2337 6712 6708 2340 2337 6704 2333 6708 6704 2337 2333 6700 2328 6704 6700 2333 6700 6696 2328 2328 6696 2324 2324 6692 2320 6696 6692 2324 2320 6688 2316 6692 6688 2320 2316 6684 2312 6688 6684 2316 2312 6680 2308 6684 6680 2312 2308 6676 2304 6680 6676 2308 2304 6672 2300 6676 6672 2304 2300 6668 2296 6672 6668 2300 2296 6664 2293 6668 6664 2296 2293 6660 2289 6664 6660 2293 2289 6656 2285 6660 6656 2289 2285 6652 2281 6656 6652 2285 2281 6648 2274 6652 6648 2281 2274 6641 2266 6648 6641 2274 2266 6633 2258 6641 6633 2266 6633 6625 2258 2258 6625 2248 2248 6615 2255 6625 6615 2248 2255 6623 2263 6615 6623 2255 2263 6631 2271 6623 6631 2263 2271 6639 2277 6631 6639 2271 6639 6645 2277 2277 6645 2367 6645 6735 2367 6735 6738 2367 2367 6738 2370 2370 6740 2372 6738 6740 2370 2372 6742 2374 6740 6742 2372 2374 6744 2376 6742 6744 2374 2376 6747 2379 6744 6747 2376 2379 6750 2382 6747 6750 2379 2382 6752 2384 6750 6752 2382 2384 6754 2386 6752 6754 2384 2386 6756 2388 6754 6756 2386 2388 6758 2390 6756 6758 2388 2390 6760 2392 6758 6760 2390 2392 6762 2394 6760 6762 2392 6762 6764 2394 2394 6764 2396 6764 6766 2396 2396 6766 2398 6766 6768 2398 2398 6768 2400 6768 6770 2400 2400 6770 2402 6770 6772 2402 2404 6772 2406 2402 6772 2404 6772 6774 2406 2406 6774 2411 2411 6777 2410 6774 6777 2411 2410 6776 2409 6777 6776 2410 2409 6778 2408 6776 6778 2409 6778 6779 2408 6779 6775 2408 2408 6775 2407 2407 6775 2380 6775 6748 2380 2380 6603 2236 6748 6603 2380 2236 6575 2207 6603 6575 2236 2207 6562 2195 6575 6562 2207 6562 6564 2195 2195 6564 2198 2198 6564 2197 2197 6563 2196 6564 6563 2197 2196 6565 2194 6563 6565 2196 6565 6566 2194 6566 6571 2194 2194 6571 2203 2203 6573 2205 6571 6573 2203 2205 6576 2220 6573 6576 2205 2220 6577 2219 6576 6577 2220 2219 6578 2218 6577 6578 2219 2218 6579 2217 6578 6579 2218 2217 6580 2216 6579 6580 2217 2216 6581 2215 6580 6581 2216 2215 6582 2214 6581 6582 2215 2214 6583 2213 6582 6583 2214 2213 6584 2212 6583 6584 2213 2212 6585 2211 6584 6585 2212 2211 6586 2210 6585 6586 2211 6586 6587 2210 2210 6587 2209 2209 6588 2208 6587 6588 2209 2208 6604 2240 6588 6604 2208 2240 6605 2239 6604 6605 2240 2239 6606 2238 6605 6606 2239 2238 6607 2237 6606 6607 2238 2237 6608 2235 6607 6608 2237 2235 6608 2272 6608 6640 2272 6640 6632 2272 2272 6632 2264 2264 6624 2256 6632 6624 2264 2256 6617 2249 6624 6617 2256 2249 6616 2247 6617 6616 2249 2247 6626 2257 6616 6626 2247 2257 6634 2265 6626 6634 2257 6634 6642 2265 2265 6642 2273 6642 6649 2273 2273 6649 2280 6649 6653 2280 2280 6653 2284 6653 6657 2284 2284 6657 2288 6657 6661 2288 2288 6661 2292 6661 6665 2292 2292 6665 2297 6665 6669 2297 2297 6669 2301 6669 6673 2301 2301 6673 2305 6673 6677 2305 2305 6677 2309 6677 6681 2309 2309 6681 2313 6681 6685 2313 2313 6685 2317 6685 6689 2317 2317 6689 2321 2321 6693 2325 6689 6693 2321 2325 6697 2329 6693 6697 2325 2329 6701 2332 6697 6701 2329 2332 6705 2336 6701 6705 2332 2336 6709 2341 6705 6709 2336 2341 6713 2345 6709 6713 2341 2345 6549 2181 6713 6549 2345 2181 6548 2180 6549 6548 2181 2180 6546 2178 6548 6546 2180 2178 6544 2176 6546 6544 2178 2176 6542 2174 6544 6542 2176 2174 6540 2172 6542 6540 2174 2172 6538 2170 6540 6538 2172 6538 6536 2170 2170 6536 2168 6536 6534 2168 2168 6534 2166 6534 6532 2166 2166 6532 2164 6532 6478 2164 2164 6478 2110 2110 6478 2081 2081 6449 2079 6478 6449 2081 2079 6447 2077 6449 6447 2079 2077 6445 2075 6447 6445 2077 2075 6443 2073 6445 6443 2075 2073 6441 2071 6443 6441 2073 2071 6439 2069 6441 6439 2071 2069 6437 2067 6439 6437 2069 2067 6435 2065 6437 6435 2067 2065 6433 2063 6435 6433 2065 2063 6431 2060 6433 6431 2063 6431 6428 2060 6428 6424 2060 2060 6424 2056 2056 6420 2053 6424 6420 2056 2053 6416 2049 6420 6416 2053 2049 6412 2044 6416 6412 2049 2044 6408 2040 6412 6408 2044 2040 6404 2036 6408 6404 2040 2036 6400 2032 6404 6400 2036 2032 6396 2028 6400 6396 2032 2028 6388 2020 6396 6388 2028 2020 6380 2012 6388 6380 2020 2012 6372 2004 6380 6372 2012 6372 6364 2004 2004 6364 1996 6364 6356 1996 1996 6356 1988 1988 6348 1980 6356 6348 1988 1980 6340 1972 6348 6340 1980 6340 6332 1972 1972 6332 1965 1965 6342 1974 6332 6342 1965 1974 6350 1982 6342 6350 1974 1982 6358 1990 6350 6358 1982 1990 6366 1998 6358 6366 1990 1998 6374 2006 6366 6374 1998 2006 6382 2014 6374 6382 2006 2014 6390 2022 6382 6390 2014 6390 6492 2022 2022 6492 2124 6492 6494 2124 2124 6494 2126 2126 6496 2128 6494 6496 2126 2128 6498 2130 6496 6498 2128 2130 6500 2132 6498 6500 2130 2132 6502 2134 6500 6502 2132 2134 6506 2138 6502 6506 2134 2138 6508 2140 6506 6508 2138 2140 6510 2142 6508 6510 2140 2142 6512 2144 6510 6512 2142 2144 6514 2146 6512 6514 2144 2148 6516 2150 2146 6516 2148 6514 6516 2146 2150 6518 2152 6516 6518 2150 2152 6520 2154 6518 6520 2152 6520 6522 2154 2154 6522 2156 6522 6524 2156 2156 6524 2158 6524 6526 2158 2158 6526 2160 6526 6528 2160 2160 6528 2162 6528 6530 2162 2162 6530 2186 6530 6551 2186 2186 6551 2185 2185 6552 2184 6551 6552 2185 2184 6553 2182 6552 6553 2184 6553 6554 2182 6554 6550 2182 2182 6550 2183 2183 6550 2135 2135 6503 2112 6550 6503 2135 2112 6480 2083 6503 6480 2112 2083 6450 1953 6480 6450 2083 6450 6320 1953 6320 6322 1953 1953 6322 1957 6322 6321 1957 1957 6321 1956 1956 6323 1955 6321 6323 1956 1955 6324 1954 6323 6324 1955 1954 6325 1952 6324 6325 1954 1952 6451 2092 6325 6451 1952 2092 6452 2091 6451 6452 2092 2091 6453 2090 6452 6453 2091 2090 6454 2089 6453 6454 2090 2089 6455 2088 6454 6455 2089 2088 6456 2087 6455 6456 2088 2087 6457 2086 6456 6457 2087 2086 6458 2085 6457 6458 2086 6458 6459 2085 2085 6459 2084 6459 6460 2084 2084 6460 2082 6460 6461 2082 2082 6461 2095 6461 6462 2095 2095 6462 2094 6462 6463 2094 2094 6463 2093 6463 6481 2093 2093 6481 2117 2117 6482 2116 6481 6482 2117 2116 6483 2115 6482 6483 2116 2115 6484 2114 6483 6484 2115 2114 6485 2113 6484 6485 2114 6485 6391 2113 2113 6391 2023 2023 6391 2015 2015 6383 2007 6391 6383 2015 2007 6375 1999 6383 6375 2007 1999 6367 1991 6375 6367 1999 1991 6359 1983 6367 6359 1991 1983 6351 1975 6359 6351 1983 1975 6343 1966 6351 6343 1975 1966 6334 1964 6343 6334 1966 6334 6333 1964 1964 6333 1973 6333 6341 1973 1973 6341 1981 6341 6349 1981 1981 6349 1989 6349 6357 1989 1989 6357 1997 6357 6365 1997 1997 6365 2005 6365 6373 2005 6373 6381 2005 2005 6381 2013 6381 6389 2013 2013 6389 2021 6389 6397 2021 2021 6397 2029 6397 6401 2029 2029 6401 2033 6401 6405 2033 2033 6405 2037 2037 6409 2041 6405 6409 2037 2041 6413 2045 6409 6413 2041 2045 6417 2048 6413 6417 2045 2048 6421 2052 6417 6421 2048 2052 6425 2057 6421 6425 2052 2057 6429 2061 6425 6429 2057 2061 6268 1900 6429 6268 2061 1900 6266 1898 6268 6266 1900 1898 6264 1896 6266 6264 1898 1896 6262 1894 6264 6262 1896 1894 6260 1892 6262 6260 1894 1892 6258 1890 6260 6258 1892 1890 6256 1888 6258 6256 1890 6256 6254 1888 1888 6254 1886 6254 6252 1886 1886 6252 1884 6252 6250 1884 1884 6250 1882 6250 6196 1882 1882 6196 1828 6196 6194 1828 1826 6194 1824 1828 6194 1826 1824 6192 1822 6194 6192 1824 1822 6190 1820 6192 6190 1822 1820 6188 1818 6190 6188 1820 1818 6186 1816 6188 6186 1818 1816 6184 1814 6186 6184 1816 6184 6182 1814 6182 6180 1814 1814 6180 1812 1812 6178 1810 6180 6178 1812 1810 6175 1808 6178 6175 1810 1808 6171 1804 6175 6171 1808 1804 6167 1799 6171 6167 1804 1799 6160 1793 6167 6160 1799 1793 6152 1784 6160 6152 1793 1784 6134 1766 6152 6134 1784 1766 6126 1758 6134 6126 1766 6126 6118 1758 1758 6118 1751 6118 6110 1751 1751 6110 1743 6110 6102 1743 1743 6102 1735 6102 6094 1735 1735 6094 1727 1727 6086 1718 6094 6086 1727 1718 6078 1710 6086 6078 1718 6078 6068 1710 1710 6068 1701 1701 6076 1708 6068 6076 1701 1708 6084 1716 6076 6084 1708 1716 6092 1724 6084 6092 1716 1724 6100 1732 6092 6100 1724 1732 6108 1740 6100 6108 1732 1740 6116 1748 6108 6116 1740 1748 6124 1756 6116 6124 1748 1756 6132 1764 6124 6132 1756 1764 6150 1782 6132 6150 1764 1782 6158 1790 6150 6158 1782 1790 6164 1796 6158 6164 1790 6164 6270 1796 1796 6270 1902 1902 6270 1905 1905 6273 1907 6270 6273 1905 1907 6275 1909 6273 6275 1907 1909 6277 1911 6275 6277 1909 1911 6279 1913 6277 6279 1911 1913 6281 1918 6279 6281 1913 1918 6284 1917 6281 6284 1918 1917 6285 1915 6284 6285 1917 1915 6286 1923 6285 6286 1915 1923 6291 1925 6286 6291 1923 1925 6293 1927 6291 6293 1925 1927 6295 1929 6293 6295 1927 1929 6297 1931 6295 6297 1929 1931 6299 1933 6297 6299 1931 6299 6301 1933 1933 6301 1935 6301 6303 1935 1935 6303 1937 6303 6305 1937 1937 6305 1939 6305 6307 1939 1939 6307 1941 6307 6309 1941 1941 6309 1946 6309 6311 1946 1946 6311 1945 1945 6312 1944 6311 6312 1945 1944 6313 1942 6312 6313 1944 6313 6314 1942 6314 6310 1942 1942 6310 1943 6310 6283 1943 1943 6283 1916 1872 6240 1845 1916 6240 1872 6283 6240 1916 1845 6212 1833 6240 6212 1845 6212 6200 1833 6200 6202 1833 1833 6202 1837 6202 6201 1837 1837 6201 1836 1836 6203 1835 6201 6203 1836 1835 6204 1834 6203 6204 1835 1834 6205 1832 6204 6205 1834 1832 6213 1857 6205 6213 1832 1857 6214 1856 6213 6214 1857 1856 6215 1855 6214 6215 1856 1855 6216 1854 6215 6216 1855 1854 6217 1853 6216 6217 1854 1853 6218 1852 6217 6218 1853 1852 6219 1851 6218 6219 1852 1851 6220 1850 6219 6220 1851 6220 6221 1850 1850 6221 1849 6221 6222 1849 1849 6222 1848 6222 6223 1848 1848 6223 1847 6223 6224 1847 1847 6224 1846 6224 6225 1846 1846 6225 1844 6225 6241 1844 1844 6241 1876 1876 6242 1875 6241 6242 1876 1875 6243 1874 6242 6243 1875 1874 6244 1873 6243 6244 1874 1873 6198 1830 6244 6198 1873 6198 6159 1830 1830 6159 1791 1791 6159 1783 1783 6151 1765 6159 6151 1783 1765 6133 1757 6151 6133 1765 1757 6125 1749 6133 6125 1757 1749 6117 1741 6125 6117 1749 1741 6109 1733 6117 6109 1741 1733 6101 1725 6109 6101 1733 1725 6093 1717 6101 6093 1725 6093 6085 1717 1717 6085 1709 6085 6077 1709 1709 6077 1702 6077 6070 1702 1702 6070 1700 6070 6069 1700 1700 6069 1711 6069 6079 1711 1711 6079 1719 6079 6087 1719 1719 6087 1726 6087 6095 1726 1726 6095 1734 6095 6103 1734 1734 6103 1742 6103 6111 1742 1742 6111 1750 6111 6119 1750 1750 6119 1759 6119 6127 1759 1759 6127 1767 1767 6135 1785 6127 6135 1767 1785 6153 1792 6135 6153 1785 1792 6161 1800 6153 6161 1792 1800 6168 1803 6161 6168 1800 1803 6172 1807 6168 6172 1803 1807 6176 1619 6172 6176 1807 1619 5987 1617 6176 5987 1619 1617 5985 1615 5987 5985 1617 1615 5983 1613 5985 5983 1615 1613 5981 1611 5983 5981 1613 1611 5979 1609 5981 5979 1611 1609 5977 1607 5979 5977 1609 1607 5975 1605 5977 5975 1607 5975 5973 1605 1605 5973 1603 5973 5971 1603 1603 5971 1589 5971 5957 1589 1589 5957 1527 5957 5895 1527 1527 5895 1526 5895 5894 1526 1526 5889 1521 5894 5889 1526 1519 5887 1517 1521 5887 1519 5889 5887 1521 5887 5885 1517 5885 5883 1517 1517 5883 1515 1515 5877 1509 5883 5877 1515 1509 5870 1502 5877 5870 1509 1502 5864 1496 5870 5864 1502 1496 5858 1490 5864 5858 1496 1490 5852 1484 5858 5852 1490 1484 5845 1478 5852 5845 1484 1478 5837 1470 5845 5837 1478 5837 5829 1470 1470 5829 1461 5829 5821 1461 1461 5821 1454 5821 5813 1454 1454 5813 1446 5813 5805 1446 1446 5805 1437 1437 5797 1430 5805 5797 1437 5797 5789 1430 1430 5789 1421 1421 5781 1413 5789 5781 1421 1413 5773 1406 5781 5773 1413 1406 5783 1415 5773 5783 1406 1415 5791 1423 5783 5791 1415 1431 5799 1439 1423 5799 1431 5791 5799 1423 1439 5807 1447 5799 5807 1439 1447 5815 1455 5807 5815 1447 1455 5823 1463 5815 5823 1455 1463 5831 1471 5823 5831 1463 1471 5839 1479 5831 5839 1471 1479 5847 1485 5839 5847 1479 1485 5853 1491 5847 5853 1485 1491 5859 1497 5853 5859 1491 1497 5865 1503 5859 5865 1497 1503 5871 1510 5865 5871 1503 5871 5878 1510 1510 5878 1661 5878 6029 1661 1661 6029 1663 1663 6031 1666 6029 6031 1663 1666 6034 1668 6031 6034 1666 1668 6036 1670 6034 6036 1668 1670 6038 1672 6036 6038 1670 1672 6040 1678 6038 6040 1672 1678 6042 1677 6040 6042 1678 1677 6043 1676 6042 6043 1677 1676 6044 1675 6043 6044 1676 1675 6045 1674 6044 6045 1675 1674 6046 1686 6045 6046 1674 1686 6054 1688 6046 6054 1686 6054 6056 1688 6056 6058 1688 1688 6058 1690 6058 6060 1690 1690 6060 1692 6060 6062 1692 1692 6062 1694 6062 6064 1694 1694 6064 1696 6064 6066 1696 1696 6066 1698 6066 6139 1698 1698 6139 1774 1774 6140 1773 6139 6140 1774 6140 6141 1773 1773 6141 1772 1772 6142 1771 6141 6142 1772 6142 6138 1771 1771 6138 1770 1770 6138 1673 1673 6041 1649 6138 6041 1673 6041 6017 1649 1649 5989 1621 6017 5989 1649 1621 5959 1592 5989 5959 1621 5959 5961 1592 1592 5961 1596 1596 5961 1595 1595 5960 1594 5961 5960 1595 1594 5962 1593 5960 5962 1594 1593 5963 1591 5962 5963 1593 1591 5964 1634 5963 5964 1591 1634 6002 1633 5964 6002 1634 1633 5991 1632 6002 5991 1633 1632 5990 1631 5991 5990 1632 1631 5992 1630 5990 5992 1631 1630 5993 1629 5992 5993 1630 1629 5994 1628 5993 5994 1629 1628 5995 1627 5994 5995 1628 1627 5996 1626 5995 5996 1627 1626 5997 1625 5996 5997 1626 5997 5998 1625 1625 5998 1624 5998 5999 1624 1624 5999 1623 5999 6000 1623 1623 6000 1622 6000 6001 1622 1622 6001 1653 6001 6018 1653 1653 6018 1652 6018 6019 1652 1652 6019 1651 1651 6020 1650 6019 6020 1651 1650 6021 1588 6020 6021 1650 6021 5956 1588 5956 5879 1588 1588 5879 1511 5879 5872 1511 1511 5872 1504 1504 5866 1498 5872 5866 1504 1498 5860 1492 5866 5860 1498 1492 5854 1486 5860 5854 1492 1486 5848 1480 5854 5848 1486 1480 5840 1472 5848 5840 1480 5840 5832 1472 1472 5832 1464 5832 5824 1464 1464 5824 1456 5824 5816 1456 1456 5816 1448 5816 5808 1448 1448 5808 1440 5808 5800 1440 1440 5800 1432 5800 5792 1432 1424 5792 1416 1432 5792 1424 5792 5784 1416 1416 5784 1407 5784 5775 1407 1407 5775 1405 5775 5774 1405 1405 5774 1414 5774 5782 1414 1414 5782 1422 5782 5790 1422 1422 5790 1429 5790 5798 1429 1429 5798 1438 1438 5806 1445 5798 5806 1438 1445 5814 1453 5806 5814 1445 1453 5822 1462 5814 5822 1453 1462 5830 1469 5822 5830 1462 1469 5838 1477 5830 5838 1469 1477 5846 1325 5838 5846 1477 1325 5693 1323 5846 5693 1325 1323 5691 1321 5693 5691 1323 1321 5689 1298 5691 5689 1321 1298 5666 1296 5689 5666 1298 1296 5664 1294 5666 5664 1296 1294 5662 1292 5664 5662 1294 1292 5660 1290 5662 5660 1292 5660 5658 1290 1290 5658 1288 5658 5656 1288 1288 5656 1286 5656 5654 1286 5654 5562 1286 1286 5562 1194 5562 5559 1194 1194 5559 1191 1191 5553 1185 5559 5553 1191 1185 5547 1179 5553 5547 1185 1179 5541 1173 5547 5541 1179 1173 5535 1167 5541 5535 1173 1167 5529 1161 5535 5529 1167 5529 5523 1161 1161 5523 1155 5523 5517 1155 1155 5517 1149 5517 5511 1149 1149 5511 1143 5511 5504 1143 1143 5504 1137 5504 5496 1137 1137 5496 1129 5496 5488 1129 1129 5488 1121 5488 5480 1121 1121 5480 1113 5480 5472 1113 1113 5472 1105 5472 5464 1105 1105 5464 1097 5464 5455 1097 1097 5455 1088 5455 5458 1088 1088 5458 1090 5458 5466 1090 1090 5466 1098 1098 5474 1106 5466 5474 1098 1106 5482 1114 5474 5482 1106 1122 5490 1130 1114 5490 1122 5482 5490 1114 1130 5498 1138 5490 5498 1130 1138 5506 1144 5498 5506 1138 1144 5512 1150 5506 5512 1144 1150 5518 1156 5512 5518 1150 1156 5524 1162 5518 5524 1156 1162 5530 1168 5524 5530 1162 1168 5536 1174 5530 5536 1168 1174 5542 1180 5536 5542 1174 1180 5548 1186 5542 5548 1180 1186 5554 1192 5548 5554 1186 5554 5560 1192 1192 5560 1199 5560 5567 1199 1199 5567 1203 5567 5571 1203 5571 5890 1203 1203 5890 1522 5890 5898 1522 1522 5898 1535 1535 5899 1534 5898 5899 1535 1534 5912 1544 5899 5912 1534 1544 5914 1546 5912 5914 1544 1546 5916 1548 5914 5916 1546 1548 5919 1559 5916 5919 1548 1559 5920 1558 5919 5920 1559 1558 5921 1557 5920 5921 1558 1557 5922 1556 5921 5922 1557 1556 5923 1555 5922 5923 1556 1555 5924 1554 5923 5924 1555 1554 5925 1553 5924 5925 1554 5925 5926 1553 1553 5926 1552 5926 5927 1552 1552 5927 1550 5927 5938 1550 1550 5938 1570 5938 5940 1570 1570 5940 1572 5940 5942 1572 1572 5942 1574 5942 5944 1574 1574 5944 1576 1576 5947 1582 5944 5947 1576 1582 5948 1581 5947 5948 1582 1581 5949 1580 5948 5949 1581 1580 5950 1579 5949 5950 1580 5950 5946 1579 1579 5946 1578 1578 5946 1551 1551 5918 1529 5946 5918 1551 1529 5897 1379 5918 5897 1529 1379 5746 1367 5897 5746 1379 5746 5734 1367 5734 5736 1367 1367 5736 1371 1371 5736 1370 1370 5735 1369 5736 5735 1370 1369 5737 1368 5735 5737 1369 1368 5738 1366 5737 5738 1368 1366 5739 1390 5738 5739 1366 1390 5747 1389 5739 5747 1390 1389 5748 1388 5747 5748 1389 1388 5749 1387 5748 5749 1388 1387 5750 1386 5749 5750 1387 5750 5751 1386 1386 5752 1385 5751 5752 1386 1385 5753 1384 5752 5753 1385 1384 5754 1383 5753 5754 1384 5754 5755 1383 1383 5755 1382 5755 5756 1382 1382 5756 1381 5756 5757 1381 1381 5757 1380 5757 5758 1380 1380 5758 1378 5758 5900 1378 1378 5900 1533 5900 5901 1533 1533 5901 1532 1532 5902 1531 5901 5902 1532 5902 5903 1531 1531 5903 1530 1530 5891 1523 5903 5891 1530 5891 5568 1523 1523 5568 1200 5568 5561 1200 1200 5561 1193 1193 5555 1187 5561 5555 1193 1187 5549 1181 5555 5549 1187 1181 5543 1175 5549 5543 1181 1175 5537 1169 5543 5537 1175 1169 5531 1163 5537 5531 1169 1163 5525 1157 5531 5525 1163 1157 5519 1151 5525 5519 1157 5519 5513 1151 1151 5513 1145 5513 5507 1145 1145 5507 1139 5507 5499 1139 1139 5499 1131 5499 5491 1131 1131 5491 1123 5491 5483 1123 1123 5483 1115 5483 5475 1115 1115 5475 1107 5475 5467 1107 1107 5467 1099 5467 5459 1099 1099 5459 1091 5459 5457 1091 1091 5457 1089 5457 5456 1089 1089 5456 1087 1087 5465 1096 5456 5465 1087 1096 5473 1104 5465 5473 1096 5473 5481 1104 1104 5481 1112 1112 5489 1120 5481 5489 1112 1120 5497 1128 5489 5497 1120 1128 5505 1136 5497 5505 1128 1136 5238 870 5505 5238 1136 870 5236 868 5238 5236 870 868 5234 866 5236 5234 868 866 5232 864 5234 5232 866 864 5230 862 5232 5230 864 862 5228 860 5230 5228 862 5228 5226 860 860 5226 858 856 5224 854 858 5224 856 5226 5224 858 854 5222 852 5224 5222 854 5222 5220 852 5220 5175 852 852 5175 807 5175 5170 807 807 5170 802 802 5164 796 5170 5164 802 796 5158 790 5164 5158 796 790 5152 784 5158 5152 790 784 5146 778 5152 5146 784 778 5140 772 5146 5140 778 5140 5134 772 772 5134 766 5134 5128 766 766 5128 760 5128 5122 760 760 5122 754 5122 5116 754 754 5116 748 5116 5108 748 748 5108 740 5108 5100 740 740 5100 732 5100 5097 732 732 5097 730 5097 5106 730 730 5106 738 5106 5114 738 738 5114 746 5114 5120 746 746 5120 752 5120 5126 752 752 5126 758 5126 5132 758 758 5132 764 764 5138 770 5132 5138 764 770 5144 776 5138 5144 770 776 5150 782 5144 5150 776 782 5156 788 5150 5156 782 788 5161 793 5156 5161 788 793 5167 799 5161 5167 793 799 5173 805 5167 5173 799 805 5179 811 5173 5179 805 811 5183 815 5179 5183 811 815 5187 819 5183 5187 815 819 5191 823 5187 5191 819 823 5195 827 5191 5195 823 827 5199 831 5195 5199 827 5199 5203 831 831 5203 835 5203 5207 835 835 5207 839 5207 5211 839 839 5211 843 843 5211 1283 5211 5651 1283 5651 5673 1283 1283 5673 1309 1308 5674 1307 1309 5674 1308 5673 5674 1309 1307 5675 1306 5674 5675 1307 1306 5676 1305 5675 5676 1306 1305 5677 1338 5676 5677 1305 1338 5696 1337 5677 5696 1338 1337 5697 1336 5696 5697 1337 1336 5698 1335 5697 5698 1336 1335 5699 1334 5698 5699 1335 1334 5700 1333 5699 5700 1334 1333 5701 1332 5700 5701 1333 1332 5702 1331 5701 5702 1332 1331 5703 1330 5702 5703 1331 5703 5704 1330 1330 5704 1329 5704 5705 1329 1329 5705 1328 5705 5706 1328 1328 5706 1351 5706 5719 1351 1351 5719 1353 5719 5721 1353 1353 5721 1360 5721 5725 1360 1360 5725 1359 1359 5726 1358 5725 5726 1359 1358 5727 1356 5726 5727 1358 5727 5728 1356 5728 5724 1356 1356 5724 1357 5724 5695 1357 1357 5695 1327 1327 5668 1300 5695 5668 1327 1257 5624 1245 1300 5624 1257 5668 5624 1300 5624 5612 1245 5612 5614 1245 1245 5614 1249 1249 5614 1248 1248 5613 1247 5614 5613 1248 1247 5615 1246 5613 5615 1247 1246 5616 1244 5615 5616 1246 1244 5617 1269 5616 5617 1244 1269 5625 1268 5617 5625 1269 1268 5626 1267 5625 5626 1268 1267 5627 1266 5626 5627 1267 1266 5628 1265 5627 5628 1266 1265 5629 1264 5628 5629 1265 1264 5630 1263 5629 5630 1264 1263 5631 1262 5630 5631 1263 1262 5632 1261 5631 5632 1262 5632 5633 1261 5633 5634 1261 1261 5634 1260 5634 5635 1260 1260 5635 1259 5635 5636 1259 1259 5636 1258 5636 5637 1258 1258 5637 1256 5637 5669 1256 1256 5669 1304 1304 5670 1303 5669 5670 1304 5670 5671 1303 1303 5671 1302 1302 5672 1301 5671 5672 1302 1301 5573 1205 5672 5573 1301 5573 5212 1205 1205 5212 844 844 5212 840 840 5208 836 5212 5208 840 836 5204 832 5208 5204 836 832 5200 828 5204 5200 832 828 5196 824 5200 5196 828 824 5192 820 5196 5192 824 820 5188 816 5192 5188 820 816 5184 812 5188 5184 816 812 5180 806 5184 5180 812 806 5174 800 5180 5174 806 5174 5168 800 800 5168 794 5168 5162 794 794 5162 789 5162 5157 789 789 5157 783 5157 5151 783 5151 5145 783 783 5145 777 5145 5139 777 777 5139 771 5139 5133 771 771 5133 765 5133 5127 765 765 5127 759 5127 5121 759 759 5121 753 753 5115 747 5121 5115 753 747 5107 739 5115 5107 747 739 5099 731 5107 5099 739 5099 5098 731 731 5098 729 729 5101 733 5098 5101 729 733 5109 741 5101 5109 733 741 5093 725 5109 5093 741 725 5091 723 5093 5091 725 723 5089 721 5091 5089 723 5089 5087 721 721 5087 719 719 5085 717 5087 5085 719 717 5083 715 5085 5083 717 715 5081 713 5083 5081 715 713 5079 711 5081 5079 713 711 5077 709 5079 5077 711 709 5074 706 5077 5074 709 5074 5006 706 706 5006 638 638 5006 633 633 5001 627 5006 5001 633 627 4995 621 5001 4995 627 621 4989 615 4995 4989 621 615 4983 609 4989 4983 615 609 4977 603 4983 4977 609 603 4971 597 4977 4971 603 597 4965 591 4971 4965 597 4965 4959 591 591 4959 586 4959 4954 586 586 4954 592 4954 4960 592 592 4960 598 4960 4966 598 598 4966 604 4966 4972 604 604 4972 610 4972 4978 610 610 4978 616 4978 4984 616 616 4984 622 4984 4990 622 622 4990 628 4990 4996 628 628 4996 634 4996 5002 634 634 5002 640 5002 5008 640 640 5008 644 644 5012 648 5008 5012 644 648 5016 652 5012 5016 648 652 5020 656 5016 5020 652 656 5024 660 5020 5024 656 660 5028 664 5024 5028 660 664 5032 668 5028 5032 664 668 5036 672 5032 5036 668 672 5040 676 5036 5040 672 676 5044 680 5040 5044 676 680 5048 684 5044 5048 680 684 5052 688 5048 5052 684 688 5056 692 5052 5056 688 692 5060 696 5056 5060 692 5060 5064 696 696 5064 700 5064 5068 700 700 5068 704 5068 5072 704 5072 5389 704 704 5389 1022 1022 5389 1069 5389 5437 1069 1068 5438 1067 1069 5438 1068 5437 5438 1069 1067 5439 1066 5438 5439 1067 1066 5440 1065 5439 5440 1066 1065 5441 1219 5440 5441 1065 1219 5575 1218 5441 5575 1219 1218 5576 1217 5575 5576 1218 1217 5577 1216 5576 5577 1217 1216 5578 1215 5577 5578 1216 1215 5579 1214 5578 5579 1215 1214 5580 1213 5579 5580 1214 1213 5581 1212 5580 5581 1213 1212 5582 1211 5581 5582 1212 5582 5583 1211 1211 5583 1210 5583 5584 1210 1210 5584 1209 5584 5585 1209 1209 5585 1208 5585 5586 1208 1208 5586 1206 5586 5587 1206 1206 5587 1238 5587 5603 1238 1238 5603 1237 1237 5604 1236 5603 5604 1237 1236 5605 1234 5604 5605 1236 5605 5606 1234 5606 5602 1234 1234 5602 1235 1235 5602 1207 1207 5574 1064 5602 5574 1207 5574 5432 1064 1064 5404 1037 5432 5404 1064 1037 5392 1025 5404 5392 1037 5392 5394 1025 1025 5394 1029 5394 5393 1029 1029 5393 1028 1028 5395 1027 5393 5395 1028 1027 5396 1026 5395 5396 1027 1026 5397 1024 5396 5397 1026 1024 5405 1049 5397 5405 1024 1049 5406 1048 5405 5406 1049 1048 5407 1047 5406 5407 1048 1047 5408 1046 5407 5408 1047 1046 5409 1045 5408 5409 1046 1045 5410 1044 5409 5410 1045 1044 5411 1043 5410 5411 1044 1043 5412 1042 5411 5412 1043 5412 5413 1042 1041 5413 1040 1042 5413 1041 1040 5414 1039 5413 5414 1040 5414 5415 1039 1039 5415 1038 5415 5416 1038 1038 5416 1036 5416 5417 1036 1036 5417 1073 5417 5433 1073 1073 5433 1072 5433 5434 1072 1072 5434 1071 1071 5435 1070 5434 5435 1071 1070 5436 883 5435 5436 1070 5436 5390 883 883 5390 701 5390 5069 701 5069 5065 701 701 5065 697 697 5061 693 5065 5061 697 693 5057 689 5061 5057 693 689 5053 685 5057 5053 689 685 5049 681 5053 5049 685 681 5045 677 5049 5045 681 677 5041 673 5045 5041 677 673 5037 669 5041 5037 673 669 5033 665 5037 5033 669 665 5029 661 5033 5029 665 661 5025 657 5029 5025 661 5025 5021 657 657 5021 653 5021 5017 653 653 5017 649 5017 5013 649 649 5013 645 5013 5009 645 645 5009 641 5009 5003 641 641 5003 635 5003 4997 635 635 4997 629 4997 4991 629 629 4991 623 623 4985 617 4991 4985 623 4985 4979 617 617 4979 611 611 4973 605 4979 4973 611 605 4967 599 4973 4967 605 599 4961 593 4967 4961 599 593 4961 587 4961 4955 587 587 4952 584 4955 4952 587 584 4950 582 4952 4950 584 582 4948 580 4950 4948 582 580 4946 578 4948 4946 580 578 4944 576 4946 4944 578 576 4942 574 4944 4942 576 574 4940 572 4942 4940 574 572 4938 570 4940 4938 572 570 4936 568 4938 4936 570 568 4934 566 4936 4934 568 4934 4837 566 566 4837 469 4837 4832 469 469 4832 464 464 4827 459 4832 4827 464 459 4823 455 4827 4823 459 455 4819 451 4823 4819 455 451 4814 446 4819 4814 451 446 4815 447 4814 4815 446 4815 4820 447 447 4820 452 4820 4824 452 452 4824 456 4824 4828 456 456 4828 460 4828 4833 460 460 4833 465 4833 4839 465 465 4839 471 4839 4843 471 471 4843 475 4843 4847 475 475 4847 479 4847 4851 479 479 4851 483 4851 4855 483 483 4855 487 4855 4859 487 487 4859 491 4859 4863 491 491 4863 495 4863 4867 495 495 4867 499 499 4871 503 4867 4871 499 503 4875 507 4871 4875 503 507 4879 511 4875 4879 507 511 4883 515 4879 4883 511 515 4887 519 4883 4887 515 519 4891 523 4887 4891 519 523 4895 527 4891 4895 523 527 4899 531 4895 4899 527 531 4903 535 4899 4903 531 535 4907 539 4903 4907 535 539 4911 543 4907 4911 539 543 4915 547 4911 4915 543 547 4919 551 4915 4919 547 4919 4923 551 551 4923 555 4923 4927 555 555 4927 559 4927 4931 559 559 4931 563 4931 5218 563 563 5218 849 849 5218 968 968 5335 967 5218 5335 968 967 5336 966 5335 5336 967 966 5337 965 5336 5337 966 965 5338 964 5337 5338 965 964 5339 996 5338 5339 964 996 5351 995 5339 5351 996 995 5352 994 5351 5352 995 994 5353 993 5352 5353 994 993 5354 992 5353 5354 993 992 5355 991 5354 5355 992 991 5356 990 5355 5356 991 990 5357 989 5356 5357 990 989 5358 988 5357 5358 989 988 5359 987 5358 5359 988 5359 5360 987 987 5360 986 5360 5361 986 986 5361 985 5361 5362 985 985 5362 983 5362 5363 983 983 5363 1016 5363 5383 1016 1016 5383 1015 5383 5380 1015 5380 5379 1015 1015 5379 1014 1014 5381 1013 5379 5381 1014 1013 5382 1011 5381 5382 1013 5382 5378 1011 1011 5378 1012 1012 5378 984 984 5350 963 5378 5350 984 963 5330 935 5350 5330 963 935 5302 924 5330 5302 935 5302 5290 924 5290 5292 924 924 5292 928 928 5292 927 927 5291 926 5292 5291 927 926 5293 925 5291 5293 926 925 5294 923 5293 5294 925 923 5295 948 5294 5295 923 948 5303 947 5295 5303 948 947 5304 946 5303 5304 947 946 5305 945 5304 5305 946 945 5306 944 5305 5306 945 944 5307 943 5306 5307 944 943 5308 942 5307 5308 943 942 5309 941 5308 5309 942 941 5310 940 5309 5310 941 940 5311 939 5310 5311 940 5311 5312 939 939 5312 938 5312 5313 938 938 5313 937 5313 5314 937 937 5314 936 5314 5315 936 936 5315 972 5315 5331 972 972 5331 971 5331 5332 971 971 5332 970 970 5333 969 5332 5333 970 969 5334 850 5333 5334 969 5334 5216 850 850 5216 564 5216 4932 564 4932 4928 564 564 4928 560 560 4924 556 4928 4924 560 556 4920 552 4924 4920 556 552 4916 548 4920 4916 552 548 4912 544 4916 4912 548 544 4908 540 4912 4908 544 540 4904 536 4908 4904 540 536 4900 532 4904 4900 536 532 4896 528 4900 4896 532 528 4892 524 4896 4892 528 524 4888 520 4892 4888 524 520 4884 516 4888 4884 520 516 4880 512 4884 4880 516 4880 4876 512 512 4876 508 4876 4872 508 508 4872 504 4872 4868 504 504 4868 500 4868 4864 500 500 4864 496 4864 4860 496 496 4860 492 492 4856 488 4860 4856 492 488 4852 484 4856 4852 488 484 4852 480 480 4848 476 4852 4848 480 476 4844 472 4848 4844 476 472 4840 466 4844 4840 472 466 4834 429 4840 4834 466 429 4797 425 4834 4797 429 425 4793 423 4797 4793 425 423 4791 419 4793 4791 423 419 4787 417 4791 4787 419 417 4785 415 4787 4785 417 415 4783 411 4785 4783 415 411 4779 409 4783 4779 411 409 4777 407 4779 4777 409 407 4775 404 4777 4775 407 4775 4772 404 4772 4730 404 404 4730 362 4730 4725 362 362 4725 357 357 4726 358 4725 4726 357 358 4729 361 4726 4729 358 361 4733 365 4729 4733 361 365 4735 367 4733 4735 365 367 4737 369 4735 4737 367 4737 4739 369 369 4739 371 4739 4741 371 371 4741 373 4741 4743 373 373 4743 375 4743 4745 375 375 4745 377 4745 4747 377 377 4747 379 4747 4749 379 379 4749 381 4749 4751 381 381 4751 383 4751 4753 383 383 4753 385 4753 4755 385 385 4755 387 4755 4757 387 387 4757 389 4757 4759 389 389 4759 391 4759 4761 391 391 4761 393 393 4763 395 4761 4763 393 395 4765 397 4763 4765 395 397 4767 399 4765 4767 397 399 4769 401 4767 4769 399 401 4771 403 4769 4771 401 403 4781 413 4771 4781 403 413 4789 421 4781 4789 413 421 4795 427 4789 4795 421 427 4799 431 4795 4799 427 431 4801 433 4799 4801 431 433 4803 435 4801 4803 433 435 4805 437 4803 4805 435 437 4807 439 4805 4807 437 4807 4809 439 439 4809 441 4809 4811 441 441 4811 443 4811 4813 443 443 4813 444 444 4813 846 4813 5215 846 846 5215 876 876 5246 875 5215 5246 876 875 5247 874 5246 5247 875 874 5248 872 5247 5248 874 872 5249 882 5248 5249 872 882 5250 898 5249 5250 882 898 5256 897 5250 5256 898 897 5257 896 5256 5257 897 896 5258 895 5257 5258 896 895 5259 894 5258 5259 895 894 5260 893 5259 5260 894 893 5261 892 5260 5261 893 892 5262 891 5261 5262 892 891 5263 890 5262 5263 891 890 5264 889 5263 5264 890 889 5265 888 5264 5265 889 5265 5254 888 5254 5253 888 888 5253 887 887 5255 886 5253 5255 887 886 5281 917 5255 5281 886 917 5282 916 5281 5282 917 916 5283 915 5282 5283 916 915 5284 914 5283 5284 915 5284 5280 914 914 5280 913 5280 5252 913 913 5252 885 873 5240 899 885 5240 873 5252 5240 885 899 5266 918 5240 5266 899 5266 5285 918 5285 5287 918 918 5287 922 922 5287 921 921 5286 920 5287 5286 921 920 5288 919 5286 5288 920 919 5289 912 5288 5289 919 912 5279 911 5289 5279 912 911 5268 910 5279 5268 911 910 5267 909 5268 5267 910 909 5269 908 5267 5269 909 908 5270 907 5269 5270 908 907 5271 906 5270 5271 907 906 5272 905 5271 5272 906 905 5273 904 5272 5273 905 904 5274 903 5273 5274 904 903 5275 902 5274 5275 903 5275 5276 902 902 5276 901 5276 5277 901 901 5277 900 5277 5278 900 900 5278 881 5278 5242 881 881 5242 880 5242 5241 880 880 5241 879 5241 5243 879 879 5243 878 5243 5244 878 878 5245 877 5244 5245 878 877 5214 847 5245 5214 877 5214 4812 847 847 4812 445 445 4812 442 442 4810 440 4812 4810 442 440 4808 438 4810 4808 440 438 4806 436 4808 4806 438 436 4804 434 4806 4804 436 434 4802 432 4804 4802 434 432 4800 430 4802 4800 432 430 4798 426 4800 4798 430 426 4794 420 4798 4794 426 420 4788 412 4794 4788 420 412 4780 402 4788 4780 412 4780 4770 402 402 4768 400 4770 4768 402 400 4766 398 4768 4766 400 398 4764 396 4766 4764 398 396 4762 394 4764 4762 396 394 4760 392 4762 4760 394 392 4760 390 390 4758 388 4760 4758 390 388 4756 386 4758 4756 388 386 4754 384 4756 4754 386 384 4752 382 4754 4752 384 382 4750 380 4752 4750 382 380 4748 378 4750 4748 380 378 4746 376 4748 4746 378 376 4744 374 4746 4744 376 374 4742 372 4744 4742 374 372 4740 370 4742 4740 372 370 4738 368 4740 4738 370 368 4736 366 4738 4736 368 366 4734 364 4736 4734 366 364 4732 360 4734 4732 364 360 4728 356 4732 4728 360 356 4724 359 4728 4724 356 359 4727 363 4724 4727 359 4727 4731 363 4731 4773 363 363 4773 405 4773 4774 405 405 4774 406 406 4776 408 4774 4776 406 408 4778 410 4776 4778 408 410 4782 414 4778 4782 410 414 4784 416 4782 4784 414 416 4786 418 4784 4786 416 4786 4790 418 418 4790 422 4790 4792 422 422 4792 424 4792 4796 424 424 4796 428 4796 4830 428 428 4830 461 4830 4836 461 461 4836 467 4836 4842 467 467 4842 473 4842 4846 473 473 4846 477 4846 4850 477 477 4850 481 4850 4854 481 481 4854 485 4854 4858 485 485 4858 489 4858 4862 489 489 4862 494 4862 4866 494 494 4866 497 497 4870 501 4866 4870 497 501 4874 506 4870 4874 501 506 4878 510 4874 4878 506 510 4882 514 4878 4882 510 514 4886 518 4882 4886 514 518 4890 522 4886 4890 518 522 4894 526 4890 4894 522 526 4898 530 4894 4898 526 530 4902 534 4898 4902 530 534 4906 538 4902 4906 534 538 4910 542 4906 4910 538 542 4914 546 4910 4914 542 546 4918 550 4914 4918 546 4918 4922 550 550 4922 554 4922 4926 554 554 4926 557 4926 4930 557 557 4930 561 4930 5217 561 561 5217 848 5217 5341 848 982 5341 981 848 5341 982 981 5342 980 5341 5342 981 980 5343 979 5342 5343 980 979 5344 962 5343 5344 979 962 5323 961 5344 5323 962 961 5322 960 5323 5322 961 960 5324 959 5322 5324 960 959 5325 958 5324 5325 959 958 5326 957 5325 5326 958 957 5327 956 5326 5327 957 956 5328 955 5327 5328 956 955 5329 954 5328 5329 955 5329 5318 954 5318 5317 954 954 5317 953 953 5319 952 5317 5319 953 951 5320 950 952 5320 951 5319 5320 952 950 5321 934 5320 5321 950 934 5298 933 5321 5298 934 933 5297 932 5298 5297 933 932 5299 931 5297 5299 932 931 5300 929 5299 5300 931 5300 5301 929 5301 5296 929 929 5296 930 5296 5316 930 930 5316 949 949 5340 973 5316 5340 949 973 5364 997 5340 5364 973 997 5384 1017 5364 5384 997 5384 5386 1017 1017 5386 1021 1021 5386 1020 1020 5385 1019 5386 5385 1020 1019 5387 1018 5385 5387 1019 1018 5388 1010 5387 5388 1018 1010 5366 1009 5388 5366 1010 1009 5365 1008 5366 5365 1009 1008 5367 1007 5365 5367 1008 1007 5368 1006 5367 5368 1007 1006 5369 1005 5368 5369 1006 1005 5370 1004 5369 5370 1005 5370 5371 1004 1004 5372 1003 5371 5372 1004 1003 5373 1002 5372 5373 1003 5373 5374 1002 1002 5374 1001 5374 5375 1001 1001 5375 1000 5375 5376 1000 1000 5376 999 5376 5377 999 999 5377 998 5377 5346 998 998 5346 978 5346 5345 978 978 5345 977 977 5347 976 5345 5347 977 976 5348 975 5347 5348 976 975 5349 974 5348 5349 975 974 5219 851 5349 5219 974 5219 4933 851 851 4933 565 565 4933 562 562 4929 558 4933 4929 562 558 4925 553 4929 4925 558 553 4921 549 4925 4921 553 549 4917 545 4921 4917 549 545 4913 541 4917 4913 545 541 4909 537 4913 4909 541 537 4905 533 4909 4905 537 533 4901 529 4905 4901 533 529 4897 525 4901 4897 529 525 4893 521 4897 4893 525 521 4889 517 4893 4889 521 517 4885 513 4889 4885 517 4885 4881 513 513 4881 509 509 4877 505 4881 4877 509 505 4873 502 4877 4873 505 502 4869 498 4873 4869 502 498 4865 493 4869 4865 498 493 4861 490 4865 4861 493 4861 4857 490 490 4853 486 4857 4853 490 486 4849 482 4853 4849 486 482 4845 478 4849 4845 482 478 4841 474 4845 4841 478 474 4835 468 4841 4835 474 468 4829 462 4835 4829 468 4829 4825 462 462 4825 457 4825 4821 457 457 4821 453 453 4816 448 4821 4816 453 4816 4817 448 448 4817 449 449 4818 450 4817 4818 449 450 4822 454 4818 4822 450 454 4826 458 4822 4826 454 458 4831 463 4826 4831 458 463 4838 470 4831 4838 463 4838 4935 470 470 4935 567 567 4935 569 569 4937 571 4935 4937 569 571 4939 573 4937 4939 571 573 4941 575 4939 4941 573 575 4943 577 4941 4943 575 577 4945 579 4943 4945 577 579 4947 581 4945 4947 579 581 4949 583 4947 4949 581 4949 4951 583 583 4951 585 4951 4953 585 585 4953 589 4953 4957 589 589 4957 595 4957 4963 595 595 4963 601 4963 4969 601 601 4969 607 4969 4975 607 607 4975 613 4975 4981 613 613 4981 619 4981 4987 619 4987 4993 619 619 4993 624 4993 4999 624 624 4999 631 4999 5005 631 631 5005 637 637 5011 643 5005 5011 637 643 5015 647 5011 5015 643 647 5019 651 5015 5019 647 651 5023 655 5019 5023 651 655 5027 659 5023 5027 655 659 5031 663 5027 5031 659 663 5035 667 5031 5035 663 667 5039 671 5035 5039 667 671 5043 675 5039 5043 671 675 5047 679 5043 5047 675 679 5051 683 5047 5051 679 683 5055 687 5051 5055 683 687 5059 691 5055 5059 687 5059 5063 691 691 5063 694 5063 5067 694 694 5067 698 5067 5071 698 698 5071 702 5071 5251 702 702 5251 884 884 5251 1083 1083 5446 1082 5251 5446 1083 1082 5448 1081 5446 5448 1082 1081 5451 1080 5448 5451 1081 1080 5443 1063 5451 5443 1080 1063 5420 1062 5443 5420 1063 1062 5419 1061 5420 5419 1062 1061 5421 1060 5419 5421 1061 1060 5422 1059 5421 5422 1060 5422 5423 1059 5423 5424 1059 1059 5424 1058 1058 5425 1057 5424 5425 1058 1057 5426 1056 5425 5426 1057 1056 5427 1055 5426 5427 1056 1055 5428 1054 5427 5428 1055 1054 5429 1053 5428 5429 1054 1053 5430 1052 5429 5430 1053 1052 5431 1051 5430 5431 1052 1035 5400 1034 1051 5400 1035 5431 5400 1051 1034 5399 1033 5400 5399 1034 1033 5401 1032 5399 5401 1033 1032 5402 1030 5401 5402 1032 5402 5403 1030 5403 5398 1030 1030 5398 1031 1031 5398 1050 1050 5418 1074 5398 5418 1050 1074 5442 1220 5418 5442 1074 1220 5588 1239 5442 5588 1220 5588 5607 1239 1239 5607 1243 5607 5609 1243 1243 5609 1242 1242 5608 1241 5609 5608 1242 1241 5610 1240 5608 5610 1241 1240 5611 1233 5610 5611 1240 1233 5590 1232 5611 5590 1233 1232 5589 1231 5590 5589 1232 1231 5591 1230 5589 5591 1231 1230 5592 1229 5591 5592 1230 1229 5593 1228 5592 5593 1229 1228 5594 1227 5593 5594 1228 1227 5595 1226 5594 5595 1227 1226 5596 1225 5595 5596 1226 1225 5597 1224 5596 5597 1225 1224 5598 1223 5597 5598 1224 5598 5599 1223 1223 5599 1222 1222 5600 1221 5599 5600 1222 1221 5601 1079 5600 5601 1221 1079 5445 1078 5601 5445 1079 1078 5444 1077 5445 5444 1078 1077 5447 1076 5444 5447 1077 1076 5449 1075 5447 5449 1076 1075 5450 1023 5449 5450 1075 5450 5391 1023 1023 5391 705 5391 5073 705 705 5073 703 703 5070 699 5073 5070 703 699 5066 695 5070 5066 699 695 5062 690 5066 5062 695 690 5058 686 5062 5058 690 686 5054 682 5058 5054 686 682 5050 678 5054 5050 682 678 5046 674 5050 5046 678 674 5042 670 5046 5042 674 5042 5038 670 670 5038 666 666 5034 662 5038 5034 666 662 5030 658 5034 5030 662 658 5026 654 5030 5026 658 654 5022 650 5026 5022 654 650 5018 646 5022 5018 650 646 5014 642 5018 5014 646 642 5010 636 5014 5010 642 636 5004 630 5010 5004 636 630 4998 625 5004 4998 630 625 4992 618 4998 4992 625 4992 4986 618 618 4986 612 4986 4980 612 612 4980 606 4980 4974 606 606 4974 600 600 4968 594 4974 4968 600 4968 4962 594 594 4962 588 588 4956 590 4962 4956 588 590 4958 596 4956 4958 590 596 4964 602 4958 4964 596 602 4970 608 4964 4970 602 608 4976 614 4970 4976 608 614 4982 620 4976 4982 614 620 4988 626 4982 4988 620 626 4994 632 4988 4994 626 632 5000 639 4994 5000 632 5000 5007 639 5007 5075 639 639 5075 707 5075 5076 707 707 5076 708 708 5078 710 5076 5078 708 710 5080 712 5078 5080 710 712 5082 714 5080 5082 712 714 5084 716 5082 5084 714 716 5086 718 5084 5086 716 5086 5088 718 718 5088 720 5088 5090 720 720 5090 722 5090 5092 722 722 5092 724 5092 5113 724 724 5113 745 5113 5105 745 745 5105 737 5105 5096 737 737 5096 728 5096 5095 728 728 5095 726 5095 5103 726 726 5103 735 5103 5111 735 735 5111 743 5111 5118 743 743 5118 750 5118 5124 750 750 5124 756 5124 5130 756 756 5130 761 761 5136 767 5130 5136 761 767 5142 774 5136 5142 767 774 5148 779 5142 5148 774 779 5154 785 5148 5154 779 785 5160 792 5154 5160 785 792 5166 798 5160 5166 792 798 5172 804 5166 5172 798 804 5178 810 5172 5178 804 810 5182 814 5178 5182 810 814 5186 818 5182 5186 814 818 5190 822 5186 5190 818 822 5194 825 5190 5194 822 825 5198 830 5194 5198 825 5198 5202 830 830 5202 834 5202 5206 834 834 5206 838 5206 5210 838 838 5210 841 841 5210 1284 5210 5653 1284 1284 5653 1315 1315 5679 1314 5653 5679 1315 1314 5680 1313 5679 5680 1314 1313 5681 1312 5680 5681 1313 1312 5682 1311 5681 5682 1312 1311 5683 1282 5682 5683 1311 5683 5640 1282 5640 5639 1282 1282 5639 1281 1281 5641 1280 5639 5641 1281 1280 5642 1279 5641 5642 1280 1278 5643 1277 1279 5643 1278 5642 5643 1279 1277 5644 1276 5643 5644 1277 1276 5645 1275 5644 5645 1276 1275 5646 1274 5645 5646 1275 1274 5647 1273 5646 5647 1274 1273 5648 1272 5647 5648 1273 1272 5649 1271 5648 5649 1272 1271 5650 1255 5649 5650 1271 1255 5623 1254 5650 5623 1255 1254 5622 1253 5623 5622 1254 1253 5620 1252 5622 5620 1253 1252 5619 1250 5620 5619 1252 5619 5621 1250 5621 5618 1250 1250 5618 1251 5618 5638 1251 1251 5638 1270 1310 5678 1339 1270 5678 1310 5638 5678 1270 1339 5707 1361 5678 5707 1339 5707 5729 1361 5729 5731 1361 1361 5731 1365 5731 5730 1365 1365 5730 1364 1364 5732 1363 5730 5732 1364 1363 5733 1362 5732 5733 1363 1362 5722 1354 5733 5722 1362 1354 5720 1352 5722 5720 1354 1352 5709 1350 5720 5709 1352 1350 5708 1349 5709 5708 1350 1349 5710 1348 5708 5710 1349 1348 5711 1347 5710 5711 1348 1347 5712 1346 5711 5712 1347 1346 5713 1345 5712 5713 1346 1345 5714 1344 5713 5714 1345 5714 5715 1344 1344 5715 1343 5715 5716 1343 1343 5716 1342 5716 5717 1342 1342 5717 1341 5717 5718 1341 1341 5718 1340 5718 5685 1340 1340 5685 1320 5685 5684 1320 1320 5684 1319 1319 5686 1318 5684 5686 1319 1318 5687 1317 5686 5687 1318 1317 5688 1316 5687 5688 1317 1316 5652 1285 5688 5652 1316 5652 5213 1285 1285 5213 845 5213 5209 845 842 5209 837 845 5209 842 837 5205 833 5209 5205 837 833 5201 829 5205 5201 833 5201 5197 829 829 5193 826 5197 5193 829 826 5189 821 5193 5189 826 821 5189 817 817 5185 813 5189 5185 817 813 5181 809 5185 5181 813 809 5177 803 5181 5177 809 803 5171 797 5177 5171 803 797 5165 791 5171 5165 797 791 5159 786 5165 5159 791 786 5153 780 5159 5153 786 780 5147 773 5153 5147 780 773 5141 768 5147 5141 773 768 5135 762 5141 5135 768 5135 5129 762 762 5129 755 5129 5123 755 755 5123 749 749 5117 742 5123 5117 749 5117 5110 742 742 5110 734 734 5102 727 5110 5102 734 727 5094 736 5102 5094 727 736 5104 744 5094 5104 736 744 5112 751 5104 5112 744 751 5119 757 5112 5119 751 757 5125 763 5119 5125 757 763 5131 769 5125 5131 763 769 5137 775 5131 5137 769 775 5143 781 5137 5143 775 781 5149 787 5143 5149 781 787 5155 795 5149 5155 787 795 5163 801 5155 5163 795 801 5169 808 5163 5169 801 5169 5176 808 5176 5221 808 808 5221 853 5221 5223 853 853 5223 855 855 5225 857 5223 5225 855 857 5227 859 5225 5227 857 859 5229 861 5227 5229 859 861 5231 863 5229 5231 861 863 5233 865 5231 5233 863 5233 5235 865 865 5235 867 5235 5237 867 867 5237 869 5237 5239 869 869 5239 871 5239 5503 871 871 5503 1133 5503 5495 1133 1133 5495 1125 5495 5487 1125 1125 5487 1117 5487 5479 1117 1117 5479 1109 5479 5471 1109 1109 5471 1101 5471 5463 1101 1101 5463 1093 5463 5454 1093 1093 5454 1086 5454 5453 1086 1086 5453 1084 5453 5461 1084 1084 5461 1094 1094 5469 1102 5461 5469 1094 1102 5477 1111 5469 5477 1102 1111 5485 1119 5477 5485 1111 1119 5493 1127 5485 5493 1119 1127 5501 1135 5493 5501 1127 1135 5509 1142 5501 5509 1135 1142 5515 1147 5509 5515 1142 1147 5521 1153 5515 5521 1147 1153 5527 1159 5521 5527 1153 1159 5533 1166 5527 5533 1159 1166 5539 1172 5533 5539 1166 1172 5545 1177 5539 5545 1172 1177 5551 1183 5545 5551 1177 5551 5557 1183 1183 5557 1190 5557 5564 1190 1190 5564 1196 5564 5570 1196 1196 5570 1201 5570 5723 1201 1201 5723 1355 1355 5723 1541 1541 5910 1540 5723 5910 1541 1540 5911 1539 5910 5911 1540 5911 5908 1539 5908 5907 1539 1539 5907 1538 1538 5909 1537 5907 5909 1538 1537 5761 1404 5909 5761 1537 1404 5760 1403 5761 5760 1404 1403 5762 1402 5760 5762 1403 1402 5763 1401 5762 5763 1402 1401 5764 1400 5763 5764 1401 1400 5765 1399 5764 5765 1400 1399 5766 1398 5765 5766 1399 1398 5767 1397 5766 5767 1398 1397 5768 1396 5767 5768 1397 1396 5769 1395 5768 5769 1396 1395 5770 1394 5769 5770 1395 5770 5771 1394 1394 5771 1393 1393 5772 1392 5771 5772 1393 1392 5742 1377 5772 5742 1392 1377 5741 1376 5742 5741 1377 1376 5743 1375 5741 5743 1376 1375 5744 1374 5743 5744 1375 1374 5745 1372 5744 5745 1374 5745 5740 1372 1372 5740 1373 1373 5740 1391 1391 5759 1536 5740 5759 1391 5759 5904 1536 1536 5928 1560 5904 5928 1536 1560 5951 1583 5928 5951 1560 5951 5953 1583 1583 5953 1587 1587 5953 1586 1586 5952 1585 5953 5952 1586 1585 5954 1584 5952 5954 1585 1584 5955 1577 5954 5955 1584 1577 5945 1575 5955 5945 1577 1575 5943 1573 5945 5943 1575 1573 5941 1571 5943 5941 1573 1571 5939 1569 5941 5939 1571 1569 5930 1568 5939 5930 1569 1568 5929 1567 5930 5929 1568 1567 5931 1566 5929 5931 1567 1566 5932 1565 5931 5932 1566 1565 5933 1564 5932 5933 1565 1564 5934 1563 5933 5934 1564 5934 5935 1563 5935 5936 1563 1563 5936 1562 5936 5937 1562 1562 5937 1561 5937 5917 1561 1561 5917 1549 5917 5915 1549 1549 5915 1547 1547 5913 1545 5915 5913 1547 5913 5906 1545 1545 5906 1543 1543 5905 1542 5906 5905 1543 1542 5892 1524 5905 5892 1542 5892 5572 1524 1524 5572 1204 1204 5572 1202 1202 5569 1198 5572 5569 1202 1198 5566 1197 5569 5566 1198 5566 5563 1197 1197 5563 1189 1189 5556 1184 5563 5556 1189 1184 5550 1178 5556 5550 1184 1178 5544 1171 5550 5544 1178 1171 5538 1165 5544 5538 1171 1165 5532 1160 5538 5532 1165 1160 5526 1154 5532 5526 1160 1154 5520 1148 5526 5520 1154 1148 5514 1141 5520 5514 1148 5514 5508 1141 1141 5508 1134 5508 5500 1134 1134 5500 1126 5500 5492 1126 1126 5492 1118 1118 5484 1110 5492 5484 1118 1110 5476 1103 5484 5476 1110 5476 5468 1103 1103 5468 1095 1095 5460 1085 5468 5460 1095 1085 5452 1092 5460 5452 1085 1092 5462 1100 5452 5462 1092 1100 5470 1108 5462 5470 1100 1108 5478 1116 5470 5478 1108 1116 5486 1124 5478 5486 1116 1124 5494 1132 5486 5494 1124 1132 5502 1140 5494 5502 1132 1140 5510 1146 5502 5510 1140 1146 5516 1152 5510 5516 1146 1152 5522 1158 5516 5522 1152 1158 5528 1164 5522 5528 1158 1164 5534 1170 5528 5534 1164 1170 5540 1176 5534 5540 1170 1176 5546 1182 5540 5546 1176 1182 5552 1188 5546 5552 1182 1188 5558 1195 5552 5558 1188 5558 5565 1195 5565 5655 1195 1195 5655 1287 5655 5657 1287 1287 5657 1289 1289 5659 1291 5657 5659 1289 1291 5661 1293 5659 5661 1291 1293 5663 1295 5661 5663 1293 1295 5665 1297 5663 5665 1295 1297 5667 1299 5665 5667 1297 1299 5690 1322 5667 5690 1299 5690 5692 1322 1322 5692 1324 5692 5694 1324 1324 5694 1326 5694 5844 1326 1326 5844 1476 5844 5836 1476 1476 5836 1468 5836 5828 1468 1468 5828 1460 5828 5820 1460 1460 5820 1452 5820 5812 1452 1452 5812 1444 5812 5804 1444 1444 5804 1436 5804 5796 1436 1436 5796 1428 5796 5788 1428 1428 5788 1420 5788 5780 1420 1420 5780 1412 1412 5778 1410 5780 5778 1412 1410 5777 1408 5778 5777 1410 5777 5786 1408 1408 5786 1418 1418 5794 1425 5786 5794 1418 5794 5802 1425 1425 5802 1434 1441 5810 1449 1434 5810 1441 5802 5810 1434 1449 5818 1457 5810 5818 1449 1457 5826 1465 5818 5826 1457 1465 5834 1473 5826 5834 1465 1473 5842 1481 5834 5842 1473 1481 5850 1488 5842 5850 1481 1488 5856 1493 5850 5856 1488 1493 5862 1499 5856 5862 1493 5862 5868 1499 5868 5874 1499 1499 5874 1507 1507 5875 1505 5874 5875 1507 1505 5881 1512 5875 5881 1505 5881 6024 1512 1512 6024 1657 1657 6024 1656 1656 6023 1654 6024 6023 1656 1654 6025 1659 6023 6025 1654 1659 6026 1658 6025 6026 1659 1658 6027 1648 6026 6027 1658 1648 6005 1647 6027 6005 1648 6005 6004 1647 1647 6006 1646 6004 6006 1647 1646 6007 1645 6006 6007 1646 1645 6008 1644 6007 6008 1645 1644 6009 1643 6008 6009 1644 1643 6010 1642 6009 6010 1643 1642 6011 1641 6010 6011 1642 6011 6012 1641 1641 6012 1640 6012 6013 1640 1640 6013 1639 6013 6014 1639 1639 6014 1638 6014 6015 1638 1638 6015 1637 6015 6016 1637 1637 6016 1636 6016 5967 1636 1636 5967 1602 1602 5966 1601 5967 5966 1602 1601 5968 1600 5966 5968 1601 1600 5969 1599 5968 5969 1600 1599 5970 1597 5969 5970 1599 5970 5965 1597 1597 5965 1598 1598 5965 1635 1635 6003 1655 5965 6003 1635 1655 6022 1679 6003 6022 1655 1679 6047 1775 6022 6047 1679 6047 6143 1775 6143 6145 1775 1775 6145 1779 1779 6145 1778 1778 6144 1777 6145 6144 1778 1777 6146 1776 6144 6146 1777 1776 6147 1699 6146 6147 1776 1699 6067 1697 6147 6067 1699 1697 6065 1695 6067 6065 1697 1695 6063 1693 6065 6063 1695 1693 6061 1691 6063 6061 1693 1691 6059 1689 6061 6059 1691 1689 6057 1687 6059 6057 1689 1687 6055 1685 6057 6055 1687 1685 6049 1684 6055 6049 1685 1684 6048 1683 6049 6048 1684 1683 6050 1682 6048 6050 1683 1682 6051 1681 6050 6051 1682 6051 6052 1681 1681 6052 1680 6052 6053 1680 1680 6053 1671 6053 6039 1671 1671 6039 1669 6039 6037 1669 1669 6037 1667 6037 6035 1667 1667 6035 1665 6035 6033 1665 1665 6033 1664 1664 6032 1662 6033 6032 1664 1662 6030 1660 6032 6030 1662 6030 6028 1660 6028 5880 1660 1660 5880 1513 5880 5873 1513 1513 5873 1506 1506 5867 1500 5873 5867 1506 1500 5861 1494 5867 5861 1500 1494 5855 1487 5861 5855 1494 1487 5849 1482 5855 5849 1487 1482 5841 1474 5849 5841 1482 5841 5833 1474 1474 5833 1466 5833 5825 1466 1466 5825 1458 5825 5817 1458 1458 5817 1450 5817 5809 1450 1450 5809 1442 5809 5801 1442 1442 5801 1433 5801 5793 1433 1433 5793 1426 5793 5785 1426 1426 5785 1417 5785 5776 1417 1417 5776 1409 5776 5779 1409 1409 5779 1411 5779 5787 1411 1411 5787 1419 5787 5795 1419 1419 5795 1427 5795 5803 1427 1427 5803 1435 1435 5811 1443 5803 5811 1435 1443 5819 1451 5811 5819 1443 1451 5827 1459 5819 5827 1451 1459 5835 1467 5827 5835 1459 1467 5843 1475 5835 5843 1467 1475 5851 1483 5843 5851 1475 1483 5857 1489 5851 5857 1483 1489 5863 1495 5857 5863 1489 1495 5869 1501 5863 5869 1495 1501 5876 1508 5869 5876 1501 1508 5882 1514 5876 5882 1508 1514 5884 1516 5882 5884 1514 1516 5886 1518 5884 5886 1516 5886 5888 1518 1518 5888 1520 5888 5893 1520 1520 5893 1525 5893 5896 1525 1525 5896 1528 5896 5958 1528 1528 5958 1590 1590 5958 1604 1604 5972 1606 5958 5972 1604 1606 5974 1608 5972 5974 1606 1608 5976 1610 5974 5976 1608 1610 5978 1612 5976 5978 1610 1612 5980 1614 5978 5980 1612 1614 5982 1616 5980 5982 1614 1616 5984 1618 5982 5984 1616 1618 5986 1620 5984 5986 1618 1620 5988 1806 5986 5988 1620 1806 6174 1802 5988 6174 1806 6174 6170 1802 1802 6170 1795 6170 6163 1795 1795 6163 1787 6163 6155 1787 1787 6155 1769 6155 6137 1769 1769 6137 1761 6137 6129 1761 1761 6129 1753 6129 6121 1753 1753 6121 1745 6121 6113 1745 1745 6113 1737 6113 6105 1737 1737 6105 1729 1729 6097 1721 6105 6097 1729 6097 6089 1721 1721 6089 1713 1713 6081 1705 6089 6081 1713 1705 6073 1703 6081 6073 1705 1703 6072 1707 6073 6072 1703 1707 6075 1715 6072 6075 1707 1715 6083 1723 6075 6083 1715 1723 6091 1731 6083 6091 1723 1731 6099 1739 6091 6099 1731 6099 6107 1739 6107 6115 1739 1739 6115 1747 1747 6123 1755 6115 6123 1747 1755 6131 1763 6123 6131 1755 1763 6149 1781 6131 6149 1763 1781 6157 1788 6149 6157 1781 1788 6166 1797 6157 6166 1788 1797 6166 1831 6166 6199 1831 1831 6199 1881 1881 6246 1880 6199 6246 1881 1880 6247 1879 6246 6247 1880 1879 6248 1878 6247 6248 1879 1878 6249 1871 6248 6249 1878 1871 6228 1870 6249 6228 1871 1870 6227 1869 6228 6227 1870 6227 6229 1869 1869 6230 1868 6229 6230 1869 1868 6231 1867 6230 6231 1868 1867 6232 1866 6231 6232 1867 1866 6233 1865 6232 6233 1866 1865 6234 1864 6233 6234 1865 6234 6235 1864 1864 6235 1863 6235 6236 1863 1863 6236 1862 6236 6237 1862 1862 6237 1861 6237 6238 1861 1861 6238 1860 6238 6239 1860 1860 6239 1859 6239 6208 1859 1859 6208 1843 1843 6207 1842 6208 6207 1843 1842 6209 1841 6207 6209 1842 1841 6210 1840 6209 6210 1841 1840 6211 1838 6210 6211 1840 6211 6206 1838 1838 6206 1839 6206 6226 1839 1839 6226 1858 1858 6245 1877 6226 6245 1858 1919 6287 1947 1877 6287 1919 6245 6287 1877 6287 6315 1947 6315 6317 1947 1947 6317 1951 1951 6317 1950 1950 6316 1949 6317 6316 1950 1949 6318 1948 6316 6318 1949 1948 6319 1940 6318 6319 1948 1940 6308 1938 6319 6308 1940 1938 6306 1936 6308 6306 1938 1936 6304 1934 6306 6304 1936 1934 6302 1932 6304 6302 1934 1932 6300 1930 6302 6300 1932 1930 6298 1928 6300 6298 1930 1928 6296 1926 6298 6296 1928 1926 6294 1924 6296 6294 1926 1924 6292 1922 6294 6292 1924 1922 6290 1921 6292 6290 1922 1921 6289 1920 6290 6289 1921 1920 6288 1914 6289 6288 1920 6288 6282 1914 6282 6280 1914 1914 6280 1912 1912 6278 1910 6280 6278 1912 1910 6276 1908 6278 6276 1910 1908 6274 1906 6276 6274 1908 1906 6272 1904 6274 6272 1906 1904 6271 1903 6272 6271 1904 6271 6165 1903 1903 6165 1798 1798 6165 1789 1789 6156 1780 6165 6156 1789 1780 6148 1762 6156 6148 1780 1762 6130 1754 6148 6130 1762 1754 6122 1746 6130 6122 1754 1746 6114 1738 6122 6114 1746 1738 6106 1730 6114 6106 1738 1730 6098 1722 6106 6098 1730 6098 6090 1722 1722 6090 1714 6090 6082 1714 1714 6082 1706 6082 6074 1706 1706 6074 1704 6074 6071 1704 1704 6071 1712 6071 6080 1712 1712 6080 1720 6080 6088 1720 1720 6088 1728 6088 6096 1728 1728 6096 1736 6096 6104 1736 1736 6104 1744 6104 6112 1744 1744 6112 1752 6112 6120 1752 1752 6120 1760 6120 6128 1760 1760 6128 1768 1768 6136 1786 6128 6136 1768 1786 6154 1794 6136 6154 1786 1794 6162 1801 6154 6162 1794 1801 6169 1805 6162 6169 1801 1805 6173 1809 6169 6173 1805 1809 6177 1811 6173 6177 1809 1811 6179 1813 6177 6179 1811 1813 6181 1815 6179 6181 1813 1815 6183 1817 6181 6183 1815 1817 6185 1819 6183 6185 1817 1819 6187 1821 6185 6187 1819 1821 6189 1823 6187 6189 1821 1823 6191 1825 6189 6191 1823 6191 6193 1825 1825 6193 1827 6193 6195 1827 1827 6195 1829 6195 6197 1829 6197 6251 1829 1829 6251 1883 6251 6253 1883 1885 6253 1887 1883 6253 1885 1887 6255 1889 6253 6255 1887 1889 6257 1891 6255 6257 1889 1891 6259 1893 6257 6259 1891 1893 6261 1895 6259 6261 1893 1895 6263 1897 6261 6263 1895 1897 6265 1899 6263 6265 1897 1899 6267 1901 6265 6267 1899 1901 6269 2059 6267 6269 1901 2059 6427 2055 6269 6427 2059 6427 6423 2055 2055 6423 2051 6423 6419 2051 2051 6419 2047 6419 6415 2047 2047 6415 2043 6415 6411 2043 2043 6411 2039 6411 6407 2039 2039 6407 2035 6407 6403 2035 2035 6403 2031 6403 6399 2031 2031 6399 2027 6399 6395 2027 2027 6395 2019 6395 6387 2019 2019 6387 2011 2011 6379 2003 6387 6379 2011 2003 6371 1995 6379 6371 2003 1995 6363 1987 6371 6363 1995 1987 6355 1979 6363 6355 1987 1979 6347 1971 6355 6347 1979 6347 6339 1971 6339 6337 1971 1971 6337 1969 1969 6336 1967 6337 6336 1969 1967 6345 1977 6336 6345 1967 1977 6353 1985 6345 6353 1977 1985 6361 1993 6353 6361 1985 1993 6369 2001 6361 6369 1993 2001 6377 2009 6369 6377 2001 2009 6385 2017 6377 6385 2009 2017 6393 2025 6385 6393 2017 2025 6393 2123 6393 6488 2123 6488 6487 2123 2123 6487 2122 2122 6489 2121 6487 6489 2122 2121 6490 2120 6489 6490 2121 2120 6491 2119 6490 6491 2120 2119 6466 2109 6491 6466 2119 2109 6465 2108 6466 6465 2109 2108 6467 2107 6465 6467 2108 2107 6468 2106 6467 6468 2107 2106 6469 2105 6468 6469 2106 2105 6470 2104 6469 6470 2105 2104 6471 2103 6470 6471 2104 2102 6472 2101 2103 6472 2102 6471 6472 2103 2101 6473 2100 6472 6473 2101 2100 6474 2099 6473 6474 2100 6474 6475 2099 2099 6475 2098 6475 6476 2098 2098 6476 2097 6476 6477 2097 2097 6477 1963 6477 6328 1963 1963 6328 1962 6328 6327 1962 1962 6327 1961 1961 6329 1960 6327 6329 1961 1960 6330 1958 6329 6330 1960 6330 6331 1958 6331 6326 1958 1958 6326 1959 1959 6326 2096 2096 6464 2118 6326 6464 2096 6464 6486 2118 2118 6505 2136 6486 6505 2118 2136 6555 2187 6505 6555 2136 6555 6557 2187 2187 6557 2191 6557 6556 2191 2191 6556 2190 2190 6558 2189 6556 6558 2190 2189 6559 2188 6558 6559 2189 2188 6531 2163 6559 6531 2188 2163 6529 2161 6531 6529 2163 2161 6527 2159 6529 6527 2161 2159 6525 2157 6527 6525 2159 2157 6523 2155 6525 6523 2157 2155 6521 2153 6523 6521 2155 2153 6519 2151 6521 6519 2153 2151 6517 2149 6519 6517 2151 2149 6515 2147 6517 6515 2149 2147 6513 2145 6515 6513 2147 6513 6511 2145 2145 6511 2143 2143 6509 2141 6511 6509 2143 2139 6507 2137 2141 6507 2139 6509 6507 2141 2137 6504 2133 6507 6504 2137 2133 6501 2131 6504 6501 2133 2131 6499 2129 6501 6499 2131 2129 6497 2127 6499 6497 2129 2127 6495 2125 6497 6495 2127 6495 6493 2125 2125 6493 2024 6493 6392 2024 6392 6384 2024 2024 6384 2016 2016 6376 2008 6384 6376 2016 2008 6368 2000 6376 6368 2008 2000 6360 1992 6368 6360 2000 1992 6352 1984 6360 6352 1992 1984 6344 1976 6352 6344 1984 6344 6335 1976 1976 6335 1968 6335 6338 1968 1968 6338 1970 6338 6346 1970 1970 6346 1978 6346 6354 1978 1978 6354 1986 6354 6362 1986 1986 6362 1994 6362 6370 1994 1994 6370 2002 6370 6378 2002 2002 6378 2010 6378 6386 2010 2010 6386 2018 6386 6394 2018 2018 6394 2026 6394 6398 2026 2026 6398 2030 6398 6402 2030 2030 6402 2034 6402 6406 2034 2034 6406 2038 2038 6410 2042 6406 6410 2038 2042 6414 2046 6410 6414 2042 2046 6418 2050 6414 6418 2046 2050 6422 2054 6418 6422 2050 2058 6426 2062 2054 6426 2058 6422 6426 2054 2062 6430 2064 6426 6430 2062 2064 6432 2066 6430 6432 2064 2066 6434 2068 6432 6434 2066 2068 6436 2070 6434 6436 2068 2070 6438 2072 6436 6438 2070 2072 6440 2074 6438 6440 2072 2074 6442 2076 6440 6442 2074 2076 6444 2078 6442 6444 2076 6444 6446 2078 2078 6446 2080 6446 6448 2080 2080 6448 2111 6448 6479 2111 6479 6533 2111 2111 6533 2165 6533 6535 2165 2165 6535 2167 2167 6537 2169 6535 6537 2167 2169 6539 2171 6537 6539 2169 2171 6541 2173 6539 6541 2171 2173 6543 2175 6541 6543 2173 2175 6545 2177 6543 6545 2175 2177 6547 2179 6545 6547 2177 2179 6560 2193 6547 6560 2179 2193 6561 2192 6560 6561 2193 2192 6711 2343 6561 6711 2192 2343 6707 2339 6711 6707 2343 2335 6703 2331 2339 6703 2335 6707 6703 2339 2331 6699 2327 6703 6699 2331 6699 6695 2327 2327 6695 2323 6695 6691 2323 2323 6691 2319 6691 6687 2319 2319 6687 2315 6687 6683 2315 2315 6683 2311 6683 6679 2311 2311 6679 2307 6679 6675 2307 2307 6675 2303 2303 6671 2299 6675 6671 2303 6671 6667 2299 6667 6663 2299 2299 6663 2295 2295 6659 2291 6663 6659 2295 2291 6655 2287 6659 6655 2291 2287 6651 2283 6655 6651 2287 2283 6644 2276 6651 6644 2283 2276 6636 2268 6644 6636 2276 2268 6628 2260 6636 6628 2268 2260 6620 2252 6628 6620 2260 2252 6619 2250 6620 6619 2252 2250 6622 2253 6619 6622 2250 2253 6630 2262 6622 6630 2253 2262 6638 2270 6630 6638 2262 2270 6647 2279 6638 6647 2270 6647 6611 2279 2279 6611 2246 2246 6611 2245 2245 6610 2244 6611 6610 2245 2244 6612 2243 6610 6612 2244 2243 6613 2242 6612 6613 2243 2242 6614 2234 6613 6614 2242 2234 6592 2233 6614 6592 2234 2233 6591 2232 6592 6591 2233 2232 6593 2231 6591 6593 2232 2231 6594 2230 6593 6594 2231 2230 6595 2229 6594 6595 2230 2229 6596 2228 6595 6596 2229 2228 6597 2227 6596 6597 2228 2227 6598 2226 6597 6598 2227 2226 6599 2225 6598 6599 2226 6599 6600 2225 2225 6600 2224 6600 6601 2224 2224 6601 2223 6601 6602 2223 2223 6602 2222 6602 6590 2222 2222 6590 2206 6590 6574 2206 2206 6574 2204 6574 6572 2204 2204 6572 2202 2202 6570 2201 6572 6570 2202 2201 6569 2199 6570 6569 2201 6569 6568 2199 6568 6567 2199 2199 6567 2200 2200 6567 2221 2221 6589 2241 6567 6589 2221 2241 6609 2377 6589 6609 2241 2377 6746 2412 6609 6746 2377 6746 6780 2412 6780 6782 2412 2412 6782 2416 2416 6782 2415 2415 6781 2414 6782 6781 2415 2414 6783 2413 6781 6783 2414 2413 6784 2405 6783 6784 2413 2405 6773 2403 6784 6773 2405 2403 6771 2401 6773 6771 2403 2401 6769 2399 6771 6769 2401 2399 6767 2397 6769 6767 2399 2397 6765 2395 6767 6765 2397 6765 6763 2395 6763 6761 2395 2395 6761 2393 2393 6759 2391 6761 6759 2393 2391 6757 2389 6759 6757 2391 2389 6755 2387 6757 6755 2389 2387 6753 2385 6755 6753 2387 2385 6751 2383 6753 6751 2385 2383 6749 2381 6751 6749 2383 2381 6745 2378 6749 6745 2381 2378 6743 2375 6745 6743 2378 2375 6741 2373 6743 6741 2375 2373 6739 2371 6741 6739 2373 2371 6737 2369 6739 6737 2371 2369 6736 2368 6737 6736 2369 6736 6646 2368 2368 6646 2278 6646 6637 2278 2278 6637 2269 2269 6629 2261 6637 6629 2269 2261 6621 2254 6629 6621 2261 2254 6618 2251 6621 6618 2254 2251 6627 2259 6618 6627 2251 2259 6635 2267 6627 6635 2259 6635 6643 2267 2267 6643 2275 6643 6650 2275 2275 6650 2282 6650 6654 2282 2282 6654 2286 6654 6658 2286 2286 6658 2290 6658 6662 2290 2290 6662 2294 6662 6666 2294 2294 6666 2298 6666 6670 2298 2298 6670 2302 6670 6674 2302 2302 6674 2306 6674 6678 2306 2306 6678 2310 6678 6682 2310 2310 6682 2314 6682 6686 2314 2314 6686 2318 6686 6690 2318 2318 6690 2322 2322 6694 2326 6690 6694 2322 2326 6698 2330 6694 6698 2326 2330 6702 2334 6698 6702 2330 2334 6706 2338 6702 6706 2334 2338 6710 2342 6706 6710 2338 2342 6714 2346 6710 6714 2342 2346 6716 2348 6714 6716 2346 2348 6718 2350 6716 6718 2348 2350 6720 2352 6718 6720 2350 2352 6722 2354 6720 6722 2352 2354 6724 2356 6722 6724 2354 2356 6726 2358 6724 6726 2356 2358 6728 2360 6726 6728 2358 6728 6730 2360 2360 6730 2362 6730 6732 2362 2362 6732 2364 6732 6734 2364 2364 6734 2366 6734 6794 2366 2366 6794 2426 2426 6794 2428 2428 6796 2431 6794 6796 2428 2431 6799 2443 6796 6799 2431 2443 6806 2442 6799 6806 2443 2442 6807 2441 6806 6807 2442 2441 6808 2440 6807 6808 2441 2440 6809 2439 6808 6809 2440 2439 6810 2438 6809 6810 2439 2438 6811 2488 6810 6811 2438 2488 6856 2619 6811 6856 2488 2619 6987 2613 6856 6987 2619 2613 6981 2608 6987 6981 2613 2608 6976 2603 6981 6976 2608 2603 6971 2598 6976 6971 2603 2598 6966 2593 6971 6966 2598 6966 6961 2593 2593 6961 2588 6961 6956 2588 2588 6956 2583 6956 6951 2583 2583 6951 2577 6951 6945 2577 6945 6940 2577 2577 6940 2572 2572 6935 2567 6940 6935 2572 2567 6930 2562 6935 6930 2567 2562 6925 2557 6930 6925 2562 2557 6919 2551 6925 6919 2557 2551 6915 2547 6919 6915 2551 2547 6909 2541 6915 6909 2547 2541 6901 2533 6909 6901 2541 2533 6897 2529 6901 6897 2533 2529 6891 2523 6897 6891 2529 2523 6887 2519 6891 6887 2523 2519 6881 2513 6887 6881 2519 2513 6875 2507 6881 6875 2513 2507 6871 2503 6875 6871 2507 2503 6865 2497 6871 6865 2503 2497 6862 2495 6865 6862 2497 2495 6862 2487 6862 6852 2487 2487 6852 2486 2486 6851 2485 6852 6851 2486 2485 6853 2484 6851 6853 2485 2484 6854 2483 6853 6854 2484 2483 6855 2471 6854 6855 2483 2471 6828 2470 6855 6828 2471 2470 6827 2469 6828 6827 2470 2469 6829 2468 6827 6829 2469 2468 6830 2467 6829 6830 2468 2467 6831 2466 6830 6831 2467 2466 6832 2465 6831 6832 2466 2465 6833 2464 6832 6833 2465 2464 6834 2463 6833 6834 2464 6834 6835 2463 6835 6836 2463 2463 6836 2462 6836 6837 2462 2462 6837 2461 6837 6838 2461 2461 6838 2460 6838 6839 2460 2460 6839 2459 6839 6803 2459 2459 6803 2435 2435 6798 2430 6803 6798 2435 6798 6792 2430 2430 6792 2424 2424 6788 2421 6792 6788 2424 2421 6790 2422 6788 6790 2421 6790 6789 2422 2422 6789 2420 6789 6826 2420 2420 6826 2458 2482 6850 2539 2458 6850 2482 6826 6850 2458 2539 6907 2646 6850 6907 2539 6907 7014 2646 7014 7019 2646 2646 7019 2651 2651 7019 2649 2649 7016 2648 7019 7016 2649 2648 7015 2647 7016 7015 2648 2647 7017 2640 7015 7017 2647 2640 7008 2636 7017 7008 2640 2636 7004 2630 7008 7004 2636 7004 6998 2630 2630 6998 2624 2624 6992 2617 6998 6992 2624 2617 6985 2611 6992 6985 2617 2611 6979 2601 6985 6979 2611 2601 6969 2591 6979 6969 2601 2591 6959 2581 6969 6959 2591 2581 6949 2573 6959 6949 2581 2573 6941 2565 6949 6941 2573 2565 6933 2555 6941 6933 2565 2555 6923 2545 6933 6923 2555 2545 6913 2538 6923 6913 2545 2538 6906 2527 6913 6906 2538 2527 6895 2517 6906 6895 2527 2517 6885 2511 6895 6885 2517 2511 6879 2501 6885 6879 2511 2501 6869 2493 6879 6869 2501 6869 6861 2493 6861 6863 2493 2493 6863 2494 2494 6863 2496 2496 6864 2502 6863 6864 2496 2502 6870 2506 6864 6870 2502 2506 6874 2512 6870 6874 2506 2512 6880 2518 6874 6880 2512 2518 6886 2522 6880 6886 2518 2522 6890 2528 6886 6890 2522 2528 6896 2532 6890 6896 2528 6896 6900 2532 2532 6900 2540 6900 6908 2540 2540 6908 2546 6908 6914 2546 2546 6914 2550 6914 6918 2550 2550 6918 2556 6918 6924 2556 2556 6924 2561 6924 6929 2561 2561 6929 2566 6929 6934 2566 2566 6934 2571 6934 6939 2571 2571 6939 2576 6939 6944 2576 2576 6944 2582 6944 6950 2582 2582 6950 2587 6950 6955 2587 2587 6955 2592 2592 6960 2597 6955 6960 2592 2597 6965 2602 6960 6965 2597 2602 6970 2607 6965 6970 2602 2607 6975 2612 6970 6975 2607 2612 6980 2618 6975 6980 2612 2618 6986 2621 6980 6986 2618 2621 6989 2625 6986 6989 2621 2625 6993 2628 6989 6993 2625 2628 6996 2631 6993 6996 2628 2631 6999 2634 6996 6999 2631 2634 7002 2656 6999 7002 2634 2656 7020 2655 7002 7020 2656 2655 7021 2654 7020 7021 2655 7021 7022 2654 2654 7022 2653 7022 7023 2653 2653 7023 2652 7023 7024 2652 7024 7068 2652 2652 7068 2700 7068 7081 2700 2700 7081 2714 2714 7082 2713 7081 7082 2714 2713 7128 2766 7082 7128 2713 2766 7129 2765 7128 7129 2766 2765 7130 2764 7129 7130 2765 2764 7131 2763 7130 7131 2764 2763 7132 2762 7131 7132 2763 2762 7133 2761 7132 7133 2762 2761 7249 2881 7133 7249 2761 2881 7245 2877 7249 7245 2881 2873 7241 2869 2877 7241 2873 7245 7241 2877 2869 7237 2865 7241 7237 2869 2865 7233 2861 7237 7233 2865 7233 7229 2861 7229 7225 2861 2861 7225 2857 2857 7221 2853 7225 7221 2857 2853 7217 2849 7221 7217 2853 2849 7213 2845 7217 7213 2849 2845 7209 2841 7213 7209 2845 2841 7205 2837 7209 7205 2841 2837 7201 2833 7205 7201 2837 2833 7197 2829 7201 7197 2833 2829 7193 2825 7197 7193 2829 2825 7189 2821 7193 7189 2825 2821 7185 2817 7189 7185 2821 2817 7181 2813 7185 7181 2817 2813 7177 2809 7181 7177 2813 7177 7173 2809 2809 7173 2805 2805 7169 2801 7173 7169 2805 2801 7165 2797 7169 7165 2801 2797 7157 2789 7165 7157 2797 2789 7153 2785 7157 7153 2789 2785 7149 2781 7153 7149 2785 2781 7148 2738 7149 7148 2781 2738 7148 2710 7148 7077 2710 7077 7076 2710 2709 7076 2707 2710 7076 2709 2707 7078 2712 7076 7078 2707 2712 7079 2711 7078 7079 2712 2711 7080 2698 7079 7080 2711 2698 7055 2697 7080 7055 2698 2697 7054 2696 7055 7054 2697 2696 7056 2695 7054 7056 2696 2695 7057 2694 7056 7057 2695 2694 7058 2693 7057 7058 2694 2693 7059 2692 7058 7059 2693 2692 7060 2691 7059 7060 2692 2691 7061 2690 7060 7061 2691 2690 7062 2689 7061 7062 2690 7062 7063 2689 2689 7063 2688 7063 7064 2688 2688 7064 2687 7064 7065 2687 2687 7065 2686 7065 7066 2686 2686 7066 2669 7066 7037 2669 2669 7037 2667 7037 7035 2667 2667 7035 2665 2665 7033 2660 7035 7033 2665 2660 7027 2661 7033 7027 2660 7027 7029 2661 7029 7028 2661 2661 7028 2659 2659 7028 2685 7028 7053 2685 2685 7075 2708 7053 7075 2685 2708 7095 2727 7075 7095 2708 2727 7137 2770 7095 7137 2727 7137 7144 2770 2770 7144 2777 7144 7142 2777 2775 7142 2773 2777 7142 2775 2773 7140 2772 7142 7140 2773 7140 7139 2772 2772 7139 2771 2771 7138 2760 7139 7138 2771 2760 7127 2758 7138 7127 2760 2758 7125 2756 7127 7125 2758 2756 7123 2754 7125 7123 2756 2754 7121 2752 7123 7121 2754 2752 7119 2750 7121 7119 2752 2750 7117 2748 7119 7117 2750 2748 7115 2746 7117 7115 2748 2746 7113 2744 7115 7113 2746 2744 7111 2742 7113 7111 2744 2742 7109 2740 7111 7109 2742 2740 7107 2735 7109 7107 2740 2735 7103 2731 7107 7103 2735 2731 7099 2726 7103 7099 2731 7099 7094 2726 2726 7094 2720 2720 7089 2721 7094 7089 2720 2721 7088 2728 7089 7088 2721 2728 7096 2732 7088 7096 2728 2732 7100 2737 7096 7100 2732 7100 7105 2737 7105 7147 2737 2737 7147 2780 7147 7152 2780 2780 7152 2784 2784 7156 2788 7152 7156 2784 2788 7164 2796 7156 7164 2788 2796 7168 2800 7164 7168 2796 2800 7172 2804 7168 7172 2800 2804 7176 2808 7172 7176 2804 7176 7180 2808 2808 7180 2812 7180 7184 2812 2812 7184 2816 7184 7188 2816 2816 7188 2820 7188 7192 2820 2820 7192 2824 7192 7196 2824 2824 7196 2828 7196 7200 2828 2828 7200 2832 7200 7204 2832 2832 7204 2836 7204 7208 2836 2836 7208 2840 7208 7212 2840 2840 7212 2844 7212 7216 2844 2844 7216 2848 7216 7220 2848 2848 7220 2852 7220 7224 2852 2852 7224 2856 2860 7228 2864 2856 7228 2860 7224 7228 2856 2864 7232 2868 7228 7232 2864 2868 7236 2872 7232 7236 2868 2872 7240 2876 7236 7240 2872 2876 7244 2880 7240 7244 2876 2880 7248 2883 7244 7248 2880 2883 7251 2901 7248 7251 2883 2901 7266 2900 7251 7266 2901 2900 7267 2899 7266 7267 2900 2899 7268 2898 7267 7268 2899 2898 7269 2951 7268 7269 2898 2951 7315 2950 7269 7315 2951 2950 7316 2949 7315 7316 2950 7316 7317 2949 2949 7317 2948 7317 7318 2948 2948 7318 2947 7318 7319 2947 2947 7319 2990 7319 7359 2990 2990 7359 3020 7359 7387 3020 3020 7388 3019 7387 7388 3020 3019 7389 3018 7388 7389 3019 3018 7538 3174 7389 7538 3018 3174 7539 3173 7538 7539 3174 3173 7540 3172 7539 7540 3173 3171 7541 3170 3172 7541 3171 7540 7541 3172 3170 7542 3156 7541 7542 3170 3156 7524 3152 7542 7524 3156 3152 7520 3148 7524 7520 3152 7520 7516 3148 7516 7512 3148 3148 7512 3144 3144 7508 3140 7512 7508 3144 3140 7504 3136 7508 7504 3140 3136 7500 3132 7504 7500 3136 3132 7491 3123 7500 7491 3132 3123 7487 3119 7491 7487 3123 3119 7483 3115 7487 7483 3119 3115 7479 3111 7483 7479 3115 3111 7475 3107 7479 7475 3111 3107 7471 3103 7475 7471 3107 3103 7467 3099 7471 7467 3103 7467 7463 3099 3099 7463 3095 7463 7459 3095 3095 7459 3091 3091 7455 3087 7459 7455 3091 3087 7451 3083 7455 7451 3087 7451 7447 3083 3083 7447 3079 3079 7443 3075 7447 7443 3079 3075 7439 3071 7443 7439 3075 3071 7435 3067 7439 7435 3071 3067 7431 3063 7435 7431 3067 3063 7427 3059 7431 7427 3063 3059 7423 3055 7427 7423 3059 3055 7354 3051 7423 7354 3055 7354 7311 3051 3051 7311 2946 2946 7311 2945 2945 7310 2944 7311 7310 2945 2944 7312 2943 7310 7312 2944 2943 7313 2942 7312 7313 2943 2942 7314 2929 7313 7314 2942 2929 7286 2928 7314 7286 2929 2928 7285 2927 7286 7285 2928 2927 7287 2926 7285 7287 2927 2926 7288 2925 7287 7288 2926 2925 7289 2924 7288 7289 2925 2924 7290 2923 7289 7290 2924 2923 7291 2922 7290 7291 2923 2922 7292 2921 7291 7292 2922 2921 7293 2920 7292 7293 2921 7293 7294 2920 2920 7294 2919 7294 7295 2919 2919 7295 2918 7295 7296 2918 2918 7296 2917 7296 7297 2917 2917 7297 2897 7297 7265 2897 2897 7265 2895 7265 7263 2895 2895 7263 2893 7263 7261 2893 2893 7257 2890 7261 7257 2893 2890 7259 2891 7257 7259 2890 7259 7258 2891 2891 7258 2889 2889 7258 2916 2916 7284 2941 7258 7284 2916 2941 7309 2957 7284 7309 2941 2957 7323 2996 7309 7323 2957 7323 7363 2996 7363 7372 2996 2996 7372 3003 7372 7370 3003 3003 7370 3002 3002 7368 3000 7370 7368 3002 3000 7366 2998 7368 7366 3000 2998 7362 2995 7366 7362 2998 2995 7360 2992 7362 7360 2995 2992 7357 2989 7360 7357 2992 2989 7355 2987 7357 7355 2989 2987 7350 2983 7355 7350 2987 2979 7346 2975 2983 7346 2979 7350 7346 2983 2975 7342 2971 7346 7342 2975 2971 7338 2967 7342 7338 2971 2967 7334 2963 7338 7334 2967 2963 7330 2958 7334 7330 2963 7330 7322 2958 2958 7322 2959 7322 7324 2959 2959 7324 2960 7324 7329 2960 2960 7329 2964 7329 7333 2964 2964 7333 2968 7333 7337 2968 2968 7337 2972 7337 7341 2972 2972 7341 2976 2976 7345 2980 7341 7345 2976 2980 7349 2985 7345 7349 2980 7349 7353 2985 7353 7419 2985 2985 7419 3050 7419 7422 3050 3050 7422 3054 3054 7426 3058 7422 7426 3054 3058 7430 3062 7426 7430 3058 3062 7434 3066 7430 7434 3062 3066 7438 3070 7434 7438 3066 3070 7442 3074 7438 7442 3070 7442 7446 3074 3074 7446 3078 7446 7450 3078 3078 7450 3082 7450 7454 3082 3086 7454 3090 3082 7454 3086 7454 7458 3090 3090 7458 3094 7458 7462 3094 3094 7462 3098 7462 7466 3098 3098 7466 3102 7466 7470 3102 3102 7470 3106 7470 7474 3106 3106 7474 3110 7474 7478 3110 3110 7478 3114 7478 7482 3114 3114 7482 3118 7482 7486 3118 3118 7486 3122 7486 7490 3122 3122 7490 3131 3131 7499 3135 7490 7499 3131 3135 7503 3139 7499 7503 3135 3139 7507 3143 7503 7507 3139 3143 7511 3147 7507 7511 3143 3147 7515 3151 7511 7515 3147 3151 7519 3155 7515 7519 3151 7519 7523 3155 3155 7523 3234 3234 7598 3233 7523 7598 3234 3233 7599 3232 7598 7599 3233 3232 7600 3231 7599 7600 3232 3231 7601 3230 7600 7601 3231 3230 7602 3271 7601 7602 3230 3271 7639 3274 7602 7639 3271 7639 7640 3274 3274 7640 3273 7640 7641 3273 3273 7641 3272 7641 7642 3272 7642 7668 3272 3272 7668 3300 7668 7823 3300 3300 7823 3457 3457 7824 3456 7823 7824 3457 3456 7825 3455 7824 7825 3456 3455 7886 3520 7825 7886 3455 3520 7887 3519 7886 7887 3520 3519 7888 3518 7887 7888 3519 3518 7885 3517 7888 7885 3518 7885 7884 3517 3517 7884 3516 3516 7768 3400 7884 7768 3516 3400 7764 3396 7768 7764 3400 3396 7760 3392 7764 7760 3396 3392 7756 3388 7760 7756 3392 3384 7752 3380 3388 7752 3384 7756 7752 3388 3380 7748 3376 7752 7748 3380 3376 7744 3372 7748 7744 3376 3372 7740 3368 7744 7740 3372 7740 7736 3368 3368 7736 3364 7736 7732 3364 3364 7732 3360 7732 7728 3360 3360 7728 3356 3356 7724 3352 7728 7724 3356 7724 7720 3352 3352 7720 3348 3348 7716 3344 7720 7716 3348 3344 7712 3340 7716 7712 3344 3340 7708 3336 7712 7708 3340 3336 7704 3332 7708 7704 3336 3332 7700 3328 7704 7700 3332 3328 7696 3324 7700 7696 3328 3324 7692 3320 7696 7692 3324 3320 7688 3316 7692 7688 3320 3316 7684 3312 7688 7684 3316 3312 7680 3308 7684 7680 3312 3308 7676 3304 7680 7676 3308 3304 7672 3235 7676 7672 3304 7672 7603 3235 3235 7603 3169 7603 7534 3169 7534 7533 3169 3169 7533 3168 3168 7535 3167 7533 7535 3168 3167 7536 3166 7535 7536 3167 3166 7537 3165 7536 7537 3166 3165 7416 3047 7537 7416 3165 3047 7414 3045 7416 7414 3047 3045 7412 3043 7414 7412 3045 3041 7410 3040 3043 7410 3041 7412 7410 3043 3040 7402 3039 7410 7402 3040 3039 7401 3038 7402 7401 3039 3038 7403 3037 7401 7403 3038 3037 7404 3036 7403 7404 3037 3036 7405 3035 7404 7405 3036 7405 7406 3035 3035 7406 3034 7406 7407 3034 3034 7407 3033 7407 7408 3033 3033 7408 3032 7408 7409 3032 3032 7409 3016 7409 7385 3016 3016 7385 3014 7385 7383 3014 3014 7383 3012 3012 7381 3007 7383 7381 3012 3007 7375 3008 7381 7375 3007 7375 7377 3008 7377 7376 3008 3008 7376 3006 7376 7400 3006 3006 7400 3031 3164 7532 3185 3031 7532 3164 7400 7532 3031 3185 7553 3212 7532 7553 3185 7553 7581 3212 7581 7597 3212 3212 7597 3229 7597 7593 3229 3229 7593 3225 3225 7589 3221 7593 7589 3225 3221 7585 3217 7589 7585 3221 3217 7580 3213 7585 7580 3217 3213 7575 3207 7580 7575 3213 3207 7571 3203 7575 7571 3207 3203 7567 3199 7571 7567 3203 3199 7563 3195 7567 7563 3199 3195 7559 3191 7563 7559 3195 3191 7555 3187 7559 7555 3191 3187 7552 3183 7555 7552 3187 3183 7551 3184 7552 7551 3183 7551 7557 3184 3184 7557 3189 7557 7561 3189 3189 7561 3193 7561 7565 3193 3193 7565 3197 7565 7569 3197 3197 7569 3201 7569 7573 3201 3201 7573 3205 7573 7577 3205 3205 7577 3209 3209 7583 3215 7577 7583 3209 3219 7587 3223 3215 7587 3219 7583 7587 3215 3223 7591 3227 7587 7591 3223 7591 7595 3227 3227 7595 3303 7595 7671 3303 7671 7675 3303 3303 7675 3307 3307 7679 3311 7675 7679 3307 3311 7683 3315 7679 7683 3311 3315 7687 3319 7683 7687 3315 3319 7691 3323 7687 7691 3319 3323 7695 3327 7691 7695 3323 7695 7699 3327 3327 7699 3331 7699 7703 3331 3331 7703 3335 7703 7707 3335 3335 7707 3339 7707 7711 3339 3339 7711 3343 7711 7715 3343 3343 7715 3347 7715 7719 3347 3347 7719 3351 7719 7723 3351 3351 7723 3355 7723 7727 3355 3355 7727 3359 7727 7731 3359 3359 7731 3363 7731 7735 3363 3363 7735 3367 7735 7739 3367 3367 7739 3371 7739 7743 3371 3371 7743 3375 3375 7747 3379 7743 7747 3375 3379 7751 3383 7747 7751 3379 3383 7755 3387 7751 7755 3383 3387 7759 3391 7755 7759 3387 3391 7763 3395 7759 7763 3391 3395 7767 3399 7763 7767 3395 3399 7771 3403 7767 7771 3399 3403 7922 3559 7771 7922 3403 3559 7923 3558 7922 7923 3559 3558 7924 3557 7923 7924 3558 3556 7925 3555 3557 7925 3556 7924 7925 3557 3555 7926 3731 7925 7926 3555 3731 8096 3730 7926 8096 3731 8096 8097 3730 3730 8097 3729 8097 8098 3729 3729 8098 3728 8098 8099 3728 8099 8145 3728 3728 8145 3777 8145 8215 3777 3850 8215 3849 3777 8215 3850 3849 8216 3848 8215 8216 3849 3848 8217 3847 8216 8217 3848 8217 8218 3847 8218 8374 3847 3847 8374 4009 4009 8375 4008 8374 8375 4009 4008 8376 4007 8375 8376 4008 4007 8377 4006 8376 8377 4007 4006 8091 3723 8377 8091 4006 3723 8085 3717 8091 8085 3723 3717 8081 3713 8085 8081 3717 3713 8075 3707 8081 8075 3713 8075 8071 3707 3707 8071 3703 8071 8067 3703 3703 8067 3699 8067 8061 3699 3699 8061 3693 8061 8057 3693 3693 8057 3689 3689 8053 3685 8057 8053 3689 8053 8047 3685 3685 8047 3679 3679 8043 3675 8047 8043 3679 3675 8037 3669 8043 8037 3675 3669 8033 3665 8037 8033 3669 3665 8029 3661 8033 8029 3665 3661 8023 3655 8029 8023 3661 3655 8019 3651 8023 8019 3655 3651 8015 3647 8019 8015 3651 3647 8009 3641 8015 8009 3647 3641 8005 3637 8009 8005 3641 3637 8001 3633 8005 8001 3637 3633 7995 3627 8001 7995 3633 3627 7991 3623 7995 7991 3627 3623 7987 3619 7991 7987 3623 3619 7979 3611 7987 7979 3619 3611 7974 3606 7979 7974 3611 3606 7889 3522 7974 7889 3606 3522 7889 3298 7889 7663 3298 3298 7663 3297 3297 7662 3296 7663 7662 3297 7662 7664 3296 3296 7665 3295 7664 7665 3296 3295 7666 3294 7665 7666 3295 3294 7652 3284 7666 7652 3294 3284 7650 3282 7652 7650 3284 3282 7648 3280 7650 7648 3282 3280 7646 3278 7648 7646 3280 3278 7644 3276 7646 7644 3278 3276 7638 3270 7644 7638 3276 3270 7636 3268 7638 7636 3270 3268 7632 3267 7636 7632 3268 7632 7631 3267 3267 7631 3266 7631 7633 3266 3266 7633 3265 7633 7634 3265 3265 7634 3264 7634 7635 3264 3264 7635 3263 7635 7630 3263 3263 7630 3262 7630 7620 3262 3262 7620 3252 3252 7618 3250 7620 7618 3252 3250 7616 3248 7618 7616 3250 3248 7610 3243 7616 7610 3248 3243 7612 3244 7610 7612 3243 7612 7611 3244 3244 7611 3242 3242 7611 3261 3261 7629 3293 7611 7629 3261 7629 7661 3293 3293 7778 3410 7661 7778 3293 3410 7788 3419 7778 7788 3410 7788 7806 3419 3419 7806 3438 7806 7801 3438 3433 7801 3429 3438 7801 3433 3429 7797 3425 7801 7797 3429 3425 7793 3420 7797 7793 3425 3420 7787 3415 7793 7787 3420 3415 7783 3411 7787 7783 3415 3411 7779 3408 7783 7779 3411 3408 7777 3409 7779 7777 3408 3409 7776 3414 7777 7776 3409 3414 7782 3418 7776 7782 3414 3418 7786 3424 7782 7786 3418 3424 7792 3428 7786 7792 3424 3428 7796 3432 7792 7796 3428 3432 7800 3436 7796 7800 3432 7800 7804 3436 3436 7804 3440 7804 7808 3440 3440 7808 3442 7808 7810 3442 3442 7810 3444 7810 7812 3444 3444 7812 3446 7812 7814 3446 3446 7814 3448 7814 7816 3448 3448 7816 3450 3450 7818 3452 7816 7818 3450 3452 7820 3454 7818 7820 3452 7820 7822 3454 3454 7822 3602 7822 7970 3602 7970 7973 3602 3605 7973 3610 3602 7973 3605 3610 7978 3618 7973 7978 3610 3618 7986 3622 7978 7986 3618 3622 7990 3626 7986 7990 3622 3626 7994 3632 7990 7994 3626 3632 8000 3636 7994 8000 3632 3636 8004 3640 8000 8004 3636 8004 8008 3640 3640 8008 3646 8008 8014 3646 3646 8014 3650 8014 8018 3650 3650 8018 3654 8018 8022 3654 3654 8022 3660 8022 8028 3660 3660 8028 3664 8028 8032 3664 3664 8032 3668 8032 8036 3668 3668 8036 3674 8036 8042 3674 3674 8042 3678 8042 8046 3678 3678 8046 3684 8046 8052 3684 3684 8052 3688 8052 8056 3688 3688 8056 3692 3692 8060 3698 8056 8060 3692 3698 8066 3702 8060 8066 3698 3702 8070 3706 8066 8070 3702 3706 8074 3712 8070 8074 3706 3712 8080 3716 8074 8080 3712 3716 8084 3722 8080 8084 3716 3722 8090 4185 8084 8090 3722 4185 8548 4184 8090 8548 4185 4184 8549 4183 8548 8549 4184 4183 8550 4182 8549 8550 4183 4182 8551 4181 8550 8551 4182 4181 8552 4194 8551 8552 4181 4194 8559 4193 8552 8559 4194 8559 8560 4193 4193 8560 4192 8560 8561 4192 4192 8561 4191 8561 8562 4191 8562 8657 4191 4191 8657 4290 4290 8657 4308 4308 8671 4307 8657 8671 4308 4307 8672 4306 8671 8672 4307 4306 8673 4305 8672 8673 4306 4305 8674 4363 8673 8674 4305 4363 8727 4362 8674 8727 4363 8727 8728 4362 8728 8729 4362 4362 8729 4361 8729 8730 4361 4361 8730 4360 8730 8466 4360 4360 8466 4098 8466 8455 4098 4098 8455 4087 8455 8449 4087 4087 8449 4081 8449 8438 4081 4081 8438 4070 8438 8432 4070 4070 8432 4064 8432 8423 4064 4064 8423 4055 8423 8410 4055 4055 8410 4042 8410 8406 4042 4042 8406 4038 8406 8400 4038 4038 8400 4032 8400 8392 4032 4032 8392 4024 4024 8382 4014 8392 8382 4024 4014 8372 4004 8382 8372 4014 4004 8368 4000 8372 8368 4004 4000 8364 3996 8368 8364 4000 3996 8358 3990 8364 8358 3996 3990 8354 3986 8358 8354 3990 3986 8348 3980 8354 8348 3986 3980 8344 3976 8348 8344 3980 3976 8340 3972 8344 8340 3976 3972 8332 3964 8340 8332 3972 3964 8328 3960 8332 8328 3964 3960 8324 3956 8328 8324 3960 3956 8316 3948 8324 8316 3956 8316 8312 3948 3948 8312 3944 8312 8306 3944 3944 8306 3938 8306 8305 3938 3938 8305 3937 8305 7883 3937 3937 7883 3515 3515 7883 3513 3513 7881 3511 7883 7881 3513 3511 7879 3509 7881 7879 3511 3509 7877 3508 7879 7877 3509 3508 7876 3503 7877 7876 3508 3503 7871 3501 7876 7871 3503 3501 7869 3499 7871 7869 3501 3499 7867 3497 7869 7867 3499 3497 7865 3495 7867 7865 3497 3495 7863 3493 7865 7863 3495 3493 7861 3491 7863 7861 3493 3491 7859 3489 7861 7859 3491 3489 7857 3481 7859 7857 3489 3481 7849 3479 7857 7849 3481 7849 7847 3479 3479 7847 3477 7847 7844 3477 3477 7844 3476 7844 7843 3476 7843 7845 3476 3476 7845 3475 7845 7837 3475 3475 7837 3469 3469 7835 3467 7837 7835 3469 7835 7833 3467 3467 7833 3465 3465 7829 3462 7833 7829 3465 3462 7831 3463 7829 7831 3462 7831 7830 3463 3463 7830 3461 3461 7830 3474 3474 7842 3507 7830 7842 3474 3507 7875 3529 7842 7875 3507 3529 7896 3527 7875 7896 3529 7896 7895 3527 7895 7913 3527 3527 7913 3546 7913 7909 3546 3542 7909 3538 3546 7909 3542 3538 7905 3534 7909 7905 3538 3534 7901 3528 7905 7901 3534 3528 7894 3535 7901 7894 3528 3535 7902 3539 7894 7902 3535 3539 7906 3543 7902 7906 3539 3543 7910 3547 7906 7910 3543 3547 7914 3549 7910 7914 3547 3549 7916 3551 7914 7916 3549 3551 7918 3553 7916 7918 3551 3553 7920 3560 7918 7920 3553 3560 7927 3562 7920 7927 3560 3562 7929 3564 7927 7929 3562 7929 7931 3564 3564 7931 3566 7931 7933 3566 3566 7933 3568 7933 7935 3568 3568 7935 3570 7935 7937 3570 3570 7937 3572 7937 7939 3572 3572 7939 3574 7939 7941 3574 3574 7941 3576 3576 7943 3579 7941 7943 3576 3579 7946 3582 7943 7946 3579 7946 7949 3582 7949 8304 3582 3582 8304 3936 8304 8311 3936 3936 8311 3943 3943 8315 3947 8311 8315 3943 3947 8323 3955 8315 8323 3947 3955 8327 3959 8323 8327 3955 3959 8331 3963 8327 8331 3959 3963 8339 3971 8331 8339 3963 3971 8343 3975 8339 8343 3971 3975 8347 3979 8343 8347 3975 8347 8353 3979 3979 8353 3985 8353 8357 3985 3985 8357 3989 8357 8363 3989 3989 8363 3995 8363 8367 3995 3995 8367 3999 8367 8371 3999 3999 8371 4003 8371 8381 4003 4003 8381 4013 8381 8391 4013 4013 8391 4023 8391 8399 4023 4023 8399 4031 8399 8405 4031 4031 8405 4037 8405 8409 4037 4037 8409 4041 4041 8422 4054 8409 8422 4041 4054 8431 4063 8422 8431 4054 8431 8437 4063 4063 8437 4069 4069 8448 4080 8437 8448 4069 4080 8454 4086 8448 8454 4080 4086 8465 4097 8454 8465 4086 4101 8469 4429 4097 8469 4101 8465 8469 4097 4429 8793 4428 8469 8793 4429 4428 8794 4427 8793 8794 4428 4427 8795 4426 8794 8795 4427 4426 8796 4425 8795 8796 4426 8796 8797 4425 8797 8958 4425 4425 8958 4595 4595 8959 4594 8958 8959 4595 4593 8960 4592 4594 8960 4593 8959 8960 4594 8960 8961 4592 4592 8961 4597 8961 8963 4597 4597 8963 4602 4602 8965 4601 8963 8965 4602 4601 8966 4600 8965 8966 4601 4600 8967 4599 8966 8967 4600 4599 8968 4613 8967 8968 4599 4613 8976 4612 8968 8976 4613 4612 8977 4611 8976 8977 4612 4611 8978 4610 8977 8978 4611 8978 8979 4610 4610 8979 4300 8979 8667 4300 4300 8667 4296 8667 8663 4296 4296 8663 4292 8663 8659 4292 4292 8659 4287 8659 8654 4287 4287 8654 4283 8654 8650 4283 4283 8650 4279 8650 8646 4279 4279 8646 4275 8646 8642 4275 8642 8638 4275 4275 8638 4271 8638 8634 4271 4271 8634 4267 8634 8630 4267 4267 8630 4263 4263 8626 4259 8630 8626 4263 4259 8622 4255 8626 8622 4259 4255 8618 4251 8622 8618 4255 4251 8614 4247 8618 8614 4251 4247 8610 4243 8614 8610 4247 4243 8606 4239 8610 8606 4243 4239 8602 4235 8606 8602 4239 4235 8598 4231 8602 8598 4235 4231 8594 4227 8598 8594 4231 4227 8590 4223 8594 8590 4227 4223 8586 4219 8590 8586 4223 4219 8582 4215 8586 8582 4219 4215 8578 4211 8582 8578 4215 8578 8574 4211 4211 8574 4207 8574 8570 4207 4207 8570 4203 8570 8553 4203 4203 8553 4201 8553 8115 4201 4201 8115 3747 3747 8115 3745 3745 8113 3743 8115 8113 3745 3743 8111 3741 8113 8111 3743 3741 8109 3739 8111 8109 3741 3739 8107 3736 8109 8107 3739 3736 8104 3733 8107 8104 3736 3733 8101 3727 8104 8101 3733 3727 8095 3725 8101 8095 3727 3725 8093 3719 8095 8093 3725 3719 8087 3709 8093 8087 3719 3709 8077 3695 8087 8077 3709 3695 8063 3681 8077 8063 3695 3681 8049 3671 8063 8049 3681 3671 8039 3657 8049 8039 3671 8039 8025 3657 3657 8025 3643 8025 8011 3643 3643 8011 3629 8011 7997 3629 3629 7997 3617 7997 7985 3617 3617 7985 3600 7985 7967 3600 3600 7967 3592 7967 7959 3592 3592 7957 3590 7959 7957 3592 3590 7953 3587 7957 7953 3590 3587 7955 3588 7953 7955 3587 7955 7954 3588 3588 7954 3586 7954 7984 3586 3586 7984 3616 3616 8105 3737 7984 8105 3616 3760 8128 3751 3737 8128 3760 8105 8128 3737 8128 8119 3751 8119 8118 3751 3751 8118 3749 3749 8118 3750 3750 8117 3755 8118 8117 3750 3755 8123 3757 8117 8123 3755 3757 8125 3759 8123 8125 3757 3759 8127 3763 8125 8127 3759 3763 8131 3765 8127 8131 3763 3765 8133 3767 8131 8133 3765 3767 8135 3769 8133 8135 3767 3769 8137 3771 8135 8137 3769 3771 8139 3773 8137 8139 3771 3773 8141 3775 8139 8141 3773 3775 8143 3778 8141 8143 3775 3778 8146 3780 8143 8146 3778 3780 8148 3782 8146 8148 3780 8148 8150 3782 3782 8150 3784 8150 8152 3784 3784 8152 3786 8152 8154 3786 3786 8154 3788 8154 8156 3788 3788 8156 3790 8156 8158 3790 3790 8158 3792 8158 8160 3792 3792 8160 3800 3800 8168 3804 8160 8168 3800 3804 8172 3809 8168 8172 3804 8172 8177 3809 8177 8568 3809 3809 8568 4200 8568 8569 4200 4200 8569 4202 4202 8573 4206 8569 8573 4202 4206 8577 4210 8573 8577 4206 4210 8581 4214 8577 8581 4210 4214 8585 4218 8581 8585 4214 4218 8589 4222 8585 8589 4218 4222 8593 4226 8589 8593 4222 4226 8597 4230 8593 8597 4226 4230 8601 4234 8597 8601 4230 8601 8605 4234 4234 8605 4238 8605 8609 4238 4238 8609 4242 8609 8613 4242 4242 8613 4246 8613 8617 4246 4246 8617 4250 8617 8621 4250 4250 8621 4254 8621 8625 4254 4254 8625 4258 8625 8629 4258 4258 8629 4262 8629 8633 4262 4266 8633 4270 4262 8633 4266 8633 8637 4270 4270 8637 4274 4274 8641 4278 8637 8641 4274 4278 8645 4282 8641 8645 4278 4282 8649 4286 8645 8649 4282 4286 8653 4291 8649 8653 4286 4291 8658 4295 8653 8658 4291 4295 8662 4299 8658 8662 4295 4299 8666 4609 8662 8666 4299 4609 8975 4622 8666 8975 4609 8975 8984 4622 8984 8985 4622 4622 8985 4621 4621 8986 4620 8985 8986 4621 4620 8987 4619 8986 8987 4620 4619 8988 4618 8987 8988 4619 4618 8995 4631 8988 8995 4618 4631 8996 4630 8995 8996 4631 4630 8997 4629 8996 8997 4630 8997 8999 4629 4629 8999 4633 8999 9001 4633 4638 9001 4637 4633 9001 4638 4637 9002 4636 9001 9002 4637 4636 9003 4635 9002 9003 4636 4635 9004 4648 9003 9004 4635 4648 9011 4647 9004 9011 4648 4647 9012 4646 9011 9012 4647 4646 9013 4645 9012 9013 4646 9013 9014 4645 4645 9014 4417 9014 8784 4417 4417 8784 4413 8784 8780 4413 4413 8780 4409 8780 8776 4409 4409 8776 4405 8776 8772 4405 4405 8772 4401 8772 8768 4401 4401 8768 4397 8768 8764 4397 4397 8764 4393 8764 8760 4393 4393 8760 4389 8760 8756 4389 4389 8756 4385 8756 8752 4385 4385 8752 4381 8752 8748 4381 4381 8748 4377 4377 8744 4373 8748 8744 4377 4373 8740 4369 8744 8740 4373 4369 8736 4365 8740 8736 4369 4365 8732 4357 8736 8732 4365 4357 8724 4353 8732 8724 4357 4353 8720 4349 8724 8720 4353 4349 8716 4345 8720 8716 4349 4345 8712 4341 8716 8712 4345 4341 8708 4337 8712 8708 4341 4337 8704 4333 8708 8704 4337 4333 8700 4329 8704 8700 4333 4329 8696 4325 8700 8696 4329 4325 8692 4321 8696 8692 4325 8692 8688 4321 4321 8688 4317 8688 8684 4317 4317 8684 4304 8684 8683 4304 8683 8224 4304 4304 8224 3856 3856 8224 3854 3854 8222 3852 8224 8222 3854 3852 8220 3846 8222 8220 3852 3846 8214 3844 8220 8214 3846 3844 8212 3841 8214 8212 3844 3841 8209 3838 8212 8209 3841 3838 8206 3836 8209 8206 3838 3836 8204 3834 8206 8204 3836 3834 8202 3832 8204 8202 3834 3832 8200 3830 8202 8200 3832 3830 8198 3828 8200 8198 3830 3828 8196 3826 8198 8196 3828 3826 8194 3824 8196 8194 3826 3824 8192 3822 8194 8192 3824 8192 8190 3822 3822 8190 3819 8190 8187 3819 3819 8187 3817 8187 8185 3817 3817 8185 3815 8185 8183 3815 3815 8183 3812 8183 8180 3812 3812 8180 3807 8180 8175 3807 3807 8175 3803 3803 8171 3798 8175 8171 3803 3798 8165 3799 8171 8165 3798 8165 8167 3799 8167 8166 3799 3799 8166 3797 3797 8166 3813 3813 8181 3842 8166 8181 3813 8181 8210 3842 3842 8238 3870 8210 8238 3842 3870 8230 3862 8238 8230 3870 8230 8229 3862 3862 8229 3860 8229 8228 3860 3860 8228 3861 3861 8232 3864 8228 8232 3861 3864 8234 3866 8232 8234 3864 3866 8237 3869 8234 8237 3866 3869 8240 3872 8237 8240 3869 3872 8242 3874 8240 8242 3872 3874 8244 3876 8242 8244 3874 3876 8246 3878 8244 8246 3876 3880 8248 3882 3878 8248 3880 8246 8248 3878 3882 8250 3884 8248 8250 3882 3884 8252 3892 8250 8252 3884 3892 8260 3903 8252 8260 3892 3903 8271 3907 8260 8271 3903 8271 8275 3907 3907 8275 3913 8275 8281 3913 3913 8281 3917 8281 8285 3917 3917 8285 3921 8285 8289 3921 3921 8289 3925 8289 8293 3925 3925 8293 3929 8293 8297 3929 3929 8297 3939 3939 8307 3952 8297 8307 3939 3952 8320 3968 8307 8320 3952 8320 8336 3968 3968 8336 4316 8336 8682 4316 8682 8687 4316 4316 8687 4320 4320 8691 4324 8687 8691 4320 4324 8695 4328 8691 8695 4324 4332 8699 4336 4328 8699 4332 8695 8699 4328 4336 8703 4340 8699 8703 4336 4340 8707 4344 8703 8707 4340 4344 8711 4348 8707 8711 4344 4348 8715 4352 8711 8715 4348 4352 8719 4356 8715 8719 4352 4356 8723 4364 8719 8723 4356 4364 8731 4368 8723 8731 4364 8731 8735 4368 4368 8735 4372 8735 8739 4372 4372 8739 4376 8739 8743 4376 4376 8743 4380 8743 8747 4380 4380 8747 4384 8747 8751 4384 4384 8751 4388 8751 8755 4388 4388 8755 4392 8755 8759 4392 4392 8759 4396 8759 8763 4396 4396 8763 4400 4400 8767 4404 8763 8767 4400 4404 8771 4408 8767 8771 4404 4408 8775 4412 8771 8775 4408 8775 8779 4412 8779 8783 4412 4412 8783 4416 4416 8786 4419 8783 8786 4416 4419 9020 4659 8786 9020 4419 4659 9021 4658 9020 9021 4659 4658 9022 4657 9021 9022 4658 4657 9023 4656 9022 9023 4657 4656 9024 4655 9023 9024 4656 4655 9025 4654 9024 9025 4655 4654 9031 4665 9025 9031 4654 4665 9032 4667 9031 9032 4665 4667 9033 4666 9032 9033 4667 9033 9035 4666 4666 9035 4669 9035 9038 4669 4669 9038 4676 4676 9039 4675 9038 9039 4676 4675 9040 4674 9039 9040 4675 4674 9041 4673 9040 9041 4674 4673 9042 4672 9041 9042 4673 4672 9048 4685 9042 9048 4672 9048 9049 4685 4685 9049 4684 9049 9050 4684 4684 9050 4683 9050 8920 4683 4683 8920 4554 8920 8916 4554 4554 8916 4550 8916 8910 4550 4550 8910 4544 8910 8904 4544 4544 8904 4538 8904 8900 4538 4538 8900 4534 8900 8894 4534 4534 8894 4528 8894 8882 4528 4528 8882 4516 8882 8876 4516 4516 8876 4510 8876 8872 4510 4510 8872 4506 8872 8866 4506 4506 8866 4500 4500 8860 4494 8866 8860 4500 4494 8854 4488 8860 8854 4494 4488 8850 4484 8854 8850 4488 4484 8846 4480 8850 8846 4484 4480 8842 4476 8846 8842 4480 4476 8838 4472 8842 8838 4476 4472 8834 4468 8838 8834 4472 4468 8830 4464 8834 8830 4468 4464 8826 4460 8830 8826 4464 4460 8822 4456 8826 8822 4460 4456 8818 4452 8822 8818 4456 4452 8814 4448 8818 8814 4452 4448 8810 4444 8814 8810 4448 8810 8806 4444 4444 8806 4440 8806 8802 4440 4440 8802 4436 8802 8792 4436 4436 8792 4434 8792 8495 4434 4434 8495 4128 8495 8489 4128 4128 8489 4121 4121 8482 4114 8489 8482 4121 4114 8474 4106 8482 8474 4114 4106 8461 4093 8474 8461 4106 4093 8439 4072 8461 8439 4093 4072 8415 4047 8439 8415 4072 4047 8395 4027 8415 8395 4047 4027 8373 4005 8395 8373 4027 4005 8359 3991 8373 8359 4005 3991 8349 3981 8359 8349 3991 3981 8333 3965 8349 8333 3981 3965 8317 3949 8333 8317 3965 3949 8298 3930 8317 8298 3949 8298 8294 3930 3930 8294 3926 8294 8290 3926 3926 8290 3922 8290 8286 3922 3922 8286 3918 8286 8282 3918 3918 8282 3914 8282 8277 3914 3914 8277 3910 3910 8273 3905 8277 8273 3910 3905 8269 3901 8273 8269 3905 3901 8269 3893 3893 8261 3886 8269 8261 3893 3886 8253 3887 8261 8253 3886 8253 8255 3887 8255 8254 3887 3887 8254 3885 3885 8254 3909 3909 8278 4071 8254 8278 3909 4071 8440 4044 8278 8440 4071 4044 8412 4017 8440 8412 4044 8412 8385 4017 8385 8384 4017 4017 8384 4015 4015 8384 4016 4016 8383 4025 8384 8383 4016 4025 8393 4035 8383 8393 4025 4035 8403 4043 8393 8403 4035 4043 8411 4059 8403 8411 4043 4059 8427 4073 8411 8427 4059 4073 8441 4085 8427 8441 4073 4085 8453 4099 8441 8453 4085 4099 8467 4105 8453 8467 4099 4105 8473 4111 8467 8473 4105 4111 8479 4117 8473 8479 4111 4117 8485 4123 8479 8485 4117 4123 8491 4129 8485 8491 4123 4129 8496 4133 8491 8496 4129 8496 8500 4133 4133 8500 4137 8500 8504 4137 4137 8504 4141 8504 8508 4141 4141 8508 4150 8508 8517 4150 4150 8517 4154 8517 8521 4154 4154 8521 4158 8521 8525 4158 4158 8525 4162 4162 8529 4167 8525 8529 4162 4167 8534 4172 8529 8534 4167 8534 8539 4172 8539 8800 4172 4172 8800 4433 4433 8800 4435 4435 8801 4439 8800 8801 4435 4439 8805 4443 8801 8805 4439 4443 8809 4447 8805 8809 4443 4447 8813 4451 8809 8813 4447 4451 8817 4455 8813 8817 4451 4455 8821 4459 8817 8821 4455 4459 8825 4463 8821 8825 4459 4463 8829 4467 8825 8829 4463 4467 8833 4471 8829 8833 4467 4471 8837 4475 8833 8837 4471 4475 8841 4479 8837 8841 4475 4479 8845 4483 8841 8845 4479 4483 8849 4487 8845 8849 4483 4487 8853 4493 8849 8853 4487 8853 8859 4493 4493 8859 4499 8859 8865 4499 4499 8865 4505 8865 8871 4505 4505 8871 4509 8871 8875 4509 4509 8875 4515 8875 8881 4515 4515 8881 4527 8881 8893 4527 8893 8899 4527 4527 8899 4533 4533 8903 4537 8899 8903 4533 4537 8909 4543 8903 8909 4537 4543 8915 4549 8909 8915 4543 4549 8919 4553 8915 8919 4549 4553 9051 4682 8919 9051 4553 4682 9057 4696 9051 9057 4682 4696 9058 4695 9057 9058 4696 4695 9059 4694 9058 9059 4695 4694 9060 4693 9059 9060 4694 4693 9061 4692 9060 9061 4693 4692 9062 4691 9061 9062 4692 4691 9068 4703 9062 9068 4691 4703 9069 4702 9068 9069 4703 9069 9071 4702 4702 9071 4705 4705 9071 4712 4712 9074 4711 9071 9074 4712 4711 9075 4710 9074 9075 4711 4710 9076 4709 9075 9076 4710 4709 9077 4708 9076 9077 4709 4708 9078 4721 9077 9078 4708 4721 9085 4720 9078 9085 4721 4720 9086 4719 9085 9086 4720 9086 9087 4719 4719 9087 4590 9087 8956 4590 4590 8956 4588 8956 8954 4588 4588 8954 4586 8954 8952 4586 8952 8950 4586 4586 8950 4584 8950 8948 4584 4584 8948 4582 8948 8946 4582 4582 8946 4580 8946 8944 4580 4580 8944 4578 8944 8942 4578 4578 8942 4576 8942 8940 4576 4576 8940 4574 8940 8938 4574 4574 8938 4572 4572 8936 4570 8938 8936 4572 4570 8934 4568 8936 8934 4570 4568 8932 4566 8934 8932 4568 4566 8930 4564 8932 8930 4566 4564 8928 4562 8930 8928 4564 4562 8926 4560 8928 8926 4562 4560 8924 4558 8926 8924 4560 4558 8922 4556 8924 8922 4558 4556 8913 4547 8922 8913 4556 4547 8907 4541 8913 8907 4547 4541 8897 4531 8907 8897 4541 4531 8891 4525 8897 8891 4531 4525 8877 4511 8891 8877 4525 8877 8869 4511 4511 8869 4503 8869 8863 4503 4503 8863 4497 8863 8857 4497 4497 8857 4492 8857 8547 4492 4492 8547 4180 4180 8547 4177 4177 8544 4175 8547 8544 4177 4175 8542 4173 8544 8542 4175 4173 8540 4169 8542 8540 4173 4169 8536 4164 8540 8536 4169 4164 8531 4160 8536 8531 4164 4160 8527 4156 8531 8527 4160 4156 8523 4152 8527 8523 4156 4152 8519 4148 8523 8519 4152 8519 8515 4148 4148 8506 4139 8515 8506 4148 4139 8502 4135 8506 8502 4139 4135 8498 4131 8502 8498 4135 4131 8493 4125 8498 8493 4131 4125 8487 4119 8493 8487 4125 4119 8481 4113 8487 8481 4119 4113 8477 4109 8481 8477 4113 8477 8471 4109 4109 8471 4103 4103 8457 4090 8471 8457 4103 4090 8447 4079 8457 8447 4090 4079 8433 4065 8447 8433 4079 4065 8419 4052 8433 8419 4065 4052 8421 4053 8419 8421 4052 8421 8420 4053 4053 8420 4051 8420 8458 4051 4051 8458 4089 4165 8532 4096 4089 8532 4165 8458 8532 4089 4096 8464 4058 8532 8464 4096 8464 8426 4058 8426 8425 4058 4058 8425 4056 4056 8425 4057 4057 8424 4066 8425 8424 4057 4066 8434 4082 8424 8434 4066 4082 8450 4095 8434 8450 4082 4095 8463 4104 8450 8463 4095 4104 8472 4110 8463 8472 4104 4110 8478 4116 8472 8478 4110 4116 8484 4120 8478 8484 4116 4120 8488 4126 8484 8488 4120 4126 8494 4132 8488 8494 4126 4132 8499 4136 8494 8499 4132 4136 8503 4140 8499 8503 4136 4140 8507 4149 8503 8507 4140 4149 8516 4153 8507 8516 4149 8516 8520 4153 4153 8520 4157 8520 8524 4157 4157 8524 4161 8524 8528 4161 4161 8528 4166 8528 8533 4166 4166 8533 4170 8533 8537 4170 4170 8537 4174 8537 8541 4174 4174 8541 4176 4176 8543 4178 8541 8543 4176 4178 8545 4179 8543 8545 4178 8545 8546 4179 8546 8858 4179 4179 8858 4491 8858 8864 4491 4498 8864 4504 4491 8864 4498 4504 8870 4512 8864 8870 4504 4512 8878 4526 8870 8878 4512 4526 8892 4532 8878 8892 4526 4532 8898 4542 8892 8898 4532 4542 8908 4548 8898 8908 4542 4548 8914 4557 8908 8914 4548 4557 8923 4559 8914 8923 4557 4559 8925 4561 8923 8925 4559 4561 8927 4563 8925 8927 4561 4563 8929 4565 8927 8929 4563 4565 8931 4567 8929 8931 4565 4567 8933 4569 8931 8933 4567 4569 8935 4571 8933 8935 4569 4571 8937 4573 8935 8937 4571 8937 8939 4573 8939 8941 4573 4573 8941 4575 4575 8943 4577 8941 8943 4575 4577 8945 4579 8943 8945 4577 4579 8947 4581 8945 8947 4579 4581 8949 4583 8947 8949 4581 4583 8951 4585 8949 8951 4583 4585 8953 4587 8951 8953 4585 4587 8955 4589 8953 8955 4587 4589 8957 4591 8955 8957 4589 4591 9080 4718 8957 9080 4591 4718 9079 4717 9080 9079 4718 4717 9081 4716 9079 9081 4717 4716 9082 4715 9081 9082 4716 4715 9083 4714 9082 9083 4715 9083 9084 4714 4714 9084 4713 4713 9073 4707 9084 9073 4713 9073 9072 4707 4707 9072 4706 4706 9070 4704 9072 9070 4706 9070 9064 4704 4704 9064 4701 9064 9063 4701 4700 9063 4699 4701 9063 4700 4699 9065 4698 9063 9065 4699 4698 9066 4697 9065 9066 4698 4697 9067 4690 9066 9067 4697 4690 9054 4689 9067 9054 4690 4689 9053 4688 9054 9053 4689 4688 9055 4687 9053 9055 4688 9055 9056 4687 4687 9056 4555 9056 8921 4555 4555 8921 4552 8921 8917 4552 4552 8917 4546 8917 8911 4546 4546 8911 4540 8911 8905 4540 4540 8905 4536 8905 8901 4536 4536 8901 4529 8901 8895 4529 4529 8895 4523 8895 8889 4523 4523 8889 4513 8889 8879 4513 4513 8879 4507 8879 8873 4507 4507 8873 4501 8873 8867 4501 4501 8867 4495 4495 8861 4489 8867 8861 4495 4489 8855 4486 8861 8855 4489 4486 8851 4482 8855 8851 4486 4482 8847 4477 8851 8847 4482 4477 8843 4474 8847 8843 4477 4474 8839 4470 8843 8839 4474 4470 8835 4465 8839 8835 4470 4465 8831 4462 8835 8831 4465 4462 8827 4458 8831 8827 4462 4458 8823 4454 8827 8823 4458 4454 8819 4449 8823 8819 4454 4449 8815 4445 8819 8815 4449 4445 8811 4441 8815 8811 4445 8811 8807 4441 4441 8807 4437 8807 8803 4437 4437 8803 4430 8803 8798 4430 4430 8798 4171 8798 8538 4171 8538 8535 4171 4171 8535 4168 4168 8530 4163 8535 8530 4168 4163 8526 4159 8530 8526 4163 4159 8522 4155 8526 8522 4159 4155 8518 4151 8522 8518 4155 4151 8509 4142 8518 8509 4151 4142 8505 4138 8509 8505 4142 4138 8501 4134 8505 8501 4138 4134 8497 4130 8501 8497 4134 4130 8492 4124 8497 8492 4130 4124 8486 4118 8492 8486 4124 4118 8480 4112 8486 8480 4118 4112 8476 4108 8480 8476 4112 4108 8476 4102 4102 8470 4088 8476 8470 4102 4088 8456 4076 8470 8456 4088 4076 8444 4060 8456 8444 4076 4060 8428 4045 8444 8428 4060 4045 8413 4036 8428 8413 4045 4036 8404 4026 8413 8404 4036 4026 8394 4019 8404 8394 4026 4019 8386 4020 8394 8386 4019 8386 8388 4020 8388 8387 4020 4020 8387 4018 4018 8387 4046 8387 8414 4046 4046 8443 4075 8414 8443 4046 4075 8280 3912 8443 8280 4075 3912 8259 3891 8280 8259 3912 8259 8258 3891 3891 8258 3889 8258 8257 3889 3889 8257 3890 3890 8270 3902 8257 8270 3890 3902 8274 3906 8270 8274 3902 3906 8279 3911 8274 8279 3906 3911 8284 3916 8279 8284 3911 3916 8288 3920 8284 8288 3916 3920 8292 3924 8288 8292 3920 3924 8296 3928 8292 8296 3924 3928 8300 3932 8296 8300 3928 3932 8318 3950 8300 8318 3932 3950 8334 3966 8318 8334 3950 3966 8350 3982 8334 8350 3966 8350 8360 3982 3982 8360 3992 8360 8378 3992 3992 8378 4010 8378 8398 4010 4010 8398 4030 8398 8416 4030 4030 8416 4048 8416 8442 4048 4048 8442 4074 8442 8462 4074 4074 8462 4094 4094 8475 4107 8462 8475 4094 4107 8483 4115 8475 8483 4107 4115 8490 4122 8483 8490 4115 4122 4722 4127 8490 4722 4122</p>
        </triangles>
      </mesh>
    </geometry>
  </library_geometries>
  <library_visual_scenes>
    <visual_scene id="DefaultScene">
      <node id="node_a6d0081f_962a_4771_9f18_0d527230c86b" type="NODE">
        <matrix>1 0 0 0 0 1 0 0 0 0 1 0 0 0 0 1</matrix>
        <node id="node_d2b7975c_d9ac_41b7_a462_2707e9e01452" type="NODE">
          <matrix>1 0 0 0 0 1 0 0 0 0 1 0 0 0 0 1</matrix>
          <node id="node_d2b7975c_d9ac_41b7_a462_2707e9e01452_mesh0" type="NODE">
            <matrix>1 0 0 0 0 1 0 0 0 0 1 0 0 0 0 1</matrix>
            <instance_geometry url="#geometry_2b4d50e4_bb00_472a_8d00_cb60d5dd0c1c">
              <bind_material>
                <technique_common>
                  <instance_material symbol="mat_0" target="#mat_0"/>
                </technique_common>
              </bind_material>
            </instance_geometry>
          </node>
        </node>
      </node>
    </visual_scene>
  </library_visual_scenes>
  <scene>
    <instance_visual_scene url="#DefaultScene"/>
  </scene>
</COLLADA>
