<?xml version="1.0" encoding="UTF-8"?>
<COLLADA xmlns="http://www.collada.org/2005/11/COLLADASchema" version="1.4.1">
<!--
# File generated by ImageToStl.com - Free Image and 3D model conversion tools
-->
  <asset>
    <contributor>
      <author>ImageToStl.com</author>
      <authoring_tool>ImageToStl.com</authoring_tool>
    </contributor>
    <created>2026-01-30T12:25:37</created>
    <modified>2026-01-30T12:25:37</modified>
    <up_axis>Z_UP</up_axis>
  </asset>
  <library_effects>
    <effect id="effect_0">
        <profile_COMMON>
          <technique sid="common">
            <phong>
              <diffuse>
                <color>0.85 0.85 0.85 1</color>
              </diffuse>
            </phong>
          </technique>
        </profile_COMMON>
    </effect>
  </library_effects>
  <library_materials>
    <material id="mat_0">
      <instance_effect url="#effect_0"/>
    </material>
  </library_materials>
  <library_geometries>
    <geometry id="geometry_d0b409a5_907b_4aaf_9539_00158a57d726">
      <mesh>
        <source id="pos_0">
          <float_array id="pos_0-array" count="10800">303.15475464 776.19177246 1317 75.99274445 776.19177246 1317 75.99274445 776.19177246 1313 303.15475464 776.19177246 1313 391.1942749 154.97042847 1317 299.71060181 154.97042847 1317 0 0 1317 439.19104004 154.97042847 1317 299.71060181 297.66854858 1317 75.99274445 657.42871094 1317 439.19104004 297.66348267 1317 391.1942749 297.66854858 1317 483.39752197 414.84814453 1317 0 927 1317 303.15475464 657.42871094 1317 483.39752197 779.05499268 1317 977.45196533 414.84814453 1317 1447 0 1317 1070.4786377 297.66348267 1317 1070.4786377 154.97042847 1317 1155.31176758 657.42871094 1317 977.45196533 779.05499268 1317 1155.31176758 783.09588623 1317 1339.75866699 657.42871094 1317 1447 927 1317 1339.75866699 783.09588623 1317 1070.4786377 297.66348267 1313 439.19104004 297.66348267 1313 1070.4786377 154.97042847 1313 439.19104004 154.97042847 1313 299.71060181 154.97042847 1313 391.1942749 154.97042847 1313 4 122 1313 4 368 1313 299.71060181 297.66854858 1313 391.1942749 297.66854858 1313 1443 122 1313 1443 368 1313 75.99274445 657.42871094 1313 4 897 1313 4 372 1313 303.15475464 657.42871094 1313 483.39752197 414.84814453 1313 483.39752197 779.05499268 1313 977.45196533 779.05499268 1313 1155.31176758 657.42871094 1313 977.45196533 414.84814453 1313 1443 372 1313 1155.31176758 783.09588623 1313 1339.75866699 657.42871094 1313 1443 897 1313 1339.75866699 783.09588623 1313 1443 372 4 1443 897 4 1443 368 4 1443 122 4 103 897 1125 103 897 1214 192 897 1214 192 897 1125 302.65408325 897 1072.72094727 309.27908325 897 1079.34594727 316.0083313 897 1085.86499023 296.13504028 897 1065.99169922 289.72360229 897 1059.15979004 322.84017944 897 1092.27636719 283.4213562 897 1052.22705078 329.7729187 897 1098.57861328 277.22988892 897 1045.1953125 336.80474854 897 1104.7701416 271.15075684 897 1038.06604004 343.93392944 897 1110.84924316 265.18551636 897 1030.84130859 351.15866089 897 1116.81445312 259.33563232 897 1023.52288818 358.47711182 897 1122.66430664 253.60263062 897 1016.11254883 365.88748169 897 1128.39733887 247.98791504 897 1008.61212158 373.38787842 897 1134.01208496 242.49290466 897 1001.02362061 380.97640991 897 1139.50708008 237.11897278 897 993.34887695 388.65115356 897 1144.88098145 231.86750793 897 985.58978271 396.41021729 897 1150.13244629 226.73979187 897 977.74841309 404.25158691 897 1155.26025391 221.73713684 897 969.82666016 412.17337036 897 1160.26281738 216.86079407 897 961.82647705 420.17349243 897 1165.13916016 212.11199951 897 953.75 428.25 897 1169.88806152 207.49194336 897 945.59918213 436.40081787 897 1174.50805664 203.00178528 897 937.37609863 444.62393188 897 1178.99816895 198.64266968 897 929.08276367 452.91723633 897 1183.3572998 194.41567993 897 920.72131348 461.27865601 897 1187.58435059 190.32188416 897 912.29388428 469.70611572 897 1191.67810059 186.36230469 897 903.80255127 478.19744873 897 1195.63769531 182.53794861 897 895.24945068 486.7505188 897 1199.46203613 178.84979248 897 886.63677979 495.3631897 897 1203.15026855 175.29873657 897 877.9666748 504.0333252 897 1206.70129395 171.88568115 897 869.24133301 512.75866699 897 1210.11425781 168.61151123 897 860.46289062 521.53710938 897 1213.3885498 165.47702026 897 851.63360596 530.36639404 897 1216.52294922 162.48300171 897 842.7557373 539.2442627 897 1219.51696777 159.63023376 897 833.83148193 548.16851807 897 1222.36975098 156.91940308 897 824.86309814 557.13690186 897 1225.08056641 154.35121155 897 815.8527832 566.1472168 897 1227.64880371 151.92628479 897 806.80285645 575.19714355 897 1230.07373047 584.28436279 897 1232.35473633 149.64526367 897 797.71563721 147.50871277 897 788.59338379 593.40661621 897 1234.49133301 145.51715088 897 779.43835449 602.56164551 897 1236.48278809 143.6710968 897 770.25286865 611.74713135 897 1238.32885742 141.97102356 897 761.03924561 620.96075439 897 1240.02893066 140.41734314 897 751.79980469 630.20019531 897 1241.5826416 639.46307373 897 1242.98950195 139.01043701 897 742.53692627 648.74713135 897 1244.24926758 137.75068665 897 733.25286865 658.05004883 897 1245.36157227 136.63838196 897 723.94995117 667.36938477 897 1246.32617188 135.67382812 897 714.63061523 676.70288086 897 1247.1427002 134.85725403 897 705.29711914 134.18887329 897 695.95184326 686.04815674 897 1247.81115723 695.40289307 897 1248.33117676 133.6688385 897 686.59710693 704.76464844 897 1248.70275879 133.29728699 897 677.23535156 714.13116455 897 1248.92565918 133.07432556 897 667.86883545 723.5 897 1249 133 897 658.5 226.73979187 897 339.25158691 103 897 192 231.86750793 897 331.41021729 221.73713684 897 347.17337036 216.86079407 897 355.17349243 212.11199951 897 363.25 207.49194336 897 371.40081787 203.00178528 897 379.62393188 198.64266968 897 387.91723633 194.41567993 897 396.27865601 190.32188416 897 404.70611572 186.36230469 897 413.19744873 182.53794861 897 421.7505188 178.84979248 897 430.3631897 175.29873657 897 439.0333252 171.88568115 897 447.75869751 168.61151123 897 456.53710938 165.47702026 897 465.36636353 162.48300171 897 474.2442627 159.63023376 897 483.16851807 156.91940308 897 492.13693237 154.35121155 897 501.1472168 151.92628479 897 510.19711304 149.64526367 897 519.28436279 147.50871277 897 528.40661621 145.51715088 897 537.56164551 143.6710968 897 546.74713135 141.97102356 897 555.96075439 140.41734314 897 565.20019531 253.60263062 897 300.88748169 192 897 192 259.33563232 897 293.47711182 247.98791504 897 308.38787842 242.49290466 897 315.97640991 237.11897278 897 323.65115356 265.18551636 897 286.15866089 271.15075684 897 278.93392944 4 897 4 139.01043701 897 574.46307373 137.75068665 897 583.74713135 136.63838196 897 593.05004883 135.67382812 897 602.36938477 134.85725403 897 611.70288086 134.18887329 897 621.04815674 133.6688385 897 630.40289307 133.29728699 897 639.76464844 133.07432556 897 649.13116455 103 897 103 277.22988892 897 271.80474854 283.4213562 897 264.7729187 289.72360229 897 257.84017944 916.63360596 897 1216.52294922 1255 897 1214 907.7557373 897 1219.51696777 925.46289062 897 1213.3885498 934.24133301 897 1210.11425781 942.9666748 897 1206.70129395 951.63677979 897 1203.15026855 960.24945068 897 1199.46203613 968.80255127 897 1195.63769531 977.29388428 897 1191.67810059 985.72131348 897 1187.58435059 994.08276367 897 1183.3572998 1002.37609863 897 1178.99816895 1010.59918213 897 1174.50805664 1018.75 897 1169.88806152 1026.82653809 897 1165.13916016 1034.82666016 897 1160.26281738 1042.74841309 897 1155.26025391 1050.58984375 897 1150.13244629 1058.34887695 897 1144.88098145 1066.02355957 897 1139.50708008 1073.61218262 897 1134.01208496 1081.11254883 897 1128.39733887 1088.52282715 897 1122.66430664 1095.84130859 897 1116.81445312 1103.06604004 897 1110.84924316 1110.1953125 897 1104.7701416 1117.22705078 897 1098.57861328 296.13504028 897 251.00834656 302.65408325 897 244.27908325 309.27908325 897 237.65409851 316.0083313 897 231.13505554 192 897 103 322.84017944 897 224.72360229 329.7729187 897 218.42134094 336.80474854 897 212.22987366 732.86883545 897 1248.92565918 742.23535156 897 1248.70275879 751.59710693 897 1248.33117676 760.95184326 897 1247.81115723 770.29711914 897 1247.1427002 779.63061523 897 1246.32617188 788.94995117 897 1245.36157227 798.25286865 897 1244.24926758 807.53692627 897 1242.98950195 816.79980469 897 1241.5826416 826.03924561 897 1240.02893066 835.25286865 897 1238.32885742 844.43835449 897 1236.48278809 853.59338379 897 1234.49133301 862.71563721 897 1232.35473633 871.80285645 897 1230.07373047 880.8527832 897 1227.64880371 889.86309814 897 1225.08056641 898.83148193 897 1222.36975098 1255 897 1125 1124.15979004 897 1092.27636719 1130.99169922 897 1085.86499023 1137.72094727 897 1079.34594727 1144.34594727 897 1072.72094727 1150.86499023 897 1065.99169922 1157.27636719 897 1059.15979004 1163.57861328 897 1052.22705078 1169.7701416 897 1045.1953125 1344 897 1214 1175.84924316 897 1038.06604004 343.93392944 897 206.15075684 1181.81445312 897 1030.84130859 351.15866089 897 200.18551636 1187.66430664 897 1023.52288818 358.47711182 897 194.33564758 1193.39733887 897 1016.11254883 365.88748169 897 188.60263062 1199.01208496 897 1008.61212158 373.38787842 897 182.98791504 1369.80932617 897 1177.44567871 1370.95812988 897 1178.62365723 1372.16430664 897 1179.74279785 1368.72058105 897 1176.21203613 1373.42480469 897 1180.80041504 1367.69458008 897 1174.92553711 1374.7364502 897 1181.79394531 1366.73413086 897 1173.58959961 1376.09594727 897 1182.7208252 1365.84143066 897 1172.20739746 1377.5 897 1183.57885742 1365.01867676 897 1170.78234863 1378.94506836 897 1184.36572266 1364.26806641 897 1169.31811523 1380.42749023 897 1185.07971191 1363.59130859 897 1167.81835938 1381.94372559 897 1185.71887207 1362.9901123 897 1166.28662109 1383.48999023 897 1186.28161621 1362.46606445 897 1164.72692871 1385.06225586 897 1186.76660156 1362.02050781 897 1163.14294434 1386.65686035 897 1187.17260742 1361.65429688 897 1161.53881836 1388.26965332 897 1187.49865723 1361.36853027 897 1159.91833496 1389.89660645 897 1187.74389648 1204.50708008 897 1001.02362061 380.97640991 897 177.49290466 1391.53393555 897 1187.90771484 1393.17724609 897 1187.98974609 1394.82275391 897 1187.98974609 1396.46606445 897 1187.90771484 1398.10339355 897 1187.74389648 1399.73034668 897 1187.49865723 1401.34313965 897 1187.17260742 1402.93774414 897 1186.76660156 1209.88098145 897 993.34887695 388.65115356 897 172.11897278 1404.51000977 897 1186.28161621 1361.04101562 897 1156.64489746 1344 897 1125 1361 897 1155 1361.16394043 897 1158.2857666 1362.02050781 897 1146.85705566 1362.46606445 897 1145.27307129 1361.65429688 897 1148.46118164 1361.36853027 897 1150.08166504 1361.16394043 897 1151.7142334 1361.04101562 897 1153.35510254 1362.9901123 897 1143.71337891 1406.05627441 897 1185.71887207 1363.59130859 897 1142.18164062 1407.57250977 897 1185.07971191 1364.26806641 897 1140.68188477 1409.05493164 897 1184.36572266 1365.01867676 897 1139.21765137 1410.5 897 1183.57885742 1365.84143066 897 1137.79260254 1411.90405273 897 1182.7208252 1215.13244629 897 985.58978271 396.41021729 897 166.86750793 1366.73413086 897 1136.41040039 1413.2635498 897 1181.79394531 1367.69458008 897 1135.07446289 1414.57519531 897 1180.80041504 1368.72058105 897 1133.78796387 1415.83569336 897 1179.74279785 1369.80932617 897 1132.55432129 1417.04187012 897 1178.62365723 1370.95812988 897 1131.37634277 1418.19067383 897 1177.44567871 1372.16430664 897 1130.25720215 1220.26025391 897 977.74841309 404.25158691 897 161.73979187 1419.27941895 897 1176.21203613 1373.42480469 897 1129.19958496 1420.30541992 897 1174.92553711 1374.7364502 897 1128.20605469 1421.26586914 897 1173.58959961 1376.09594727 897 1127.2791748 1422.15856934 897 1172.20739746 1377.5 897 1126.42114258 1422.98132324 897 1170.78234863 1378.94506836 897 1125.63427734 1423.73193359 897 1169.31811523 1225.26281738 897 969.82666016 412.17337036 897 156.73713684 1380.42749023 897 1124.92028809 1424.40869141 897 1167.81835938 1381.94372559 897 1124.28112793 1425.0098877 897 1166.28662109 1383.48999023 897 1123.71838379 1425.53393555 897 1164.72692871 1385.06225586 897 1123.23339844 1425.97949219 897 1163.14294434 1386.65686035 897 1122.82739258 1426.34570312 897 1161.53881836 1426.63146973 897 1159.91833496 1230.13916016 897 961.82647705 420.17349243 897 151.86079407 1426.83605957 897 1158.2857666 1426.95898438 897 1156.64489746 1427 897 1155 1426.95898438 897 1153.35510254 1234.88806152 897 953.75 428.25 897 147.11199951 1239.50805664 897 945.59918213 436.40081787 897 142.49194336 1243.99816895 897 937.37609863 1388.26965332 897 1122.50134277 444.62393188 897 138.00178528 1248.3572998 897 929.08276367 1389.89660645 897 1122.25610352 452.91723633 897 133.64266968 1252.58435059 897 920.72131348 1391.53393555 897 1122.09228516 461.27865601 897 129.41567993 1256.67810059 897 912.29388428 1393.17724609 897 1122.01025391 1394.82275391 897 1122.01025391 469.70611572 897 125.32187653 1260.63769531 897 903.80255127 1396.46606445 897 1122.09228516 478.19744873 897 121.36230469 1264.46203613 897 895.24945068 1398.10339355 897 1122.25610352 486.7505188 897 117.53795624 1268.15026855 897 886.63677979 1399.73034668 897 1122.50134277 495.3631897 897 113.84979248 1271.70129395 897 877.9666748 1401.34313965 897 1122.82739258 504.0333252 897 110.29873657 1402.93774414 897 1123.23339844 1275.11425781 897 869.24133301 1404.51000977 897 1123.71838379 512.75866699 897 106.88568878 1278.3885498 897 860.46289062 1406.05627441 897 1124.28112793 521.53710938 897 103.61151123 1281.52294922 897 851.63360596 1407.57250977 897 1124.92028809 530.36639404 897 100.47702026 1284.51696777 897 842.7557373 1409.05493164 897 1125.63427734 539.2442627 897 97.48300171 1287.36975098 897 833.83148193 1410.5 897 1126.42114258 548.16851807 897 94.63022614 1290.08056641 897 824.86309814 557.13690186 897 91.91939545 1292.64880371 897 815.8527832 1411.90405273 897 1127.2791748 566.1472168 897 89.35120392 1295.07373047 897 806.80285645 1413.2635498 897 1128.20605469 575.19714355 897 86.92629242 1297.35473633 897 797.71563721 1414.57519531 897 1129.19958496 584.28436279 897 84.6452713 1299.49133301 897 788.59338379 1415.83569336 897 1130.25720215 1301.48278809 897 779.43835449 1417.04187012 897 1131.37634277 1303.32885742 897 770.25286865 1305.02893066 897 761.03924561 1418.19067383 897 1132.55432129 1306.5826416 897 751.79980469 1419.27941895 897 1133.78796387 1307.98950195 897 742.53692627 1309.24926758 897 733.25286865 1420.30541992 897 1135.07446289 1310.36157227 897 723.94995117 1421.26586914 897 1136.41040039 1311.32617188 897 714.63061523 1312.1427002 897 705.29711914 1422.15856934 897 1137.79260254 1312.81115723 897 695.95184326 1313.33117676 897 686.59710693 1422.98132324 897 1139.21765137 1313.70275879 897 677.23535156 1313.92565918 897 667.86883545 1423.73193359 897 1140.68188477 1314 897 658.5 1209.88098145 897 323.65115356 1255 897 192 1215.13244629 897 331.41021729 1204.50708008 897 315.97640991 1199.01208496 897 308.38787842 1193.39733887 897 300.88748169 1187.66430664 897 293.47711182 1181.81445312 897 286.15866089 1175.84924316 897 278.93392944 1169.7701416 897 271.80474854 1163.57861328 897 264.7729187 1157.27636719 897 257.84017944 1150.86499023 897 251.00834656 1144.34594727 897 244.27908325 1137.72094727 897 237.65409851 1130.99169922 897 231.13505554 1124.15979004 897 224.72360229 1117.22705078 897 218.42134094 1095.84130859 897 200.18551636 1255 897 103 1103.06604004 897 206.15075684 1088.52282715 897 194.33564758 1081.11254883 897 188.60263062 1073.61218262 897 182.98791504 1066.02355957 897 177.49290466 1058.34887695 897 172.11897278 1050.58984375 897 166.86750793 1042.74841309 897 161.73979187 1034.82666016 897 156.73713684 1026.82653809 897 151.86079407 1018.75 897 147.11199951 1010.59918213 897 142.49194336 1002.37609863 897 138.00178528 994.08276367 897 133.64266968 985.72131348 897 129.41567993 977.29388428 897 125.32187653 968.80255127 897 121.36230469 960.24945068 897 117.53795624 951.63677979 897 113.84979248 942.9666748 897 110.29873657 934.24133301 897 106.88568878 925.46289062 897 103.61151123 916.63360596 897 100.47702026 907.7557373 897 97.48300171 1110.1953125 897 212.22987366 1344 897 192 1239.50805664 897 371.40081787 1243.99816895 897 379.62393188 1234.88806152 897 363.25 1230.13916016 897 355.17349243 1225.26281738 897 347.17337036 1220.26025391 897 339.25158691 1369.80932617 897 184.44569397 1370.95812988 897 185.62361145 1372.16430664 897 186.74278259 1368.72058105 897 183.21199036 1373.42480469 897 187.80044556 1367.69458008 897 181.92555237 1374.7364502 897 188.79396057 1366.73413086 897 180.58956909 1376.09594727 897 189.72085571 1365.84143066 897 179.20736694 1377.5 897 190.57884216 1365.01867676 897 177.78237915 1378.94506836 897 191.36576843 1364.26806641 897 176.31816101 1380.42749023 897 192.07969666 1363.59130859 897 174.81834412 1381.94372559 897 192.71882629 1362.9901123 897 173.28666687 1383.48999023 897 193.28160095 1362.46606445 897 171.72691345 1385.06225586 897 193.76660156 1362.02050781 897 170.14299011 1386.65686035 897 194.17262268 1361.65429688 897 168.53881836 1388.26965332 897 194.49865723 1248.3572998 897 387.91723633 1361.36853027 897 166.918396 1389.89660645 897 194.74389648 1252.58435059 897 396.27865601 1361.16394043 897 165.28573608 1391.53393555 897 194.9077301 1256.67810059 897 404.70611572 1361.04101562 897 163.64491272 1393.17724609 897 194.98974609 1361 897 162 1394.82275391 897 194.98974609 1260.63769531 897 413.19744873 1361.04101562 897 160.35508728 1396.46606445 897 194.9077301 1264.46203613 897 421.7505188 1361.16394043 897 158.71426392 1398.10339355 897 194.74389648 1268.15026855 897 430.3631897 1361.36853027 897 157.081604 1399.73034668 897 194.49865723 1271.70129395 897 439.0333252 1401.34313965 897 194.17262268 1275.11425781 897 447.75869751 1402.93774414 897 193.76660156 1404.51000977 897 193.28160095 1278.3885498 897 456.53710938 1406.05627441 897 192.71882629 1281.52294922 897 465.36636353 1407.57250977 897 192.07969666 1284.51696777 897 474.2442627 1409.05493164 897 191.36576843 1287.36975098 897 483.16851807 1410.5 897 190.57884216 1290.08056641 897 492.13693237 1292.64880371 897 501.1472168 1411.90405273 897 189.72085571 1295.07373047 897 510.19711304 1413.2635498 897 188.79396057 1297.35473633 897 519.28436279 1414.57519531 897 187.80044556 1299.49133301 897 528.40661621 1415.83569336 897 186.74278259 1301.48278809 897 537.56164551 1303.32885742 897 546.74713135 1417.04187012 897 185.62361145 1305.02893066 897 555.96075439 1418.19067383 897 184.44569397 1306.5826416 897 565.20019531 1307.98950195 897 574.46307373 1419.27941895 897 183.21199036 1309.24926758 897 583.74713135 1420.30541992 897 181.92555237 1310.36157227 897 593.05004883 1421.26586914 897 180.58956909 1311.32617188 897 602.36938477 1312.1427002 897 611.70288086 1373.42480469 897 136.19955444 1344 897 103 1374.7364502 897 135.20603943 1372.16430664 897 137.25721741 1370.95812988 897 138.37638855 1369.80932617 897 139.55430603 1368.72058105 897 140.78800964 1367.69458008 897 142.07444763 1366.73413086 897 143.41043091 1365.84143066 897 144.79263306 1365.01867676 897 146.21762085 1364.26806641 897 147.68183899 1363.59130859 897 149.18165588 1362.9901123 897 150.71333313 1362.46606445 897 152.27308655 1362.02050781 897 153.85700989 1361.65429688 897 155.46118164 1376.09594727 897 134.27914429 1312.81115723 897 621.04815674 1422.15856934 897 179.20736694 1313.33117676 897 630.40289307 1377.5 897 133.42115784 1313.70275879 897 639.76464844 1422.98132324 897 177.78237915 1313.92565918 897 649.13116455 1378.94506836 897 132.63423157 1423.73193359 897 176.31816101 1380.42749023 897 131.92030334 1424.40869141 897 174.81834412 1424.40869141 897 1142.18164062 1381.94372559 897 131.28117371 1425.0098877 897 173.28666687 1425.0098877 897 1143.71337891 1383.48999023 897 130.71839905 1425.53393555 897 171.72691345 1425.53393555 897 1145.27307129 1385.06225586 897 130.23339844 1425.97949219 897 170.14299011 1425.97949219 897 1146.85705566 1386.65686035 897 129.82737732 1388.26965332 897 129.50134277 1389.89660645 897 129.25610352 1391.53393555 897 129.0922699 1393.17724609 897 129.01025391 1394.82275391 897 129.01025391 898.83148193 897 94.63022614 889.86309814 897 91.91939545 880.8527832 897 89.35120392 871.80285645 897 86.92629242 862.71563721 897 84.6452713 1427 897 162 1426.95898438 897 163.64491272 1426.95898438 897 160.35508728 1426.83605957 897 158.71426392 1426.63146973 897 157.081604 1426.34570312 897 155.46118164 1425.97949219 897 153.85700989 1425.53393555 897 152.27308655 1425.0098877 897 150.71333313 1424.40869141 897 149.18165588 1423.73193359 897 147.68183899 1422.98132324 897 146.21762085 1422.15856934 897 144.79263306 1421.26586914 897 143.41043091 1420.30541992 897 142.07444763 1419.27941895 897 140.78800964 1418.19067383 897 139.55430603 1417.04187012 897 138.37638855 1415.83569336 897 137.25721741 1414.57519531 897 136.19955444 1413.2635498 897 135.20603943 1411.90405273 897 134.27914429 1410.5 897 133.42115784 1409.05493164 897 132.63423157 1407.57250977 897 131.92030334 1406.05627441 897 131.28117371 1404.51000977 897 130.71839905 1402.93774414 897 130.23339844 1401.34313965 897 129.82737732 1399.73034668 897 129.50134277 1398.10339355 897 129.25610352 1396.46606445 897 129.0922699 1426.83605957 897 165.28573608 1426.63146973 897 166.918396 1426.34570312 897 168.53881836 1426.83605957 897 1151.7142334 1426.63146973 897 1150.08166504 1426.34570312 897 1148.46118164 723.5 897 68 714.13116455 897 68.07432556 704.76464844 897 68.29729462 695.40289307 897 68.6688385 686.04815674 897 69.18886566 676.70288086 897 69.85725403 667.36938477 897 70.67382812 658.05004883 897 71.63838959 648.74713135 897 72.75068665 639.46307373 897 74.01043701 630.20019531 897 75.41733551 620.96075439 897 76.97102356 611.74713135 897 78.67110443 602.56164551 897 80.51715851 593.40661621 897 82.50871277 732.86883545 897 68.07432556 742.23535156 897 68.29729462 751.59710693 897 68.6688385 760.95184326 897 69.18886566 770.29711914 897 69.85725403 779.63061523 897 70.67382812 788.94995117 897 71.63838959 798.25286865 897 72.75068665 807.53692627 897 74.01043701 816.79980469 897 75.41733551 826.03924561 897 76.97102356 835.25286865 897 78.67110443 844.43835449 897 80.51715851 853.59338379 897 82.50871277 1361 927 1155 1361.04101562 927 1156.64489746 1361.16394043 927 1158.2857666 1361.36853027 927 1159.91833496 1361.65429688 927 1161.53881836 1362.02050781 927 1163.14294434 1362.46606445 927 1164.72692871 1362.9901123 927 1166.28662109 1363.59130859 927 1167.81835938 1364.26806641 927 1169.31811523 1365.01867676 927 1170.78234863 1365.84143066 927 1172.20739746 1366.73413086 927 1173.58959961 1367.69458008 927 1174.92553711 1368.72058105 927 1176.21203613 1369.80932617 927 1177.44567871 1370.95812988 927 1178.62365723 1372.16430664 927 1179.74279785 1373.42480469 927 1180.80041504 1374.7364502 927 1181.79394531 1376.09594727 927 1182.7208252 1377.5 927 1183.57885742 1378.94506836 927 1184.36572266 1380.42749023 927 1185.07971191 1381.94372559 927 1185.71887207 1383.48999023 927 1186.28161621 1385.06225586 927 1186.76660156 1386.65686035 927 1187.17260742 1388.26965332 927 1187.49865723 1389.89660645 927 1187.74389648 1391.53393555 927 1187.90771484 1393.17724609 927 1187.98974609 1394.82275391 927 1187.98974609 1396.46606445 927 1187.90771484 1398.10339355 927 1187.74389648 1399.73034668 927 1187.49865723 1401.34313965 927 1187.17260742 1402.93774414 927 1186.76660156 1404.51000977 927 1186.28161621 1406.05627441 927 1185.71887207 1407.57250977 927 1185.07971191 1409.05493164 927 1184.36572266 1410.5 927 1183.57885742 1411.90405273 927 1182.7208252 1413.2635498 927 1181.79394531 1414.57519531 927 1180.80041504 1415.83569336 927 1179.74279785 1417.04187012 927 1178.62365723 1418.19067383 927 1177.44567871 1419.27941895 927 1176.21203613 1420.30541992 927 1174.92553711 1421.26586914 927 1173.58959961 1422.15856934 927 1172.20739746 1422.98132324 927 1170.78234863 1423.73193359 927 1169.31811523 1424.40869141 927 1167.81835938 1425.0098877 927 1166.28662109 1425.53393555 927 1164.72692871 1425.97949219 927 1163.14294434 1426.34570312 927 1161.53881836 1426.63146973 927 1159.91833496 1426.83605957 927 1158.2857666 1426.95898438 927 1156.64489746 1427 927 1155 192 927 1214 103 927 1214 103 927 1125 302.65408325 927 1072.72094727 192 927 1125 309.27908325 927 1079.34594727 316.0083313 927 1085.86499023 296.13504028 927 1065.99169922 322.84017944 927 1092.27636719 289.72360229 927 1059.15979004 283.4213562 927 1052.22705078 329.7729187 927 1098.57861328 277.22988892 927 1045.1953125 336.80474854 927 1104.7701416 271.15075684 927 1038.06604004 343.93392944 927 1110.84924316 265.18551636 927 1030.84130859 351.15866089 927 1116.81445312 259.33563232 927 1023.52288818 358.47711182 927 1122.66430664 253.60263062 927 1016.11254883 365.88748169 927 1128.39733887 247.98791504 927 1008.61212158 373.38787842 927 1134.01208496 242.49290466 927 1001.02362061 380.97640991 927 1139.50708008 237.11897278 927 993.34887695 388.65115356 927 1144.88098145 231.86750793 927 985.58978271 396.41021729 927 1150.13244629 226.73979187 927 977.74841309 404.25158691 927 1155.26025391 221.73713684 927 969.82666016 412.17337036 927 1160.26281738 216.86079407 927 961.82647705 420.17349243 927 1165.13916016 212.11199951 927 953.75 428.25 927 1169.88806152 207.49194336 927 945.59918213 436.40081787 927 1174.50805664 203.00178528 927 937.37609863 444.62393188 927 1178.99816895 198.64266968 927 929.08276367 452.91723633 927 1183.3572998 194.41567993 927 920.72131348 461.27865601 927 1187.58435059 190.32188416 927 912.29388428 469.70611572 927 1191.67810059 186.36230469 927 903.80255127 478.19744873 927 1195.63769531 182.53794861 927 895.24945068 486.7505188 927 1199.46203613 178.84979248 927 886.63677979 495.3631897 927 1203.15026855 175.29873657 927 877.9666748 504.0333252 927 1206.70129395 171.88568115 927 869.24133301 512.75866699 927 1210.11425781 168.61151123 927 860.46289062 521.53710938 927 1213.3885498 530.36639404 927 1216.52294922 165.47702026 927 851.63360596 162.48300171 927 842.7557373 539.2442627 927 1219.51696777 159.63023376 927 833.83148193 548.16851807 927 1222.36975098 156.91940308 927 824.86309814 557.13690186 927 1225.08056641 154.35121155 927 815.8527832 566.1472168 927 1227.64880371 151.92628479 927 806.80285645 575.19714355 927 1230.07373047 584.28436279 927 1232.35473633 149.64526367 927 797.71563721 147.50871277 927 788.59338379 593.40661621 927 1234.49133301 602.56164551 927 1236.48278809 145.51715088 927 779.43835449 611.74713135 927 1238.32885742 143.6710968 927 770.25286865 141.97102356 927 761.03924561 620.96075439 927 1240.02893066 630.20019531 927 1241.5826416 140.41734314 927 751.79980469 639.46307373 927 1242.98950195 139.01043701 927 742.53692627 648.74713135 927 1244.24926758 137.75068665 927 733.25286865 658.05004883 927 1245.36157227 136.63838196 927 723.94995117 667.36938477 927 1246.32617188 135.67382812 927 714.63061523 134.85725403 927 705.29711914 676.70288086 927 1247.1427002 686.04815674 927 1247.81115723 134.18887329 927 695.95184326 695.40289307 927 1248.33117676 133.6688385 927 686.59710693 704.76464844 927 1248.70275879 133.29728699 927 677.23535156 714.13116455 927 1248.92565918 133.07432556 927 667.86883545 723.5 927 1249 133 927 658.5 103 927 192 226.73979187 927 339.25158691 231.86750793 927 331.41021729 221.73713684 927 347.17337036 216.86079407 927 355.17349243 212.11199951 927 363.25 207.49194336 927 371.40081787 203.00178528 927 379.62393188 198.64266968 927 387.91723633 194.41567993 927 396.27865601 190.32188416 927 404.70611572 186.36230469 927 413.19744873 182.53794861 927 421.7505188 178.84979248 927 430.3631897 175.29873657 927 439.0333252 171.88568115 927 447.75869751 168.61151123 927 456.53710938 165.47702026 927 465.36636353 162.48300171 927 474.2442627 159.63023376 927 483.16851807 156.91940308 927 492.13693237 154.35121155 927 501.1472168 151.92628479 927 510.19711304 149.64526367 927 519.28436279 147.50871277 927 528.40661621 145.51715088 927 537.56164551 143.6710968 927 546.74713135 141.97102356 927 555.96075439 140.41734314 927 565.20019531 192 927 192 265.18551636 927 286.15866089 271.15075684 927 278.93392944 259.33563232 927 293.47711182 253.60263062 927 300.88748169 247.98791504 927 308.38787842 242.49290466 927 315.97640991 237.11897278 927 323.65115356 0 927 0 139.01043701 927 574.46307373 137.75068665 927 583.74713135 136.63838196 927 593.05004883 135.67382812 927 602.36938477 134.85725403 927 611.70288086 134.18887329 927 621.04815674 133.6688385 927 630.40289307 133.29728699 927 639.76464844 133.07432556 927 649.13116455 103 927 103 277.22988892 927 271.80474854 283.4213562 927 264.7729187 289.72360229 927 257.84017944 1255 927 1214 916.63360596 927 1216.52294922 907.7557373 927 1219.51696777 925.46289062 927 1213.3885498 934.24133301 927 1210.11425781 942.9666748 927 1206.70129395 951.63677979 927 1203.15026855 960.24945068 927 1199.46203613 968.80255127 927 1195.63769531 977.29388428 927 1191.67810059 985.72131348 927 1187.58435059 994.08276367 927 1183.3572998 1002.37609863 927 1178.99816895 1010.59918213 927 1174.50805664 1018.75 927 1169.88806152 1026.82653809 927 1165.13916016 1034.82666016 927 1160.26281738 1042.74841309 927 1155.26025391 1050.58984375 927 1150.13244629 1058.34887695 927 1144.88098145 1066.02355957 927 1139.50708008 1073.61218262 927 1134.01208496 1081.11254883 927 1128.39733887 1088.52282715 927 1122.66430664 1095.84130859 927 1116.81445312 1103.06604004 927 1110.84924316 1110.1953125 927 1104.7701416 1117.22705078 927 1098.57861328 296.13504028 927 251.00834656 302.65408325 927 244.27908325 309.27908325 927 237.65409851 316.0083313 927 231.13505554 192 927 103 322.84017944 927 224.72360229 329.7729187 927 218.42134094 336.80474854 927 212.22987366 1255 927 1125 1163.57861328 927 1052.22705078 1157.27636719 927 1059.15979004 1169.7701416 927 1045.1953125 1124.15979004 927 1092.27636719 1130.99169922 927 1085.86499023 1137.72094727 927 1079.34594727 1144.34594727 927 1072.72094727 1150.86499023 927 1065.99169922 732.86883545 927 1248.92565918 742.23535156 927 1248.70275879 751.59710693 927 1248.33117676 760.95184326 927 1247.81115723 770.29711914 927 1247.1427002 779.63061523 927 1246.32617188 788.94995117 927 1245.36157227 798.25286865 927 1244.24926758 1344 927 1214 807.53692627 927 1242.98950195 816.79980469 927 1241.5826416 826.03924561 927 1240.02893066 835.25286865 927 1238.32885742 844.43835449 927 1236.48278809 853.59338379 927 1234.49133301 862.71563721 927 1232.35473633 871.80285645 927 1230.07373047 880.8527832 927 1227.64880371 889.86309814 927 1225.08056641 898.83148193 927 1222.36975098 1175.84924316 927 1038.06604004 343.93392944 927 206.15075684 1181.81445312 927 1030.84130859 351.15866089 927 200.18551636 1187.66430664 927 1023.52288818 358.47711182 927 194.33564758 1193.39733887 927 1016.11254883 365.88748169 927 188.60263062 1199.01208496 927 1008.61212158 373.38787842 927 182.98791504 1204.50708008 927 1001.02362061 380.97640991 927 177.49290466 1209.88098145 927 993.34887695 388.65115356 927 172.11897278 1344 927 1125 1362.02050781 927 1146.85705566 1362.46606445 927 1145.27307129 1361.65429688 927 1148.46118164 1361.36853027 927 1150.08166504 1361.16394043 927 1151.7142334 1361.04101562 927 1153.35510254 1362.9901123 927 1143.71337891 1363.59130859 927 1142.18164062 1364.26806641 927 1140.68188477 1365.01867676 927 1139.21765137 1365.84143066 927 1137.79260254 1215.13244629 927 985.58978271 396.41021729 927 166.86750793 1366.73413086 927 1136.41040039 1367.69458008 927 1135.07446289 1368.72058105 927 1133.78796387 1369.80932617 927 1132.55432129 1370.95812988 927 1131.37634277 1372.16430664 927 1130.25720215 1220.26025391 927 977.74841309 404.25158691 927 161.73979187 1373.42480469 927 1129.19958496 1374.7364502 927 1128.20605469 1376.09594727 927 1127.2791748 1377.5 927 1126.42114258 1378.94506836 927 1125.63427734 1225.26281738 927 969.82666016 412.17337036 927 156.73713684 1380.42749023 927 1124.92028809 1381.94372559 927 1124.28112793 1383.48999023 927 1123.71838379 1385.06225586 927 1123.23339844 1386.65686035 927 1122.82739258 1230.13916016 927 961.82647705 420.17349243 927 151.86079407 1426.95898438 927 1153.35510254 1426.83605957 927 1151.7142334 1234.88806152 927 953.75 428.25 927 147.11199951 1239.50805664 927 945.59918213 436.40081787 927 142.49194336 1243.99816895 927 937.37609863 1388.26965332 927 1122.50134277 444.62393188 927 138.00178528 1248.3572998 927 929.08276367 1389.89660645 927 1122.25610352 452.91723633 927 133.64266968 1252.58435059 927 920.72131348 1391.53393555 927 1122.09228516 461.27865601 927 129.41567993 1256.67810059 927 912.29388428 1393.17724609 927 1122.01025391 1394.82275391 927 1122.01025391 469.70611572 927 125.32187653 1260.63769531 927 903.80255127 1396.46606445 927 1122.09228516 478.19744873 927 121.36230469 1264.46203613 927 895.24945068 1398.10339355 927 1122.25610352 486.7505188 927 117.53795624 1268.15026855 927 886.63677979 1399.73034668 927 1122.50134277 495.3631897 927 113.84979248 1271.70129395 927 877.9666748 1401.34313965 927 1122.82739258 504.0333252 927 110.29873657 1275.11425781 927 869.24133301 1402.93774414 927 1123.23339844 1404.51000977 927 1123.71838379 512.75866699 927 106.88568878 1278.3885498 927 860.46289062 1406.05627441 927 1124.28112793 521.53710938 927 103.61151123 1281.52294922 927 851.63360596 1407.57250977 927 1124.92028809 530.36639404 927 100.47702026 1284.51696777 927 842.7557373 1409.05493164 927 1125.63427734 539.2442627 927 97.48300171 1287.36975098 927 833.83148193 1410.5 927 1126.42114258 548.16851807 927 94.63022614 1290.08056641 927 824.86309814 557.13690186 927 91.91939545 1292.64880371 927 815.8527832 1411.90405273 927 1127.2791748 566.1472168 927 89.35120392 1295.07373047 927 806.80285645 1413.2635498 927 1128.20605469 575.19714355 927 86.92629242 1297.35473633 927 797.71563721 1414.57519531 927 1129.19958496 584.28436279 927 84.6452713 1299.49133301 927 788.59338379 1415.83569336 927 1130.25720215 1301.48278809 927 779.43835449 1417.04187012 927 1131.37634277 1303.32885742 927 770.25286865 1305.02893066 927 761.03924561 1418.19067383 927 1132.55432129 1306.5826416 927 751.79980469 1419.27941895 927 1133.78796387 1307.98950195 927 742.53692627 1309.24926758 927 733.25286865 1420.30541992 927 1135.07446289 1310.36157227 927 723.94995117 1421.26586914 927 1136.41040039 1311.32617188 927 714.63061523 1312.1427002 927 705.29711914 1422.15856934 927 1137.79260254 1312.81115723 927 695.95184326 1313.33117676 927 686.59710693 1422.98132324 927 1139.21765137 1313.70275879 927 677.23535156 1313.92565918 927 667.86883545 1423.73193359 927 1140.68188477 1314 927 658.5 1255 927 192 1157.27636719 927 257.84017944 1163.57861328 927 264.7729187 1150.86499023 927 251.00834656 1144.34594727 927 244.27908325 1137.72094727 927 237.65409851 1130.99169922 927 231.13505554 1124.15979004 927 224.72360229 1117.22705078 927 218.42134094 1209.88098145 927 323.65115356 1215.13244629 927 331.41021729 1204.50708008 927 315.97640991 1199.01208496 927 308.38787842 1193.39733887 927 300.88748169 1187.66430664 927 293.47711182 1181.81445312 927 286.15866089 1175.84924316 927 278.93392944 1169.7701416 927 271.80474854 1255 927 103 1110.1953125 927 212.22987366 1103.06604004 927 206.15075684 1095.84130859 927 200.18551636 1088.52282715 927 194.33564758 1081.11254883 927 188.60263062 1073.61218262 927 182.98791504 1066.02355957 927 177.49290466 1058.34887695 927 172.11897278 1050.58984375 927 166.86750793 1042.74841309 927 161.73979187 1034.82666016 927 156.73713684 1026.82653809 927 151.86079407 1018.75 927 147.11199951 1010.59918213 927 142.49194336 1002.37609863 927 138.00178528 994.08276367 927 133.64266968 985.72131348 927 129.41567993 977.29388428 927 125.32187653 968.80255127 927 121.36230469 960.24945068 927 117.53795624 951.63677979 927 113.84979248 942.9666748 927 110.29873657 934.24133301 927 106.88568878 925.46289062 927 103.61151123 916.63360596 927 100.47702026 907.7557373 927 97.48300171 1344 927 192 1239.50805664 927 371.40081787 1243.99816895 927 379.62393188 1234.88806152 927 363.25 1230.13916016 927 355.17349243 1225.26281738 927 347.17337036 1220.26025391 927 339.25158691 1369.80932617 927 184.44569397 1370.95812988 927 185.62361145 1372.16430664 927 186.74278259 1368.72058105 927 183.21199036 1373.42480469 927 187.80044556 1367.69458008 927 181.92555237 1374.7364502 927 188.79396057 1366.73413086 927 180.58956909 1376.09594727 927 189.72085571 1365.84143066 927 179.20736694 1377.5 927 190.57884216 1365.01867676 927 177.78237915 1378.94506836 927 191.36576843 1364.26806641 927 176.31816101 1380.42749023 927 192.07969666 1363.59130859 927 174.81834412 1381.94372559 927 192.71882629 1362.9901123 927 173.28666687 1383.48999023 927 193.28160095 1362.46606445 927 171.72691345 1385.06225586 927 193.76660156 1362.02050781 927 170.14299011 1386.65686035 927 194.17262268 1361.65429688 927 168.53881836 1388.26965332 927 194.49865723 1248.3572998 927 387.91723633 1361.36853027 927 166.918396 1389.89660645 927 194.74389648 1252.58435059 927 396.27865601 1361.16394043 927 165.28573608 1391.53393555 927 194.9077301 1256.67810059 927 404.70611572 1361.04101562 927 163.64491272 1393.17724609 927 194.98974609 1361 927 162 1394.82275391 927 194.98974609 1260.63769531 927 413.19744873 1361.04101562 927 160.35508728 1396.46606445 927 194.9077301 1264.46203613 927 421.7505188 1361.16394043 927 158.71426392 1398.10339355 927 194.74389648 1268.15026855 927 430.3631897 1361.36853027 927 157.081604 1399.73034668 927 194.49865723 1271.70129395 927 439.0333252 1401.34313965 927 194.17262268 1275.11425781 927 447.75869751 1402.93774414 927 193.76660156 1404.51000977 927 193.28160095 1278.3885498 927 456.53710938 1406.05627441 927 192.71882629 1281.52294922 927 465.36636353 1407.57250977 927 192.07969666 1284.51696777 927 474.2442627 1409.05493164 927 191.36576843 1287.36975098 927 483.16851807 1410.5 927 190.57884216 1290.08056641 927 492.13693237 1292.64880371 927 501.1472168 1411.90405273 927 189.72085571 1295.07373047 927 510.19711304 1413.2635498 927 188.79396057 1297.35473633 927 519.28436279 1414.57519531 927 187.80044556 1299.49133301 927 528.40661621 1415.83569336 927 186.74278259 1301.48278809 927 537.56164551 1417.04187012 927 185.62361145 1303.32885742 927 546.74713135 1305.02893066 927 555.96075439 1418.19067383 927 184.44569397 1306.5826416 927 565.20019531 1419.27941895 927 183.21199036 1307.98950195 927 574.46307373 1309.24926758 927 583.74713135 1420.30541992 927 181.92555237 1310.36157227 927 593.05004883 1421.26586914 927 180.58956909 1311.32617188 927 602.36938477 1312.1427002 927 611.70288086 1344 927 103 1373.42480469 927 136.19955444 1374.7364502 927 135.20603943 1372.16430664 927 137.25721741 1370.95812988 927 138.37638855 1369.80932617 927 139.55430603 1368.72058105 927 140.78800964 1367.69458008 927 142.07444763 1366.73413086 927 143.41043091 1365.84143066 927 144.79263306 1365.01867676 927 146.21762085 1364.26806641 927 147.68183899 1363.59130859 927 149.18165588 1362.9901123 927 150.71333313 1362.46606445 927 152.27308655 1362.02050781 927 153.85700989 1361.65429688 927 155.46118164 1376.09594727 927 134.27914429 1422.15856934 927 179.20736694 1312.81115723 927 621.04815674 1313.33117676 927 630.40289307 1377.5 927 133.42115784 1422.98132324 927 177.78237915 1313.70275879 927 639.76464844 1313.92565918 927 649.13116455 1378.94506836 927 132.63423157 1423.73193359 927 176.31816101 1380.42749023 927 131.92030334 1424.40869141 927 174.81834412 1424.40869141 927 1142.18164062 1381.94372559 927 131.28117371 1425.0098877 927 173.28666687 1425.0098877 927 1143.71337891 1425.53393555 927 1145.27307129 1383.48999023 927 130.71839905 1425.53393555 927 171.72691345 1385.06225586 927 130.23339844 1425.97949219 927 170.14299011 1425.97949219 927 1146.85705566 1386.65686035 927 129.82737732 1388.26965332 927 129.50134277 1389.89660645 927 129.25610352 1391.53393555 927 129.0922699 1393.17724609 927 129.01025391 1394.82275391 927 129.01025391 1396.46606445 927 129.0922699 1447 927 0 1426.95898438 927 160.35508728 1427 927 162 1426.83605957 927 158.71426392 1426.63146973 927 157.081604 898.83148193 927 94.63022614 1426.34570312 927 155.46118164 889.86309814 927 91.91939545 1425.97949219 927 153.85700989 880.8527832 927 89.35120392 1425.53393555 927 152.27308655 871.80285645 927 86.92629242 1425.0098877 927 150.71333313 862.71563721 927 84.6452713 1424.40869141 927 149.18165588 1423.73193359 927 147.68183899 1422.98132324 927 146.21762085 1422.15856934 927 144.79263306 1421.26586914 927 143.41043091 1420.30541992 927 142.07444763 1419.27941895 927 140.78800964 1418.19067383 927 139.55430603 1417.04187012 927 138.37638855 1415.83569336 927 137.25721741 1414.57519531 927 136.19955444 1413.2635498 927 135.20603943 1411.90405273 927 134.27914429 1410.5 927 133.42115784 1409.05493164 927 132.63423157 1407.57250977 927 131.92030334 1426.95898438 927 163.64491272 1426.83605957 927 165.28573608 1406.05627441 927 131.28117371 1404.51000977 927 130.71839905 1402.93774414 927 130.23339844 1401.34313965 927 129.82737732 1399.73034668 927 129.50134277 1398.10339355 927 129.25610352 1426.63146973 927 166.918396 1426.34570312 927 168.53881836 1426.63146973 927 1150.08166504 1426.34570312 927 1148.46118164 723.5 927 68 714.13116455 927 68.07432556 704.76464844 927 68.29729462 695.40289307 927 68.6688385 686.04815674 927 69.18886566 676.70288086 927 69.85725403 667.36938477 927 70.67382812 658.05004883 927 71.63838959 648.74713135 927 72.75068665 639.46307373 927 74.01043701 630.20019531 927 75.41733551 620.96075439 927 76.97102356 611.74713135 927 78.67110443 602.56164551 927 80.51715851 593.40661621 927 82.50871277 732.86883545 927 68.07432556 742.23535156 927 68.29729462 751.59710693 927 68.6688385 760.95184326 927 69.18886566 770.29711914 927 69.85725403 779.63061523 927 70.67382812 788.94995117 927 71.63838959 798.25286865 927 72.75068665 807.53692627 927 74.01043701 816.79980469 927 75.41733551 826.03924561 927 76.97102356 835.25286865 927 78.67110443 844.43835449 927 80.51715851 853.59338379 927 82.50871277 133 926 658.5 133.07432556 926 667.86883545 133.29728699 926 677.23535156 133.6688385 926 686.59710693 134.18887329 926 695.95184326 134.85725403 926 705.29711914 135.67382812 926 714.63061523 136.63838196 926 723.94995117 137.75068665 926 733.25286865 139.01043701 926 742.53692627 140.41734314 926 751.79980469 141.97102356 926 761.03924561 143.6710968 926 770.25286865 145.51715088 926 779.43835449 147.50871277 926 788.59338379 149.64526367 926 797.71563721 151.92628479 926 806.80285645 154.35121155 926 815.8527832 156.91940308 926 824.86309814 159.63023376 926 833.83148193 162.48300171 926 842.7557373 165.47702026 926 851.63360596 168.61151123 926 860.46289062 171.88568115 926 869.24133301 175.29873657 926 877.9666748 178.84979248 926 886.63677979 182.53794861 926 895.24945068 186.36230469 926 903.80255127 190.32188416 926 912.29388428 194.41567993 926 920.72131348 198.64266968 926 929.08276367 203.00178528 926 937.37609863 207.49194336 926 945.59918213 212.11199951 926 953.75 216.86079407 926 961.82647705 221.73713684 926 969.82666016 226.73979187 926 977.74841309 231.86750793 926 985.58978271 237.11897278 926 993.34887695 242.49290466 926 1001.02362061 247.98791504 926 1008.61212158 253.60263062 926 1016.11254883 259.33563232 926 1023.52288818 265.18551636 926 1030.84130859 271.15075684 926 1038.06604004 277.22988892 926 1045.1953125 283.4213562 926 1052.22705078 289.72360229 926 1059.15979004 296.13504028 926 1065.99169922 302.65408325 926 1072.72094727 309.27908325 926 1079.34594727 316.0083313 926 1085.86499023 322.84017944 926 1092.27636719 329.7729187 926 1098.57861328 336.80474854 926 1104.7701416 343.93392944 926 1110.84924316 351.15866089 926 1116.81445312 358.47711182 926 1122.66430664 365.88748169 926 1128.39733887 373.38787842 926 1134.01208496 380.97640991 926 1139.50708008 388.65115356 926 1144.88098145 396.41021729 926 1150.13244629 404.25158691 926 1155.26025391 412.17337036 926 1160.26281738 420.17349243 926 1165.13916016 428.25 926 1169.88806152 436.40081787 926 1174.50805664 444.62393188 926 1178.99816895 452.91723633 926 1183.3572998 461.27865601 926 1187.58435059 469.70611572 926 1191.67810059 478.19744873 926 1195.63769531 486.7505188 926 1199.46203613 495.3631897 926 1203.15026855 504.0333252 926 1206.70129395 512.75866699 926 1210.11425781 521.53710938 926 1213.3885498 530.36639404 926 1216.52294922 539.2442627 926 1219.51696777 548.16851807 926 1222.36975098 557.13690186 926 1225.08056641 566.1472168 926 1227.64880371 575.19714355 926 1230.07373047 584.28436279 926 1232.35473633 593.40661621 926 1234.49133301 602.56164551 926 1236.48278809 611.74713135 926 1238.32885742 620.96075439 926 1240.02893066 630.20019531 926 1241.5826416 639.46307373 926 1242.98950195 648.74713135 926 1244.24926758 658.05004883 926 1245.36157227 667.36938477 926 1246.32617188 676.70288086 926 1247.1427002 686.04815674 926 1247.81115723 695.40289307 926 1248.33117676 704.76464844 926 1248.70275879 714.13116455 926 1248.92565918 723.5 926 1249 732.86883545 926 1248.92565918 742.23535156 926 1248.70275879 751.59710693 926 1248.33117676 760.95184326 926 1247.81115723 770.29711914 926 1247.1427002 779.63061523 926 1246.32617188 788.94995117 926 1245.36157227 798.25286865 926 1244.24926758 807.53692627 926 1242.98950195 816.79980469 926 1241.5826416 826.03924561 926 1240.02893066 835.25286865 926 1238.32885742 844.43835449 926 1236.48278809 853.59338379 926 1234.49133301 862.71563721 926 1232.35473633 871.80285645 926 1230.07373047 880.8527832 926 1227.64880371 889.86309814 926 1225.08056641 898.83148193 926 1222.36975098 907.7557373 926 1219.51696777 916.63360596 926 1216.52294922 925.46289062 926 1213.3885498 934.24133301 926 1210.11425781 942.9666748 926 1206.70129395 951.63677979 926 1203.15026855 960.24945068 926 1199.46203613 968.80255127 926 1195.63769531 977.29388428 926 1191.67810059 985.72131348 926 1187.58435059 994.08276367 926 1183.3572998 1002.37609863 926 1178.99816895 1010.59918213 926 1174.50805664 1018.75 926 1169.88806152 1026.82653809 926 1165.13916016 1034.82666016 926 1160.26281738 1042.74841309 926 1155.26025391 1050.58984375 926 1150.13244629 1058.34887695 926 1144.88098145 1066.02355957 926 1139.50708008 1073.61218262 926 1134.01208496 1081.11254883 926 1128.39733887 1088.52282715 926 1122.66430664 1095.84130859 926 1116.81445312 1103.06604004 926 1110.84924316 1110.1953125 926 1104.7701416 1117.22705078 926 1098.57861328 1124.15979004 926 1092.27636719 1130.99169922 926 1085.86499023 1137.72094727 926 1079.34594727 1144.34594727 926 1072.72094727 1150.86499023 926 1065.99169922 1157.27636719 926 1059.15979004 1163.57861328 926 1052.22705078 1169.7701416 926 1045.1953125 1175.84924316 926 1038.06604004 1181.81445312 926 1030.84130859 1187.66430664 926 1023.52288818 1193.39733887 926 1016.11254883 1199.01208496 926 1008.61212158 1204.50708008 926 1001.02362061 1209.88098145 926 993.34887695 1215.13244629 926 985.58978271 1220.26025391 926 977.74841309 1225.26281738 926 969.82666016 1230.13916016 926 961.82647705 1234.88806152 926 953.75 1239.50805664 926 945.59918213 1243.99816895 926 937.37609863 1248.3572998 926 929.08276367 1252.58435059 926 920.72131348 1256.67810059 926 912.29388428 1260.63769531 926 903.80255127 1264.46203613 926 895.24945068 1268.15026855 926 886.63677979 1271.70129395 926 877.9666748 1275.11425781 926 869.24133301 1278.3885498 926 860.46289062 1281.52294922 926 851.63360596 1284.51696777 926 842.7557373 1287.36975098 926 833.83148193 1290.08056641 926 824.86309814 1292.64880371 926 815.8527832 1295.07373047 926 806.80285645 1297.35473633 926 797.71563721 1299.49133301 926 788.59338379 1301.48278809 926 779.43835449 1303.32885742 926 770.25286865 1305.02893066 926 761.03924561 1306.5826416 926 751.79980469 1307.98950195 926 742.53692627 1309.24926758 926 733.25286865 1310.36157227 926 723.94995117 1311.32617188 926 714.63061523 1312.1427002 926 705.29711914 1312.81115723 926 695.95184326 1313.33117676 926 686.59710693 1313.70275879 926 677.23535156 1313.92565918 926 667.86883545 1314 926 658.5 429 926 703 518 926 703 429 926 614 198.64266968 926 387.91723633 194.41567993 926 396.27865601 190.32188416 926 404.70611572 186.36230469 926 413.19744873 182.53794861 926 421.7505188 178.84979248 926 430.3631897 175.29873657 926 439.0333252 171.88568115 926 447.75869751 168.61151123 926 456.53710938 165.47702026 926 465.36636353 162.48300171 926 474.2442627 159.63023376 926 483.16851807 156.91940308 926 492.13693237 154.35121155 926 501.1472168 151.92628479 926 510.19711304 149.64526367 926 519.28436279 147.50871277 926 528.40661621 145.51715088 926 537.56164551 143.6710968 926 546.74713135 141.97102356 926 555.96075439 140.41734314 926 565.20019531 139.01043701 926 574.46307373 137.75068665 926 583.74713135 136.63838196 926 593.05004883 135.67382812 926 602.36938477 134.85725403 926 611.70288086 134.18887329 926 621.04815674 133.6688385 926 630.40289307 133.29728699 926 639.76464844 133.07432556 926 649.13116455 203.00178528 926 379.62393188 207.49194336 926 371.40081787 212.11199951 926 363.25 216.86079407 926 355.17349243 221.73713684 926 347.17337036 226.73979187 926 339.25158691 231.86750793 926 331.41021729 237.11897278 926 323.65115356 242.49290466 926 315.97640991 247.98791504 926 308.38787842 253.60263062 926 300.88748169 668.73657227 926 709.74420166 671.05688477 926 712.11639404 673.4798584 926 714.38366699 666.52349854 926 707.27166748 676.00073242 926 716.54150391 664.421875 926 704.70367432 678.61456299 926 718.58575439 662.43597412 926 702.04522705 681.31628418 926 720.51239014 660.56958008 926 699.30151367 684.10058594 926 722.31762695 658.82641602 926 696.47796631 686.96203613 926 723.9979248 657.20983887 926 693.58007812 689.89501953 926 725.54998779 655.72296143 926 690.61352539 259.33563232 926 293.47711182 692.89373779 926 726.9708252 654.36883545 926 687.58404541 695.95239258 926 728.25762939 653.15002441 926 684.49768066 699.06494141 926 729.40789795 652.06890869 926 681.3604126 702.2253418 926 730.41931152 651.12762451 926 678.17840576 705.4274292 926 731.28997803 650.32800293 926 674.95788574 708.66485596 926 732.01812744 649.67163086 926 671.70513916 265.18551636 926 286.15866089 711.93133545 926 732.60241699 649.15979004 926 668.42651367 715.22045898 926 733.04156494 648.79351807 926 665.128479 718.52575684 926 733.33483887 648.57342529 926 661.81750488 721.84082031 926 733.48162842 648.5 926 658.5 518 926 614 725.15917969 926 733.48162842 271.15075684 926 278.93392944 648.57342529 926 655.18249512 728.47424316 926 733.33483887 648.79351807 926 651.871521 731.77954102 926 733.04156494 649.15979004 926 648.57348633 735.06866455 926 732.60241699 649.67163086 926 645.29486084 277.22988892 926 271.80474854 738.33514404 926 732.01812744 650.32800293 926 642.04211426 741.5725708 926 731.28997803 651.12762451 926 638.82159424 744.7746582 926 730.41931152 652.06890869 926 635.6395874 747.93505859 926 729.40789795 283.4213562 926 264.7729187 653.15002441 926 632.50231934 751.04760742 926 728.25762939 654.36883545 926 629.41595459 754.10626221 926 726.9708252 655.72296143 926 626.38647461 757.10498047 926 725.54998779 289.72360229 926 257.84017944 657.20983887 926 623.41992188 658.82641602 926 620.52203369 660.56958008 926 617.69848633 296.13504028 926 251.00834656 662.43597412 926 614.95477295 664.421875 926 612.29632568 666.52349854 926 609.72833252 302.65408325 926 244.27908325 668.73657227 926 607.25579834 671.05688477 926 604.88360596 673.4798584 926 602.61633301 309.27908325 926 237.65409851 676.00073242 926 600.45849609 678.61456299 926 598.41424561 681.31628418 926 596.48760986 316.0083313 926 231.13505554 684.10058594 926 594.68237305 686.96203613 926 593.0020752 322.84017944 926 224.72360229 689.89501953 926 591.45001221 329.7729187 926 218.42134094 336.80474854 926 212.22987366 343.93392944 926 206.15075684 351.15866089 926 200.18551636 358.47711182 926 194.33564758 365.88748169 926 188.60263062 373.38787842 926 182.98791504 380.97640991 926 177.49290466 388.65115356 926 172.11897278 929 926 703 798.5 926 658.5 798.42657471 926 661.81750488 798.20648193 926 665.128479 797.84020996 926 668.42651367 797.32836914 926 671.70513916 796.67199707 926 674.95788574 795.87237549 926 678.17840576 794.93109131 926 681.3604126 793.84997559 926 684.49768066 792.63116455 926 687.58404541 791.27703857 926 690.61352539 789.79016113 926 693.58007812 788.17358398 926 696.47796631 786.43041992 926 699.30151367 784.56402588 926 702.04522705 782.578125 926 704.70367432 780.47650146 926 707.27166748 778.26342773 926 709.74420166 775.94311523 926 712.11639404 773.5201416 926 714.38366699 770.99926758 926 716.54150391 768.38543701 926 718.58575439 765.68371582 926 720.51239014 762.89941406 926 722.31762695 760.03796387 926 723.9979248 396.41021729 926 166.86750793 404.25158691 926 161.73979187 412.17337036 926 156.73713684 420.17349243 926 151.86079407 428.25 926 147.11199951 436.40081787 926 142.49194336 444.62393188 926 138.00178528 1018 926 703 929 926 614 757.10498047 926 591.45001221 760.03796387 926 593.0020752 762.89941406 926 594.68237305 765.68371582 926 596.48760986 768.38543701 926 598.41424561 770.99926758 926 600.45849609 773.5201416 926 602.61633301 775.94311523 926 604.88360596 778.26342773 926 607.25579834 780.47650146 926 609.72833252 782.578125 926 612.29632568 784.56402588 926 614.95477295 786.43041992 926 617.69848633 788.17358398 926 620.52203369 789.79016113 926 623.41992188 791.27703857 926 626.38647461 792.63116455 926 629.41595459 793.84997559 926 632.50231934 794.93109131 926 635.6395874 795.87237549 926 638.82159424 796.67199707 926 642.04211426 797.32836914 926 645.29486084 797.84020996 926 648.57348633 798.20648193 926 651.871521 798.42657471 926 655.18249512 452.91723633 926 133.64266968 461.27865601 926 129.41567993 469.70611572 926 125.32187653 692.89373779 926 590.0291748 478.19744873 926 121.36230469 486.7505188 926 117.53795624 495.3631897 926 113.84979248 695.95239258 926 588.74237061 504.0333252 926 110.29873657 512.75866699 926 106.88568878 521.53710938 926 103.61151123 699.06494141 926 587.59210205 530.36639404 926 100.47702026 539.2442627 926 97.48300171 702.2253418 926 586.58068848 548.16851807 926 94.63022614 557.13690186 926 91.91939545 566.1472168 926 89.35120392 705.4274292 926 585.71002197 575.19714355 926 86.92629242 584.28436279 926 84.6452713 593.40661621 926 82.50871277 708.66485596 926 584.98187256 602.56164551 926 80.51715851 611.74713135 926 78.67110443 620.96075439 926 76.97102356 711.93133545 926 584.39758301 630.20019531 926 75.41733551 639.46307373 926 74.01043701 648.74713135 926 72.75068665 715.22045898 926 583.95843506 658.05004883 926 71.63838959 667.36938477 926 70.67382812 718.52575684 926 583.66516113 676.70288086 926 69.85725403 686.04815674 926 69.18886566 695.40289307 926 68.6688385 721.84082031 926 583.51837158 704.76464844 926 68.29729462 714.13116455 926 68.07432556 1018 926 614 723.5 926 68 725.15917969 926 583.51837158 1313.92565918 926 649.13116455 732.86883545 926 68.07432556 1313.70275879 926 639.76464844 742.23535156 926 68.29729462 1313.33117676 926 630.40289307 751.59710693 926 68.6688385 728.47424316 926 583.66516113 1312.81115723 926 621.04815674 760.95184326 926 69.18886566 1312.1427002 926 611.70288086 770.29711914 926 69.85725403 779.63061523 926 70.67382812 731.77954102 926 583.95843506 1311.32617188 926 602.36938477 1310.36157227 926 593.05004883 788.94995117 926 71.63838959 1309.24926758 926 583.74713135 798.25286865 926 72.75068665 735.06866455 926 584.39758301 1307.98950195 926 574.46307373 807.53692627 926 74.01043701 816.79980469 926 75.41733551 1306.5826416 926 565.20019531 826.03924561 926 76.97102356 738.33514404 926 584.98187256 1305.02893066 926 555.96075439 835.25286865 926 78.67110443 1303.32885742 926 546.74713135 844.43835449 926 80.51715851 1301.48278809 926 537.56164551 853.59338379 926 82.50871277 741.5725708 926 585.71002197 1299.49133301 926 528.40661621 1297.35473633 926 519.28436279 862.71563721 926 84.6452713 1295.07373047 926 510.19711304 871.80285645 926 86.92629242 1292.64880371 926 501.1472168 880.8527832 926 89.35120392 744.7746582 926 586.58068848 1290.08056641 926 492.13693237 889.86309814 926 91.91939545 898.83148193 926 94.63022614 1287.36975098 926 483.16851807 907.7557373 926 97.48300171 747.93505859 926 587.59210205 1284.51696777 926 474.2442627 916.63360596 926 100.47702026 1281.52294922 926 465.36636353 925.46289062 926 103.61151123 751.04760742 926 588.74237061 1278.3885498 926 456.53710938 934.24133301 926 106.88568878 1275.11425781 926 447.75869751 942.9666748 926 110.29873657 1271.70129395 926 439.0333252 951.63677979 926 113.84979248 754.10626221 926 590.0291748 1268.15026855 926 430.3631897 960.24945068 926 117.53795624 1264.46203613 926 421.7505188 968.80255127 926 121.36230469 1260.63769531 926 413.19744873 977.29388428 926 125.32187653 1256.67810059 926 404.70611572 985.72131348 926 129.41567993 1252.58435059 926 396.27865601 994.08276367 926 133.64266968 1248.3572998 926 387.91723633 1002.37609863 926 138.00178528 1243.99816895 926 379.62393188 1010.59918213 926 142.49194336 1239.50805664 926 371.40081787 1018.75 926 147.11199951 1234.88806152 926 363.25 1026.82653809 926 151.86079407 1230.13916016 926 355.17349243 1034.82666016 926 156.73713684 1225.26281738 926 347.17337036 1042.74841309 926 161.73979187 1220.26025391 926 339.25158691 1050.58984375 926 166.86750793 1215.13244629 926 331.41021729 1058.34887695 926 172.11897278 1209.88098145 926 323.65115356 1066.02355957 926 177.49290466 1204.50708008 926 315.97640991 1073.61218262 926 182.98791504 1199.01208496 926 308.38787842 1193.39733887 926 300.88748169 1081.11254883 926 188.60263062 1088.52282715 926 194.33564758 1187.66430664 926 293.47711182 1095.84130859 926 200.18551636 1181.81445312 926 286.15866089 1175.84924316 926 278.93392944 1103.06604004 926 206.15075684 1169.7701416 926 271.80474854 1110.1953125 926 212.22987366 1163.57861328 926 264.7729187 1117.22705078 926 218.42134094 1157.27636719 926 257.84017944 1124.15979004 926 224.72360229 1150.86499023 926 251.00834656 1130.99169922 926 231.13505554 1144.34594727 926 244.27908325 1137.72094727 926 237.65409851 648.5 896 658.5 648.57342529 896 661.81750488 648.79351807 896 665.128479 649.15979004 896 668.42651367 649.67163086 896 671.70513916 650.32800293 896 674.95788574 651.12762451 896 678.17840576 652.06890869 896 681.3604126 653.15002441 896 684.49768066 654.36883545 896 687.58404541 655.72296143 896 690.61352539 657.20983887 896 693.58007812 658.82641602 896 696.47796631 660.56958008 896 699.30151367 662.43597412 896 702.04522705 664.421875 896 704.70367432 666.52349854 896 707.27166748 668.73657227 896 709.74420166 671.05688477 896 712.11639404 673.4798584 896 714.38366699 676.00073242 896 716.54150391 678.61456299 896 718.58575439 681.31628418 896 720.51239014 684.10058594 896 722.31762695 686.96203613 896 723.9979248 689.89501953 896 725.54998779 692.89373779 896 726.9708252 695.95239258 896 728.25762939 699.06494141 896 729.40789795 702.2253418 896 730.41931152 705.4274292 896 731.28997803 708.66485596 896 732.01812744 711.93133545 896 732.60241699 715.22045898 896 733.04156494 718.52575684 896 733.33483887 721.84082031 896 733.48162842 725.15917969 896 733.48162842 728.47424316 896 733.33483887 731.77954102 896 733.04156494 735.06866455 896 732.60241699 738.33514404 896 732.01812744 741.5725708 896 731.28997803 744.7746582 896 730.41931152 747.93505859 896 729.40789795 751.04760742 896 728.25762939 754.10626221 896 726.9708252 757.10498047 896 725.54998779 760.03796387 896 723.9979248 762.89941406 896 722.31762695 765.68371582 896 720.51239014 768.38543701 896 718.58575439 770.99926758 896 716.54150391 773.5201416 896 714.38366699 775.94311523 896 712.11639404 778.26342773 896 709.74420166 780.47650146 896 707.27166748 782.578125 896 704.70367432 784.56402588 896 702.04522705 786.43041992 896 699.30151367 788.17358398 896 696.47796631 789.79016113 896 693.58007812 791.27703857 896 690.61352539 792.63116455 896 687.58404541 793.84997559 896 684.49768066 794.93109131 896 681.3604126 795.87237549 896 678.17840576 796.67199707 896 674.95788574 797.32836914 896 671.70513916 797.84020996 896 668.42651367 798.20648193 896 665.128479 798.42657471 896 661.81750488 798.5 896 658.5 798.42657471 896 655.18249512 798.20648193 896 651.871521 797.84020996 896 648.57348633 797.32836914 896 645.29486084 796.67199707 896 642.04211426 795.87237549 896 638.82159424 794.93109131 896 635.6395874 793.84997559 896 632.50231934 792.63116455 896 629.41595459 791.27703857 896 626.38647461 789.79016113 896 623.41992188 788.17358398 896 620.52203369 786.43041992 896 617.69848633 784.56402588 896 614.95477295 782.578125 896 612.29632568 780.47650146 896 609.72833252 778.26342773 896 607.25579834 775.94311523 896 604.88360596 773.5201416 896 602.61633301 770.99926758 896 600.45849609 768.38543701 896 598.41424561 765.68371582 896 596.48760986 762.89941406 896 594.68237305 760.03796387 896 593.0020752 757.10498047 896 591.45001221 754.10626221 896 590.0291748 751.04760742 896 588.74237061 747.93505859 896 587.59210205 744.7746582 896 586.58068848 741.5725708 896 585.71002197 738.33514404 896 584.98187256 735.06866455 896 584.39758301 731.77954102 896 583.95843506 728.47424316 896 583.66516113 725.15917969 896 583.51837158 721.84082031 896 583.51837158 718.52575684 896 583.66516113 715.22045898 896 583.95843506 711.93133545 896 584.39758301 708.66485596 896 584.98187256 705.4274292 896 585.71002197 702.2253418 896 586.58068848 699.06494141 896 587.59210205 695.95239258 896 588.74237061 692.89373779 896 590.0291748 689.89501953 896 591.45001221 686.96203613 896 593.0020752 684.10058594 896 594.68237305 681.31628418 896 596.48760986 678.61456299 896 598.41424561 676.00073242 896 600.45849609 673.4798584 896 602.61633301 671.05688477 896 604.88360596 668.73657227 896 607.25579834 666.52349854 896 609.72833252 664.421875 896 612.29632568 662.43597412 896 614.95477295 660.56958008 896 617.69848633 658.82641602 896 620.52203369 657.20983887 896 623.41992188 655.72296143 896 626.38647461 654.36883545 896 629.41595459 653.15002441 896 632.50231934 652.06890869 896 635.6395874 651.12762451 896 638.82159424 650.32800293 896 642.04211426 649.67163086 896 645.29486084 649.15979004 896 648.57348633 648.79351807 896 651.871521 648.57342529 896 655.18249512 133 896 658.5 429 896 703 133.07432556 896 667.86883545 133.29728699 896 677.23535156 133.6688385 896 686.59710693 134.18887329 896 695.95184326 134.85725403 896 705.29711914 135.67382812 896 714.63061523 136.63838196 896 723.94995117 137.75068665 896 733.25286865 139.01043701 896 742.53692627 140.41734314 896 751.79980469 141.97102356 896 761.03924561 143.6710968 896 770.25286865 145.51715088 896 779.43835449 147.50871277 896 788.59338379 149.64526367 896 797.71563721 151.92628479 896 806.80285645 154.35121155 896 815.8527832 156.91940308 896 824.86309814 159.63023376 896 833.83148193 162.48300171 896 842.7557373 165.47702026 896 851.63360596 168.61151123 896 860.46289062 171.88568115 896 869.24133301 175.29873657 896 877.9666748 178.84979248 896 886.63677979 182.53794861 896 895.24945068 186.36230469 896 903.80255127 190.32188416 896 912.29388428 194.41567993 896 920.72131348 198.64266968 896 929.08276367 203.00178528 896 937.37609863 207.49194336 896 945.59918213 212.11199951 896 953.75 216.86079407 896 961.82647705 221.73713684 896 969.82666016 226.73979187 896 977.74841309 231.86750793 896 985.58978271 237.11897278 896 993.34887695 242.49290466 896 1001.02362061 247.98791504 896 1008.61212158 253.60263062 896 1016.11254883 259.33563232 896 1023.52288818 265.18551636 896 1030.84130859 271.15075684 896 1038.06604004 277.22988892 896 1045.1953125 283.4213562 896 1052.22705078 289.72360229 896 1059.15979004 296.13504028 896 1065.99169922 302.65408325 896 1072.72094727 309.27908325 896 1079.34594727 316.0083313 896 1085.86499023 518 896 703 322.84017944 896 1092.27636719 329.7729187 896 1098.57861328 336.80474854 896 1104.7701416 343.93392944 896 1110.84924316 351.15866089 896 1116.81445312 358.47711182 896 1122.66430664 365.88748169 896 1128.39733887 373.38787842 896 1134.01208496 380.97640991 896 1139.50708008 388.65115356 896 1144.88098145 396.41021729 896 1150.13244629 404.25158691 896 1155.26025391 412.17337036 896 1160.26281738 420.17349243 896 1165.13916016 428.25 896 1169.88806152 436.40081787 896 1174.50805664 444.62393188 896 1178.99816895 452.91723633 896 1183.3572998 198.64266968 896 387.91723633 429 896 614 194.41567993 896 396.27865601 190.32188416 896 404.70611572 186.36230469 896 413.19744873 182.53794861 896 421.7505188 178.84979248 896 430.3631897 175.29873657 896 439.0333252 171.88568115 896 447.75869751 168.61151123 896 456.53710938 165.47702026 896 465.36636353 162.48300171 896 474.2442627 159.63023376 896 483.16851807 156.91940308 896 492.13693237 154.35121155 896 501.1472168 151.92628479 896 510.19711304 149.64526367 896 519.28436279 147.50871277 896 528.40661621 145.51715088 896 537.56164551 143.6710968 896 546.74713135 141.97102356 896 555.96075439 140.41734314 896 565.20019531 139.01043701 896 574.46307373 137.75068665 896 583.74713135 136.63838196 896 593.05004883 135.67382812 896 602.36938477 134.85725403 896 611.70288086 134.18887329 896 621.04815674 133.6688385 896 630.40289307 133.29728699 896 639.76464844 133.07432556 896 649.13116455 203.00178528 896 379.62393188 207.49194336 896 371.40081787 212.11199951 896 363.25 216.86079407 896 355.17349243 221.73713684 896 347.17337036 226.73979187 896 339.25158691 231.86750793 896 331.41021729 237.11897278 896 323.65115356 242.49290466 896 315.97640991 247.98791504 896 308.38787842 253.60263062 896 300.88748169 461.27865601 896 1187.58435059 469.70611572 896 1191.67810059 259.33563232 896 293.47711182 478.19744873 896 1195.63769531 486.7505188 896 1199.46203613 495.3631897 896 1203.15026855 504.0333252 896 1206.70129395 512.75866699 896 1210.11425781 521.53710938 896 1213.3885498 530.36639404 896 1216.52294922 539.2442627 896 1219.51696777 548.16851807 896 1222.36975098 557.13690186 896 1225.08056641 566.1472168 896 1227.64880371 575.19714355 896 1230.07373047 584.28436279 896 1232.35473633 593.40661621 896 1234.49133301 602.56164551 896 1236.48278809 611.74713135 896 1238.32885742 620.96075439 896 1240.02893066 265.18551636 896 286.15866089 630.20019531 896 1241.5826416 639.46307373 896 1242.98950195 648.74713135 896 1244.24926758 658.05004883 896 1245.36157227 667.36938477 896 1246.32617188 676.70288086 896 1247.1427002 686.04815674 896 1247.81115723 695.40289307 896 1248.33117676 704.76464844 896 1248.70275879 714.13116455 896 1248.92565918 723.5 896 1249 518 896 614 732.86883545 896 1248.92565918 742.23535156 896 1248.70275879 751.59710693 896 1248.33117676 271.15075684 896 278.93392944 770.29711914 896 1247.1427002 779.63061523 896 1246.32617188 760.95184326 896 1247.81115723 788.94995117 896 1245.36157227 798.25286865 896 1244.24926758 807.53692627 896 1242.98950195 816.79980469 896 1241.5826416 826.03924561 896 1240.02893066 277.22988892 896 271.80474854 835.25286865 896 1238.32885742 844.43835449 896 1236.48278809 853.59338379 896 1234.49133301 862.71563721 896 1232.35473633 871.80285645 896 1230.07373047 880.8527832 896 1227.64880371 889.86309814 896 1225.08056641 898.83148193 896 1222.36975098 907.7557373 896 1219.51696777 916.63360596 896 1216.52294922 925.46289062 896 1213.3885498 283.4213562 896 264.7729187 934.24133301 896 1210.11425781 942.9666748 896 1206.70129395 951.63677979 896 1203.15026855 960.24945068 896 1199.46203613 968.80255127 896 1195.63769531 977.29388428 896 1191.67810059 985.72131348 896 1187.58435059 994.08276367 896 1183.3572998 289.72360229 896 257.84017944 296.13504028 896 251.00834656 302.65408325 896 244.27908325 309.27908325 896 237.65409851 316.0083313 896 231.13505554 322.84017944 896 224.72360229 329.7729187 896 218.42134094 336.80474854 896 212.22987366 343.93392944 896 206.15075684 351.15866089 896 200.18551636 358.47711182 896 194.33564758 365.88748169 896 188.60263062 373.38787842 896 182.98791504 380.97640991 896 177.49290466 388.65115356 896 172.11897278 929 896 703 1002.37609863 896 1178.99816895 1010.59918213 896 1174.50805664 1018.75 896 1169.88806152 1026.82653809 896 1165.13916016 1034.82666016 896 1160.26281738 1042.74841309 896 1155.26025391 1050.58984375 896 1150.13244629 1058.34887695 896 1144.88098145 1066.02355957 896 1139.50708008 1073.61218262 896 1134.01208496 1081.11254883 896 1128.39733887 1088.52282715 896 1122.66430664 1095.84130859 896 1116.81445312 1103.06604004 896 1110.84924316 1110.1953125 896 1104.7701416 1117.22705078 896 1098.57861328 1124.15979004 896 1092.27636719 1130.99169922 896 1085.86499023 396.41021729 896 166.86750793 404.25158691 896 161.73979187 412.17337036 896 156.73713684 420.17349243 896 151.86079407 428.25 896 147.11199951 436.40081787 896 142.49194336 444.62393188 896 138.00178528 929 896 614 1018 896 703 1137.72094727 896 1079.34594727 1144.34594727 896 1072.72094727 1150.86499023 896 1065.99169922 1157.27636719 896 1059.15979004 1163.57861328 896 1052.22705078 1169.7701416 896 1045.1953125 1175.84924316 896 1038.06604004 1181.81445312 896 1030.84130859 1187.66430664 896 1023.52288818 1193.39733887 896 1016.11254883 1199.01208496 896 1008.61212158 1204.50708008 896 1001.02362061 1209.88098145 896 993.34887695 1215.13244629 896 985.58978271 1220.26025391 896 977.74841309 1225.26281738 896 969.82666016 1230.13916016 896 961.82647705 1234.88806152 896 953.75 1239.50805664 896 945.59918213 1243.99816895 896 937.37609863 1248.3572998 896 929.08276367 452.91723633 896 133.64266968 1252.58435059 896 920.72131348 461.27865601 896 129.41567993 1256.67810059 896 912.29388428 469.70611572 896 125.32187653 1260.63769531 896 903.80255127 478.19744873 896 121.36230469 1264.46203613 896 895.24945068 486.7505188 896 117.53795624 1268.15026855 896 886.63677979 495.3631897 896 113.84979248 1271.70129395 896 877.9666748 504.0333252 896 110.29873657 1275.11425781 896 869.24133301 512.75866699 896 106.88568878 1278.3885498 896 860.46289062 521.53710938 896 103.61151123 1281.52294922 896 851.63360596 530.36639404 896 100.47702026 1284.51696777 896 842.7557373 539.2442627 896 97.48300171 1287.36975098 896 833.83148193 548.16851807 896 94.63022614 1290.08056641 896 824.86309814 557.13690186 896 91.91939545 1292.64880371 896 815.8527832 566.1472168 896 89.35120392 1295.07373047 896 806.80285645 575.19714355 896 86.92629242 1297.35473633 896 797.71563721 584.28436279 896 84.6452713 1299.49133301 896 788.59338379 593.40661621 896 82.50871277 1301.48278809 896 779.43835449 602.56164551 896 80.51715851 1303.32885742 896 770.25286865 611.74713135 896 78.67110443 1305.02893066 896 761.03924561 620.96075439 896 76.97102356 1306.5826416 896 751.79980469 630.20019531 896 75.41733551 1307.98950195 896 742.53692627 639.46307373 896 74.01043701 1309.24926758 896 733.25286865 648.74713135 896 72.75068665 1310.36157227 896 723.94995117 658.05004883 896 71.63838959 1311.32617188 896 714.63061523 667.36938477 896 70.67382812 1312.1427002 896 705.29711914 676.70288086 896 69.85725403 1312.81115723 896 695.95184326 686.04815674 896 69.18886566 1313.33117676 896 686.59710693 695.40289307 896 68.6688385 1313.70275879 896 677.23535156 704.76464844 896 68.29729462 1313.92565918 896 667.86883545 714.13116455 896 68.07432556 1314 896 658.5 1018 896 614 723.5 896 68 1313.92565918 896 649.13116455 732.86883545 896 68.07432556 1313.70275879 896 639.76464844 742.23535156 896 68.29729462 1313.33117676 896 630.40289307 751.59710693 896 68.6688385 1312.81115723 896 621.04815674 760.95184326 896 69.18886566 1312.1427002 896 611.70288086 770.29711914 896 69.85725403 779.63061523 896 70.67382812 1311.32617188 896 602.36938477 1310.36157227 896 593.05004883 788.94995117 896 71.63838959 1309.24926758 896 583.74713135 798.25286865 896 72.75068665 1307.98950195 896 574.46307373 807.53692627 896 74.01043701 816.79980469 896 75.41733551 1306.5826416 896 565.20019531 826.03924561 896 76.97102356 1305.02893066 896 555.96075439 835.25286865 896 78.67110443 1303.32885742 896 546.74713135 844.43835449 896 80.51715851 1301.48278809 896 537.56164551 853.59338379 896 82.50871277 1299.49133301 896 528.40661621 1297.35473633 896 519.28436279 862.71563721 896 84.6452713 1295.07373047 896 510.19711304 871.80285645 896 86.92629242 1292.64880371 896 501.1472168 880.8527832 896 89.35120392 1290.08056641 896 492.13693237 889.86309814 896 91.91939545 898.83148193 896 94.63022614 1287.36975098 896 483.16851807 907.7557373 896 97.48300171 1284.51696777 896 474.2442627 916.63360596 896 100.47702026 1281.52294922 896 465.36636353 925.46289062 896 103.61151123 1278.3885498 896 456.53710938 934.24133301 896 106.88568878 1275.11425781 896 447.75869751 942.9666748 896 110.29873657 1271.70129395 896 439.0333252 951.63677979 896 113.84979248 1268.15026855 896 430.3631897 960.24945068 896 117.53795624 1264.46203613 896 421.7505188 968.80255127 896 121.36230469 1260.63769531 896 413.19744873 977.29388428 896 125.32187653 1256.67810059 896 404.70611572 985.72131348 896 129.41567993 1252.58435059 896 396.27865601 994.08276367 896 133.64266968 1248.3572998 896 387.91723633 1002.37609863 896 138.00178528 1243.99816895 896 379.62393188 1010.59918213 896 142.49194336 1239.50805664 896 371.40081787 1018.75 896 147.11199951 1234.88806152 896 363.25 1026.82653809 896 151.86079407 1230.13916016 896 355.17349243 1034.82666016 896 156.73713684 1225.26281738 896 347.17337036 1042.74841309 896 161.73979187 1220.26025391 896 339.25158691 1050.58984375 896 166.86750793 1215.13244629 896 331.41021729 1058.34887695 896 172.11897278 1209.88098145 896 323.65115356 1066.02355957 896 177.49290466 1204.50708008 896 315.97640991 1073.61218262 896 182.98791504 1199.01208496 896 308.38787842 1193.39733887 896 300.88748169 1081.11254883 896 188.60263062 1088.52282715 896 194.33564758 1187.66430664 896 293.47711182 1095.84130859 896 200.18551636 1181.81445312 896 286.15866089 1175.84924316 896 278.93392944 1103.06604004 896 206.15075684 1169.7701416 896 271.80474854 1110.1953125 896 212.22987366 1163.57861328 896 264.7729187 1117.22705078 896 218.42134094 1157.27636719 896 257.84017944 1124.15979004 896 224.72360229 1150.86499023 896 251.00834656 1130.99169922 896 231.13505554 1144.34594727 896 244.27908325 1137.72094727 896 237.65409851 0 0 0 1447 0 0 4 368 4 4 122 4 4 372 4 1443 118 1313 1443 118 4 1443 4 1313 1443 4 4 4 4 4 4 4 1313 4 118 4 4 118 1313 2421.078125 773.42541504 1317 2421.078125 179.95118713 1317 2421.078125 179.95118713 1313 2421.078125 773.42541504 1313 1728.00561523 262.92153931 1317 1728.00561523 178.51631165 1317 1841.44616699 178.51631165 1317 1941.02331543 179.95118713 1317 1841.44616699 262.92153931 1317 1706.27124023 678.46954346 1317 1706.27124023 762.87475586 1317 1811.77783203 678.46954346 1317 2339.31054688 179.95118713 1317 1811.77783203 762.87475586 1317 1941.02331543 768.15008545 1317 2894 0 1317 2795.6262207 179.95118713 1317 2339.31054688 768.15008545 1317 2894 927 1317 2795.6262207 773.42541504 1317 1841.44616699 178.51631165 1313 1728.00561523 178.51631165 1313 1728.00561523 262.92153931 1313 1841.44616699 262.92153931 1313 2603 897 1313 2890 897 1313 2603 819 1313 2890 819 1313 1451 128 1313 1941.02331543 179.95118713 1313 1451 897 1313 1706.27124023 678.46954346 1313 1706.27124023 762.87475586 1313 1811.77783203 678.46954346 1313 2339.31054688 179.95118713 1313 1811.77783203 762.87475586 1313 1941.02331543 768.15008545 1313 2795.6262207 179.95118713 1313 2890 128 1313 2339.31054688 768.15008545 1313 2599 897 1313 2599 815 1313 2795.6262207 773.42541504 1313 2890 815 1313 2890 819 1039 2890 897 1039 2890 815 1039 2890 819 1035 2890 128 4 2890 897 1035 2890 897 4 2603 819 1039 2603 897 1209 2603 897 1039 2603 927 1039 2603 927 1209 2674 897 1209 2674 897 1039 1554.64196777 897 1289.24523926 1555.70373535 897 1290.33398438 1473.14196777 897 1207.74523926 1474.20373535 897 1208.83398438 1556.81860352 897 1291.36828613 1475.31860352 897 1209.86828613 1553.63562012 897 1288.10498047 1472.13562012 897 1206.60498047 1557.98352051 897 1292.3458252 1476.48352051 897 1210.8458252 1552.6875 897 1286.91601562 1471.1875 897 1205.41601562 1559.19580078 897 1293.26416016 1477.69580078 897 1211.76416016 1551.79968262 897 1285.68127441 1470.29968262 897 1204.18127441 1560.45239258 897 1294.12084961 1478.95239258 897 1212.62084961 1550.97460938 897 1284.40380859 1469.47460938 897 1202.90380859 1561.75 897 1294.91381836 1480.25 897 1213.41381836 1550.2142334 897 1283.08679199 1468.7142334 897 1201.58679199 1563.08557129 897 1295.64111328 1481.58557129 897 1214.14111328 1549.52050781 897 1281.73339844 1468.02050781 897 1200.23339844 1564.45568848 897 1296.30090332 1482.95568848 897 1214.80090332 1548.89501953 897 1280.34729004 1467.39501953 897 1198.84729004 1565.85705566 897 1296.89160156 1484.35705566 897 1215.39160156 1548.33935547 897 1278.93164062 1466.83935547 897 1197.43164062 1567.28613281 897 1297.41174316 1485.78613281 897 1215.91174316 1547.85498047 897 1277.48999023 1466.35498047 897 1195.98999023 1568.73937988 897 1297.85998535 1487.23937988 897 1216.35998535 1547.44311523 897 1276.02612305 1465.94311523 897 1194.52612305 1570.21313477 897 1298.23535156 1488.71313477 897 1216.73535156 1547.10473633 897 1274.54345703 1465.60473633 897 1193.04345703 1490.20373535 897 1217.03662109 1571.70373535 897 1298.53662109 1546.84069824 897 1273.04577637 1465.34069824 897 1191.54577637 1491.70751953 897 1217.26330566 1573.20751953 897 1298.76330566 1546.65161133 897 1271.53686523 1465.15161133 897 1190.03686523 1493.22070312 897 1217.41467285 1574.72070312 897 1298.91467285 1546.53796387 897 1270.02026367 1465.03796387 897 1188.52026367 1494.73962402 897 1217.49047852 1576.23962402 897 1298.99047852 1546.5 897 1268.5 1465 897 1187 1496.26037598 897 1217.49047852 1577.76037598 897 1298.99047852 1546.53796387 897 1266.97973633 1465.03796387 897 1185.47973633 1579.27929688 897 1298.91467285 1497.77929688 897 1217.41467285 1546.65161133 897 1265.46313477 1499.29248047 897 1217.26330566 1546.84069824 897 1263.95422363 1500.79626465 897 1217.03662109 1547.10473633 897 1262.45654297 1502.28686523 897 1216.73535156 1547.44311523 897 1260.97387695 1503.76062012 897 1216.35998535 1547.85498047 897 1259.51000977 1505.21386719 897 1215.91174316 1548.33935547 897 1258.06835938 1506.64294434 897 1215.39160156 1548.89501953 897 1256.65270996 1508.04431152 897 1214.80090332 1549.52050781 897 1255.26660156 1509.41442871 897 1214.14111328 1550.2142334 897 1253.91320801 1510.75 897 1213.41381836 1550.97460938 897 1252.59619141 1512.04760742 897 1212.62084961 1551.79968262 897 1251.31872559 1513.30419922 897 1211.76416016 1552.6875 897 1250.08398438 1514.51647949 897 1210.8458252 1553.63562012 897 1248.89501953 1515.68139648 897 1209.86828613 1554.64196777 897 1247.75476074 1516.79626465 897 1208.83398438 1555.70373535 897 1246.66601562 1517.85803223 897 1207.74523926 1556.81860352 897 1245.63171387 1518.86437988 897 1206.60498047 1557.98352051 897 1244.6541748 1519.8125 897 1205.41601562 1559.19580078 897 1243.73583984 1520.70031738 897 1204.18127441 1560.45239258 897 1242.87915039 1521.52539062 897 1202.90380859 1561.75 897 1242.08618164 1522.2857666 897 1201.58679199 1563.08557129 897 1241.35888672 1522.97949219 897 1200.23339844 1564.45568848 897 1240.69909668 1523.60498047 897 1198.84729004 1565.85705566 897 1240.10839844 1524.16064453 897 1197.43164062 1567.28613281 897 1239.58825684 1524.64501953 897 1195.98999023 1568.73937988 897 1239.14001465 1525.05688477 897 1194.52612305 1570.21313477 897 1238.76464844 1525.39526367 897 1193.04345703 1571.70373535 897 1238.46337891 1525.65930176 897 1191.54577637 1573.20751953 897 1238.23669434 1525.84838867 897 1190.03686523 1574.72070312 897 1238.08532715 1525.96203613 897 1188.52026367 1576.23962402 897 1238.00952148 1526 897 1187 1577.76037598 897 1238.00952148 1525.96203613 897 1185.47973633 1579.27929688 897 1238.08532715 1525.84838867 897 1183.96313477 1580.79248047 897 1238.23669434 1525.65930176 897 1182.45422363 1582.29626465 897 1238.46337891 1525.39526367 897 1180.95654297 1583.78686523 897 1238.76464844 1525.05688477 897 1179.47387695 1585.26062012 897 1239.14001465 1524.64501953 897 1178.01000977 1586.71386719 897 1239.58825684 1524.16064453 897 1176.56835938 1588.14294434 897 1240.10839844 1523.60498047 897 1175.15270996 1589.54431152 897 1240.69909668 1522.97949219 897 1173.76660156 1590.91442871 897 1241.35888672 1522.2857666 897 1172.41320801 1592.25 897 1242.08618164 1521.52539062 897 1171.09619141 1593.54760742 897 1242.87915039 1520.70031738 897 1169.81872559 1594.80419922 897 1243.73583984 1947 897 758.5 1605.10498047 897 1256.65270996 1605.66064453 897 1258.06835938 1606.14501953 897 1259.51000977 1606.55688477 897 1260.97387695 1606.89526367 897 1262.45654297 1607.15930176 897 1263.95422363 1607.34838867 897 1265.46313477 1607.46203613 897 1266.97973633 1494.73962402 897 1156.50952148 1496.26037598 897 1156.50952148 1497.77929688 897 1156.58532715 1499.29248047 897 1156.73669434 1500.79626465 897 1156.96337891 1502.28686523 897 1157.26464844 1503.76062012 897 1157.64001465 1505.21386719 897 1158.08825684 1506.64294434 897 1158.60839844 1508.04431152 897 1159.19909668 1509.41442871 897 1159.85888672 1510.75 897 1160.58618164 1512.04760742 897 1161.37915039 1513.30419922 897 1162.23583984 1514.51647949 897 1163.1541748 1515.68139648 897 1164.13171387 1516.79626465 897 1165.16601562 1517.85803223 897 1166.25476074 1518.86437988 897 1167.39501953 1519.8125 897 1168.58398438 1596.01647949 897 1244.6541748 1597.18139648 897 1245.63171387 1598.29626465 897 1246.66601562 1599.35803223 897 1247.75476074 1600.36437988 897 1248.89501953 1601.3125 897 1250.08398438 1602.20031738 897 1251.31872559 1603.02539062 897 1252.59619141 1603.7857666 897 1253.91320801 1604.47949219 897 1255.26660156 1597.18139648 897 1291.36828613 1596.01647949 897 1292.3458252 1594.80419922 897 1293.26416016 1593.54760742 897 1294.12084961 1592.25 897 1294.91381836 1590.91442871 897 1295.64111328 1589.54431152 897 1296.30090332 1588.14294434 897 1296.89160156 1586.71386719 897 1297.41174316 1607.5 897 1268.5 1585.26062012 897 1297.85998535 1583.78686523 897 1298.23535156 1582.29626465 897 1298.53662109 1580.79248047 897 1298.76330566 1607.46203613 897 1270.02026367 1607.34838867 897 1271.53686523 1607.15930176 897 1273.04577637 1606.89526367 897 1274.54345703 1606.55688477 897 1276.02612305 1606.14501953 897 1277.48999023 1605.66064453 897 1278.93164062 1605.10498047 897 1280.34729004 1604.47949219 897 1281.73339844 1603.7857666 897 1283.08679199 1603.02539062 897 1284.40380859 1602.20031738 897 1285.68127441 1601.3125 897 1286.91601562 1600.36437988 897 1288.10498047 1599.35803223 897 1289.24523926 1598.29626465 897 1290.33398438 1473.14196777 897 1166.25476074 1473.14196777 897 181.24526978 1474.20373535 897 1165.16601562 1474.20373535 897 182.3339386 1475.31860352 897 183.36833191 1475.31860352 897 1164.13171387 1472.13562012 897 180.10502625 1472.13562012 897 1167.39501953 1476.48352051 897 184.34585571 1476.48352051 897 1163.1541748 1477.69580078 897 1162.23583984 1471.1875 897 178.91603088 1471.1875 897 1168.58398438 1477.69580078 897 185.26411438 1470.29968262 897 1169.81872559 1470.29968262 897 177.68125916 1478.95239258 897 186.12078857 1478.95239258 897 1161.37915039 1469.47460938 897 176.40377808 1469.47460938 897 1171.09619141 1480.25 897 186.91377258 1480.25 897 1160.58618164 1468.7142334 897 175.08674622 1468.7142334 897 1172.41320801 1481.58557129 897 187.64108276 1481.58557129 897 1159.85888672 1468.02050781 897 1173.76660156 1468.02050781 897 173.73345947 1482.95568848 897 188.30093384 1482.95568848 897 1159.19909668 1466.83935547 897 1176.56835938 1467.39501953 897 172.34725952 1467.39501953 897 1175.15270996 1484.35705566 897 188.89164734 1484.35705566 897 1158.60839844 1466.83935547 897 170.93161011 1485.78613281 897 189.41178894 1485.78613281 897 1158.08825684 1466.35498047 897 1178.01000977 1466.35498047 897 169.49003601 1487.23937988 897 189.86004639 1487.23937988 897 1157.64001465 1465.94311523 897 1179.47387695 1465.94311523 897 168.02610779 1488.71313477 897 190.23530579 1488.71313477 897 1157.26464844 1490.20373535 897 1156.96337891 1490.20373535 897 190.53663635 1491.70751953 897 190.76329041 1491.70751953 897 1156.73669434 1493.22070312 897 190.91471863 1493.22070312 897 1156.58532715 1494.73962402 897 190.99052429 1526 897 160.5 1560.16699219 897 192 1525.96203613 897 162.02029419 1525.84838867 897 163.53681946 1525.65930176 897 165.04579163 1525.39526367 897 166.54345703 1525.05688477 897 168.02610779 1524.64501953 897 169.49003601 1524.16064453 897 170.93161011 1523.60498047 897 172.34725952 1522.97949219 897 173.73345947 1522.2857666 897 175.08674622 1521.52539062 897 176.40377808 1520.70031738 897 177.68125916 1519.8125 897 178.91603088 1518.86437988 897 180.10502625 1517.85803223 897 181.24526978 1516.79626465 897 182.3339386 1515.68139648 897 183.36833191 1514.51647949 897 184.34585571 1513.30419922 897 185.26411438 1512.04760742 897 186.12078857 1510.75 897 186.91377258 1509.41442871 897 187.64108276 1508.04431152 897 188.30093384 1506.64294434 897 188.89164734 1505.21386719 897 189.41178894 1525.96203613 897 158.97970581 1503.76062012 897 189.86004639 1502.28686523 897 190.23530579 1500.79626465 897 190.53663635 1499.29248047 897 190.76329041 1497.77929688 897 190.91471863 1525.84838867 897 157.46318054 1525.65930176 897 155.95420837 1947 897 558.5 1496.26037598 897 190.99052429 1465.60473633 897 154.45654297 1451 897 4 1465.94311523 897 152.97389221 1466.35498047 897 151.50996399 1466.83935547 897 150.06838989 1467.39501953 897 148.65274048 1468.02050781 897 147.26654053 1468.7142334 897 145.91325378 1469.47460938 897 144.59622192 1470.29968262 897 143.31874084 1471.1875 897 142.08396912 1472.13562012 897 140.89497375 1473.14196777 897 139.75473022 1474.20373535 897 138.6660614 1475.31860352 897 137.63166809 1476.48352051 897 136.65414429 1477.69580078 897 135.73588562 1478.95239258 897 134.87921143 1480.25 897 134.08622742 1481.58557129 897 133.35891724 1482.95568848 897 132.69906616 1484.35705566 897 132.10835266 1485.78613281 897 131.58821106 1487.23937988 897 131.13995361 1488.71313477 897 130.76469421 1490.20373535 897 130.46336365 1491.70751953 897 130.23670959 1493.22070312 897 130.08528137 1494.73962402 897 130.00947571 1496.26037598 897 130.00947571 1497.77929688 897 130.08528137 1465.03796387 897 162.02029419 1465 897 160.5 1465.03796387 897 158.97970581 1465.15161133 897 157.46318054 1465.34069824 897 155.95420837 1560.16699219 897 103 1499.29248047 897 130.23670959 1500.79626465 897 130.46336365 1502.28686523 897 130.76469421 1503.76062012 897 131.13995361 1505.21386719 897 131.58821106 1506.64294434 897 132.10835266 1508.04431152 897 132.69906616 1509.41442871 897 133.35891724 1510.75 897 134.08622742 1512.04760742 897 134.87921143 1513.30419922 897 135.73588562 1514.51647949 897 136.65414429 1515.68139648 897 137.63166809 1516.79626465 897 138.6660614 1517.85803223 897 139.75473022 1518.86437988 897 140.89497375 1519.8125 897 142.08396912 1520.70031738 897 143.31874084 1521.52539062 897 144.59622192 1522.2857666 897 145.91325378 1522.97949219 897 147.26654053 1523.60498047 897 148.65274048 1524.16064453 897 150.06838989 1524.64501953 897 151.50996399 1525.05688477 897 152.97389221 1525.39526367 897 154.45654297 1657.95214844 897 192 1585.14196777 897 69.24526978 1586.20373535 897 70.3339386 1587.31860352 897 71.36832428 1584.13562012 897 68.10501862 1588.48352051 897 72.34586334 1583.1875 897 66.91603088 1589.69580078 897 73.26410675 1582.29968262 897 65.68125916 1590.95239258 897 74.12078857 1581.47460938 897 64.40377045 1592.25 897 74.91377258 1580.7142334 897 63.08674622 1593.58557129 897 75.64109039 1580.02050781 897 61.73345566 1594.95568848 897 76.30092621 1579.39501953 897 60.34725952 1596.35705566 897 76.89164734 1578.83935547 897 58.93161392 1597.78613281 897 77.41178131 1578.35498047 897 57.4900322 1599.23937988 897 77.86003876 1577.94311523 897 56.02610016 1600.71313477 897 78.23529816 1577.60473633 897 54.54345703 1602.20373535 897 78.53663635 1577.34069824 897 53.04578781 1603.70751953 897 78.76329803 1577.15161133 897 51.53681946 1605.22070312 897 78.91471863 1577.03796387 897 50.020298 1606.73962402 897 78.99051666 1577 897 48.5 1608.26037598 897 78.99051666 1577.03796387 897 46.979702 1577.15161133 897 45.46318054 1577.34069824 897 43.95421219 1577.60473633 897 42.45654297 1577.94311523 897 40.97389984 1578.35498047 897 39.5099678 1578.83935547 897 38.06838608 1579.39501953 897 36.65274048 1580.02050781 897 35.26654434 1580.7142334 897 33.91325378 1581.47460938 897 32.59622574 1582.29968262 897 31.31873894 1583.1875 897 30.0839653 1626.51647949 897 72.34586334 1657.95214844 897 103 1625.30419922 897 73.26410675 1624.04760742 897 74.12078857 1622.75 897 74.91377258 1621.41442871 897 75.64109039 1620.04431152 897 76.30092621 1618.64294434 897 76.89164734 1617.21386719 897 77.41178131 1615.76062012 897 77.86003876 1614.28686523 897 78.23529816 1612.79626465 897 78.53663635 1611.29248047 897 78.76329803 1609.77929688 897 78.91471863 1584.13562012 897 28.89497757 1627.68139648 897 71.36832428 1585.14196777 897 27.75473213 1628.79626465 897 70.3339386 1586.20373535 897 26.6660614 2599 897 1039 1629.85803223 897 69.24526978 1587.31860352 897 25.63167381 1630.86437988 897 68.10501862 1588.48352051 897 24.65414047 1631.8125 897 66.91603088 1589.69580078 897 23.73589134 1632.70031738 897 65.68125916 2603 897 1035 1590.95239258 897 22.87920952 1633.52539062 897 64.40377045 1592.25 897 22.08622551 1634.2857666 897 63.08674622 1593.58557129 897 21.35890961 1634.97949219 897 61.73345566 1594.95568848 897 20.69907188 1635.60498047 897 60.34725952 1596.35705566 897 20.10835075 1636.16064453 897 58.93161392 1597.78613281 897 19.58821678 1636.64501953 897 57.4900322 1599.23937988 897 19.13996124 1637.05688477 897 56.02610016 1600.71313477 897 18.76469803 1637.39526367 897 54.54345703 1602.20373535 897 18.46336365 1637.65930176 897 53.04578781 1603.70751953 897 18.23670387 1637.84838867 897 51.53681946 1605.22070312 897 18.08528328 1637.96203613 897 50.020298 1606.73962402 897 18.00947952 1638 897 48.5 1637.96203613 897 46.979702 1637.84838867 897 45.46318054 1637.65930176 897 43.95421219 1637.39526367 897 42.45654297 1637.05688477 897 40.97389984 2394 897 758.5 2394 897 558.5 2683.04785156 897 103 1628.79626465 897 26.6660614 1629.85803223 897 27.75473213 1630.86437988 897 28.89497757 1631.8125 897 30.0839653 1632.70031738 897 31.31873894 1633.52539062 897 32.59622574 1634.2857666 897 33.91325378 1634.97949219 897 35.26654434 1635.60498047 897 36.65274048 1636.16064453 897 38.06838608 1636.64501953 897 39.5099678 2683.04785156 897 192 2780.83300781 897 192 2780.83300781 897 103 1465.15161133 897 1183.96313477 1465.34069824 897 1182.45422363 1465.60473633 897 1180.95654297 1465.15161133 897 163.53681946 1465.34069824 897 165.04579163 1465.60473633 897 166.54345703 1608.26037598 897 18.00947952 1609.77929688 897 18.08528328 1611.29248047 897 18.23670387 1612.79626465 897 18.46336365 1614.28686523 897 18.76469803 1615.76062012 897 19.13996124 1617.21386719 897 19.58821678 1618.64294434 897 20.10835075 1620.04431152 897 20.69907188 1621.41442871 897 21.35890961 1622.75 897 22.08622551 1624.04760742 897 22.87920952 1625.30419922 897 23.73589134 1626.51647949 897 24.65414047 1627.68139648 897 25.63167381 1577 927 48.5 1577.03796387 927 50.020298 1577.15161133 927 51.53681946 1577.34069824 927 53.04578781 1577.60473633 927 54.54345703 1577.94311523 927 56.02610016 1578.35498047 927 57.4900322 1578.83935547 927 58.93161392 1579.39501953 927 60.34725952 1580.02050781 927 61.73345566 1580.7142334 927 63.08674622 1581.47460938 927 64.40377045 1582.29968262 927 65.68125916 1583.1875 927 66.91603088 1584.13562012 927 68.10501862 1585.14196777 927 69.24526978 1586.20373535 927 70.3339386 1587.31860352 927 71.36832428 1588.48352051 927 72.34586334 1589.69580078 927 73.26410675 1590.95239258 927 74.12078857 1592.25 927 74.91377258 1593.58557129 927 75.64109039 1594.95568848 927 76.30092621 1596.35705566 927 76.89164734 1597.78613281 927 77.41178131 1599.23937988 927 77.86003876 1600.71313477 927 78.23529816 1602.20373535 927 78.53663635 1603.70751953 927 78.76329803 1605.22070312 927 78.91471863 1606.73962402 927 78.99051666 1608.26037598 927 78.99051666 1609.77929688 927 78.91471863 1611.29248047 927 78.76329803 1612.79626465 927 78.53663635 1614.28686523 927 78.23529816 1615.76062012 927 77.86003876 1617.21386719 927 77.41178131 1618.64294434 927 76.89164734 1620.04431152 927 76.30092621 1621.41442871 927 75.64109039 1622.75 927 74.91377258 1624.04760742 927 74.12078857 1625.30419922 927 73.26410675 1626.51647949 927 72.34586334 1627.68139648 927 71.36832428 1628.79626465 927 70.3339386 1629.85803223 927 69.24526978 1630.86437988 927 68.10501862 1631.8125 927 66.91603088 1632.70031738 927 65.68125916 1633.52539062 927 64.40377045 1634.2857666 927 63.08674622 1634.97949219 927 61.73345566 1635.60498047 927 60.34725952 1636.16064453 927 58.93161392 1636.64501953 927 57.4900322 1637.05688477 927 56.02610016 1637.39526367 927 54.54345703 1637.65930176 927 53.04578781 1637.84838867 927 51.53681946 1637.96203613 927 50.020298 1638 927 48.5 1554.64196777 927 1289.24523926 1555.70373535 927 1290.33398438 1473.14196777 927 1207.74523926 1474.20373535 927 1208.83398438 1556.81860352 927 1291.36828613 1475.31860352 927 1209.86828613 1553.63562012 927 1288.10498047 1472.13562012 927 1206.60498047 1557.98352051 927 1292.3458252 1476.48352051 927 1210.8458252 1552.6875 927 1286.91601562 1471.1875 927 1205.41601562 1559.19580078 927 1293.26416016 1477.69580078 927 1211.76416016 1551.79968262 927 1285.68127441 1470.29968262 927 1204.18127441 1478.95239258 927 1212.62084961 1560.45239258 927 1294.12084961 1469.47460938 927 1202.90380859 1550.97460938 927 1284.40380859 1561.75 927 1294.91381836 1480.25 927 1213.41381836 1550.2142334 927 1283.08679199 1468.7142334 927 1201.58679199 1563.08557129 927 1295.64111328 1481.58557129 927 1214.14111328 1549.52050781 927 1281.73339844 1468.02050781 927 1200.23339844 1482.95568848 927 1214.80090332 1564.45568848 927 1296.30090332 1548.89501953 927 1280.34729004 1467.39501953 927 1198.84729004 1484.35705566 927 1215.39160156 1565.85705566 927 1296.89160156 1548.33935547 927 1278.93164062 1466.83935547 927 1197.43164062 1485.78613281 927 1215.91174316 1567.28613281 927 1297.41174316 1547.85498047 927 1277.48999023 1466.35498047 927 1195.98999023 1568.73937988 927 1297.85998535 1487.23937988 927 1216.35998535 1547.44311523 927 1276.02612305 1465.94311523 927 1194.52612305 1570.21313477 927 1298.23535156 1488.71313477 927 1216.73535156 1547.10473633 927 1274.54345703 1465.60473633 927 1193.04345703 1571.70373535 927 1298.53662109 1490.20373535 927 1217.03662109 1546.84069824 927 1273.04577637 1465.34069824 927 1191.54577637 1573.20751953 927 1298.76330566 1491.70751953 927 1217.26330566 1546.65161133 927 1271.53686523 1465.15161133 927 1190.03686523 1574.72070312 927 1298.91467285 1493.22070312 927 1217.41467285 1546.53796387 927 1270.02026367 1465.03796387 927 1188.52026367 1576.23962402 927 1298.99047852 1494.73962402 927 1217.49047852 1546.5 927 1268.5 1465 927 1187 1577.76037598 927 1298.99047852 1496.26037598 927 1217.49047852 1546.53796387 927 1266.97973633 1465.03796387 927 1185.47973633 1579.27929688 927 1298.91467285 1497.77929688 927 1217.41467285 1546.65161133 927 1265.46313477 1465.15161133 927 1183.96313477 1580.79248047 927 1298.76330566 1499.29248047 927 1217.26330566 1546.84069824 927 1263.95422363 1500.79626465 927 1217.03662109 1547.10473633 927 1262.45654297 1502.28686523 927 1216.73535156 1547.44311523 927 1260.97387695 1503.76062012 927 1216.35998535 1547.85498047 927 1259.51000977 1505.21386719 927 1215.91174316 1548.33935547 927 1258.06835938 1506.64294434 927 1215.39160156 1548.89501953 927 1256.65270996 1508.04431152 927 1214.80090332 1549.52050781 927 1255.26660156 1509.41442871 927 1214.14111328 1550.2142334 927 1253.91320801 1510.75 927 1213.41381836 1550.97460938 927 1252.59619141 1512.04760742 927 1212.62084961 1551.79968262 927 1251.31872559 1513.30419922 927 1211.76416016 1552.6875 927 1250.08398438 1514.51647949 927 1210.8458252 1553.63562012 927 1248.89501953 1515.68139648 927 1209.86828613 1554.64196777 927 1247.75476074 1516.79626465 927 1208.83398438 1555.70373535 927 1246.66601562 1517.85803223 927 1207.74523926 1556.81860352 927 1245.63171387 1518.86437988 927 1206.60498047 1557.98352051 927 1244.6541748 1519.8125 927 1205.41601562 1559.19580078 927 1243.73583984 1520.70031738 927 1204.18127441 1560.45239258 927 1242.87915039 1521.52539062 927 1202.90380859 1561.75 927 1242.08618164 1522.2857666 927 1201.58679199 1563.08557129 927 1241.35888672 1522.97949219 927 1200.23339844 1564.45568848 927 1240.69909668 1523.60498047 927 1198.84729004 1565.85705566 927 1240.10839844 1524.16064453 927 1197.43164062 1567.28613281 927 1239.58825684 1524.64501953 927 1195.98999023 1568.73937988 927 1239.14001465 1525.05688477 927 1194.52612305 1570.21313477 927 1238.76464844 1525.39526367 927 1193.04345703 1571.70373535 927 1238.46337891 1525.65930176 927 1191.54577637 1573.20751953 927 1238.23669434 1525.84838867 927 1190.03686523 1574.72070312 927 1238.08532715 1525.96203613 927 1188.52026367 1576.23962402 927 1238.00952148 1526 927 1187 1577.76037598 927 1238.00952148 1525.96203613 927 1185.47973633 1579.27929688 927 1238.08532715 1525.84838867 927 1183.96313477 1580.79248047 927 1238.23669434 1525.65930176 927 1182.45422363 1582.29626465 927 1238.46337891 1525.39526367 927 1180.95654297 1583.78686523 927 1238.76464844 1525.05688477 927 1179.47387695 1585.26062012 927 1239.14001465 1524.64501953 927 1178.01000977 1586.71386719 927 1239.58825684 1524.16064453 927 1176.56835938 1588.14294434 927 1240.10839844 1523.60498047 927 1175.15270996 1589.54431152 927 1240.69909668 1522.97949219 927 1173.76660156 1590.91442871 927 1241.35888672 1522.2857666 927 1172.41320801 1592.25 927 1242.08618164 1521.52539062 927 1171.09619141 1593.54760742 927 1242.87915039 1520.70031738 927 1169.81872559 1594.80419922 927 1243.73583984 1947 927 758.5 1597.18139648 927 1245.63171387 1598.29626465 927 1246.66601562 1599.35803223 927 1247.75476074 1600.36437988 927 1248.89501953 1601.3125 927 1250.08398438 1602.20031738 927 1251.31872559 1603.02539062 927 1252.59619141 1603.7857666 927 1253.91320801 1604.47949219 927 1255.26660156 1605.10498047 927 1256.65270996 1605.66064453 927 1258.06835938 1606.14501953 927 1259.51000977 1606.55688477 927 1260.97387695 1606.89526367 927 1262.45654297 1607.15930176 927 1263.95422363 1607.34838867 927 1265.46313477 1607.46203613 927 1266.97973633 1494.73962402 927 1156.50952148 1496.26037598 927 1156.50952148 1497.77929688 927 1156.58532715 1499.29248047 927 1156.73669434 1500.79626465 927 1156.96337891 1502.28686523 927 1157.26464844 1503.76062012 927 1157.64001465 1505.21386719 927 1158.08825684 1506.64294434 927 1158.60839844 1508.04431152 927 1159.19909668 1509.41442871 927 1159.85888672 1510.75 927 1160.58618164 1512.04760742 927 1161.37915039 1513.30419922 927 1162.23583984 1514.51647949 927 1163.1541748 1515.68139648 927 1164.13171387 1516.79626465 927 1165.16601562 1517.85803223 927 1166.25476074 1518.86437988 927 1167.39501953 1519.8125 927 1168.58398438 1596.01647949 927 1244.6541748 1474.20373535 927 182.3339386 1473.14196777 927 1166.25476074 1474.20373535 927 1165.16601562 1473.14196777 927 181.24526978 1475.31860352 927 183.36833191 1475.31860352 927 1164.13171387 1472.13562012 927 180.10502625 1472.13562012 927 1167.39501953 1476.48352051 927 184.34585571 1476.48352051 927 1163.1541748 1477.69580078 927 1162.23583984 1471.1875 927 178.91603088 1471.1875 927 1168.58398438 1477.69580078 927 185.26411438 1470.29968262 927 177.68125916 1470.29968262 927 1169.81872559 1478.95239258 927 186.12078857 1478.95239258 927 1161.37915039 1480.25 927 1160.58618164 1469.47460938 927 176.40377808 1469.47460938 927 1171.09619141 1480.25 927 186.91377258 1468.7142334 927 175.08674622 1468.7142334 927 1172.41320801 1481.58557129 927 187.64108276 1481.58557129 927 1159.85888672 1468.02050781 927 173.73345947 1468.02050781 927 1173.76660156 1482.95568848 927 188.30093384 1482.95568848 927 1159.19909668 1467.39501953 927 172.34725952 1467.39501953 927 1175.15270996 1484.35705566 927 188.89164734 1484.35705566 927 1158.60839844 1466.83935547 927 170.93161011 1466.83935547 927 1176.56835938 1485.78613281 927 189.41178894 1485.78613281 927 1158.08825684 1466.35498047 927 169.49003601 1466.35498047 927 1178.01000977 1487.23937988 927 189.86004639 1487.23937988 927 1157.64001465 1488.71313477 927 1157.26464844 1465.94311523 927 168.02610779 1465.94311523 927 1179.47387695 1488.71313477 927 190.23530579 1490.20373535 927 1156.96337891 1490.20373535 927 190.53663635 1491.70751953 927 190.76329041 1491.70751953 927 1156.73669434 1493.22070312 927 190.91471863 1493.22070312 927 1156.58532715 1494.73962402 927 190.99052429 1560.16699219 927 192 1525.96203613 927 158.97970581 1526 927 160.5 1525.96203613 927 162.02029419 1525.84838867 927 163.53681946 1525.65930176 927 165.04579163 1525.39526367 927 166.54345703 1525.05688477 927 168.02610779 1524.64501953 927 169.49003601 1524.16064453 927 170.93161011 1523.60498047 927 172.34725952 1522.97949219 927 173.73345947 1522.2857666 927 175.08674622 1521.52539062 927 176.40377808 1520.70031738 927 177.68125916 1519.8125 927 178.91603088 1518.86437988 927 180.10502625 1517.85803223 927 181.24526978 1516.79626465 927 182.3339386 1515.68139648 927 183.36833191 1514.51647949 927 184.34585571 1513.30419922 927 185.26411438 1512.04760742 927 186.12078857 1510.75 927 186.91377258 1509.41442871 927 187.64108276 1508.04431152 927 188.30093384 1506.64294434 927 188.89164734 1505.21386719 927 189.41178894 1503.76062012 927 189.86004639 1502.28686523 927 190.23530579 1500.79626465 927 190.53663635 1499.29248047 927 190.76329041 1497.77929688 927 190.91471863 1525.84838867 927 157.46318054 1525.65930176 927 155.95420837 1947 927 558.5 1496.26037598 927 190.99052429 1607.5 927 1268.5 1607.46203613 927 1270.02026367 1607.34838867 927 1271.53686523 1607.15930176 927 1273.04577637 1606.89526367 927 1274.54345703 1606.55688477 927 1276.02612305 1606.14501953 927 1277.48999023 1605.66064453 927 1278.93164062 1605.10498047 927 1280.34729004 1604.47949219 927 1281.73339844 1603.7857666 927 1283.08679199 1603.02539062 927 1284.40380859 1602.20031738 927 1285.68127441 1601.3125 927 1286.91601562 1600.36437988 927 1288.10498047 1599.35803223 927 1289.24523926 1598.29626465 927 1290.33398438 1597.18139648 927 1291.36828613 1596.01647949 927 1292.3458252 1594.80419922 927 1293.26416016 1593.54760742 927 1294.12084961 1592.25 927 1294.91381836 1590.91442871 927 1295.64111328 1589.54431152 927 1296.30090332 1465 927 160.5 1465.03796387 927 158.97970581 1465.15161133 927 157.46318054 1465.34069824 927 155.95420837 1465.60473633 927 154.45654297 1465.94311523 927 152.97389221 1466.35498047 927 151.50996399 1466.83935547 927 150.06838989 1467.39501953 927 148.65274048 1468.02050781 927 147.26654053 1468.7142334 927 145.91325378 1469.47460938 927 144.59622192 1470.29968262 927 143.31874084 1471.1875 927 142.08396912 1472.13562012 927 140.89497375 1473.14196777 927 139.75473022 1474.20373535 927 138.6660614 1475.31860352 927 137.63166809 1476.48352051 927 136.65414429 1477.69580078 927 135.73588562 1478.95239258 927 134.87921143 1480.25 927 134.08622742 1481.58557129 927 133.35891724 1482.95568848 927 132.69906616 1465.15161133 927 163.53681946 1465.03796387 927 162.02029419 1484.35705566 927 132.10835266 1485.78613281 927 131.58821106 1487.23937988 927 131.13995361 1488.71313477 927 130.76469421 1490.20373535 927 130.46336365 1491.70751953 927 130.23670959 1493.22070312 927 130.08528137 1494.73962402 927 130.00947571 1496.26037598 927 130.00947571 1497.77929688 927 130.08528137 1560.16699219 927 103 1499.29248047 927 130.23670959 1500.79626465 927 130.46336365 1502.28686523 927 130.76469421 1503.76062012 927 131.13995361 1505.21386719 927 131.58821106 1506.64294434 927 132.10835266 1508.04431152 927 132.69906616 1509.41442871 927 133.35891724 1510.75 927 134.08622742 1512.04760742 927 134.87921143 1513.30419922 927 135.73588562 1514.51647949 927 136.65414429 1515.68139648 927 137.63166809 1516.79626465 927 138.6660614 1517.85803223 927 139.75473022 1518.86437988 927 140.89497375 1519.8125 927 142.08396912 1520.70031738 927 143.31874084 1521.52539062 927 144.59622192 1522.2857666 927 145.91325378 1522.97949219 927 147.26654053 1523.60498047 927 148.65274048 1524.16064453 927 150.06838989 1524.64501953 927 151.50996399 1525.05688477 927 152.97389221 1525.39526367 927 154.45654297 1657.95214844 927 192 1577.03796387 927 46.979702 1577.15161133 927 45.46318054 1577.34069824 927 43.95421219 1577.60473633 927 42.45654297 1577.94311523 927 40.97389984 1578.35498047 927 39.5099678 1578.83935547 927 38.06838608 1579.39501953 927 36.65274048 1580.02050781 927 35.26654434 1580.7142334 927 33.91325378 1581.47460938 927 32.59622574 1582.29968262 927 31.31873894 1583.1875 927 30.0839653 1657.95214844 927 103 1584.13562012 927 28.89497757 1585.14196777 927 27.75473213 1586.20373535 927 26.6660614 1587.31860352 927 25.63167381 1588.48352051 927 24.65414047 1589.69580078 927 23.73589134 1590.95239258 927 22.87920952 1592.25 927 22.08622551 1593.58557129 927 21.35890961 1594.95568848 927 20.69907188 1596.35705566 927 20.10835075 2674 927 1209 1588.14294434 927 1296.89160156 1586.71386719 927 1297.41174316 1585.26062012 927 1297.85998535 1583.78686523 927 1298.23535156 1582.29626465 927 1298.53662109 1597.78613281 927 19.58821678 1599.23937988 927 19.13996124 1600.71313477 927 18.76469803 1602.20373535 927 18.46336365 1603.70751953 927 18.23670387 1605.22070312 927 18.08528328 1606.73962402 927 18.00947952 1608.26037598 927 18.00947952 1637.96203613 927 46.979702 1637.84838867 927 45.46318054 1637.65930176 927 43.95421219 1637.39526367 927 42.45654297 1637.05688477 927 40.97389984 2674 927 1039 2394 927 758.5 2394 927 558.5 2683.04785156 927 103 1627.68139648 927 25.63167381 1628.79626465 927 26.6660614 1629.85803223 927 27.75473213 1630.86437988 927 28.89497757 1631.8125 927 30.0839653 1632.70031738 927 31.31873894 1633.52539062 927 32.59622574 1634.2857666 927 33.91325378 1634.97949219 927 35.26654434 1635.60498047 927 36.65274048 1636.16064453 927 38.06838608 1636.64501953 927 39.5099678 2683.04785156 927 192 2780.83300781 927 192 2894 927 0 2780.83300781 927 103 1609.77929688 927 18.08528328 1611.29248047 927 18.23670387 1612.79626465 927 18.46336365 1614.28686523 927 18.76469803 1615.76062012 927 19.13996124 1617.21386719 927 19.58821678 1618.64294434 927 20.10835075 1620.04431152 927 20.69907188 1621.41442871 927 21.35890961 1622.75 927 22.08622551 1624.04760742 927 22.87920952 1625.30419922 927 23.73589134 1626.51647949 927 24.65414047 1465.34069824 927 1182.45422363 1465.60473633 927 1180.95654297 1465.34069824 927 165.04579163 1465.60473633 927 166.54345703 2894 0 0 2603 819 1035 1451 128 4 2599 815 1039 2890 4 4 1451 4 4 1451 4 1313 2890 4 1313 1451 124 1313 1451 124 4 2890 124 4 2890 124 1313</float_array>
          <technique_common>
            <accessor source="#pos_0-array" count="10800" stride="3">
              <param name="X" type="float"/>
              <param name="Y" type="float"/>
              <param name="Z" type="float"/>
            </accessor>
          </technique_common>
        </source>
        <vertices id="vert_0">
          <input semantic="POSITION" source="#pos_0"/>
        </vertices>
        <triangles count="7286" material="mat_0">
          <input semantic="VERTEX" source="#vert_0" offset="0"/>
          <p>0 1 2 0 2 3 4 5 6 7 4 6 8 6 5 9 6 8 10 11 4 10 4 7 12 8 11 12 11 10 13 9 1 13 6 9 14 9 8 14 8 12 0 13 1 15 0 14 15 13 0 15 14 12 16 12 10 17 18 19 17 19 7 17 7 6 20 21 16 20 16 18 22 21 20 23 18 17 23 20 18 24 22 25 24 25 23 24 21 22 24 23 17 24 13 15 24 15 21 10 18 16 26 10 27 18 10 26 19 18 26 19 26 28 29 19 28 7 19 29 10 7 29 10 29 27 30 31 32 31 29 32 33 34 32 32 34 30 35 27 31 31 27 29 26 36 28 28 36 29 29 36 32 26 37 36 33 37 34 34 37 35 35 37 27 27 37 26 38 39 2 40 39 38 38 41 40 40 41 42 39 3 2 3 43 41 39 43 3 41 43 42 44 45 46 46 47 42 42 47 40 45 47 46 44 48 45 45 49 47 48 50 51 51 50 49 44 50 48 49 50 47 39 50 43 43 50 44 48 20 45 22 20 48 25 22 48 25 48 51 49 25 51 23 25 49 20 23 49 20 49 45 41 0 3 14 0 41 9 14 41 9 41 38 1 9 38 1 38 2 21 15 43 21 43 44 16 21 44 16 44 46 12 16 46 12 46 42 15 12 42 15 42 43 11 8 34 11 34 35 4 11 35 4 35 31 5 4 31 5 31 30 8 5 30 8 30 34 50 52 47 50 53 52 36 54 55 37 54 36 39 56 57 57 58 39 59 60 61 61 62 59 59 63 60 59 64 63 62 65 59 59 66 64 59 67 58 65 67 59 59 68 66 67 69 58 59 70 68 69 71 58 59 72 70 71 73 58 59 74 72 73 75 58 59 76 74 75 77 58 59 78 76 77 79 58 59 80 78 79 81 58 59 82 80 81 83 58 59 84 82 56 84 59 83 85 58 56 86 84 85 87 58 56 88 86 87 89 58 56 90 88 89 91 58 56 92 90 91 93 58 56 94 92 93 95 58 56 96 94 95 97 58 56 98 96 97 99 58 56 100 98 99 101 58 56 102 100 101 103 58 56 104 102 103 105 58 56 106 104 105 107 58 56 108 106 107 109 58 56 110 108 109 111 58 56 112 110 111 113 58 56 114 112 113 115 58 56 116 114 115 117 58 56 118 116 58 119 39 117 119 58 56 120 118 119 121 39 56 122 120 121 123 39 56 124 122 123 125 39 56 126 124 125 127 39 127 128 39 56 129 126 56 130 129 128 131 39 56 132 130 131 133 39 56 134 132 133 135 39 56 136 134 135 137 39 56 138 136 39 138 56 137 139 39 139 140 39 39 141 138 140 142 39 39 143 141 142 144 39 39 145 143 144 146 39 39 147 145 146 148 39 39 149 147 39 150 149 148 151 39 151 152 39 39 153 150 152 154 39 39 155 153 154 156 39 39 157 155 156 158 39 39 159 157 160 161 162 163 161 160 164 161 163 165 161 164 166 161 165 167 161 166 168 161 167 169 161 168 170 161 169 171 161 170 172 161 171 173 161 172 174 161 173 175 161 174 176 161 175 177 161 176 178 161 177 179 161 178 180 161 179 181 161 180 182 161 181 183 161 182 184 161 183 185 161 184 186 161 185 187 161 186 188 161 187 189 190 191 161 190 162 192 190 189 193 190 192 194 190 193 162 190 194 195 190 196 191 190 195 188 197 161 198 197 188 199 197 198 200 197 199 201 197 200 202 197 201 203 197 202 204 197 203 205 197 204 206 197 205 159 197 206 39 197 159 197 207 161 190 208 196 190 209 208 190 210 209 211 212 213 214 212 211 215 212 214 216 212 215 217 212 216 218 212 217 219 212 218 220 212 219 221 212 220 222 212 221 223 212 222 224 212 223 225 212 224 226 212 225 227 212 226 228 212 227 229 212 228 230 212 229 231 212 230 232 212 231 233 212 232 234 212 233 235 212 234 236 212 235 237 212 236 238 212 237 190 239 210 190 240 239 190 241 240 190 242 241 197 243 207 190 244 242 243 245 190 190 245 244 243 246 245 212 50 213 247 50 158 248 50 247 249 50 248 250 50 249 251 50 250 252 50 251 253 50 252 254 50 253 255 50 254 256 50 255 257 50 256 258 50 257 259 50 258 260 50 259 261 50 260 262 50 261 263 50 262 264 50 263 265 50 264 213 50 265 158 50 39 238 266 212 267 266 238 268 266 267 269 266 268 270 266 269 271 266 270 272 266 271 273 266 272 274 266 273 212 275 50 274 276 266 243 277 246 276 278 266 243 279 277 278 280 266 243 281 279 280 282 266 243 283 281 282 284 266 243 285 283 275 286 287 287 288 275 275 289 286 288 290 275 275 291 289 290 292 275 275 293 291 292 294 275 275 295 293 294 296 275 275 297 295 296 298 275 275 299 297 298 300 275 275 301 299 300 302 275 275 303 301 302 304 275 275 305 303 304 306 275 275 307 305 306 308 275 275 309 307 308 310 275 275 311 309 310 312 275 284 313 266 243 314 285 312 315 275 315 316 275 275 317 50 316 317 275 317 318 50 318 319 50 319 320 50 320 321 50 321 322 50 313 323 266 243 324 314 322 325 50 326 327 328 329 327 326 311 327 329 330 327 331 332 327 330 333 327 332 334 327 333 335 327 334 328 327 335 327 336 331 325 337 50 327 338 336 337 339 50 327 340 338 339 341 50 327 342 340 341 343 50 327 344 342 343 345 50 323 346 266 266 346 327 243 347 324 327 348 344 345 349 50 327 350 348 349 351 50 327 352 350 351 353 50 327 354 352 353 355 50 327 356 354 355 357 50 327 358 356 346 359 327 243 360 347 357 361 50 327 362 358 361 363 50 327 364 362 363 365 50 327 366 364 365 367 50 327 368 366 367 369 50 327 370 368 369 371 50 359 372 327 243 373 360 327 374 370 371 375 50 327 376 374 375 377 50 327 378 376 377 379 50 327 380 378 379 381 50 327 382 380 381 383 50 383 384 50 372 385 327 243 386 373 384 387 50 387 388 50 388 389 50 389 390 50 385 391 327 243 392 386 391 393 327 243 394 392 327 395 382 382 395 396 393 395 327 243 397 394 395 398 396 396 398 399 243 400 397 398 401 399 399 401 402 243 403 400 401 404 402 405 404 406 402 404 405 243 407 403 404 408 406 406 408 409 243 410 407 408 411 409 409 411 412 243 413 410 412 414 415 411 414 412 243 416 413 415 417 418 414 417 415 243 419 416 420 421 422 418 421 420 417 421 418 243 423 419 422 424 425 421 424 422 243 426 423 425 427 428 424 427 425 243 429 426 427 430 428 428 430 431 243 432 429 197 432 243 430 433 431 431 433 434 197 435 432 433 436 434 197 437 435 434 438 439 436 438 434 197 440 437 439 441 442 438 441 439 197 443 440 441 444 442 442 444 445 197 446 443 445 447 448 444 447 445 448 449 450 447 449 448 449 451 450 450 452 453 451 452 450 453 454 455 452 454 453 454 456 455 455 457 458 456 457 455 458 459 460 457 459 458 459 461 460 460 462 463 461 462 460 462 464 463 463 465 466 464 465 463 465 467 466 466 468 469 467 468 466 468 470 469 471 472 473 474 472 471 475 472 474 476 472 475 477 472 476 478 472 477 479 472 478 480 472 479 481 472 480 482 472 481 483 472 482 484 472 483 485 472 484 486 472 485 487 472 486 488 472 487 489 490 491 492 490 489 493 490 492 494 490 493 495 490 494 496 490 495 497 490 496 498 490 497 499 490 498 500 490 499 501 490 500 502 490 501 503 490 502 504 490 503 505 490 504 506 490 505 507 490 506 508 490 507 509 490 508 510 490 509 511 490 510 512 490 511 513 490 512 514 490 513 488 490 472 515 490 488 491 490 515 472 516 473 517 516 518 519 516 517 520 516 519 521 516 520 522 516 521 473 516 522 516 523 524 524 525 516 516 526 523 525 527 516 516 528 526 527 529 516 516 530 528 529 531 516 516 532 530 531 533 516 516 534 532 533 535 516 516 536 534 535 537 516 516 538 536 537 539 516 516 540 538 539 541 516 516 542 540 541 543 516 516 544 542 516 545 518 543 545 516 516 546 544 545 547 518 518 547 548 516 549 546 548 550 551 547 550 548 516 552 549 551 553 554 550 553 551 516 555 552 553 556 554 516 557 555 554 558 559 556 558 554 516 560 557 558 561 559 559 561 562 516 563 560 561 564 562 562 564 565 516 566 563 564 567 565 565 567 568 567 569 568 568 569 570 569 571 570 570 572 573 571 572 570 572 574 573 573 574 575 574 576 575 575 576 577 576 578 577 577 578 579 578 580 579 581 580 582 579 580 581 580 583 582 582 583 584 583 585 584 584 585 586 585 587 586 586 587 588 587 589 588 588 589 590 591 592 593 590 592 591 589 592 590 593 594 595 592 594 593 596 597 598 595 597 596 594 597 595 597 599 598 598 599 600 599 601 600 602 601 603 600 601 602 604 605 606 607 605 604 608 605 607 609 605 608 610 605 609 611 605 610 612 605 611 613 605 612 614 605 613 615 605 614 616 605 615 617 605 616 618 605 617 619 605 618 620 605 619 566 605 620 605 621 606 622 623 624 603 623 622 601 623 603 605 625 621 626 627 628 624 627 626 623 627 624 605 629 625 470 630 469 628 630 470 627 630 628 605 631 629 469 632 633 630 632 469 605 634 631 633 635 636 632 635 633 605 637 634 636 638 639 635 638 636 605 640 637 639 641 642 638 641 639 605 643 640 605 644 643 605 645 644 605 646 645 605 647 646 605 648 647 649 53 514 650 53 649 651 53 650 652 53 651 653 53 652 514 53 490 605 53 648 490 53 605 654 53 655 656 53 654 657 53 656 658 53 657 659 53 658 660 53 659 661 53 660 662 53 661 663 53 662 664 53 663 665 53 664 666 53 665 667 53 666 668 53 667 669 53 668 670 53 669 671 53 670 672 53 671 673 53 672 674 53 673 675 53 674 676 53 675 677 53 676 678 53 677 679 53 678 680 53 679 681 53 680 682 53 681 683 53 682 684 53 683 685 53 684 648 53 685 53 50 655 655 50 686 686 50 687 687 50 688 688 50 641 641 50 390 641 390 689 641 689 690 641 690 691 641 691 642 197 53 692 197 692 693 197 693 694 197 694 695 197 695 696 197 696 697 197 697 698 197 698 699 197 699 700 197 700 701 197 701 702 197 702 703 197 703 704 197 704 705 197 705 706 197 706 446 692 53 707 707 53 708 708 53 709 709 53 710 710 53 711 711 53 712 712 53 713 713 53 714 714 53 715 715 53 716 716 53 717 717 53 718 718 53 719 719 53 720 720 53 653 275 327 311 516 605 566 328 721 326 721 722 326 722 723 326 326 723 329 723 724 329 329 724 311 724 725 311 311 725 309 309 725 307 725 726 307 726 727 307 307 727 305 727 728 305 305 728 303 303 728 301 728 729 301 729 730 301 301 730 299 730 731 299 299 731 297 297 732 295 731 732 297 295 733 293 732 733 295 293 734 291 733 734 293 291 735 289 734 735 291 289 736 286 735 736 289 286 737 287 736 737 286 287 738 288 288 738 290 737 738 287 738 739 290 739 740 290 290 740 292 292 740 294 740 741 294 741 742 294 294 742 296 296 742 298 742 743 298 743 744 298 298 744 300 744 745 300 300 745 302 302 745 304 745 746 304 746 747 304 304 747 306 747 748 306 306 748 308 748 749 308 308 749 310 749 750 310 310 750 312 750 751 312 312 751 315 315 751 316 751 752 316 752 753 316 316 753 317 753 754 317 317 754 318 754 755 318 318 755 319 319 755 320 755 756 320 756 757 320 320 757 321 321 758 322 757 758 321 322 759 325 758 759 322 325 760 337 759 760 325 337 761 339 760 761 337 339 762 341 761 762 339 341 763 343 343 763 345 762 763 341 763 764 345 345 765 349 764 765 345 765 766 349 349 766 351 351 766 353 766 767 353 353 768 355 767 768 353 355 769 357 768 769 355 357 770 361 769 770 357 361 771 363 770 771 361 363 772 365 771 772 363 365 773 367 772 773 365 367 774 369 773 774 367 369 775 371 774 775 369 371 776 375 775 776 371 375 777 377 776 777 375 377 778 379 777 778 377 379 779 381 778 779 379 381 780 383 779 780 381 383 781 384 780 781 383 384 782 387 781 782 384 387 783 388 388 783 389 782 783 387 783 784 389 785 786 13 787 13 786 788 789 790 791 790 789 792 789 788 793 791 789 794 789 792 795 789 794 796 789 785 796 793 789 797 789 795 798 796 785 799 789 797 800 798 785 801 789 799 802 800 785 803 789 801 804 802 785 805 789 803 806 804 785 807 789 805 808 806 785 809 789 807 810 808 785 811 789 809 812 810 785 813 789 811 813 787 789 814 812 785 815 787 813 816 814 785 817 787 815 818 816 785 819 787 817 820 818 785 821 787 819 822 820 785 823 787 821 824 822 785 825 787 823 826 824 785 827 787 825 828 826 785 829 787 827 830 828 785 831 787 829 832 830 785 833 787 831 834 832 785 835 787 833 836 834 785 837 787 835 838 836 785 839 787 837 840 838 785 841 787 839 842 840 785 843 787 841 844 842 785 845 844 785 846 787 843 847 787 846 848 785 13 848 845 785 849 787 847 850 848 13 851 787 849 852 850 13 853 787 851 854 852 13 855 787 853 856 854 13 857 856 13 858 787 855 859 787 858 860 857 13 861 860 13 862 787 859 863 861 13 864 787 862 865 787 864 866 863 13 867 866 13 868 787 865 868 13 787 869 867 13 870 13 868 871 869 13 872 13 870 873 871 13 874 13 872 875 873 13 876 13 874 877 13 876 878 875 13 879 878 13 880 13 877 881 879 13 882 13 880 883 881 13 884 13 882 885 883 13 886 13 884 887 885 13 888 13 886 889 890 891 889 892 890 889 893 892 889 894 893 889 895 894 889 896 895 889 897 896 889 898 897 889 899 898 889 900 899 889 901 900 889 902 901 889 903 902 889 904 903 889 905 904 889 906 905 889 907 906 889 908 907 889 909 908 889 910 909 889 911 910 889 912 911 889 913 912 889 914 913 889 915 914 889 916 915 889 917 916 918 889 891 918 919 920 918 921 919 918 922 921 918 923 922 918 924 923 918 925 924 918 891 925 926 917 889 926 927 917 926 928 927 926 929 928 926 930 929 926 931 930 926 932 931 926 933 932 926 934 933 926 935 934 926 888 935 926 13 888 936 926 889 937 918 920 938 918 937 939 918 938 940 941 942 940 943 941 940 944 943 940 945 944 940 946 945 940 947 946 940 948 947 940 949 948 940 950 949 940 951 950 940 952 951 940 953 952 940 954 953 940 955 954 940 956 955 940 957 956 940 958 957 940 959 958 940 960 959 940 961 960 940 962 961 940 963 962 940 964 963 940 965 964 940 966 965 940 967 966 968 918 939 969 918 968 970 918 969 971 918 970 972 926 936 973 918 971 974 972 918 974 918 973 975 972 974 976 977 978 976 979 977 976 967 940 976 980 967 976 981 980 976 982 981 976 983 982 976 984 983 976 978 984 24 985 887 24 986 985 24 987 986 24 988 987 24 989 988 24 990 989 24 991 990 24 992 991 24 993 940 24 994 992 24 995 994 24 996 995 24 997 996 24 998 997 24 999 998 24 1000 999 24 1001 1000 24 1002 1001 24 1003 1002 24 1004 1003 24 942 1004 24 887 13 24 940 942 1005 979 976 1006 972 975 1007 1005 976 1008 972 1006 1009 1007 976 1010 972 1008 1011 1009 976 1012 972 1010 1013 1011 976 1014 972 1012 736 993 737 738 737 993 735 993 736 739 738 993 734 993 735 740 739 993 733 993 734 741 740 993 732 993 733 742 741 993 731 993 732 743 742 993 730 993 731 744 743 993 729 993 730 745 744 993 728 993 729 746 745 993 727 993 728 747 746 993 726 993 727 748 747 993 725 993 726 749 748 993 724 993 725 750 749 993 1015 1013 976 1016 972 1014 751 750 993 752 751 993 753 752 993 754 993 24 754 753 993 755 754 24 756 755 24 757 756 24 758 757 24 1017 1015 976 1018 972 1016 759 758 24 1019 1020 1021 1019 1022 1020 1019 1023 1022 1019 1024 1023 1019 1025 1024 1019 721 1025 1019 722 721 1019 723 722 1019 724 723 1026 1019 1021 760 759 24 1027 1019 1026 761 760 24 1028 1019 1027 762 761 24 1029 1019 1028 763 762 24 1030 1019 1029 764 763 24 1031 1017 976 1031 976 1019 1032 972 1018 1033 1019 1030 765 764 24 1034 1019 1033 766 765 24 1035 1019 1034 767 766 24 1036 1019 1035 768 767 24 1037 1019 1036 769 768 24 1038 1019 1037 1039 1031 1019 1040 972 1032 770 769 24 1041 1019 1038 771 770 24 1042 1019 1041 772 771 24 1043 1019 1042 773 772 24 1044 1019 1043 774 773 24 1045 1019 1044 775 774 24 1046 1039 1019 1047 972 1040 1048 1019 1045 776 775 24 1049 1019 1048 777 776 24 1050 1019 1049 778 777 24 1051 1019 1050 779 778 24 1052 1019 1051 780 779 24 781 780 24 1053 1046 1019 1054 972 1047 782 781 24 783 782 24 784 783 24 1055 784 24 1056 1055 24 1057 1053 1019 1058 972 1054 1059 1057 1019 1060 972 1058 1061 1019 1052 1061 1052 1062 1061 1059 1019 1063 972 1060 1064 1061 1062 1064 1062 1065 1066 972 1063 1067 1064 1065 1067 1065 1068 1069 972 1066 1070 1067 1068 1070 1071 1072 1070 1068 1071 1073 972 1069 1074 1070 1072 1074 1072 1075 1076 972 1073 1077 1074 1075 1077 1075 1078 1079 972 1076 1080 1077 1078 1080 1078 1081 1082 972 1079 1083 1081 1084 1083 1080 1081 1085 972 1082 1086 1087 1088 1086 1084 1087 1086 1083 1084 1089 972 1085 1090 1088 1091 1090 1086 1088 1092 972 1089 1093 1091 1094 1093 1090 1091 1095 972 1092 1096 1094 1097 1096 1093 1094 1098 972 1095 1098 926 972 1099 1096 1097 1099 1097 1100 1101 926 1098 1102 1099 1100 1103 926 1101 1104 1100 1105 1104 1102 1100 1106 926 1103 1107 1105 1108 1107 1104 1105 1109 926 1106 1110 1108 1111 1110 1107 1108 1112 926 1109 1113 1111 1114 1113 1110 1111 1115 1114 1116 1115 1113 1114 1117 1115 1116 1118 1116 1119 1118 1117 1116 1120 1119 1121 1120 1118 1119 1122 1120 1121 1123 1121 1124 1123 1122 1121 1125 1124 1126 1125 1123 1124 1127 1125 1126 1128 1127 1126 1128 1126 1129 1130 1128 1129 1131 1129 1132 1131 1130 1129 1133 1131 1132 1134 1132 1135 1134 1133 1132 1136 1134 1135 1137 1138 1139 1137 1140 1138 1137 1141 1140 1137 1142 1141 1137 1143 1142 1137 1144 1143 1137 1145 1144 1137 1146 1147 1137 1148 1146 1137 1149 1148 1137 1150 1149 1137 1151 1150 1137 1152 1151 1137 1153 1152 1137 1154 1153 1137 1139 1154 1155 1156 1145 1155 1157 1156 1155 1158 1157 1155 1159 1158 1155 1160 1159 1155 1161 1160 1155 1162 1161 1155 1163 1162 1155 1164 1163 1155 1165 1164 1155 1166 1165 1155 1167 1166 1155 1168 1167 1155 1169 1168 1155 1170 1169 1155 1171 1170 1155 1172 1171 1155 1173 1172 1155 1174 1173 1155 1175 1174 1155 1176 1175 1155 1177 1176 1155 1178 1177 1155 1179 1178 1155 1180 1179 1155 1181 1180 1155 1145 1137 1182 1183 1184 1182 1185 1183 1182 1186 1185 1182 1187 1186 1182 1188 1187 1182 1147 1188 1182 1137 1147 1189 1182 1190 1191 1190 1182 1192 1182 1189 1193 1191 1182 1194 1182 1192 1195 1193 1182 1196 1182 1194 1197 1195 1182 1198 1182 1196 1199 1197 1182 1200 1182 1198 1201 1199 1182 1202 1182 1200 1203 1201 1182 1204 1182 1202 1205 1203 1182 1206 1182 1204 1207 1205 1182 1208 1182 1206 1209 1207 1182 1210 1182 1208 1211 1182 1184 1211 1209 1182 1212 1182 1210 1213 1211 1184 1213 1184 1214 1215 1182 1212 1216 1213 1214 1216 1214 1217 1218 1182 1215 1219 1217 1220 1219 1216 1217 1221 1182 1218 1222 1219 1220 1223 1182 1221 1224 1220 1225 1224 1222 1220 1226 1182 1223 1227 1224 1225 1227 1225 1228 1229 1182 1226 1230 1227 1228 1230 1228 1231 1232 1182 1229 1233 1230 1231 1233 1231 1234 1235 1233 1234 1235 1234 1236 1237 1235 1236 1238 1237 1236 1238 1236 1239 1240 1238 1239 1240 1239 1241 1242 1240 1241 1242 1241 1243 1244 1242 1243 1244 1243 1245 1246 1244 1245 1246 1247 1248 1246 1245 1247 1249 1246 1248 1249 1248 1250 1251 1250 1252 1251 1249 1250 1253 1251 1252 1253 1252 1254 1255 1253 1254 1255 1254 1256 1257 1255 1256 1257 1258 1259 1257 1256 1258 1260 1257 1259 1260 1259 1261 1262 1263 1264 1262 1261 1263 1262 1260 1261 1265 1262 1264 1265 1264 1266 1267 1265 1266 1267 1268 1269 1267 1266 1268 1270 1271 1272 1270 1273 1271 1270 1274 1273 1270 1275 1274 1270 1276 1275 1270 1277 1276 1270 1278 1277 1270 1279 1278 1270 1280 1279 1270 1281 1280 1270 1282 1281 1270 1283 1282 1270 1284 1283 1270 1285 1284 1270 1286 1285 1270 1232 1286 1287 1270 1272 1288 1267 1269 1288 1289 1290 1288 1269 1289 1291 1270 1287 1292 1293 1294 1292 1290 1293 1292 1288 1290 1295 1270 1291 1296 1136 1135 1296 1294 1136 1296 1292 1294 1297 1270 1295 1298 1135 1299 1298 1296 1135 1300 1270 1297 1301 1302 1303 1301 1299 1302 1301 1298 1299 1304 1270 1300 1305 1301 1303 1306 1270 1304 1307 1303 1308 1307 1305 1303 1309 1270 1306 1310 1270 1309 1311 1270 1310 1312 1270 1311 1313 1270 1312 1314 1270 1313 1315 1270 1314 1316 1181 1155 1316 1317 1318 1316 1319 1317 1316 1320 1319 1316 1321 1181 1316 1322 1320 1316 1323 1321 1316 1270 1315 1316 1324 1322 1316 1325 1323 1316 1326 1324 1316 1327 1325 1316 1328 1326 1316 1329 1327 1316 1330 1328 1316 1331 1330 1316 1332 1331 1316 1333 1332 1316 1334 1333 1316 1335 1334 1316 1336 1335 1316 1337 1336 1316 1338 1337 1316 1339 1338 1316 1340 1339 1316 1341 1340 1316 1342 1341 1316 1343 1342 1316 1344 1343 1316 1345 1344 1316 1346 1347 1316 1348 1345 1316 1318 1346 1316 1349 1348 1316 1350 1349 1316 1351 1350 1316 1352 1351 1316 1353 1352 1316 1315 1353 1316 1155 1270 24 1316 1347 24 1347 1354 24 1354 1355 24 1355 1307 24 1307 1056 1056 1307 1356 1356 1307 1357 1357 1307 1308 1316 926 1358 1358 926 1359 1359 926 1360 1360 926 1361 1361 926 1362 1362 926 1363 1363 926 1364 1364 926 1365 1365 926 1366 1366 926 1367 1367 926 1368 1368 926 1369 1369 926 1370 1370 926 1371 1371 926 1372 1372 926 1112 1316 1358 1373 1316 1373 1374 1316 1374 1375 1316 1375 1376 1316 1376 1377 1316 1377 1378 1316 1378 1379 1316 1379 1380 1316 1380 1381 1316 1381 1382 1316 1382 1383 1316 1383 1384 1316 1384 1385 1316 1385 1386 1316 1386 1329 1019 993 724 1270 1182 1232 1387 886 1388 888 886 1387 886 884 1388 1388 884 1389 1389 882 1390 884 882 1389 1390 880 1391 882 880 1390 1391 877 1392 880 877 1391 1392 876 1393 877 876 1392 1393 874 1394 876 874 1393 1394 872 1395 1395 872 1396 874 872 1394 872 870 1396 1396 868 1397 870 868 1396 1397 865 1398 868 865 1397 1398 864 1399 865 864 1398 1399 862 1400 864 862 1399 1400 859 1401 862 859 1400 1401 858 1402 859 858 1401 1402 855 1403 1403 855 1404 858 855 1402 855 853 1404 1404 851 1405 853 851 1404 1405 849 1406 851 849 1405 1406 847 1407 849 847 1406 1407 846 1408 847 846 1407 1408 843 1409 846 843 1408 1409 841 1410 843 841 1409 1410 839 1411 841 839 1410 1411 837 1412 839 837 1411 837 835 1412 1412 835 1413 835 833 1413 1413 833 1414 833 831 1414 1414 831 1415 831 829 1415 1415 829 1416 829 827 1416 1416 827 1417 827 825 1417 1417 825 1418 825 823 1418 1418 823 1419 1419 823 1420 823 821 1420 821 819 1420 1420 819 1421 1421 819 1422 819 817 1422 1422 815 1423 817 815 1422 1423 813 1424 815 813 1423 1424 811 1425 813 811 1424 1425 809 1426 811 809 1425 1426 807 1427 1427 807 1428 809 807 1426 807 805 1428 1428 803 1429 805 803 1428 1429 801 1430 803 801 1429 1430 799 1431 801 799 1430 1431 797 1432 1432 797 1433 799 797 1431 797 795 1433 1433 794 1434 795 794 1433 1434 792 1435 794 792 1434 1435 788 1436 792 788 1435 1436 790 1437 788 790 1436 790 791 1437 1437 791 1438 791 793 1438 1438 793 1439 793 796 1439 1439 796 1440 1440 796 1441 796 798 1441 798 800 1441 1441 800 1442 1442 800 1443 800 802 1443 802 804 1443 1443 804 1444 804 806 1444 1444 806 1445 1445 806 1446 806 808 1446 1446 808 1447 808 810 1447 810 812 1447 1447 812 1448 812 814 1448 1448 814 1449 1449 814 1450 814 816 1450 816 818 1450 1450 818 1451 818 820 1451 1451 820 1452 1452 820 1453 820 822 1453 1453 822 1454 822 824 1454 1454 826 1455 824 826 1454 1455 828 1456 1456 828 1457 826 828 1455 828 830 1457 1457 832 1458 1458 832 1459 830 832 1457 832 834 1459 1459 836 1460 1460 836 1461 834 836 1459 1461 838 1462 836 838 1461 838 840 1462 1462 842 1463 840 842 1462 842 844 1463 1463 844 1464 844 845 1464 1464 845 1465 1465 845 1466 845 848 1466 848 850 1466 1466 850 1467 850 852 1467 1467 852 1468 1468 852 1469 852 854 1469 1469 854 1470 854 856 1470 856 857 1470 1470 857 1471 857 860 1471 1471 860 1472 1472 860 1473 860 861 1473 861 863 1473 1473 863 1474 863 866 1474 1474 866 1475 866 867 1475 1475 867 1476 1476 867 1477 867 869 1477 869 871 1477 1477 871 1478 871 873 1478 1478 873 1479 873 875 1479 1479 875 1480 875 878 1480 1480 878 1481 1481 878 1482 878 879 1482 879 881 1482 1482 881 1483 881 883 1483 1483 883 1484 1484 883 1485 883 885 1485 885 887 1485 1485 887 1486 887 985 1486 1486 985 1487 1487 986 1488 985 986 1487 1488 987 1489 986 987 1488 1489 988 1490 987 988 1489 1490 989 1491 988 989 1490 1491 990 1492 1492 990 1493 989 990 1491 990 991 1493 1493 992 1494 991 992 1493 1494 994 1495 992 994 1494 1495 995 1496 994 995 1495 1496 996 1497 995 996 1496 1497 997 1498 1498 997 1499 996 997 1497 1499 998 1500 997 998 1499 998 999 1500 1500 1000 1501 999 1000 1500 1501 1001 1502 1000 1001 1501 1502 1002 1503 1503 1002 1504 1001 1002 1502 1002 1003 1504 1504 1004 1505 1003 1004 1504 1505 942 1506 1506 942 1507 1004 942 1505 942 941 1507 1507 943 1508 941 943 1507 1508 944 1509 1509 944 1510 943 944 1508 944 945 1510 1510 946 1511 945 946 1510 1511 947 1512 1512 947 1513 946 947 1511 1513 948 1514 947 948 1513 948 949 1514 949 950 1514 1514 950 1515 950 951 1515 1515 951 1516 951 952 1516 1516 952 1517 1517 952 1518 952 953 1518 953 954 1518 1518 954 1519 1519 954 1520 954 955 1520 955 956 1520 1520 956 1521 1521 956 1522 956 957 1522 1522 958 1523 957 958 1522 1523 959 1524 958 959 1523 1524 960 1525 1525 960 1526 959 960 1524 960 961 1526 1526 962 1527 961 962 1526 1527 963 1528 1528 963 1529 962 963 1527 963 964 1529 1529 965 1530 1530 965 1531 964 965 1529 965 966 1531 1531 967 1532 966 967 1531 1532 980 1533 967 980 1532 1533 981 1534 1534 981 1535 980 981 1533 981 982 1535 1535 983 1536 982 983 1535 1536 984 1537 983 984 1536 1537 978 1538 984 978 1537 1538 977 1539 978 977 1538 977 979 1539 1539 979 1540 1540 979 1541 979 1005 1541 1005 1007 1541 1541 1007 1542 1542 1007 1543 1007 1009 1543 1543 1009 1544 1009 1011 1544 1544 1011 1545 1011 1013 1545 1013 1015 1545 1545 1015 1546 1015 1017 1546 1546 1017 1547 1547 1017 1548 1017 1031 1548 1031 1039 1548 1548 1039 1549 1549 1039 1550 1039 1046 1550 1046 1053 1550 1550 1053 1551 1053 1057 1551 1551 1057 1552 1552 1057 1553 1057 1059 1553 1553 1059 1554 1059 1061 1554 1061 1064 1554 1554 1064 1555 1555 1064 1556 1556 1067 1557 1064 1067 1556 1067 1070 1557 1557 1074 1558 1558 1074 1559 1070 1074 1557 1074 1077 1559 1559 1080 1560 1077 1080 1559 1560 1083 1561 1080 1083 1560 1561 1086 1562 1562 1086 1563 1083 1086 1561 1563 1090 1564 1086 1090 1563 1090 1093 1564 1093 1096 1564 1564 1096 1565 1096 1099 1565 1565 1099 1566 1566 1099 1567 1099 1102 1567 1102 1104 1567 1567 1104 1568 1568 1104 1569 1104 1107 1569 1107 1110 1569 1569 1110 1570 1110 1113 1570 1570 1113 1571 1571 1113 1572 1113 1115 1572 1115 1117 1572 1572 1117 1573 1573 1117 1574 1117 1118 1574 1118 1120 1574 1574 1120 1575 1575 1120 1576 1120 1122 1576 1576 1122 1577 1122 1123 1577 1123 1125 1577 1577 1125 1578 1125 1127 1578 1578 1127 1579 1127 1128 1579 1579 1128 1580 1580 1128 1581 1128 1130 1581 1581 1130 1582 1130 1131 1582 1131 1133 1582 1582 1133 1583 1583 1133 1584 1133 1134 1584 1134 1136 1584 1584 1136 1585 1586 1387 1388 1586 1388 1389 1586 1389 1390 1586 1390 1391 1586 1391 1392 1586 1392 1393 1586 1393 1394 1586 1394 1395 1586 1395 1396 1586 1396 1397 1586 1397 1398 1586 1398 1399 1586 1399 1400 1586 1400 1401 1586 1401 1402 1586 1402 1403 1586 1403 1404 1586 1404 1405 1586 1405 1406 1586 1406 1407 1586 1407 1408 1586 1408 1409 1586 1409 1410 1586 1410 1411 1586 1411 1412 1586 1412 1413 1586 1413 1414 1586 1414 1415 1586 1415 1416 1586 1416 1417 1586 1417 1418 1586 1418 1419 1586 1419 1420 1586 1420 1421 1586 1421 1422 1586 1422 1423 1586 1423 1424 1586 1424 1425 1586 1425 1426 1586 1426 1427 1586 1427 1428 1586 1428 1429 1586 1429 1430 1586 1430 1431 1586 1431 1432 1586 1432 1433 1586 1433 1434 1586 1434 1435 1586 1435 1436 1586 1436 1437 1586 1437 1438 1587 1586 1438 1587 1438 1439 1587 1439 1440 1587 1440 1441 1587 1441 1442 1587 1442 1443 1587 1443 1444 1587 1444 1445 1587 1445 1446 1587 1446 1447 1587 1447 1448 1587 1448 1449 1587 1449 1450 1587 1450 1451 1587 1451 1452 1587 1452 1453 1587 1453 1454 1587 1454 1455 1587 1455 1456 1588 1589 1590 1588 1590 1591 1588 1591 1592 1588 1592 1593 1588 1593 1594 1588 1594 1595 1588 1595 1596 1588 1596 1597 1588 1597 1598 1588 1598 1599 1588 1599 1600 1588 1600 1601 1588 1601 1602 1588 1602 1603 1588 1387 1586 1588 1603 1604 1588 1604 1605 1588 1605 1606 1588 1606 1607 1588 1607 1608 1588 1608 1609 1588 1609 1610 1588 1610 1611 1588 1611 1612 1588 1612 1613 1588 1613 1614 1588 1614 1615 1588 1615 1616 1588 1616 1617 1588 1617 1618 1588 1618 1387 1619 1589 1588 1620 1619 1588 1621 1620 1588 1622 1621 1588 1623 1622 1588 1624 1623 1588 1625 1624 1588 1626 1625 1588 1627 1626 1588 1628 1627 1588 1629 1628 1588 1630 1587 1631 1632 1631 1587 1633 1587 1630 1634 1632 1587 1635 1587 1633 1636 1634 1587 1637 1587 1635 1638 1636 1587 1639 1587 1637 1640 1638 1587 1641 1587 1639 1642 1640 1587 1643 1587 1641 1644 1587 1456 1644 1456 1457 1644 1457 1458 1644 1642 1587 1645 1587 1643 1646 1629 1588 1647 1644 1458 1647 1458 1459 1647 1459 1460 1647 1460 1461 1648 1587 1645 1649 1647 1461 1649 1461 1462 1649 1462 1463 1649 1463 1464 1650 1587 1648 1651 1649 1464 1651 1464 1465 1651 1465 1466 1652 1587 1650 1653 1466 1467 1653 1467 1468 1653 1468 1469 1653 1651 1466 1654 1587 1652 1655 1653 1469 1655 1469 1470 1655 1470 1471 1655 1471 1472 1656 1587 1654 1657 1472 1473 1657 1473 1474 1657 1655 1472 1657 1474 1475 1658 1587 1656 1659 1646 1588 1660 1657 1475 1660 1475 1476 1660 1476 1477 1660 1477 1478 1661 1587 1658 1662 1660 1478 1662 1478 1479 1662 1479 1480 1663 1587 1661 1664 1662 1480 1664 1480 1481 1664 1481 1482 1664 1482 1483 1665 1587 1663 1666 1664 1483 1666 1483 1484 1666 1484 1485 1666 1485 1486 1667 1587 1665 1667 1668 1587 1669 1666 1486 1669 1486 1487 1669 1487 1488 1669 1488 1489 1670 1659 1588 1671 1668 1667 1672 1491 1492 1672 1669 1489 1672 1489 1490 1672 1490 1491 1673 1668 1671 1674 1492 1493 1674 1493 1494 1674 1672 1492 1675 1668 1673 1676 1494 1495 1676 1495 1496 1676 1496 1497 1676 1674 1494 1677 1668 1675 1678 1670 1588 1679 1497 1498 1679 1498 1499 1679 1499 1500 1679 1676 1497 1680 1668 1677 1681 1500 1501 1681 1679 1500 1681 1501 1502 1681 1502 1503 1682 1668 1680 1683 1503 1504 1683 1504 1505 1683 1505 1506 1683 1681 1503 1684 1668 1682 1685 1506 1507 1685 1507 1508 1685 1683 1506 1686 1678 1588 1687 1668 1684 1688 1508 1509 1688 1509 1510 1688 1510 1511 1688 1685 1508 1689 1668 1687 1690 1511 1512 1690 1512 1513 1690 1513 1514 1690 1688 1511 1691 1668 1689 1692 1514 1515 1692 1690 1514 1692 1515 1516 1693 1686 1588 1694 1668 1691 1695 1668 1694 1696 1668 1695 1697 1693 1588 1698 1668 1696 1699 1668 1698 1700 1668 1699 1701 1697 1588 1702 1668 1700 1703 1668 1702 1704 1668 1703 1705 1701 1588 1706 1668 1704 1707 1668 1706 1708 1668 1707 1709 1705 1588 1709 1588 1668 1710 1668 1708 1711 1668 1710 1712 1709 1668 1713 1668 1711 1714 1712 1668 1715 1714 1668 1716 1715 1668 1717 1716 1668 1718 1717 1668 1719 1718 1668 1720 1719 1668 1721 1720 1668 1722 1721 1668 1723 1516 1517 1723 1517 1518 1723 1518 1519 1723 1519 1520 1723 1520 1521 1723 1521 1522 1723 1522 1523 1723 1523 1524 1723 1524 1525 1723 1525 1526 1723 1526 1527 1723 1527 1528 1723 1528 1529 1723 1529 1530 1723 1692 1516 1723 1530 1531 1723 1531 1532 1723 1532 1533 1723 1533 1534 1723 1724 1725 1723 1725 1726 1723 1726 1727 1723 1727 1728 1723 1728 1729 1723 1729 1730 1723 1730 1731 1723 1731 1732 1723 1732 1733 1723 1733 1734 1723 1734 1735 1723 1735 1736 1723 1736 1737 1723 1737 1738 1723 1738 1739 1723 1739 1740 1723 1740 1741 1723 1741 1742 1723 1742 1743 1723 1743 1744 1723 1744 1745 1723 1745 1746 1723 1746 1747 1723 1747 1748 1723 1748 1692 1749 1722 1668 1750 1749 1668 1751 1750 1668 1752 1751 1668 1753 1752 1668 1754 1753 1668 1755 1754 1668 1756 1534 1535 1756 1535 1536 1756 1536 1537 1756 1537 1538 1756 1538 1539 1756 1539 1540 1756 1540 1541 1756 1541 1542 1756 1542 1543 1756 1543 1544 1756 1544 1545 1756 1545 1546 1756 1546 1547 1756 1547 1548 1756 1548 1549 1756 1549 1550 1756 1723 1534 1756 1550 1551 1756 1551 1552 1756 1552 1553 1756 1553 1554 1757 1758 1759 1757 1759 1760 1757 1760 1761 1757 1761 1762 1757 1762 1763 1757 1763 1764 1757 1764 1765 1757 1724 1723 1757 1765 1766 1757 1766 1767 1757 1767 1768 1757 1768 1769 1757 1769 1770 1757 1770 1771 1757 1771 1772 1757 1772 1773 1757 1773 1774 1757 1774 1775 1757 1775 1776 1757 1776 1777 1757 1777 1778 1757 1778 1779 1757 1779 1780 1757 1780 1781 1757 1781 1782 1757 1782 1724 1555 1756 1554 1783 1755 1668 1783 1668 1713 1556 1756 1555 1784 1783 1713 1557 1756 1556 1785 1784 1713 1785 1713 1786 1558 1756 1557 1787 1785 1786 1559 1756 1558 1788 1787 1786 1560 1756 1559 1789 1788 1786 1789 1786 1790 1561 1756 1560 1791 1789 1790 1562 1756 1561 1792 1791 1790 1563 1756 1562 1793 1790 1794 1793 1792 1790 1564 1756 1563 1795 1793 1794 1565 1756 1564 1796 1794 1797 1796 1795 1794 1566 1756 1565 1798 1796 1797 1567 1756 1566 1799 1798 1797 1568 1756 1567 1800 1797 1801 1800 1799 1797 1569 1756 1568 1802 1800 1801 1570 1756 1569 1803 1802 1801 1571 1756 1570 1804 1801 1805 1804 1803 1801 1572 1756 1571 1806 1804 1805 1573 1756 1572 1807 1806 1805 1574 1756 1573 1808 1805 1809 1808 1807 1805 1575 1756 1574 1810 1808 1809 1576 1756 1575 1811 1810 1809 1577 1756 1576 1812 1809 1813 1812 1811 1809 1578 1756 1577 1814 1812 1813 1579 1756 1578 1815 1813 1816 1815 1814 1813 1580 1756 1579 1817 1815 1816 1581 1756 1580 1818 1817 1816 1582 1756 1581 1819 1818 1816 1819 1816 1820 1583 1756 1582 1821 1819 1820 1584 1756 1583 1822 1821 1820 1585 1756 1584 1585 1823 1756 1824 1822 1820 1824 1820 1825 1826 1823 1585 1827 1824 1825 1828 1823 1826 1829 1827 1825 1830 1823 1828 1831 1829 1825 1831 1825 1832 1833 1823 1830 1834 1831 1832 1835 1823 1833 1836 1834 1832 1837 1832 1838 1837 1836 1832 1839 1823 1835 1840 1823 1839 1841 1837 1838 1842 1823 1840 1843 1838 1844 1843 1841 1838 1845 1823 1842 1846 1843 1844 1847 1846 1844 1848 1823 1845 1849 1844 1850 1849 1847 1844 1851 1823 1848 1852 1849 1850 1853 1823 1851 1854 1852 1850 1855 1823 1853 1856 1850 1857 1856 1854 1850 1858 1823 1855 1859 1823 1858 1860 1856 1857 1861 1823 1859 1862 1860 1857 1863 1823 1861 1864 1857 1865 1864 1862 1857 1866 1823 1863 1867 1864 1865 1868 1867 1865 1869 1823 1866 1870 1868 1865 1870 1865 1871 1872 1823 1869 1873 1870 1871 1874 1823 1872 1875 1873 1871 1875 1871 1876 1877 1823 1874 1878 1875 1876 1879 1823 1877 1880 1878 1876 1881 1823 1879 1882 1880 1876 1882 1876 1883 1884 1823 1881 1885 1882 1883 1886 1823 1884 1887 1885 1883 1888 1823 1886 1889 1887 1883 1889 1883 1758 1890 1823 1888 1891 1889 1758 1892 1823 1890 1893 1891 1758 1893 1758 1757 1894 1823 1892 1895 1893 1757 1896 1823 1894 1897 1895 1757 1898 1823 1896 1899 1897 1757 1900 1823 1898 1901 1899 1757 1902 1823 1900 1903 1901 1757 1904 1823 1902 1905 1903 1757 1906 1823 1904 1907 1905 1757 1908 1823 1906 1909 1907 1757 1910 1823 1908 1911 1909 1757 1912 1823 1910 1913 1911 1757 1914 1823 1912 1915 1823 1914 1916 1913 1757 1917 1916 1757 1918 1823 1915 1919 1917 1757 1920 1823 1918 1921 1823 1920 1922 1919 1757 1923 1823 1921 1924 1922 1757 1925 1823 1923 1926 1924 1757 1927 1823 1925 1928 1926 1757 1929 1823 1927 1930 1757 1823 1930 1928 1757 1931 1823 1929 1932 1823 1931 1932 1930 1823 1933 1665 1934 1667 1665 1933 1934 1663 1935 1665 1663 1934 1935 1661 1936 1663 1661 1935 1936 1658 1937 1661 1658 1936 1937 1656 1938 1658 1656 1937 1938 1654 1939 1656 1654 1938 1940 1652 1941 1939 1652 1940 1654 1652 1939 1652 1650 1941 1941 1648 1942 1650 1648 1941 1942 1645 1943 1648 1645 1942 1943 1643 1944 1645 1643 1943 1944 1641 1945 1643 1641 1944 1945 1639 1946 1641 1639 1945 1946 1637 1947 1639 1637 1946 1637 1635 1947 1947 1635 1948 1635 1633 1948 1948 1633 1949 1633 1630 1949 1949 1630 1950 1630 1631 1950 1950 1631 1951 1951 1632 1952 1631 1632 1951 1952 1634 1953 1632 1634 1952 1634 1636 1953 1953 1636 1954 1954 1638 1955 1636 1638 1954 1956 1640 1957 1955 1640 1956 1638 1640 1955 1957 1642 1958 1640 1642 1957 1642 1644 1958 1959 1647 1960 1958 1647 1959 1644 1647 1958 1647 1649 1960 1960 1651 1961 1649 1651 1960 1961 1653 1962 1651 1653 1961 1962 1655 1963 1653 1655 1962 1964 1657 1965 1963 1657 1964 1655 1657 1963 1965 1660 1966 1657 1660 1965 1966 1662 1967 1660 1662 1966 1662 1664 1967 1967 1666 1968 1664 1666 1967 1968 1669 1969 1666 1669 1968 1970 1672 1971 1969 1672 1970 1669 1672 1969 1672 1674 1971 1674 1676 1971 1971 1676 1972 1676 1679 1972 1973 1679 1974 1972 1679 1973 1679 1681 1974 1974 1681 1975 1975 1683 1976 1681 1683 1975 1683 1685 1976 1685 1688 1976 1977 1688 1978 1976 1688 1977 1688 1690 1978 1690 1692 1978 1979 1692 1980 1978 1692 1979 1692 1748 1980 1748 1747 1980 1981 1747 1982 1980 1747 1981 1747 1746 1982 1746 1745 1982 1982 1745 1983 1745 1744 1983 1984 1744 1985 1983 1744 1984 1744 1743 1985 1985 1743 1986 1743 1742 1986 1742 1741 1986 1986 1741 1987 1741 1740 1987 1988 1740 1989 1987 1740 1988 1740 1739 1989 1739 1738 1989 1989 1738 1990 1738 1737 1990 1991 1737 1992 1990 1737 1991 1737 1736 1992 1993 1735 1994 1992 1735 1993 1736 1735 1992 1994 1734 1995 1735 1734 1994 1734 1733 1995 1996 1732 1997 1995 1732 1996 1733 1732 1995 1732 1731 1997 1997 1731 1998 1731 1730 1998 1730 1729 1998 1999 1729 2000 1998 1729 1999 1729 1728 2000 1728 1727 2000 2001 1727 2002 2000 1727 2001 1727 1726 2002 2002 1726 2003 1726 1725 2003 1725 1724 2003 2003 1724 2004 2004 1782 2005 1724 1782 2004 2005 1781 2006 1782 1781 2005 2006 1780 2007 1781 1780 2006 2007 1779 2008 1780 1779 2007 2008 1778 2009 1779 1778 2008 2009 1777 2010 1778 1777 2009 2011 1776 2012 2010 1776 2011 1777 1776 2010 1776 1775 2012 2012 1774 2013 1775 1774 2012 2013 1773 2014 1774 1773 2013 2014 1772 2015 1773 1772 2014 2015 1771 2016 1772 1771 2015 2016 1770 2017 1771 1770 2016 2017 1769 2018 1770 1769 2017 1769 1768 2018 2018 1768 2019 1768 1767 2019 2019 1767 2020 1767 1766 2020 2020 1766 2021 1766 1765 2021 2021 1765 2022 2022 1764 2023 1765 1764 2022 2023 1763 2024 1764 1763 2023 1763 1762 2024 2024 1762 2025 2025 1761 2026 1762 1761 2025 2026 1760 2027 1761 1760 2026 2028 1759 2029 2027 1759 2028 1760 1759 2027 1759 1758 2029 2029 1883 2030 1758 1883 2029 2030 1876 2031 1883 1876 2030 2031 1871 2032 1876 1871 2031 2032 1865 2033 1871 1865 2032 2033 1857 2034 1865 1857 2033 2035 1850 2036 2034 1850 2035 1857 1850 2034 1850 1844 2036 2037 1838 2038 2036 1838 2037 1844 1838 2036 1838 1832 2038 2038 1825 2039 1832 1825 2038 2040 1820 2041 2039 1820 2040 1825 1820 2039 1820 1816 2041 2041 1813 2042 1816 1813 2041 1813 1809 2042 2043 1809 2044 2042 1809 2043 1809 1805 2044 2045 1801 2046 2044 1801 2045 1805 1801 2044 1801 1797 2046 2046 1794 2047 1797 1794 2046 1794 1790 2047 2047 1790 2048 1790 1786 2048 2048 1786 2049 1786 1713 2049 2049 1713 2050 1713 1711 2050 2050 1711 2051 1711 1710 2051 2052 1710 2053 2051 1710 2052 1710 1708 2053 1708 1707 2053 2053 1707 2054 1707 1706 2054 2054 1706 2055 1706 1704 2055 2056 1704 2057 2055 1704 2056 1704 1703 2057 1703 1702 2057 2057 1702 2058 1702 1700 2058 2059 1700 2060 2058 1700 2059 1700 1699 2060 1699 1698 2060 2060 1698 2061 1698 1696 2061 2062 1696 2063 2061 1696 2062 1696 1695 2063 2064 1694 2065 2063 1694 2064 1695 1694 2063 2065 1691 2066 1694 1691 2065 1691 1689 2066 2067 1687 2068 2066 1687 2067 1689 1687 2066 1687 1684 2068 2068 1684 2069 1684 1682 2069 1682 1680 2069 2070 1680 2071 2069 1680 2070 1680 1677 2071 1677 1675 2071 2072 1675 2073 2071 1675 2072 1675 1673 2073 1673 1671 2073 2073 1671 2074 1671 1667 2074 2074 1667 1933 2075 2076 2077 2077 2076 2078 2078 2076 2079 2079 2076 2080 2080 2076 2081 2081 2076 2082 2082 2076 2083 2083 2076 2084 2084 2076 2085 2085 2076 2086 2086 2076 2087 2087 2076 2088 2088 2076 2089 2089 2076 2090 2090 2076 2091 2091 2076 2092 2092 2076 2093 2093 2076 2094 2094 2076 2095 2095 2076 2096 2096 2076 2097 2097 2076 2098 2098 2076 2099 2099 2076 2100 2100 2076 2101 2101 2076 2102 2102 2076 2103 2103 2076 2104 2104 2076 2105 2105 2076 2106 2106 2076 2107 2107 2076 2108 2108 2076 2109 2109 2076 2110 2110 2076 2111 2111 2076 2112 2112 2076 2113 2113 2076 2114 2114 2076 2115 2115 2076 2116 2116 2076 2117 2117 2076 2118 2118 2076 2119 2119 2076 2120 2120 2076 2121 2121 2076 2122 2122 2076 2123 2123 2076 2124 2124 2076 2125 2125 2076 2126 2126 2076 2127 2127 2128 2129 2129 2128 2130 2130 2128 2131 2131 2128 2132 2132 2128 2133 2133 2128 2134 2134 2128 2135 2135 2128 2136 2136 2128 2137 2137 2128 2138 2138 2128 2139 2139 2128 2140 2140 2128 2141 2141 2128 2142 2142 2128 2143 2143 2128 2144 2144 2128 2145 2145 2128 2146 2076 2128 2127 2147 2148 2149 2149 2148 2150 2075 2148 2076 2150 2148 2151 2151 2148 2152 2152 2148 2153 2153 2148 2154 2154 2148 2155 2155 2148 2156 2156 2148 2157 2157 2148 2158 2158 2148 2159 2159 2148 2160 2160 2148 2161 2161 2148 2162 2162 2148 2163 2163 2148 2164 2164 2148 2165 2165 2148 2166 2166 2148 2167 2167 2148 2168 2168 2148 2169 2169 2148 2170 2170 2148 2171 2171 2148 2172 2172 2148 2173 2173 2148 2174 2174 2148 2175 2175 2148 2176 2176 2148 2177 2177 2148 2075 2147 2178 2148 2178 2179 2148 2179 2180 2148 2180 2181 2148 2181 2182 2148 2182 2183 2148 2183 2184 2148 2184 2185 2148 2185 2186 2148 2186 2187 2148 2187 2188 2148 2128 1950 1951 1951 1952 2128 2128 1949 1950 1952 1953 2128 2128 1948 1949 1953 1954 2128 2128 1947 1948 1954 1955 2128 2128 1946 1947 1955 1956 2128 2128 1945 1946 1956 1957 2128 2128 1944 1945 2128 1958 2146 2146 1958 2189 2189 1958 2190 1957 1958 2128 2128 1943 1944 2188 2191 2148 1958 1959 2190 2190 1959 2192 2192 1959 2193 2193 1959 2194 2128 1942 1943 1959 1960 2194 2194 1960 2195 2195 1960 2196 2196 1960 2197 2128 1941 1942 1960 1961 2197 2197 1961 2198 2198 1961 2199 2128 1940 1941 1961 1962 2199 2199 1962 2200 2200 1962 2201 2201 1962 2202 2128 1939 1940 1962 1963 2202 2202 1963 2203 2203 1963 2204 2204 1963 2205 2128 1938 1939 2205 1964 2206 2206 1964 2207 2207 1964 2208 1963 1964 2205 2128 1937 1938 2191 2209 2148 1964 1965 2208 2208 1965 2210 2210 1965 2211 2211 1965 2212 2128 1936 1937 1965 1966 2212 2212 1966 2213 2213 1966 2214 2128 1935 1936 1966 1967 2214 2214 1967 2215 2215 1967 2216 2216 1967 2217 2128 1934 1935 1967 1968 2217 2217 1968 2218 2218 1968 2219 2219 1968 2220 2221 1933 2128 2128 1933 1934 1968 1969 2220 2220 1969 2222 2222 1969 2223 2223 1969 2224 2209 2225 2148 2221 2074 1933 2226 1970 2227 1969 1970 2224 2224 1970 2228 2228 1970 2226 2221 2073 2074 2227 1971 2229 2229 1971 2230 1970 1971 2227 2221 2072 2073 2230 1972 2231 2231 1972 2232 2232 1972 2233 1971 1972 2230 2221 2071 2072 2225 2234 2148 2233 1973 2235 2235 1973 2236 2236 1973 2237 1972 1973 2233 2221 2070 2071 2237 1974 2238 2238 1974 2239 1973 1974 2237 2239 1974 2240 2221 2069 2070 2240 1975 2241 2241 1975 2242 2242 1975 2243 1974 1975 2240 2221 2068 2069 2243 1976 2244 2244 1976 2245 1975 1976 2243 2234 2246 2148 2221 2067 2068 2245 1977 2247 2247 1977 2248 2248 1977 2249 1976 1977 2245 2221 2066 2067 2249 1978 2250 2250 1978 2251 2251 1978 2252 1977 1978 2249 2221 2065 2066 2252 1979 2253 2253 1979 2254 1978 1979 2252 2246 2255 2148 2221 2064 2065 2221 2063 2064 2221 2062 2063 2255 2256 2148 2221 2061 2062 2221 2060 2061 2221 2059 2060 2256 2257 2148 2221 2058 2059 2221 2057 2058 2221 2056 2057 2257 2258 2148 2221 2055 2056 2221 2054 2055 2221 2053 2054 2148 2259 2221 2258 2259 2148 2221 2052 2053 2221 2051 2052 2259 2260 2221 2221 2050 2051 2260 2261 2221 2261 2262 2221 2262 2263 2221 2263 2264 2221 2264 2265 2221 2265 2266 2221 2266 2267 2221 2267 2268 2221 2268 2269 2221 1997 2270 1996 1996 2270 1995 1995 2270 1994 1994 2270 1993 1993 2270 1992 1992 2270 1991 1991 2270 1990 1990 2270 1989 1989 2270 1988 1988 2270 1987 1987 2270 1986 1986 2270 1985 1985 2270 1984 1984 2270 1983 1983 2270 1982 1982 2270 1981 1981 2270 1980 1980 2270 1979 2254 2270 2271 2271 2270 2272 2272 2270 2273 2273 2270 2274 2274 2270 2275 2275 2270 2276 2276 2270 2277 2277 2270 2278 2278 2270 2279 2279 2270 2280 2280 2270 2281 2281 2270 2282 2282 2270 2283 2283 2270 2284 2284 2270 2285 2285 2270 2286 2286 2270 2287 2287 2270 2288 1979 2270 2254 2004 2270 2003 2003 2270 2002 2002 2270 2001 2001 2270 2000 2000 2270 1999 1999 2270 1998 1998 2270 1997 2269 2289 2221 2289 2290 2221 2290 2291 2221 2291 2292 2221 2292 2293 2221 2293 2294 2221 2294 2295 2221 2029 2296 2028 2028 2296 2027 2027 2296 2026 2026 2296 2025 2025 2296 2024 2024 2296 2023 2023 2296 2022 2022 2296 2021 2021 2296 2020 2020 2296 2019 2019 2296 2018 2018 2296 2017 2017 2296 2016 2016 2296 2015 2015 2296 2014 2014 2296 2013 2013 2296 2012 2012 2296 2011 2011 2296 2010 2010 2296 2009 2009 2296 2008 2008 2296 2007 2007 2296 2006 2006 2296 2005 2005 2296 2004 2004 2296 2270 2270 2297 2288 2288 2297 2298 2298 2297 2299 2299 2297 2300 2300 2297 2301 2301 2297 2302 2302 2297 2303 2303 2297 2304 2304 2297 2305 2305 2297 2306 2306 2297 2307 2307 2297 2308 2308 2297 2309 2309 2297 2310 2310 2297 2311 2311 2297 2312 2312 2297 2313 2313 2297 2314 2314 2297 2315 2315 2297 2316 2316 2297 2317 2297 2318 2317 2221 2319 2050 2295 2319 2221 2297 2320 2318 2319 2321 2050 2297 2322 2320 2321 2323 2050 2050 2323 2049 2297 2324 2322 2323 2325 2049 2297 2326 2324 2325 2327 2049 2297 2328 2326 2327 2329 2049 2049 2329 2048 2297 2330 2328 2329 2331 2048 2297 2332 2330 2331 2333 2048 2297 2334 2332 2333 2335 2048 2048 2335 2047 2297 2336 2334 2335 2337 2047 2297 2338 2336 2337 2339 2047 2047 2339 2046 2297 2340 2338 2339 2341 2046 2297 2342 2340 2341 2343 2046 2297 2344 2342 2343 2345 2046 2046 2345 2045 2297 2346 2344 2345 2347 2045 2297 2348 2346 2347 2349 2045 2297 2350 2348 2349 2351 2045 2045 2351 2044 2297 2352 2350 2351 2353 2044 2297 2354 2352 2353 2355 2044 2297 2356 2354 2355 2357 2044 2044 2357 2043 2297 2358 2356 2357 2359 2043 2297 2360 2358 2359 2361 2043 2297 2362 2360 2361 2363 2043 2043 2363 2042 2297 2364 2362 2363 2365 2042 2297 2366 2364 2042 2367 2041 2365 2367 2042 2297 2368 2366 2367 2369 2041 2297 2370 2368 2369 2371 2041 2297 2372 2370 2371 2373 2041 2041 2373 2040 2297 2374 2372 2373 2375 2040 2297 2376 2374 2375 2377 2040 2297 2378 2376 2379 2378 2297 2377 2380 2040 2040 2380 2039 2379 2381 2378 2380 2382 2039 2379 2383 2381 2382 2384 2039 2379 2385 2383 2384 2386 2039 2039 2386 2038 2379 2387 2385 2386 2388 2038 2379 2389 2387 2388 2390 2038 2038 2391 2037 2390 2391 2038 2379 2392 2389 2379 2393 2392 2391 2394 2037 2379 2395 2393 2037 2396 2036 2394 2396 2037 2379 2397 2395 2396 2398 2036 2398 2399 2036 2379 2400 2397 2036 2401 2035 2399 2401 2036 2379 2402 2400 2401 2403 2035 2379 2404 2402 2403 2405 2035 2379 2406 2404 2035 2407 2034 2405 2407 2035 2379 2408 2406 2379 2409 2408 2407 2410 2034 2379 2411 2409 2410 2412 2034 2379 2413 2411 2034 2414 2033 2412 2414 2034 2379 2415 2413 2414 2416 2033 2416 2417 2033 2379 2418 2415 2033 2419 2032 2417 2419 2033 2379 2420 2418 2419 2421 2032 2379 2422 2420 2032 2423 2031 2421 2423 2032 2379 2424 2422 2423 2425 2031 2379 2426 2424 2425 2427 2031 2379 2428 2426 2031 2429 2030 2427 2429 2031 2379 2430 2428 2429 2431 2030 2379 2432 2430 2431 2433 2030 2379 2434 2432 2030 2435 2029 2433 2435 2030 2379 2436 2434 2435 2437 2029 2379 2438 2436 2029 2439 2296 2437 2439 2029 2379 2440 2438 2439 2441 2296 2379 2442 2440 2441 2443 2296 2379 2444 2442 2443 2445 2296 2379 2446 2444 2445 2447 2296 2379 2448 2446 2447 2449 2296 2379 2450 2448 2449 2451 2296 2379 2452 2450 2451 2453 2296 2379 2454 2452 2453 2455 2296 2379 2456 2454 2455 2457 2296 2379 2458 2456 2457 2459 2296 2379 2460 2458 2379 2461 2460 2459 2462 2296 2462 2463 2296 2379 2464 2461 2463 2465 2296 2379 2466 2464 2379 2467 2466 2465 2468 2296 2379 2469 2467 2468 2470 2296 2379 2471 2469 2470 2472 2296 2379 2473 2471 2472 2474 2296 2379 2475 2473 2474 2476 2296 2296 2476 2379 2379 2477 2475 2476 2478 2379 2379 2478 2477 628 470 2378 628 2378 2381 626 628 2381 626 2381 2383 624 2383 2385 624 626 2383 622 2385 2387 622 624 2385 603 2387 2389 603 622 2387 602 2389 2392 602 603 2389 600 2392 2393 600 602 2392 598 2393 2395 598 600 2393 596 2395 2397 596 598 2395 595 2397 2400 595 596 2397 593 2400 2402 593 595 2400 591 2402 2404 591 593 2402 590 2404 2406 590 2406 2408 590 591 2404 588 2408 2409 588 590 2408 586 588 2409 584 2409 2411 584 586 2409 582 2411 2413 582 584 2411 581 2413 2415 581 582 2413 579 2415 2418 579 581 2415 577 2418 2420 577 579 2418 575 2420 2422 575 577 2420 573 2422 2424 573 575 2422 570 2424 2426 570 573 2424 568 2426 2428 568 570 2426 565 2428 2430 565 568 2428 562 565 2430 562 2430 2432 559 562 2432 559 2432 2434 554 559 2434 554 2434 2436 551 554 2436 551 2436 2438 548 551 2438 548 2438 2440 518 548 2440 518 2440 2442 517 518 2442 517 2442 2444 519 517 2444 519 2444 2446 520 2446 2448 520 519 2446 521 2448 2450 521 520 2448 522 2450 2452 522 521 2450 473 2452 2454 473 522 2452 471 2454 2456 471 473 2454 474 2456 2458 474 2458 2460 474 471 2456 475 474 2460 476 2460 2461 476 475 2460 477 2461 2464 477 476 2461 478 2464 2466 478 477 2464 479 2466 2467 479 478 2466 480 2467 2469 480 479 2467 481 2469 2471 481 480 2469 482 2471 2473 482 481 2471 483 2473 2475 483 482 2473 484 2475 2477 484 2477 2478 484 483 2475 485 484 2478 486 485 2478 486 2478 2476 487 486 2476 487 2476 2474 488 487 2474 488 2474 2472 515 488 2472 515 2472 2470 491 515 2470 491 2470 2468 489 491 2468 489 2468 2465 492 489 2465 492 2465 2463 493 492 2463 493 2463 2462 494 493 2462 494 2462 2459 495 494 2459 495 2459 2457 496 495 2457 496 2457 2455 497 496 2455 497 2455 2453 498 497 2453 498 2453 2451 499 498 2451 499 2451 2449 500 499 2449 500 2449 2447 501 500 2447 501 2447 2445 502 501 2445 502 2445 2443 503 2443 2441 503 502 2443 504 2441 2439 504 503 2441 505 2439 2437 505 504 2439 506 2437 2435 506 505 2437 507 2435 2433 507 506 2435 508 2433 2431 508 507 2433 509 2431 2429 509 508 2431 510 2429 2427 510 509 2429 511 510 2427 511 2427 2425 512 511 2425 512 2425 2423 513 512 2423 513 2423 2421 514 513 2421 514 2421 2419 649 514 2419 649 2419 2417 650 649 2417 650 2417 2416 651 650 2416 651 2416 2414 652 651 2414 652 2414 2412 653 652 2412 653 2412 2410 720 653 2410 720 2410 2407 719 720 2407 719 2407 2405 718 719 2405 718 2405 2403 717 718 2403 717 2403 2401 716 717 2401 716 2401 2399 715 716 2399 715 2399 2398 714 715 2398 714 2398 2396 713 714 2396 713 2396 2394 712 713 2394 712 2394 2391 711 712 2391 711 2391 2390 710 711 2390 710 2390 2388 709 710 2388 709 2388 2386 708 709 2386 708 2386 2384 707 708 2384 707 2384 2382 692 707 2382 692 2382 2380 693 2380 2377 693 692 2380 694 2377 2375 694 693 2377 695 2375 2373 695 694 2375 696 2373 2371 696 695 2373 697 2371 2369 697 696 2371 698 2369 2367 698 697 2369 699 2367 2365 699 698 2367 700 2365 2363 700 699 2365 701 2363 2361 701 700 2363 702 2361 2359 702 2359 2357 702 701 2361 703 702 2357 704 2357 2355 704 703 2357 705 2355 2353 705 2353 2351 705 704 2355 706 705 2351 446 2351 2349 446 706 2351 443 2349 2347 443 2347 2345 443 446 2349 440 443 2345 437 2345 2343 437 440 2345 435 2343 2341 435 2341 2339 435 437 2343 432 435 2339 429 2339 2337 429 432 2339 426 2337 2335 426 429 2337 423 2335 2333 423 426 2335 419 2333 2331 419 423 2333 416 2331 2329 416 2329 2327 416 419 2331 413 416 2327 410 2327 2325 410 2325 2323 410 413 2327 407 410 2323 403 407 2323 403 2323 2321 400 403 2321 400 2321 2319 397 400 2319 397 2319 2295 397 2295 2294 394 397 2294 394 2294 2293 392 394 2293 386 392 2293 386 2293 2292 373 386 2292 373 2292 2291 360 2291 2290 360 373 2291 360 2290 2289 347 360 2289 324 2289 2269 324 347 2289 314 2269 2268 314 324 2269 285 2268 2267 285 314 2268 283 2267 2266 283 285 2267 281 2266 2265 281 283 2266 279 2265 2264 279 281 2265 277 2264 2263 277 279 2264 246 2263 2262 246 277 2263 245 2262 2261 245 2261 2260 245 246 2262 244 245 2260 242 2260 2259 242 244 2260 241 2259 2258 241 242 2259 240 2258 2257 240 2257 2256 240 241 2258 239 240 2256 210 2256 2255 210 239 2256 209 2255 2246 209 210 2255 208 209 2246 208 2246 2234 196 208 2234 196 2234 2225 195 196 2225 195 2225 2209 191 195 2209 191 2209 2191 189 191 2191 189 2191 2188 189 2188 2187 192 189 2187 193 192 2187 193 2187 2186 194 193 2186 194 2186 2185 162 194 2185 162 2185 2184 160 162 2184 160 2184 2183 160 2183 2182 163 160 2182 164 163 2182 164 2182 2181 164 2181 2180 165 164 2180 166 165 2180 166 2180 2179 166 2179 2178 167 166 2178 168 167 2178 168 2178 2147 169 168 2147 169 2147 2149 169 2149 2150 170 169 2150 171 2150 2151 171 2151 2152 171 170 2150 172 2152 2153 172 171 2152 173 172 2153 174 2153 2154 174 2154 2155 174 173 2153 175 2155 2156 175 174 2155 176 175 2156 177 2156 2157 177 176 2156 178 177 2157 178 2157 2158 178 2158 2159 179 178 2159 179 2159 2160 180 179 2160 180 2160 2161 181 180 2161 181 2161 2162 182 181 2162 183 182 2162 183 2162 2163 184 183 2163 184 2163 2164 185 184 2164 185 2164 2165 186 185 2165 186 2165 2166 186 2166 2167 187 186 2167 188 187 2167 188 2167 2168 188 2168 2169 198 188 2169 199 198 2169 199 2169 2170 200 199 2170 200 2170 2171 201 200 2171 201 2171 2172 201 2172 2173 202 201 2173 203 202 2173 203 2173 2174 203 2174 2175 204 203 2175 205 204 2175 205 2175 2176 205 2176 2177 206 205 2177 159 206 2177 159 2177 2075 157 159 2075 157 2075 2077 155 157 2077 155 2077 2078 153 2078 2079 153 155 2078 150 2079 2080 150 153 2079 149 2080 2081 149 150 2080 147 2081 2082 147 149 2081 145 2082 2083 145 147 2082 143 2083 2084 143 2084 2085 143 145 2083 141 143 2085 138 2085 2086 138 141 2085 136 2086 2087 136 138 2086 134 2087 2088 134 136 2087 132 2088 2089 132 134 2088 130 2089 2090 130 132 2089 129 2090 2091 129 130 2090 126 2091 2092 126 2092 2093 126 129 2091 124 126 2093 122 2093 2094 122 124 2093 120 2094 2095 120 122 2094 118 2095 2096 118 120 2095 116 2096 2097 116 118 2096 114 2097 2098 114 116 2097 112 2098 2099 112 114 2098 110 2099 2100 110 112 2099 108 2100 2101 108 110 2100 106 108 2101 106 2101 2102 104 106 2102 104 2102 2103 102 104 2103 102 2103 2104 100 102 2104 100 2104 2105 98 100 2105 98 2105 2106 96 98 2106 96 2106 2107 94 96 2107 94 2107 2108 94 2108 2109 92 94 2109 90 92 2109 90 2109 2110 90 2110 2111 88 90 2111 86 2111 2112 86 88 2111 84 2112 2113 84 86 2112 82 2113 2114 82 84 2113 80 2114 2115 80 82 2114 78 2115 2116 78 2116 2117 78 80 2115 76 78 2117 74 2117 2118 74 76 2117 72 2118 2119 72 74 2118 70 2119 2120 70 72 2119 68 2120 2121 68 2121 2122 68 70 2120 66 68 2122 64 2122 2123 64 66 2122 63 2123 2124 63 64 2123 60 2124 2125 60 63 2124 61 2125 2126 61 60 2125 62 61 2126 62 2126 2127 65 62 2127 65 2127 2129 67 65 2129 67 2129 2130 67 2130 2131 69 67 2131 71 69 2131 71 2131 2132 71 2132 2133 73 71 2133 75 73 2133 75 2133 2134 77 75 2134 77 2134 2135 77 2135 2136 79 77 2136 79 2136 2137 81 79 2137 83 81 2137 83 2137 2138 85 83 2138 85 2138 2139 85 2139 2140 87 85 2140 89 87 2140 89 2140 2141 91 89 2141 91 2141 2142 91 2142 2143 93 91 2143 93 2143 2144 95 93 2144 97 2144 2145 97 95 2144 99 2145 2146 99 2146 2189 99 97 2145 101 99 2189 103 2189 2190 103 2190 2192 103 101 2189 105 103 2192 107 2192 2193 107 2193 2194 107 105 2192 109 2194 2195 109 107 2194 111 109 2195 113 2195 2196 113 111 2195 115 113 2196 115 2196 2197 117 115 2197 117 2197 2198 117 2198 2199 119 117 2199 121 119 2199 121 2199 2200 123 121 2200 123 2200 2201 123 2201 2202 125 123 2202 125 2202 2203 127 125 2203 128 127 2203 128 2203 2204 131 128 2204 131 2204 2205 131 2205 2206 133 131 2206 135 133 2206 135 2206 2207 137 135 2207 137 2207 2208 139 137 2208 139 2208 2210 139 2210 2211 140 139 2211 142 140 2211 142 2211 2212 144 142 2212 144 2212 2213 146 144 2213 146 2213 2214 148 146 2214 148 2214 2215 148 2215 2216 151 148 2216 152 151 2216 152 2216 2217 154 152 2217 154 2217 2218 154 2218 2219 156 154 2219 158 156 2219 158 2219 2220 247 2220 2222 247 158 2220 248 2222 2223 248 247 2222 249 2223 2224 249 248 2223 250 2224 2228 250 249 2224 251 2228 2226 251 250 2228 252 2226 2227 252 2227 2229 252 251 2226 253 252 2229 254 2229 2230 254 253 2229 255 2230 2231 255 254 2230 256 2231 2232 256 255 2231 257 2232 2233 257 256 2232 258 2233 2235 258 2235 2236 258 257 2233 259 2236 2237 259 258 2236 260 259 2237 261 2237 2238 261 260 2237 262 2238 2239 262 261 2238 263 2239 2240 263 2240 2241 263 262 2239 264 263 2241 265 2241 2242 265 264 2241 213 2242 2243 213 2243 2244 213 265 2242 211 213 2244 214 2244 2245 214 211 2244 215 2245 2247 215 2247 2248 215 214 2245 216 215 2248 217 2248 2249 217 216 2248 218 2249 2250 218 2250 2251 218 217 2249 219 2251 2252 219 218 2251 220 219 2252 221 220 2252 221 2252 2253 222 221 2253 222 2253 2254 223 222 2254 223 2254 2271 223 2271 2272 224 223 2272 225 224 2272 225 2272 2273 225 2273 2274 226 225 2274 227 226 2274 227 2274 2275 227 2275 2276 228 227 2276 229 2276 2277 229 228 2276 230 2277 2278 230 229 2277 231 2278 2279 231 2279 2280 231 230 2278 232 231 2280 233 2280 2281 233 232 2280 234 2281 2282 234 2282 2283 234 233 2281 235 234 2283 236 2283 2284 236 2284 2285 236 235 2283 237 236 2285 238 2285 2286 238 237 2285 267 2286 2287 267 238 2286 268 2287 2288 268 2288 2298 268 267 2287 269 268 2298 270 2298 2299 270 269 2298 271 2299 2300 271 270 2299 272 2300 2301 272 271 2300 273 2301 2302 273 272 2301 274 273 2302 274 2302 2303 274 2303 2304 276 274 2304 278 276 2304 278 2304 2305 278 2305 2306 280 278 2306 280 2306 2307 282 280 2307 282 2307 2308 284 282 2308 313 284 2308 313 2308 2309 323 313 2309 323 2309 2310 323 2310 2311 346 323 2311 359 346 2311 359 2311 2312 359 2312 2313 372 359 2313 385 372 2313 385 2313 2314 391 385 2314 391 2314 2315 391 2315 2316 393 391 2316 393 2316 2317 395 393 2317 398 395 2317 398 2317 2318 398 2318 2320 401 398 2320 401 2320 2322 404 401 2322 408 2322 2324 408 2324 2326 408 404 2322 411 408 2326 414 2326 2328 414 411 2326 417 2328 2330 417 414 2328 421 2330 2332 421 2332 2334 421 417 2330 424 2334 2336 424 421 2334 427 424 2336 430 427 2336 430 2336 2338 433 430 2338 433 2338 2340 433 2340 2342 436 433 2342 438 436 2342 438 2342 2344 438 2344 2346 441 438 2346 444 441 2346 444 2346 2348 447 444 2348 447 2348 2350 447 2350 2352 449 447 2352 451 449 2352 451 2352 2354 451 2354 2356 452 451 2356 454 452 2356 454 2356 2358 454 2358 2360 456 454 2360 456 2360 2362 457 456 2362 459 457 2362 459 2362 2364 461 459 2364 461 2364 2366 462 461 2366 462 2366 2368 462 2368 2370 464 462 2370 464 2370 2372 465 464 2372 467 465 2372 467 2372 2374 467 2374 2376 468 467 2376 470 468 2376 470 2376 2378 1668 1588 2148 1668 2148 2221 1587 1668 2221 1587 2221 2128 1586 1587 2128 1586 2128 2076 1588 1586 2076 1588 2076 2148 1823 1757 2296 1823 2296 2379 1756 1823 2379 1756 2379 2297 1723 1756 2297 1723 2297 2270 1757 1723 2270 1757 2270 2296 1585 1294 1826 1136 1294 1585 1294 1293 1826 1826 1293 1828 1828 1290 1830 1293 1290 1828 1830 1289 1833 1290 1289 1830 1833 1269 1835 1289 1269 1833 1835 1268 1839 1269 1268 1835 1839 1266 1840 1268 1266 1839 1840 1264 1842 1266 1264 1840 1842 1263 1845 1264 1263 1842 1845 1261 1848 1263 1261 1845 1848 1259 1851 1261 1259 1848 1851 1258 1853 1259 1258 1851 1853 1256 1855 1855 1256 1858 1258 1256 1853 1858 1254 1859 1256 1254 1858 1254 1252 1859 1859 1250 1861 1252 1250 1859 1861 1248 1863 1250 1248 1861 1863 1247 1866 1248 1247 1863 1866 1245 1869 1247 1245 1866 1869 1243 1872 1245 1243 1869 1872 1241 1874 1243 1241 1872 1874 1239 1877 1241 1239 1874 1877 1236 1879 1239 1236 1877 1879 1234 1881 1236 1234 1879 1881 1231 1884 1234 1231 1881 1231 1228 1884 1884 1228 1886 1228 1225 1886 1886 1225 1888 1225 1220 1888 1888 1220 1890 1220 1217 1890 1890 1217 1892 1217 1214 1892 1892 1214 1894 1214 1184 1894 1894 1184 1896 1184 1183 1896 1896 1183 1898 1183 1185 1898 1898 1185 1900 1900 1186 1902 1185 1186 1900 1902 1187 1904 1186 1187 1902 1904 1188 1906 1187 1188 1904 1906 1147 1908 1188 1147 1906 1908 1146 1910 1147 1146 1908 1910 1148 1912 1912 1148 1914 1146 1148 1910 1148 1149 1914 1914 1150 1915 1149 1150 1914 1915 1151 1918 1150 1151 1915 1918 1152 1920 1151 1152 1918 1920 1153 1921 1152 1153 1920 1921 1154 1923 1153 1154 1921 1923 1139 1925 1154 1139 1923 1925 1138 1927 1139 1138 1925 1927 1140 1929 1138 1140 1927 1929 1141 1931 1931 1141 1932 1140 1141 1929 1141 1142 1932 1142 1143 1932 1932 1143 1930 1143 1144 1930 1930 1144 1928 1144 1145 1928 1928 1145 1926 1145 1156 1926 1926 1156 1924 1156 1157 1924 1924 1157 1922 1157 1158 1922 1922 1158 1919 1158 1159 1919 1919 1159 1917 1159 1160 1917 1917 1160 1916 1160 1161 1916 1916 1161 1913 1161 1162 1913 1913 1162 1911 1162 1163 1911 1911 1163 1909 1163 1164 1909 1909 1164 1907 1164 1165 1907 1907 1165 1905 1165 1166 1905 1905 1166 1903 1166 1167 1903 1903 1167 1901 1167 1168 1901 1901 1168 1899 1168 1169 1899 1899 1169 1897 1897 1170 1895 1169 1170 1897 1895 1171 1893 1170 1171 1895 1893 1172 1891 1171 1172 1893 1891 1173 1889 1172 1173 1891 1889 1174 1887 1173 1174 1889 1887 1175 1885 1174 1175 1887 1885 1176 1882 1175 1176 1885 1882 1177 1880 1176 1177 1882 1177 1178 1880 1880 1178 1878 1178 1179 1878 1878 1179 1875 1179 1180 1875 1875 1180 1873 1180 1181 1873 1873 1181 1870 1181 1321 1870 1870 1321 1868 1321 1323 1868 1868 1323 1867 1323 1325 1867 1867 1325 1864 1325 1327 1864 1864 1327 1862 1327 1329 1862 1862 1329 1860 1329 1386 1860 1860 1386 1856 1386 1385 1856 1856 1385 1854 1385 1384 1854 1854 1384 1852 1384 1383 1852 1852 1383 1849 1383 1382 1849 1849 1382 1847 1382 1381 1847 1847 1381 1846 1381 1380 1846 1846 1380 1843 1380 1379 1843 1843 1379 1841 1379 1378 1841 1841 1378 1837 1378 1377 1837 1837 1377 1836 1377 1376 1836 1836 1376 1834 1376 1375 1834 1834 1375 1831 1375 1374 1831 1831 1374 1829 1374 1373 1829 1829 1373 1827 1373 1358 1827 1827 1358 1824 1358 1359 1824 1824 1359 1822 1822 1360 1821 1359 1360 1822 1821 1361 1819 1360 1361 1821 1819 1362 1818 1361 1362 1819 1818 1363 1817 1362 1363 1818 1817 1364 1815 1363 1364 1817 1815 1365 1814 1364 1365 1815 1814 1366 1812 1365 1366 1814 1812 1367 1811 1366 1367 1812 1811 1368 1810 1810 1368 1808 1367 1368 1811 1368 1369 1808 1808 1370 1807 1369 1370 1808 1807 1371 1806 1806 1371 1804 1370 1371 1807 1371 1372 1804 1804 1112 1803 1372 1112 1804 1803 1109 1802 1802 1109 1800 1112 1109 1803 1109 1106 1800 1800 1103 1799 1106 1103 1800 1799 1101 1798 1798 1101 1796 1103 1101 1799 1101 1098 1796 1796 1095 1795 1098 1095 1796 1795 1092 1793 1095 1092 1795 1793 1089 1792 1092 1089 1793 1792 1085 1791 1089 1085 1792 1791 1082 1789 1789 1082 1788 1085 1082 1791 1082 1079 1788 1788 1076 1787 1787 1076 1785 1079 1076 1788 1076 1073 1785 1073 1069 1785 1785 1069 1784 1069 1066 1784 1784 1066 1783 1066 1063 1783 1783 1063 1755 1755 1063 1754 1063 1060 1754 1754 1060 1753 1060 1058 1753 1058 1054 1753 1753 1054 1752 1054 1047 1752 1752 1047 1751 1047 1040 1751 1751 1040 1750 1750 1040 1749 1040 1032 1749 1749 1018 1722 1032 1018 1749 1722 1016 1721 1018 1016 1722 1721 1014 1720 1016 1014 1721 1720 1012 1719 1014 1012 1720 1719 1010 1718 1012 1010 1719 1718 1008 1717 1010 1008 1718 1717 1006 1716 1008 1006 1717 1716 975 1715 1006 975 1716 1715 974 1714 1714 974 1712 975 974 1715 974 973 1712 1712 971 1709 973 971 1712 1709 970 1705 971 970 1709 1705 969 1701 1701 969 1697 970 969 1705 969 968 1697 1697 939 1693 968 939 1697 1693 938 1686 939 938 1693 938 937 1686 1686 937 1678 937 920 1678 1678 920 1670 920 919 1670 1670 919 1659 919 921 1659 1659 921 1646 921 922 1646 1646 922 1629 1629 922 1628 922 923 1628 923 924 1628 1628 924 1627 924 925 1627 1627 925 1626 925 891 1626 1626 891 1625 891 890 1625 1625 890 1624 1624 890 1623 890 892 1623 892 893 1623 1623 893 1622 1622 893 1621 893 894 1621 894 895 1621 1621 895 1620 1620 895 1619 895 896 1619 896 897 1619 1619 897 1589 897 898 1589 1589 898 1590 1590 898 1591 898 899 1591 1591 900 1592 1592 900 1593 899 900 1591 1593 901 1594 900 901 1593 901 902 1594 1594 903 1595 1595 903 1596 902 903 1594 1596 904 1597 903 904 1596 904 905 1597 1597 906 1598 905 906 1597 906 907 1598 1598 907 1599 1599 907 1600 907 908 1600 1600 908 1601 908 909 1601 1601 909 1602 909 910 1602 1602 910 1603 910 911 1603 911 912 1603 1603 912 1604 912 913 1604 1604 913 1605 913 914 1605 1605 914 1606 914 915 1606 1606 915 1607 1607 915 1608 915 916 1608 916 917 1608 1608 917 1609 1609 917 1610 917 927 1610 927 928 1610 1610 928 1611 928 929 1611 1611 929 1612 929 930 1612 1612 930 1613 1613 930 1614 930 931 1614 931 932 1614 1614 932 1615 1615 932 1616 932 933 1616 933 934 1616 1616 934 1617 1617 934 1618 934 935 1618 935 888 1618 1618 888 1387 784 1055 389 389 1055 390 1055 1056 390 390 1056 689 1056 1356 689 689 1356 690 690 1356 691 1356 1357 691 1357 1308 691 691 1308 642 1308 1303 642 642 1303 639 1303 1302 639 639 1302 636 636 1302 633 1302 1299 633 633 1299 469 1299 1135 469 1135 1132 469 469 1132 466 466 1129 463 1132 1129 466 463 1129 460 1129 1126 460 460 1124 458 458 1124 455 1126 1124 460 1124 1121 455 455 1119 453 1121 1119 455 453 1116 450 1119 1116 453 450 1114 448 1116 1114 450 1114 1111 448 448 1111 445 1111 1108 445 445 1108 442 442 1108 439 1108 1105 439 1105 1100 439 439 1100 434 434 1100 431 1100 1097 431 431 1097 428 1097 1094 428 1094 1091 428 428 1091 425 1091 1088 425 425 1088 422 1088 1087 422 422 1087 420 1087 1084 420 420 1084 418 418 1084 415 1084 1081 415 1081 1078 415 415 1078 412 412 1078 409 1078 1075 409 1075 1072 409 409 1072 406 1072 1071 406 406 1071 405 1071 1068 405 405 1068 402 1068 1065 402 402 1065 399 399 1065 396 1065 1062 396 396 1062 382 1062 1052 382 382 1051 380 1052 1051 382 380 1050 378 378 1050 376 1051 1050 380 1050 1049 376 376 1048 374 1049 1048 376 374 1045 370 1048 1045 374 370 1044 368 368 1044 366 1045 1044 370 1044 1043 366 366 1042 364 1043 1042 366 1042 1041 364 364 1041 362 362 1041 358 1041 1038 358 358 1037 356 1038 1037 358 356 1036 354 1037 1036 356 354 1035 352 1036 1035 354 352 1034 350 1035 1034 352 350 1033 348 1034 1033 350 348 1030 344 1033 1030 348 344 1029 342 1030 1029 344 342 1028 340 1029 1028 342 340 1027 338 1028 1027 340 338 1026 336 1027 1026 338 336 1021 331 1026 1021 336 331 1020 330 1021 1020 331 330 1022 332 1020 1022 330 332 1023 333 1022 1023 332 333 1024 334 1023 1024 333 334 1025 335 335 1025 328 1024 1025 334 1025 721 328 557 1223 555 1223 1221 555 1221 1218 555 555 1218 552 1218 1215 552 552 1215 549 1215 1212 549 549 1212 546 546 1212 544 1212 1210 544 1210 1208 544 544 1208 542 1208 1206 542 542 1206 540 540 1206 538 1206 1204 538 1204 1202 538 538 1202 536 1202 1200 536 536 1200 534 534 1198 532 1200 1198 534 532 1196 530 1198 1196 532 530 1194 528 1196 1194 530 528 1192 526 1194 1192 528 526 1189 523 1192 1189 526 523 1190 524 1189 1190 523 524 1191 525 525 1191 527 1190 1191 524 1191 1193 527 1193 1195 527 527 1195 529 529 1195 531 1195 1197 531 1197 1199 531 531 1199 533 533 1199 535 1199 1201 535 1201 1203 535 535 1203 537 1203 1205 537 537 1205 539 539 1205 541 1205 1207 541 1207 1209 541 541 1209 543 1209 1211 543 543 1211 545 1211 1213 545 545 1213 547 1213 1216 547 547 1216 550 1216 1219 550 550 1219 553 553 1219 556 1219 1222 556 1222 1224 556 556 1224 558 1224 1227 558 558 1227 561 1227 1230 561 561 1230 564 564 1230 567 1230 1233 567 1233 1235 567 567 1235 569 569 1237 571 1235 1237 569 571 1238 572 1237 1238 571 572 1240 574 1238 1240 572 574 1242 576 1240 1242 574 576 1244 578 1242 1244 576 578 1246 580 580 1246 583 1244 1246 578 1246 1249 583 583 1251 585 1249 1251 583 1251 1253 585 585 1253 587 587 1253 589 1253 1255 589 589 1257 592 1255 1257 589 592 1260 594 1257 1260 592 594 1262 597 1260 1262 594 597 1265 599 1262 1265 597 599 1267 601 1265 1267 599 601 1288 623 1267 1288 601 623 1292 627 1288 1292 623 627 1296 630 1292 1296 627 630 1298 632 1296 1298 630 632 1301 635 1298 1301 632 635 1305 638 1301 1305 635 638 1307 641 1305 1307 638 641 1355 688 1307 1355 641 688 1354 687 1355 1354 688 687 1347 686 1354 1347 687 686 1346 655 655 1346 654 1347 1346 686 1346 1318 654 1318 1317 654 654 1317 656 1317 1319 656 656 1319 657 1319 1320 657 657 1320 658 658 1320 659 1320 1322 659 1322 1324 659 659 1324 660 1324 1326 660 660 1326 661 1326 1328 661 661 1328 662 662 1328 663 1328 1330 663 663 1330 664 1330 1331 664 1331 1332 664 664 1332 665 665 1333 666 1332 1333 665 666 1333 667 1333 1334 667 667 1335 668 668 1335 669 1334 1335 667 1335 1336 669 669 1337 670 1336 1337 669 670 1338 671 1337 1338 670 671 1339 672 1338 1339 671 1339 1340 672 672 1340 673 1340 1341 673 673 1341 674 674 1341 675 1341 1342 675 1342 1343 675 675 1343 676 676 1343 677 1343 1344 677 677 1344 678 1344 1345 678 1345 1348 678 678 1348 679 1348 1349 679 679 1349 680 1349 1350 680 680 1350 681 1350 1351 681 681 1351 682 682 1351 683 1351 1352 683 1352 1353 683 683 1353 684 684 1353 685 1353 1315 685 1315 1314 685 685 1314 648 1314 1313 648 648 1313 647 1313 1312 647 647 1312 646 1312 1311 646 646 1311 645 645 1311 644 1311 1310 644 644 1310 643 1310 1309 643 643 1306 640 1309 1306 643 640 1304 637 637 1304 634 1306 1304 640 1304 1300 634 634 1297 631 1300 1297 634 631 1295 629 1297 1295 631 629 1291 625 625 1291 621 1295 1291 629 1291 1287 621 621 1272 606 1287 1272 621 1272 1271 606 606 1271 604 604 1271 607 1271 1273 607 607 1274 608 1273 1274 607 608 1275 609 1274 1275 608 609 1276 610 1275 1276 609 610 1277 611 1276 1277 610 611 1278 612 1277 1278 611 612 1279 613 1278 1279 612 613 1280 614 1279 1280 613 614 1281 615 1280 1281 614 615 1282 616 1281 1282 615 616 1283 617 1282 1283 616 617 1284 618 1283 1284 617 618 1285 619 1284 1285 618 619 1286 620 1285 1286 619 620 1232 566 1286 1232 620 566 1229 563 1232 1229 566 563 1226 560 560 1226 557 1229 1226 563 1226 1223 557 13 2479 6 13 926 2479 2479 1316 2480 926 1316 2479 1316 24 17 1316 17 2480 2479 2480 6 6 2480 17 972 936 207 972 207 243 918 972 243 918 243 190 889 918 190 889 190 161 936 889 161 936 161 207 789 787 56 789 56 59 785 789 59 785 59 58 786 785 58 786 58 57 787 786 57 787 57 56 1019 976 266 1019 266 327 993 1019 327 993 327 275 940 993 275 940 275 212 976 940 212 976 212 266 1270 1155 490 1270 490 605 1182 1270 605 1182 605 516 1137 1182 516 1137 516 472 1155 1137 472 1155 472 490 54 2481 55 55 2481 2482 53 197 52 52 197 2483 55 2482 32 55 32 36 2481 33 2482 2482 33 32 197 40 2483 197 39 40 2481 54 33 33 54 37 52 2483 40 52 40 47 2484 2485 2486 2486 2485 2487 2487 2488 2489 2487 2489 2486 2485 2488 2487 2485 2490 2488 2490 2485 2491 2491 2485 2484 2491 2486 2489 2491 2484 2486 2488 2491 2489 2490 2491 2488 2492 2493 2494 2492 2494 2495 2496 17 2497 2498 2497 17 2499 2500 2498 2499 2498 17 2501 24 17 2501 17 2496 2502 24 2501 2503 2496 2500 2503 2501 2496 2504 2499 17 2505 24 2502 2506 2505 2503 2506 2500 2499 2506 2503 2500 2506 24 2505 2507 2504 17 2507 2493 2504 2508 2493 2507 2509 2504 2493 2492 2509 2493 2510 2511 2508 2510 2492 2511 2510 2508 2507 2510 24 2492 2492 24 2509 2509 24 2506 2497 2498 2512 2497 2512 2513 2496 2497 2513 2496 2513 2514 2500 2496 2514 2500 2514 2515 2498 2500 2515 2498 2515 2512 2516 2517 2518 2518 2517 2519 2520 2514 2513 2513 2512 2520 2515 2521 2512 2512 2521 2520 2522 2523 2520 2520 2523 2514 2522 2524 2523 2514 2525 2515 2523 2525 2514 2521 2526 2520 2522 2527 2524 2527 2528 2525 2515 2528 2521 2525 2528 2515 2522 2528 2527 2529 2530 2494 2526 2530 2520 2494 2530 2526 2526 2531 2494 2531 2495 2494 2528 2532 2531 2495 2532 2533 2531 2532 2495 2534 2535 2529 2529 2535 2530 2533 2535 2495 2495 2535 2534 2522 2532 2528 2511 2492 2495 2511 2495 2534 2508 2511 2534 2508 2534 2529 2493 2508 2529 2493 2529 2494 2531 2506 2528 2509 2506 2531 2504 2509 2531 2504 2531 2526 2521 2504 2526 2499 2504 2521 2506 2499 2521 2506 2521 2528 2505 2502 2524 2505 2524 2527 2525 2505 2527 2503 2505 2525 2501 2503 2525 2501 2525 2523 2524 2501 2523 2502 2501 2524 2517 2536 2519 2517 2537 2536 2535 2538 2530 2536 2539 2538 2538 2540 2530 2539 2540 2538 2541 2542 2539 2539 2542 2540 2519 2543 2518 2536 2543 2519 2544 2516 2518 2543 2544 2518 2545 2544 2543 2546 2547 2544 2546 2544 2545 2544 2548 2516 2548 2517 2516 2549 2537 2548 2548 2537 2517 2522 2550 2551 2522 2552 2553 2551 2554 2522 2553 2555 2522 2522 2556 2550 2522 2557 2552 2554 2558 2522 2555 2559 2522 2522 2560 2556 2522 2561 2557 2558 2562 2522 2559 2563 2522 2522 2564 2560 2522 2565 2561 2562 2566 2522 2563 2567 2522 2522 2568 2564 2522 2569 2565 2566 2570 2522 2567 2571 2522 2522 2572 2568 2522 2573 2569 2570 2574 2522 2571 2575 2522 2522 2576 2572 2522 2577 2573 2574 2578 2522 2575 2579 2522 2522 2580 2576 2522 2581 2577 2578 2582 2522 2579 2583 2522 2522 2584 2580 2522 2585 2581 2582 2586 2522 2583 2587 2522 2522 2588 2584 2522 2589 2585 2586 2590 2522 2587 2591 2522 2522 2592 2588 2522 2593 2589 2590 2594 2522 2591 2595 2522 2522 2596 2592 2522 2597 2593 2595 2598 2522 2594 2599 2522 2522 2600 2596 2522 2601 2597 2598 2602 2522 2599 2603 2522 2522 2604 2600 2522 2605 2601 2602 2606 2522 2603 2607 2522 2522 2608 2604 2606 2608 2522 2522 2609 2605 2606 2610 2608 2607 2611 2522 2610 2612 2608 2522 2613 2609 2610 2614 2612 2611 2615 2522 2614 2616 2612 2522 2617 2613 2615 2618 2522 2614 2619 2616 2619 2620 2616 2619 2621 2620 2621 2622 2620 2621 2623 2622 2623 2624 2622 2623 2625 2624 2625 2626 2624 2625 2627 2626 2627 2628 2626 2627 2629 2628 2629 2630 2628 2629 2631 2630 2631 2632 2630 2631 2633 2632 2633 2634 2632 2633 2635 2634 2635 2636 2634 2635 2637 2636 2637 2638 2636 2637 2639 2638 2639 2640 2638 2639 2641 2640 2641 2642 2640 2641 2643 2642 2643 2644 2642 2643 2645 2644 2645 2646 2644 2645 2647 2646 2647 2648 2646 2647 2649 2648 2649 2650 2648 2649 2651 2650 2651 2652 2650 2651 2653 2652 2653 2654 2652 2653 2655 2654 2655 2656 2654 2655 2657 2656 2657 2658 2656 2657 2659 2658 2659 2660 2658 2659 2661 2660 2661 2662 2660 2661 2663 2662 2663 2664 2662 2663 2665 2664 2665 2666 2664 2665 2667 2666 2667 2668 2666 2667 2669 2668 2669 2670 2668 2669 2671 2670 2671 2672 2670 2671 2673 2672 2673 2674 2672 2673 2675 2674 2675 2676 2674 2675 2677 2676 2677 2678 2676 2677 2679 2678 2679 2680 2678 2679 2681 2680 2681 2682 2680 2681 2683 2682 2683 2684 2682 2683 2685 2684 2685 2686 2684 2685 2687 2686 2687 2688 2686 2687 2689 2688 2689 2690 2688 2689 2691 2690 2691 2692 2690 2691 2693 2692 2693 2694 2692 2693 2695 2694 2695 2696 2694 2695 2697 2696 2697 2698 2696 2697 2699 2698 2699 2700 2698 2699 2701 2700 2701 2702 2700 2701 2703 2702 2703 2704 2702 2703 2705 2704 2706 2705 2707 2707 2705 2708 2708 2705 2709 2709 2705 2710 2710 2705 2711 2711 2705 2712 2712 2705 2713 2714 2705 2715 2715 2705 2716 2716 2705 2717 2717 2705 2718 2718 2705 2719 2719 2705 2720 2720 2705 2721 2721 2705 2722 2722 2705 2723 2723 2705 2724 2724 2705 2725 2725 2705 2726 2726 2705 2727 2727 2705 2728 2728 2705 2729 2729 2705 2730 2730 2705 2731 2731 2705 2732 2732 2705 2733 2733 2705 2703 2704 2705 2734 2734 2705 2735 2735 2705 2736 2736 2705 2737 2737 2705 2738 2738 2705 2739 2739 2705 2740 2740 2705 2741 2741 2705 2742 2742 2705 2743 2743 2705 2706 2744 2532 2745 2745 2532 2746 2746 2532 2747 2747 2532 2748 2748 2532 2749 2749 2532 2750 2750 2532 2751 2751 2532 2752 2713 2532 2753 2752 2532 2754 2754 2532 2755 2755 2532 2756 2756 2532 2757 2757 2532 2618 2618 2532 2522 2753 2532 2758 2758 2532 2759 2759 2532 2760 2760 2532 2761 2761 2532 2762 2762 2532 2763 2763 2532 2764 2764 2532 2765 2765 2532 2766 2766 2532 2767 2767 2532 2768 2768 2532 2769 2705 2532 2713 2769 2532 2770 2770 2532 2771 2771 2532 2772 2772 2532 2773 2773 2532 2744 2774 2775 2776 2776 2775 2777 2776 2778 2779 2777 2778 2776 2774 2780 2775 2781 2780 2774 2778 2782 2779 2779 2782 2783 2783 2782 2784 2781 2785 2780 2786 2785 2781 2782 2787 2784 2788 2789 2786 2786 2789 2785 2787 2790 2784 2784 2790 2791 2788 2792 2789 2793 2792 2788 2790 2794 2791 2791 2794 2795 2793 2796 2792 2797 2796 2793 2795 2798 2799 2794 2798 2795 2800 2801 2797 2797 2801 2796 2799 2802 2803 2798 2802 2799 2804 2805 2806 2806 2805 2800 2800 2805 2801 2803 2807 2808 2802 2807 2803 2804 2809 2805 2807 2810 2808 2808 2810 2811 2812 2813 2804 2804 2813 2809 2811 2814 2815 2810 2814 2811 2816 2817 2812 2812 2817 2813 2815 2818 2819 2819 2818 2820 2814 2818 2815 2818 2821 2820 2821 2822 2820 2820 2822 2823 2823 2824 2825 2822 2824 2823 2825 2826 2714 2714 2826 2705 2824 2826 2825 2827 2828 2829 2829 2828 2830 2830 2828 2831 2831 2828 2832 2832 2828 2833 2833 2828 2834 2834 2828 2835 2835 2828 2836 2836 2828 2837 2837 2828 2838 2838 2828 2839 2839 2828 2840 2840 2828 2841 2841 2828 2842 2842 2828 2843 2843 2828 2844 2844 2828 2845 2845 2828 2846 2846 2828 2847 2847 2828 2848 2848 2828 2849 2849 2828 2850 2850 2828 2851 2851 2828 2852 2852 2828 2853 2854 2828 2827 2853 2828 2855 2855 2828 2856 2856 2828 2857 2857 2828 2858 2858 2828 2859 2854 2860 2828 2860 2861 2828 2826 2862 2705 2828 2862 2859 2859 2862 2863 2863 2862 2826 2864 2865 2866 2866 2865 2867 2867 2865 2868 2868 2865 2869 2869 2865 2870 2870 2865 2871 2871 2865 2872 2872 2865 2873 2873 2865 2874 2874 2865 2875 2875 2865 2876 2876 2865 2877 2877 2865 2878 2878 2865 2879 2879 2865 2880 2880 2865 2881 2881 2865 2882 2882 2865 2883 2883 2865 2884 2884 2865 2885 2885 2865 2886 2886 2865 2887 2887 2865 2888 2888 2865 2889 2889 2865 2890 2890 2865 2891 2891 2865 2892 2892 2865 2893 2893 2865 2894 2895 2865 2896 2896 2865 2897 2897 2865 2898 2898 2865 2899 2899 2865 2864 2861 2900 2828 2894 2900 2901 2901 2900 2902 2902 2900 2903 2903 2900 2904 2904 2900 2905 2905 2900 2906 2906 2900 2907 2907 2900 2908 2908 2900 2909 2909 2900 2910 2910 2900 2911 2911 2900 2912 2912 2900 2913 2913 2900 2914 2914 2900 2915 2915 2900 2916 2916 2900 2917 2917 2900 2918 2918 2900 2919 2919 2900 2920 2920 2900 2921 2921 2900 2922 2922 2900 2923 2923 2900 2924 2924 2900 2925 2925 2900 2926 2926 2900 2861 2865 2900 2894 2828 2927 2862 2900 2928 2929 2929 2930 2900 2900 2931 2928 2930 2932 2900 2900 2933 2931 2932 2934 2900 2900 2935 2933 2934 2936 2900 2900 2937 2935 2936 2938 2900 2900 2939 2937 2938 2940 2900 2900 2941 2939 2940 2942 2900 2900 2943 2941 2942 2944 2900 2900 2945 2943 2944 2946 2900 2900 2947 2945 2946 2948 2900 2900 2949 2947 2948 2950 2900 2900 2951 2949 2950 2952 2900 2900 2953 2951 2952 2954 2900 2900 2955 2953 2954 2956 2900 2865 2957 2900 2900 2957 2955 2956 2958 2900 2865 2959 2957 2958 2960 2900 2865 2961 2959 2865 2962 2961 2865 2963 2962 2865 2964 2963 2865 2965 2964 2865 2966 2965 2865 2967 2966 2865 2968 2967 2865 2969 2968 2865 2970 2969 2865 2971 2970 2865 2972 2971 2865 2973 2972 2974 2975 2976 2976 2975 2977 2977 2975 2978 2978 2975 2979 2979 2975 2980 2980 2975 2981 2981 2975 2982 2982 2975 2983 2983 2975 2984 2984 2975 2985 2985 2975 2986 2986 2975 2987 2987 2975 2960 2960 2975 2900 2927 2975 2862 2865 2988 2973 2974 2989 2975 2865 2990 2988 2989 2991 2975 2865 2992 2990 2705 2993 2532 2991 2994 2975 2865 2995 2992 2994 2996 2975 2865 2997 2995 2996 2998 2975 2865 2999 2997 2998 3000 2975 2993 3001 2545 2865 3002 2999 3000 3003 2975 2865 3004 3002 3003 3005 2975 2865 3006 3004 3005 3007 2975 2865 3008 3006 3007 3009 2975 2865 3010 3008 3009 3011 2975 2865 3012 3010 3011 3013 2975 2865 3014 3012 3013 3015 2975 2865 3016 3014 3015 3017 2975 2865 3018 3016 3017 3019 2975 2865 3020 3018 3019 3021 2975 2865 3022 3020 3021 3023 2975 2865 3024 3022 3023 3025 2975 3025 3026 2975 3026 3027 2975 3027 3028 2975 3028 3029 2975 3029 3030 2975 2705 3031 2993 2993 3031 3001 3032 2541 3031 3031 2541 3001 3030 3033 2975 2975 3033 2862 2862 3033 3032 3034 3033 3035 3035 3033 3036 3036 3033 3037 3037 3033 3038 3038 3033 3039 3039 3033 3040 3040 3033 3041 3041 3033 3042 3042 3033 3043 3043 3033 3044 3044 3033 3030 3032 3033 3045 3032 3046 2541 3045 3046 3032 3033 2542 3047 3047 2542 3046 3046 2542 2541 2522 2865 2617 2617 2865 3048 3048 2865 3049 3049 2865 3050 3050 2865 2816 2816 2865 2895 2816 2895 3051 2816 3051 3052 2816 3052 3053 2816 3053 2817 2865 2542 3024 3024 2542 3054 3054 2542 3055 3055 2542 3056 3056 2542 3057 3057 2542 3058 3058 2542 3059 3059 2542 3060 3060 2542 3061 3061 2542 3062 3062 2542 3063 3063 2542 3064 3064 2542 3065 3065 2542 3066 3066 2542 3067 3067 2542 3068 3068 2542 3034 3034 2542 3033 2959 3069 2957 2957 3070 2955 3069 3070 2957 3070 3071 2955 2955 3072 2953 3071 3072 2955 2953 3073 2951 3072 3073 2953 2951 3074 2949 3073 3074 2951 2949 3075 2947 3074 3075 2949 2947 3076 2945 3075 3076 2947 2943 3077 2941 2945 3077 2943 3076 3077 2945 3077 3078 2941 2939 3079 2937 2941 3079 2939 3078 3079 2941 3079 3080 2937 2937 3081 2935 3080 3081 2937 2933 3082 2931 2935 3082 2933 3081 3082 2935 3082 3083 2931 2931 3084 2928 3083 3084 2931 2929 3085 2930 2928 3085 2929 3084 3085 2928 3085 3086 2930 3086 3087 2930 2932 3087 2934 2930 3087 2932 3087 3088 2934 3088 3089 2934 2934 3089 2936 2938 3090 2940 2936 3090 2938 3089 3090 2936 3090 3091 2940 2940 3092 2942 3091 3092 2940 2944 3093 2946 2942 3093 2944 3092 3093 2942 2946 3094 2948 3093 3094 2946 3094 3095 2948 2948 3096 2950 3095 3096 2948 2950 3096 2952 3096 3097 2952 3097 3098 2952 2952 3098 2954 3098 3099 2954 2954 3099 2956 3099 3100 2956 2956 3100 2958 3100 3101 2958 2958 3101 2960 3101 3102 2960 2960 3102 2987 3102 3103 2987 2986 3103 2985 2987 3103 2986 3103 3104 2985 3104 3105 2985 2984 3105 2983 2985 3105 2984 3105 3106 2983 2983 3106 2982 3106 3107 2982 3107 3108 2982 2981 3108 2980 2982 3108 2981 3108 3109 2980 2980 3110 2979 3109 3110 2980 2978 3111 2977 2979 3111 2978 3110 3111 2979 3111 3112 2977 3112 3113 2977 2976 3113 2974 2977 3113 2976 3113 3114 2974 3114 3115 2974 2989 3115 2991 2974 3115 2989 3115 3116 2991 3116 3117 2991 2991 3117 2994 3117 3118 2994 2996 3118 2998 2994 3118 2996 3118 3119 2998 3119 3120 2998 3000 3120 3003 2998 3120 3000 3120 3121 3003 3003 3121 3005 3121 3122 3005 3122 3123 3005 3005 3123 3007 3123 3124 3007 3007 3124 3009 3124 3125 3009 3009 3125 3011 3125 3126 3011 3011 3126 3013 3126 3127 3013 3013 3127 3015 3127 3128 3015 3015 3128 3017 3017 3129 3019 3128 3129 3017 3019 3130 3021 3129 3130 3019 3021 3131 3023 3130 3131 3021 3023 3132 3025 3131 3132 3023 3133 24 3134 3135 24 3136 3137 3134 24 3138 3136 24 3139 24 3133 3140 24 3135 3141 3137 24 3142 3138 24 3143 24 3139 3144 24 3140 3145 3141 24 3146 3142 24 3147 24 3143 3148 24 3144 3149 3146 24 3150 3145 24 3151 24 3148 3152 24 3147 3153 3150 24 3154 3149 24 3155 24 3152 3156 24 3151 3157 3153 24 3158 3154 24 3159 24 3155 3160 24 3156 3161 3158 24 3162 3157 24 3163 24 3159 3164 24 3160 3165 3161 24 3166 3162 24 3167 24 3163 3168 24 3164 3169 3165 24 3170 3166 24 3171 24 3167 3172 24 3168 3173 3170 24 3174 3169 24 3175 24 3171 3176 24 3172 3177 3173 24 3178 3174 24 3179 24 3175 3180 24 3176 3181 3177 24 3182 3178 24 3183 24 3179 3184 24 3180 3185 3181 24 3186 3182 24 3187 24 3183 3188 24 3184 3189 3185 24 3190 24 3187 3190 3186 24 3191 3190 3187 3192 24 3188 3193 3189 24 3194 3190 3191 3195 3194 3191 3196 24 3192 3197 3193 24 3198 3194 3195 3199 3198 3195 3200 24 3196 3201 3197 24 3202 3198 3199 3203 3202 3199 3204 24 3200 3205 3201 24 3206 3202 3203 3207 3206 3203 3208 3206 3207 3209 3208 3207 3210 3208 3209 3211 3210 3209 3212 3210 3211 3213 3212 3211 3214 3212 3213 3215 3214 3213 3216 3214 3215 3217 3216 3215 3218 3216 3217 3219 3218 3217 3220 3218 3219 3221 3220 3219 3222 3220 3221 3223 3222 3221 3224 3222 3223 3225 3224 3223 3226 3224 3225 3227 3226 3225 3228 3226 3227 3229 3228 3227 3230 3228 3229 3231 3230 3229 3232 3230 3231 3233 3232 3231 3234 3232 3233 3235 3234 3233 3236 3234 3235 3237 3236 3235 3238 3236 3237 3239 3238 3237 3240 3238 3239 3241 3240 3239 3242 3240 3241 3243 3242 3241 3244 3242 3243 3245 3244 3243 3246 3244 3245 3247 3246 3245 3248 3246 3247 3249 3248 3247 3250 3248 3249 3251 3250 3249 3252 3250 3251 3253 3252 3251 3254 3252 3253 3255 3254 3253 3256 3254 3255 3257 3256 3255 3258 3256 3257 3259 3258 3257 3260 3258 3259 3261 3260 3259 3262 3260 3261 3263 3262 3261 3264 3262 3263 3265 3264 3263 3266 3264 3265 3267 3266 3265 3268 3266 3267 3269 3268 3267 3270 3268 3269 3271 3270 3269 3272 3270 3271 3273 3272 3271 3274 3272 3273 3275 3274 3273 3276 3274 3275 3277 3276 3275 3278 3276 3277 3279 3278 3277 3280 3278 3279 3281 3280 3279 3282 3280 3281 3283 3282 3281 3284 3282 3283 3285 3284 3283 3286 3284 3285 3287 3286 3285 3288 3286 3287 3289 3288 3287 3290 3291 3292 3290 3292 3293 3290 3293 3294 3290 3294 3295 3290 3295 3296 3290 3296 3297 3290 3297 3298 3290 3298 3299 3290 3299 3300 3290 3300 3301 3290 3301 3302 3290 3302 3303 3290 3303 3304 3290 3304 3305 3290 3305 3306 3290 3306 3307 3290 3308 3309 3290 3309 3310 3290 3310 3311 3290 3311 3312 3290 3312 3313 3290 3313 3314 3290 3314 3315 3290 3315 3316 3290 3316 3317 3290 3317 3318 3290 3318 3319 3290 3319 3320 3290 3320 3321 3290 3321 3322 3290 3322 3323 3290 3323 3324 3290 3324 3325 3290 3325 3326 3290 3326 3327 3290 3327 3288 3290 3289 3328 3290 3288 3289 3290 3328 3291 3329 3330 3331 3332 3330 3329 3333 3331 3334 3333 3329 3331 3335 3336 3330 3335 3330 3332 3337 3333 3334 3337 3334 3338 3337 3338 3339 3340 3336 3335 3340 3341 3336 3342 3337 3339 3343 3341 3340 3343 3344 3341 3345 3339 3346 3345 3346 3347 3345 3342 3339 3348 3349 3344 3348 3344 3343 3350 3345 3347 3351 3352 3349 3351 3349 3348 3353 3350 3347 3353 3347 3354 3355 3356 3352 3355 3352 3351 3357 3353 3354 3357 3354 3358 3359 3360 3356 3359 3356 3355 3361 3357 3358 3361 3358 3362 3363 3364 3360 3363 3360 3359 3365 3361 3362 3365 3362 3366 3367 3368 3364 3367 3364 3363 3369 3365 3366 3369 3366 3370 3369 3370 3371 3372 3373 3368 3372 3368 3367 3374 3371 3375 3374 3369 3371 3376 3374 3375 3377 3375 3378 3377 3376 3375 3379 3378 3380 3379 3380 3308 3379 3377 3378 3381 3379 3308 3381 3308 3290 3382 3383 3384 3382 3384 3385 3382 3385 3386 3382 3386 3387 3382 3387 3388 3382 3388 3389 3382 3389 3390 3382 3390 3391 3382 3391 3392 3382 3392 3393 3382 3393 3394 3382 3394 3395 3382 3395 3396 3382 3396 3397 3382 3397 3398 3382 3398 3399 3382 3399 3400 3382 3400 3401 3382 3401 3402 3382 3402 3403 3382 3403 3404 3382 3404 3405 3382 3405 3406 3382 3406 3407 3382 3407 3408 3382 3408 3409 3382 3409 3410 3382 3410 3411 3382 3411 3412 3382 3412 3413 3382 3413 3414 3415 3383 3382 3416 3415 3382 3417 3382 3414 3417 3381 3290 3417 3414 3418 3417 3418 3381 2547 3290 3307 2547 3307 3419 2547 3419 3420 2547 3420 3421 2547 3421 3422 2547 3422 3423 2547 3423 3424 2547 3424 3425 2547 3425 3426 2547 3426 3427 2547 3427 3428 2547 3428 3429 2547 3429 3430 2547 3430 3431 2547 3431 3432 2547 3432 3433 2547 3433 3434 2547 3434 3435 2547 3435 3436 2547 3436 3437 2547 3437 3438 2547 3438 3439 2547 3439 3440 2547 3440 3441 2547 3441 3442 1316 3443 3444 1316 3444 3445 1316 3445 3446 1316 3446 3447 1316 3447 3448 1316 3448 3449 1316 3449 3450 1316 3450 3451 1316 3451 3452 1316 3452 3453 1316 3453 3454 1316 3454 3455 1316 3455 3456 1316 3456 3457 1316 3457 3458 1316 3458 3459 1316 3459 3460 1316 3460 3461 1316 3461 3462 1316 3462 3463 1316 3463 3464 1316 3464 3465 1316 3465 3466 1316 3467 3468 1316 3466 3469 1316 3468 3443 1316 3469 3470 1316 3470 3471 1316 3471 3472 1316 3472 3473 1316 3473 3474 1316 3474 3475 1316 3475 3476 1316 3476 3477 1316 3477 3478 3479 3416 3382 3479 3478 3480 3479 3480 3481 3479 3481 3482 3479 3482 3483 3479 3483 3484 3479 3484 3485 3479 3485 3486 3479 3486 3487 3479 3487 3488 3479 3488 3489 3479 3489 3490 3479 3490 3491 3479 3491 3492 3479 3492 3493 3479 3493 3494 3479 3494 3495 3479 3495 3496 3479 3496 3497 3479 3497 3498 3479 3498 3499 3479 3499 3500 3479 3500 3501 3479 3501 3502 3479 3502 3503 3479 3503 3504 3479 3504 3505 3479 3505 3416 3506 3382 3417 3084 3479 3085 3086 3085 3479 3083 3479 3084 3087 3086 3479 3082 3479 3083 3088 3087 3479 3081 3479 3082 3089 3088 3479 3080 3479 3081 3090 3089 3479 3079 3479 3080 3091 3090 3479 3078 3479 3079 3092 3091 3479 3077 3479 3078 3093 3092 3479 3076 3479 3077 3094 3093 3479 3075 3479 3076 3095 3094 3479 3074 3479 3075 3096 3095 3479 3073 3479 3074 3097 3096 3479 3072 3479 3073 3098 3097 3479 3071 3479 3072 3099 3098 3479 3070 3479 3071 3070 1316 3478 3070 3478 3479 3100 3099 3479 3069 1316 3070 3101 3100 3479 3507 1316 3069 3508 1316 3507 3509 1316 3508 3510 1316 3509 3511 1316 3510 3512 1316 3511 3513 1316 3512 3514 1316 3513 3515 1316 3514 3516 1316 3515 3517 1316 3516 3518 1316 3517 3519 1316 3518 3520 3101 3479 3520 3114 3113 3520 3113 3112 3520 3112 3111 3520 3111 3110 3520 3110 3109 3520 3109 3108 3520 3108 3107 3520 3107 3106 3520 3106 3105 3520 3105 3104 3520 3104 3103 3520 3103 3102 3520 3102 3101 3520 3506 3417 3521 1316 3519 3115 3114 3520 3522 1316 3521 3116 3115 3520 3523 1316 3522 3117 3116 3520 3524 1316 3523 3118 3117 3520 3525 1316 3524 3119 3118 3520 3526 1316 3525 3120 3119 3520 3527 1316 3526 3121 3120 3520 3528 1316 3527 3122 3121 3520 3529 1316 3528 3123 3122 3520 3530 1316 3529 3124 3123 3520 3531 1316 3530 2510 3532 2547 2510 3442 3533 2510 3533 3534 2510 3534 3535 2510 3535 3536 2510 3536 3537 2510 3537 3205 2510 3205 24 2510 2547 3442 3125 3124 3520 3538 1316 3531 3126 3125 3520 3539 1316 3538 3127 3126 3520 3540 1316 3539 3128 3127 3520 3541 1316 3540 3129 3128 3520 3542 1316 3541 3130 3129 3520 3543 1316 3542 3131 3130 3520 3544 1316 3543 3132 3131 3520 3545 1316 3544 3546 3132 3520 3547 3546 3520 3548 3547 3520 3549 3548 3520 3550 3549 3520 3551 3532 2510 3552 2547 2546 3552 2546 3551 3552 3290 2547 3553 3520 3417 3553 3552 3551 3554 3550 3520 3554 3555 3556 3554 3556 3557 3554 3557 3558 3554 3558 3559 3554 3559 3560 3554 3560 3561 3554 3561 3562 3554 3562 3563 3554 3563 3564 3554 3564 3565 3554 3565 3566 3554 3566 3550 3554 3553 3567 3554 3520 3553 3568 3553 3551 3568 3567 3553 3568 3551 2510 3569 3570 3568 3569 3554 3570 3569 3568 2510 3569 1316 3545 3569 3545 3571 3569 3571 3572 3569 3572 3573 3569 3573 3574 3569 3574 3575 3569 3575 3576 3569 3576 3577 3569 3577 3578 3569 3578 3579 3569 3579 3580 3569 3580 3581 3569 3581 3582 3569 3582 3583 3569 3583 3555 3569 3555 3554 1316 24 3204 1316 3204 3584 1316 3584 3585 1316 3585 3373 1316 3373 3467 3467 3373 3586 3586 3373 3587 3587 3373 3372 3025 3132 3026 3026 3546 3027 3132 3546 3026 3546 3547 3027 3027 3548 3028 3547 3548 3027 3028 3549 3029 3548 3549 3028 3029 3550 3030 3549 3550 3029 3030 3566 3044 3550 3566 3030 3044 3565 3043 3566 3565 3044 3042 3564 3041 3043 3564 3042 3565 3564 3043 3564 3563 3041 3040 3562 3039 3041 3562 3040 3563 3562 3041 3562 3561 3039 3039 3560 3038 3561 3560 3039 3037 3559 3036 3038 3559 3037 3560 3559 3038 3559 3558 3036 3036 3557 3035 3558 3557 3036 3034 3556 3068 3035 3556 3034 3557 3556 3035 3556 3555 3068 3555 3583 3068 3067 3583 3066 3068 3583 3067 3583 3582 3066 3582 3581 3066 3066 3581 3065 3064 3580 3063 3065 3580 3064 3581 3580 3065 3580 3579 3063 3063 3578 3062 3579 3578 3063 3062 3577 3061 3578 3577 3062 3061 3576 3060 3577 3576 3061 3059 3575 3058 3060 3575 3059 3576 3575 3060 3575 3574 3058 3574 3573 3058 3058 3573 3057 3573 3572 3057 3056 3572 3055 3057 3572 3056 3572 3571 3055 3571 3545 3055 3054 3545 3024 3055 3545 3054 3545 3544 3024 3544 3543 3024 3024 3543 3022 3543 3542 3022 3020 3542 3018 3022 3542 3020 3542 3541 3018 3018 3541 3016 3541 3540 3016 3540 3539 3016 3014 3539 3012 3016 3539 3014 3539 3538 3012 3538 3531 3012 3012 3531 3010 3008 3530 3006 3010 3530 3008 3531 3530 3010 3530 3529 3006 3004 3528 3002 3006 3528 3004 3529 3528 3006 3528 3527 3002 3527 3526 3002 2999 3526 2997 3002 3526 2999 3526 3525 2997 3525 3524 2997 2995 3524 2992 2997 3524 2995 3524 3523 2992 3523 3522 2992 2992 3522 2990 3522 3521 2990 2988 3521 2973 2990 3521 2988 3521 3519 2973 3519 3518 2973 2973 3518 2972 3518 3517 2972 2972 3517 2971 3517 3516 2971 2971 3516 2970 3516 3515 2970 2970 3515 2969 3515 3514 2969 2969 3514 2968 3514 3513 2968 2967 3513 2966 2968 3513 2967 3513 3512 2966 3512 3511 2966 2966 3511 2965 3511 3510 2965 2964 3510 2963 2965 3510 2964 3510 3509 2963 2963 3508 2962 3509 3508 2963 2962 3507 2961 3508 3507 2962 2961 3069 2959 3507 3069 2961 2896 3443 2895 2895 3468 3051 3443 3468 2895 3468 3467 3051 3051 3586 3052 3467 3586 3051 3052 3587 3053 3586 3587 3052 3053 3372 2817 3587 3372 3053 2817 3367 2813 3372 3367 2817 2813 3363 2809 3367 3363 2813 2805 3359 2801 2809 3359 2805 3363 3359 2809 3359 3355 2801 2796 3351 2792 2801 3351 2796 3355 3351 2801 3351 3348 2792 2792 3343 2789 3348 3343 2792 2785 3340 2780 2789 3340 2785 3343 3340 2789 3340 3335 2780 2780 3332 2775 3335 3332 2780 2777 3329 2778 2775 3329 2777 3332 3329 2775 3329 3333 2778 3333 3337 2778 2782 3337 2787 2778 3337 2782 3337 3342 2787 3342 3345 2787 2787 3345 2790 2794 3350 2798 2790 3350 2794 3345 3350 2790 3350 3353 2798 2798 3357 2802 3353 3357 2798 2807 3361 2810 2802 3361 2807 3357 3361 2802 2810 3365 2814 3361 3365 2810 3365 3369 2814 2814 3374 2818 3369 3374 2814 2818 3374 2821 3374 3376 2821 3376 3377 2821 2821 3377 2822 3377 3379 2822 2822 3379 2824 3379 3381 2824 2824 3381 2826 3381 3418 2826 2826 3418 2863 3418 3414 2863 2863 3414 2859 3414 3413 2859 2858 3413 2857 2859 3413 2858 3413 3412 2857 3412 3411 2857 2856 3411 2855 2857 3411 2856 3411 3410 2855 2855 3410 2853 3410 3409 2853 3409 3408 2853 2852 3408 2851 2853 3408 2852 3408 3407 2851 2851 3406 2850 3407 3406 2851 2849 3405 2848 2850 3405 2849 3406 3405 2850 3405 3404 2848 3404 3403 2848 2847 3403 2846 2848 3403 2847 3403 3402 2846 3402 3401 2846 2845 3401 2844 2846 3401 2845 3401 3400 2844 3400 3399 2844 2844 3399 2843 3399 3398 2843 2842 3398 2841 2843 3398 2842 3398 3397 2841 3397 3396 2841 2840 3396 2839 2841 3396 2840 3396 3395 2839 2839 3395 2838 3395 3394 2838 3394 3393 2838 2838 3393 2837 3393 3392 2837 2837 3392 2836 3392 3391 2836 2836 3391 2835 3391 3390 2835 2835 3390 2834 3390 3389 2834 2834 3389 2833 3389 3388 2833 2833 3388 2832 2832 3387 2831 3388 3387 2832 2831 3386 2830 3387 3386 2831 2830 3385 2829 3386 3385 2830 2829 3384 2827 3385 3384 2829 2827 3384 2854 2854 3383 2860 3384 3383 2854 3383 3415 2860 2860 3416 2861 3415 3416 2860 2861 3505 2926 3416 3505 2861 2926 3504 2925 3505 3504 2926 2925 3503 2924 3504 3503 2925 2924 3502 2923 3503 3502 2924 2922 3501 2921 2923 3501 2922 3502 3501 2923 3501 3500 2921 2920 3499 2919 2921 3499 2920 3500 3499 2921 3499 3498 2919 2919 3497 2918 3498 3497 2919 2917 3496 2916 2918 3496 2917 3497 3496 2918 3496 3495 2916 2916 3494 2915 3495 3494 2916 2914 3493 2913 2915 3493 2914 3494 3493 2915 3493 3492 2913 3492 3491 2913 2912 3491 2911 2913 3491 2912 3491 3490 2911 3490 3489 2911 2911 3489 2910 2909 3488 2908 2910 3488 2909 3489 3488 2910 3488 3487 2908 2908 3486 2907 3487 3486 2908 2907 3485 2906 3486 3485 2907 2906 3484 2905 3485 3484 2906 2904 3483 2903 2905 3483 2904 3484 3483 2905 3483 3482 2903 3482 3481 2903 2903 3481 2902 3481 3480 2902 2901 3480 2894 2902 3480 2901 3480 3478 2894 3478 3477 2894 2893 3477 2892 2894 3477 2893 3477 3476 2892 3476 3475 2892 2892 3475 2891 3475 3474 2891 2890 3474 2889 2891 3474 2890 3474 3473 2889 2889 3473 2888 3473 3472 2888 3472 3471 2888 2887 3471 2886 2888 3471 2887 3471 3470 2886 3470 3469 2886 2886 3469 2885 2884 3466 2883 2885 3466 2884 3469 3466 2885 3466 3465 2883 2882 3464 2881 2883 3464 2882 3465 3464 2883 3464 3463 2881 3463 3462 2881 2880 3462 2879 2881 3462 2880 3462 3461 2879 3461 3460 2879 2878 3460 2877 2879 3460 2878 3460 3459 2877 3459 3458 2877 2877 3458 2876 3458 3457 2876 2875 3457 2874 2876 3457 2875 3457 3456 2874 3456 3455 2874 2874 3455 2873 3455 3454 2873 2873 3454 2872 3454 3453 2872 2872 3453 2871 3453 3452 2871 2871 3452 2870 3452 3451 2870 2870 3451 2869 3451 3450 2869 2868 3450 2867 2869 3450 2868 3450 3449 2867 3449 3448 2867 2867 3448 2866 3448 3447 2866 2864 3447 2899 2866 3447 2864 3447 3446 2899 2899 3445 2898 3446 3445 2899 2898 3444 2897 3445 3444 2898 2897 3443 2896 3444 3443 2897 2613 3196 2609 2609 3192 2605 3196 3192 2609 3192 3188 2605 2605 3184 2601 3188 3184 2605 2601 3180 2597 3184 3180 2601 2597 3176 2593 3180 3176 2597 2593 3172 2589 3176 3172 2593 2589 3168 2585 3172 3168 2589 2581 3164 2577 2585 3164 2581 3168 3164 2585 3164 3160 2577 2573 3156 2569 2577 3156 2573 3160 3156 2577 3156 3151 2569 2569 3148 2565 3151 3148 2569 2561 3144 2557 2565 3144 2561 3148 3144 2565 3144 3140 2557 2557 3135 2552 3140 3135 2557 2553 3136 2555 2552 3136 2553 3135 3136 2552 3136 3138 2555 3138 3142 2555 2559 3142 2563 2555 3142 2559 3142 3146 2563 3146 3149 2563 2563 3149 2567 2571 3154 2575 2567 3154 2571 3149 3154 2567 3154 3158 2575 2575 3161 2579 3158 3161 2575 2583 3165 2587 2579 3165 2583 3161 3165 2579 2587 3169 2591 3165 3169 2587 3169 3174 2591 2591 3178 2595 3174 3178 2591 2595 3178 2598 3178 3182 2598 3182 3186 2598 2598 3186 2602 3186 3190 2602 2602 3190 2606 3190 3194 2606 2606 3194 2610 3194 3198 2610 2610 3198 2614 3198 3202 2614 2614 3202 2619 3202 3206 2619 2621 3206 2623 2619 3206 2621 3206 3208 2623 3208 3210 2623 2625 3210 2627 2623 3210 2625 3210 3212 2627 2627 3212 2629 3212 3214 2629 3214 3216 2629 2631 3216 2633 2629 3216 2631 3216 3218 2633 2633 3220 2635 3218 3220 2633 2637 3222 2639 2635 3222 2637 3220 3222 2635 3222 3224 2639 3224 3226 2639 2641 3226 2643 2639 3226 2641 3226 3228 2643 3228 3230 2643 2645 3230 2647 2643 3230 2645 3230 3232 2647 3232 3234 2647 2647 3234 2649 3234 3236 2649 2651 3236 2653 2649 3236 2651 3236 3238 2653 3238 3240 2653 2655 3240 2657 2653 3240 2655 3240 3242 2657 2657 3242 2659 3242 3244 2659 3244 3246 2659 2659 3246 2661 3246 3248 2661 2661 3248 2663 3248 3250 2663 2663 3250 2665 3250 3252 2665 2665 3252 2667 3252 3254 2667 2667 3254 2669 3254 3256 2669 2669 3256 2671 2671 3258 2673 3256 3258 2671 2673 3260 2675 3258 3260 2673 2675 3262 2677 3260 3262 2675 2677 3264 2679 3262 3264 2677 2679 3264 2681 2681 3266 2683 3264 3266 2681 3266 3268 2683 2683 3270 2685 3268 3270 2683 2685 3272 2687 3270 3272 2685 2687 3274 2689 3272 3274 2687 2689 3276 2691 3274 3276 2689 2691 3278 2693 3276 3278 2691 2695 3280 2697 2693 3280 2695 3278 3280 2693 3280 3282 2697 2699 3284 2701 2697 3284 2699 3282 3284 2697 3284 3286 2701 2701 3288 2703 3286 3288 2701 2733 3327 2732 2703 3327 2733 3288 3327 2703 3327 3326 2732 2732 3325 2731 3326 3325 2732 2730 3324 2729 2731 3324 2730 3325 3324 2731 3324 3323 2729 3323 3322 2729 2728 3322 2727 2729 3322 2728 3322 3321 2727 3321 3320 2727 2727 3320 2726 2725 3319 2724 2726 3319 2725 3320 3319 2726 3319 3318 2724 2724 3317 2723 3318 3317 2724 2723 3316 2722 3317 3316 2723 2722 3315 2721 3316 3315 2722 2720 3314 2719 2721 3314 2720 3315 3314 2721 3314 3313 2719 3313 3312 2719 2719 3312 2718 3312 3311 2718 2717 3311 2716 2718 3311 2717 3311 3310 2716 3310 3309 2716 2715 3309 2714 2716 3309 2715 3309 3308 2714 3308 3380 2714 2714 3380 2825 3380 3378 2825 2823 3378 2820 2825 3378 2823 3378 3375 2820 2820 3375 2819 3375 3371 2819 3371 3370 2819 2815 3370 2811 2819 3370 2815 3370 3366 2811 3366 3362 2811 2811 3362 2808 2803 3358 2799 2808 3358 2803 3362 3358 2808 3358 3354 2799 2795 3347 2791 2799 3347 2795 3354 3347 2799 3347 3346 2791 3346 3339 2791 2784 3339 2783 2791 3339 2784 3339 3338 2783 3338 3334 2783 2779 3334 2776 2783 3334 2779 3334 3331 2776 3331 3330 2776 2776 3330 2774 3330 3336 2774 2781 3336 2786 2774 3336 2781 3336 3341 2786 3341 3344 2786 2786 3344 2788 3344 3349 2788 2788 3349 2793 3349 3352 2793 2793 3352 2797 3352 3356 2797 2797 3356 2800 3356 3360 2800 2800 3360 2806 3360 3364 2806 2804 3364 2812 2806 3364 2804 3364 3368 2812 3368 3373 2812 2812 3373 2816 3373 3585 2816 3050 3585 3049 2816 3585 3050 3585 3584 3049 3049 3204 3048 3584 3204 3049 3048 3200 2617 3204 3200 3048 2617 3196 2613 3200 3196 2617 2612 3195 2608 2608 3191 2604 3195 3191 2608 3191 3187 2604 2604 3183 2600 3187 3183 2604 2600 3179 2596 3183 3179 2600 2596 3175 2592 3179 3175 2596 2592 3171 2588 3175 3171 2592 2588 3167 2584 3171 3167 2588 2580 3163 2576 2584 3163 2580 3167 3163 2584 3163 3159 2576 2572 3155 2568 2576 3155 2572 3159 3155 2576 3155 3152 2568 2568 3147 2564 3152 3147 2568 2560 3143 2556 2564 3143 2560 3147 3143 2564 3143 3139 2556 2556 3133 2550 3139 3133 2556 2551 3134 2554 2550 3134 2551 3133 3134 2550 3134 3137 2554 3137 3141 2554 2558 3141 2562 2554 3141 2558 3141 3145 2562 3145 3150 2562 2562 3150 2566 2570 3153 2574 2566 3153 2570 3150 3153 2566 3153 3157 2574 2574 3162 2578 3157 3162 2574 2582 3166 2586 2578 3166 2582 3162 3166 2578 2586 3170 2590 3166 3170 2586 3170 3173 2590 2590 3177 2594 3173 3177 2590 2594 3177 2599 3177 3181 2599 3181 3185 2599 2599 3185 2603 3185 3189 2603 2603 3189 2607 3189 3193 2607 2607 3193 2611 3193 3197 2611 2611 3197 2615 3197 3201 2615 2615 3201 2618 3201 3205 2618 2757 3205 2756 2618 3205 2757 3205 3537 2756 3537 3536 2756 2755 3536 2754 2756 3536 2755 3536 3535 2754 2754 3535 2752 3535 3534 2752 3534 3533 2752 2751 3533 2750 2752 3533 2751 3533 3442 2750 2750 3441 2749 3442 3441 2750 2748 3440 2747 2749 3440 2748 3441 3440 2749 3440 3439 2747 3439 3438 2747 2746 3438 2745 2747 3438 2746 3438 3437 2745 3437 3436 2745 2744 3436 2773 2745 3436 2744 3436 3435 2773 3435 3434 2773 2773 3434 2772 3434 3433 2772 2771 3433 2770 2772 3433 2771 3433 3432 2770 3432 3431 2770 2769 3431 2768 2770 3431 2769 3431 3430 2768 2768 3430 2767 3430 3429 2767 3429 3428 2767 2767 3428 2766 3428 3427 2766 2766 3427 2765 3427 3426 2765 2765 3426 2764 3426 3425 2764 2764 3425 2763 3425 3424 2763 2763 3424 2762 3424 3423 2762 2762 3423 2761 2761 3422 2760 3423 3422 2761 2760 3421 2759 3422 3421 2760 2759 3420 2758 3421 3420 2759 2758 3419 2753 3420 3419 2758 2753 3419 2713 2713 3307 2712 3419 3307 2713 3307 3306 2712 2712 3305 2711 3306 3305 2712 2711 3304 2710 3305 3304 2711 2710 3303 2709 3304 3303 2710 2709 3302 2708 3303 3302 2709 2708 3301 2707 3302 3301 2708 2706 3300 2743 2707 3300 2706 3301 3300 2707 3300 3299 2743 2742 3298 2741 2743 3298 2742 3299 3298 2743 3298 3297 2741 2741 3296 2740 3297 3296 2741 2739 3295 2738 2740 3295 2739 3296 3295 2740 3295 3294 2738 2738 3293 2737 3294 3293 2738 2736 3292 2735 2737 3292 2736 3293 3292 2737 3292 3291 2735 3291 3328 2735 2734 3328 2704 2735 3328 2734 3328 3289 2704 3289 3287 2704 2704 3287 2702 2700 3285 2698 2702 3285 2700 3287 3285 2702 3285 3283 2698 2698 3281 2696 3283 3281 2698 2696 3279 2694 3281 3279 2696 2694 3277 2692 3279 3277 2694 2690 3275 2688 2692 3275 2690 3277 3275 2692 3275 3273 2688 3273 3271 2688 2688 3271 2686 3271 3269 2686 2684 3269 2682 2686 3269 2684 3269 3267 2682 3267 3265 2682 2680 3265 2678 2682 3265 2680 3265 3263 2678 3263 3261 2678 2678 3261 2676 3261 3259 2676 2674 3259 2672 2676 3259 2674 3259 3257 2672 2672 3257 2670 3257 3255 2670 3255 3253 2670 2668 3253 2666 2670 3253 2668 3253 3251 2666 3251 3249 2666 2666 3249 2664 2662 3247 2660 2664 3247 2662 3249 3247 2664 3247 3245 2660 2658 3243 2656 2660 3243 2658 3245 3243 2660 3243 3241 2656 3241 3239 2656 2654 3239 2652 2656 3239 2654 3239 3237 2652 3237 3235 2652 2650 3235 2648 2652 3235 2650 3235 3233 2648 3233 3231 2648 2648 3231 2646 3231 3229 2646 2644 3229 2642 2646 3229 2644 3229 3227 2642 3227 3225 2642 2642 3225 2640 3225 3223 2640 2640 3223 2638 3223 3221 2638 2638 3221 2636 3221 3219 2636 2636 3219 2634 3219 3217 2634 2634 3217 2632 3217 3215 2632 2630 3215 2628 2632 3215 2630 3215 3213 2628 3213 3211 2628 2628 3211 2626 3211 3209 2626 2624 3209 2622 2626 3209 2624 3209 3207 2622 2622 3203 2620 3207 3203 2622 2620 3199 2616 3203 3199 2620 2616 3195 2612 3199 3195 2616 24 2480 17 24 1316 2480 2480 3569 3588 1316 3569 2480 2480 3588 17 17 3588 2507 3569 2510 2507 3569 2507 3588 2975 3479 2900 3520 3479 2975 3506 3520 2975 3506 2975 2927 2828 3506 2927 3382 3506 2828 3479 3382 2828 3479 2828 2900 3570 3554 3033 3570 3033 3047 3568 3570 3047 3568 3047 3046 3567 3568 3046 3567 3046 3045 3554 3567 3045 3554 3045 3033 3032 3417 2862 3553 3417 3032 3552 3553 3032 3552 3032 3031 2705 3552 3031 3290 3552 2705 3417 3290 2705 3417 2705 2862 2549 2545 2543 3551 2546 2545 3551 2545 2549 2536 2549 2543 2537 2549 2536 2543 2539 2536 3589 2539 2543 3001 2539 3589 3001 2541 2539 2545 3589 2543 3001 3589 2545 3532 3551 2549 3532 2549 2548 2547 3532 2548 2547 2548 2544 2522 2520 2865 2865 2520 3590 2542 2865 2540 2540 2865 3590 2540 2520 2530 2540 3590 2520 2532 2993 3591 2532 3591 2533 3591 2538 2533 2533 2538 2535 2543 2536 2538 3591 2543 2538 2993 2545 2543 2993 2543 3591 3592 3593 3594 3592 3594 3595 3596 3594 3597 3597 3594 3593 3598 3597 3592 3592 3597 3593 3599 3598 3595 3595 3598 3592 3594 3599 3595 3596 3599 3594 3596 3598 3599 3597 3598 3596</p>
        </triangles>
      </mesh>
    </geometry>
  </library_geometries>
  <library_visual_scenes>
    <visual_scene id="DefaultScene">
      <node id="node_818c29f2_4975_4916_a363_a35696b1a369" type="NODE">
        <matrix>1 0 0 0 0 1 0 0 0 0 1 0 0 0 0 1</matrix>
        <node id="node_f80c7225_9eee_4b16_9bea_b303cc232967" type="NODE">
          <matrix>1 0 0 0 0 1 0 0 0 0 1 0 0 0 0 1</matrix>
          <node id="node_f80c7225_9eee_4b16_9bea_b303cc232967_mesh0" type="NODE">
            <matrix>1 0 0 0 0 1 0 0 0 0 1 0 0 0 0 1</matrix>
            <instance_geometry url="#geometry_d0b409a5_907b_4aaf_9539_00158a57d726">
              <bind_material>
                <technique_common>
                  <instance_material symbol="mat_0" target="#mat_0"/>
                </technique_common>
              </bind_material>
            </instance_geometry>
          </node>
        </node>
      </node>
    </visual_scene>
  </library_visual_scenes>
  <scene>
    <instance_visual_scene url="#DefaultScene"/>
  </scene>
</COLLADA>
