<?xml version="1.0" encoding="UTF-8" standalone="no" ?>
<COLLADA version="1.4.1" xmlns="http://www.collada.org/2005/11/COLLADASchema">

  <asset>
    <contributor>
      <authoring_tool>ONSHAPE BY PTC INC, 1.212</authoring_tool>
    </contributor>
    <created>2026-03-29T20:02:35</created>
    <modified>2026-03-29T20:02:35</modified>
    <unit meter="1" name="meters"/>
    <up_axis>Z_UP</up_axis>
  </asset>

  <library_materials>
    <material id="ID9" name="ID9">
      <instance_effect url="#ID9-fx"/>
    </material>
  </library_materials>

  <library_effects>
    <effect id="ID9-fx" name="ID9">
      <profile_COMMON>
        <technique sid="COMMON">
          <lambert>
            <diffuse>
              <color sid="diffuse">0.615686 0.811765 0.92549 1</color>
            </diffuse>
            <transparent opaque="A_ONE">
              <color sid="transparent">1 1 1 1</color>
            </transparent>
            <transparency>
              <float sid="transparency">1</float>
            </transparency>
          </lambert>
        </technique>
        <extra>
          <technique profile="OTHER">
            <double_sided>1</double_sided>
          </technique>
        </extra>
      </profile_COMMON>
    </effect>
  </library_effects>

  <library_geometries>
    <geometry id="ID3">
      <mesh>
        <source id="ID4">
          <float_array count="21672" id="ID5">0.25 0.0492354 0.0565763 0.25 0.0517954 0.0542424 3.17155e-18 0.0517954 0.0542424 0 0.0565763 0.0492354 3.32139e-18 0.0542424 0.0517954 0.25 0.0542424 0.0517954 0.25 0.0565763 0.0492354 0 0.0492354 0.0565763 0.25 0.0624125 0.0415894 3.82166e-18 0.0624125 0.0415894 3.70012e-18 0.0604276 0.0444241 0.25 0.0642664 0.0386631 2.84217e-17 0.0642664 0.0386631 0.25 0.0604276 0.0444241 2.84217e-17 0.0583118 0.0471671 0.25 0.0583118 0.0471671 0.25 0.0301198 0.0686862 0 0.0269159 0.0700038 0.25 0.0269159 0.0700038 0.25 0.0363248 0.0656164 0 0.0363248 0.0656164 2.03635e-18 0.0332561 0.0672237 0.25 0.0332561 0.0672237 1.8443e-18 0.0301198 0.0686862 0.25 0.0444241 0.0604276 2.72019e-18 0.0444241 0.0604276 2.54662e-18 0.0415894 0.0624125 0.25 0.0471671 0.0583118 0 0.0471671 0.0583118 0.25 0.0415894 0.0624125 0 0.0386631 0.0642664 0.25 0.0386631 0.0642664 0.25 0.0686862 0.0301198 4.20582e-18 0.0686862 0.0301198 4.11627e-18 0.0672237 0.0332561 0.25 0.0700038 0.0269159 0 0.0700038 0.0269159 0.25 0.0672237 0.0332561 0 0.0656164 0.0363248 0.25 0.0656164 0.0363248 0.25 0.072873 0.017735 4.46218e-18 0.072873 0.017735 4.40734e-18 0.0719773 0.0210776 0.25 0.0736142 0.014351 0 0.0736142 0.014351 0.25 0.0719773 0.0210776 0 0.0709273 0.0243788 0.25 0.0709273 0.0243788 0.25 0.0748455 0.00481127 4.58296e-18 0.0748455 0.00481127 4.5645e-18 0.0745439 0.00825861 0.25 0.0749878 0.00135 0 0.0749878 0.00135 0.25 0.0745439 0.00825861 0 0.074083 0.011692 0.25 0.074083 0.011692 0.25 0.0745439 -0.00825861 4.5645e-18 0.0745439 -0.00825861 4.58296e-18 0.0748455 -0.00481127 0.25 0.074083 -0.011692 0 0.074083 -0.011692 0.25 0.0748455 -0.00481127 0 0.0749878 -0.00135 0.25 0.0749878 -0.00135 0.25 0.017735 0.072873 0 0.014351 0.0736142 0.25 0.014351 0.0736142 0.25 0.0243788 0.0709273 0 0.0243788 0.0709273 1.29063e-18 0.0210776 0.0719773 0.25 0.0210776 0.0719773 1.08595e-18 0.017735 0.072873 0.25 0.00481127 0.0748455 0 0.00135 0.0749878 0.25 0.00135 0.0749878 0.25 0.011692 0.074083 0 0.011692 0.074083 5.05694e-19 0.00825861 0.0745439 0.25 0.00825861 0.0745439 2.94605e-19 0.00481127 0.0748455 0.25 -0.00825861 0.0745439 0 -0.011692 0.074083 0.25 -0.011692 0.074083 0.25 -0.00135 0.0749878 0 -0.00135 0.0749878 -2.94605e-19 -0.00481127 0.0748455 0.25 -0.00481127 0.0748455 -5.05694e-19 -0.00825861 0.0745439 0.25 -0.0210776 0.0719773 0 -0.0243788 0.0709273 0.25 -0.0243788 0.0709273 0.25 -0.014351 0.0736142 0 -0.014351 0.0736142 -1.08595e-18 -0.017735 0.072873 0.25 -0.017735 0.072873 -1.29063e-18 -0.0210776 0.0719773 0.25 -0.0542424 0.0517954 2.84217e-17 -0.0565763 0.0492354 0.25 -0.0565763 0.0492354 0.25 -0.0492354 0.0565763 2.84217e-17 -0.0492354 0.0565763 -3.17155e-18 -0.0517954 0.0542424 0.25 -0.0517954 0.0542424 -3.32139e-18 -0.0542424 0.0517954 0.25 -0.0624125 0.0415894 0 -0.0642664 0.0386631 0.25 -0.0642664 0.0386631 0.25 -0.0583118 0.0471671 0 -0.0583118 0.0471671 -3.70012e-18 -0.0604276 0.0444241 0.25 -0.0604276 0.0444241 -3.82166e-18 -0.0624125 0.0415894 0.25 -0.0332561 0.0672237 0 -0.0363248 0.0656164 0.25 -0.0363248 0.0656164 0.25 -0.0269159 0.0700038 0 -0.0269159 0.0700038 -1.8443e-18 -0.0301198 0.0686862 0.25 -0.0301198 0.0686862 -2.03635e-18 -0.0332561 0.0672237 0.25 -0.0415894 0.0624125 -2.54662e-18 -0.0415894 0.0624125 -2.72019e-18 -0.0444241 0.0604276 0.25 -0.0386631 0.0642664 2.84217e-17 -0.0386631 0.0642664 0.25 -0.0444241 0.0604276 2.84217e-17 -0.0471671 0.0583118 0.25 -0.0471671 0.0583118 0.25 0.00825861 -0.0745439 0 0.011692 -0.074083 0.25 0.011692 -0.074083 0.25 0.00135 -0.0749878 0 0.00135 -0.0749878 2.94605e-19 0.00481127 -0.0748455 0.25 0.00481127 -0.0748455 5.05694e-19 0.00825861 -0.0745439 0.25 0.0210776 -0.0719773 0 0.0243788 -0.0709273 0.25 0.0243788 -0.0709273 0.25 0.014351 -0.0736142 0 0.014351 -0.0736142 1.08595e-18 0.017735 -0.072873 0.25 0.017735 -0.072873 1.29063e-18 0.0210776 -0.0719773 0.25 0.0444241 -0.0604276 0 0.0471671 -0.0583118 0.25 0.0471671 -0.0583118 0.25 0.0386631 -0.0642664 0 0.0386631 -0.0642664 2.54662e-18 0.0415894 -0.0624125 0.25 0.0415894 -0.0624125 2.72019e-18 0.0444241 -0.0604276 0.25 0.0301198 -0.0686862 1.8443e-18 0.0301198 -0.0686862 2.03635e-18 0.0332561 -0.0672237 0.25 0.0269159 -0.0700038 0 0.0269159 -0.0700038 0.25 0.0332561 -0.0672237 0 0.0363248 -0.0656164 0.25 0.0363248 -0.0656164 0.25 0.0686862 -0.0301198 0 0.0700038 -0.0269159 0.25 0.0700038 -0.0269159 0.25 0.0656164 -0.0363248 0 0.0656164 -0.0363248 4.11627e-18 0.0672237 -0.0332561 0.25 0.0672237 -0.0332561 4.20582e-18 0.0686862 -0.0301198 0.25 0.0719773 -0.0210776 4.40734e-18 0.0719773 -0.0210776 4.46218e-18 0.072873 -0.017735 0.25 0.0709273 -0.0243788 0 0.0709273 -0.0243788 0.25 0.072873 -0.017735 0 0.0736142 -0.014351 0.25 0.0736142 -0.014351 0.25 0.0565763 -0.0492354 0.25 0.0542424 -0.0517954 3.32139e-18 0.0542424 -0.0517954 0 0.0492354 -0.0565763 3.17155e-18 0.0517954 -0.0542424 0.25 0.0517954 -0.0542424 0.25 0.0492354 -0.0565763 0 0.0565763 -0.0492354 0.25 0.0604276 -0.0444241 3.70012e-18 0.0604276 -0.0444241 3.82166e-18 0.0624125 -0.0415894 0.25 0.0583118 -0.0471671 0 0.0583118 -0.0471671 0.25 0.0624125 -0.0415894 0 0.0642664 -0.0386631 0.25 0.0642664 -0.0386631 0.25 -0.0604276 -0.0444241 0 -0.0583118 -0.0471671 0.25 -0.0583118 -0.0471671 0.25 -0.0642664 -0.0386631 0 -0.0642664 -0.0386631 -3.82166e-18 -0.0624125 -0.0415894 0.25 -0.0624125 -0.0415894 -3.70012e-18 -0.0604276 -0.0444241 0.25 -0.0517954 -0.0542424 0 -0.0492354 -0.0565763 0.25 -0.0492354 -0.0565763 0.25 -0.0565763 -0.0492354 0 -0.0565763 -0.0492354 -3.32139e-18 -0.0542424 -0.0517954 0.25 -0.0542424 -0.0517954 -3.17155e-18 -0.0517954 -0.0542424 0.25 -0.0686862 -0.0301198 -4.20582e-18 -0.0686862 -0.0301198 -4.11627e-18 -0.0672237 -0.0332561 0.25 -0.0700038 -0.0269159 0 -0.0700038 -0.0269159 0.25 -0.0672237 -0.0332561 0 -0.0656164 -0.0363248 0.25 -0.0656164 -0.0363248 0.25 -0.072873 -0.017735 -4.46218e-18 -0.072873 -0.017735 -4.40734e-18 -0.0719773 -0.0210776 0.25 -0.0736142 -0.014351 0 -0.0736142 -0.014351 0.25 -0.0719773 -0.0210776 0 -0.0709273 -0.0243788 0.25 -0.0709273 -0.0243788 0.25 -0.00825861 -0.0745439 -5.05694e-19 -0.00825861 -0.0745439 -2.94605e-19 -0.00481127 -0.0748455 0.25 -0.011692 -0.074083 0 -0.011692 -0.074083 0.25 -0.00481127 -0.0748455 0 -0.00135 -0.0749878 0.25 -0.00135 -0.0749878 0.25 -0.0210776 -0.0719773 -1.29063e-18 -0.0210776 -0.0719773 -1.08595e-18 -0.017735 -0.072873 0.25 -0.0243788 -0.0709273 0 -0.0243788 -0.0709273 0.25 -0.017735 -0.072873 0 -0.014351 -0.0736142 0.25 -0.014351 -0.0736142 0.25 -0.0415894 -0.0624125 0 -0.0386631 -0.0642664 0.25 -0.0386631 -0.0642664 0.25 -0.0471671 -0.0583118 0 -0.0471671 -0.0583118 -2.72019e-18 -0.0444241 -0.0604276 0.25 -0.0444241 -0.0604276 -2.54662e-18 -0.0415894 -0.0624125 0.25 -0.0332561 -0.0672237 -2.03635e-18 -0.0332561 -0.0672237 -1.8443e-18 -0.0301198 -0.0686862 0.25 -0.0363248 -0.0656164 0 -0.0363248 -0.0656164 0.25 -0.0301198 -0.0686862 0 -0.0269159 -0.0700038 0.25 -0.0269159 -0.0700038 0.25 -0.072873 0.017735 0 -0.0736142 0.014351 0.25 -0.0736142 0.014351 0.25 -0.0709273 0.0243788 0 -0.0709273 0.0243788 -4.40734e-18 -0.0719773 0.0210776 0.25 -0.0719773 0.0210776 -4.46218e-18 -0.072873 0.017735 0.25 -0.0672237 0.0332561 -4.11627e-18 -0.0672237 0.0332561 -4.20582e-18 -0.0686862 0.0301198 0.25 -0.0656164 0.0363248 0 -0.0656164 0.0363248 0.25 -0.0686862 0.0301198 0 -0.0700038 0.0269159 0.25 -0.0700038 0.0269159 0.25 -0.0748455 0.00481127 0 -0.0749878 0.00135 0.25 -0.0749878 0.00135 0.25 -0.074083 0.011692 0 -0.074083 0.011692 -4.5645e-18 -0.0745439 0.00825861 0.25 -0.0745439 0.00825861 -4.58296e-18 -0.0748455 0.00481127 0.25 -0.0748455 -0.00481127 -4.58296e-18 -0.0748455 -0.00481127 -4.5645e-18 -0.0745439 -0.00825861 0.25 -0.0749878 -0.00135 0 -0.0749878 -0.00135 0.25 -0.0745439 -0.00825861 0 -0.074083 -0.011692 0.25 -0.074083 -0.011692 0.25 0.0598822 0.0474405 0.25 0.0583118 0.0471671 0.25 0.0594123 0.0475425 0.25 0.0572274 0.0497818 0.25 0.0565763 0.0492354 0.25 0.057137 0.050254 0.25 0.0911338 0.0295522 0.25 0.114516 0.0358528 0.25 0.0911861 0.0293605 0.25 -0.0698998 0.0645273 0.25 -0.0645273 0.0698998 0.25 -0.0697146 0.0644553 0.25 0.10046 0.0656338 0.25 0.0809661 0.0511224 0.25 0.0966699 0.0710934 0.25 0.0800429 0.051409 0.25 0.0755819 0.0574629 0.25 0.075685 0.0576328 0.25 -0.0237442 0.0743593 0.25 -0.0238335 0.0748318 0.25 -0.0210776 0.0719773 0.25 0.0708587 0.0644053 0.25 0.0882869 0.0812738 0.25 0.07102 0.0642892 0.25 -0.0444241 0.0604276 0.25 -0.0475636 0.0613085 0.25 -0.0477446 0.0617539 0.25 0.0604276 0.0444241 0.25 0.0617539 0.0477446 0.25 0.0621673 0.0479902 0.25 0.0711599 0.0641481 0.25 0.0926122 0.0763068 0.25 0.0755303 0.0589396 0.25 0.0389639 0.113498 0.25 0.0293605 0.0911861 0.25 0.0326196 0.115479 0.25 0.0572952 0.0516769 0.25 0.0542424 0.0517954 0.25 0.0574871 0.0521177 0.25 -5.3903e-17 0.12 0.25 0.00339957 0.0957452 0.25 -0.00339957 0.0957452 0.25 0.0197514 0.118363 0.25 0.0199739 0.0937003 0.25 0.0132781 0.094881 0.25 0.0642892 0.07102 0.25 0.0787894 0.0905095 0.25 0.0836498 0.0860352 0.25 0.0811047 0.05098 0.25 0.081218 0.0508167 0.25 0.0282714 0.0908322 0.25 0.0209324 0.0927987 0.25 0.0208701 0.0929874 0.25 0.0757586 0.0578174 0.25 0.0804385 0.0513883 0.25 0.0802416 0.0514151 0.25 0.0571182 0.0507345 0.25 0.0577428 0.052525 0.25 0.0645756 0.070293 0.25 0.0700944 0.0645678 0.25 0.0645678 0.0700944 0.25 0.0451319 0.111188 0.25 0.0362861 0.0886133 0.25 0.0361218 0.0887252 0.25 0.0447488 0.0847024 0.25 0.0511819 0.108535 0.25 0.0571137 0.105537 0.25 0.0364297 0.0884759 0.25 0.0119734 0.0941873 0.25 0.00450004 0.0950237 0.25 0.012069 0.0943615 0.25 -0.0206573 0.0933215 0.25 -0.028771 0.0911474 0.25 -0.0289645 0.091193 0.25 -0.0389639 0.113498 0.25 -0.0359413 0.0888084 0.25 -0.045187 0.111164 0.25 0.0613085 0.0475636 0.25 0.087754 0.0367287 0.25 0.0875553 0.0367243 0.25 0.0844119 0.0434653 0.25 0.060841 0.0474512 0.25 0.060362 0.0474098 0.25 -0.0574871 0.0521177 0.25 -0.0542424 0.0517954 0.25 -0.0572952 0.0516769 0.25 -0.0577428 0.052525 0.25 0.0691065 0.0362958 0.25 0.0695563 0.0364658 0.25 0.0672237 0.0332561 0.25 0.0887252 0.0361218 0.25 0.109893 0.0482034 0.25 0.0888084 0.0359413 0.25 -0.0656639 0.0413434 0.25 -0.0659864 0.0417001 0.25 -0.0624125 0.0415894 0.25 -0.0754576 0.0161059 0.25 -0.072873 0.017735 0.25 -0.075118 0.0157655 0.25 -0.074833 0.0153782 0.25 0.0676776 0.0362078 0.25 0.0681565 0.0361654 0.25 -0.091206 0.0291628 0.25 -0.114536 0.0357959 0.25 -0.0911861 0.0293605 0.25 0.0672104 0.0363213 0.25 -0.0775383 0.00297247 0.25 -0.0748455 0.00481127 0.25 -0.077108 0.00275812 0.25 0.0743593 0.0237442 0.25 0.0748318 0.0238335 0.25 0.0719773 0.0210776 0.25 -0.0779959 0.00312013 0.25 -0.0784704 0.00319779 0.25 0.0589629 0.0477135 0.25 -0.0948355 0.00456392 0.25 -0.0950237 0.00450004 0.25 -0.0943615 0.012069 0.25 0.0941873 0.0119734 0.25 0.0943615 0.012069 0.25 0.0950237 0.00450004 0.25 -0.11959 -0.00990952 0.25 -0.119953 -0.00333321 0.25 -0.0957288 -0.00359762 0.25 -0.0784704 -0.00319779 0.25 -0.0779959 -0.00312013 0.25 -0.0748455 -0.00481127 0.25 0.0784704 0.00319779 0.25 0.0779959 0.00312013 0.25 0.0748455 0.00481127 0.25 -0.0719773 -0.0210776 0.25 -0.0743593 -0.0237442 0.25 -0.0748318 -0.0238335 0.25 0.11959 0.00990952 0.25 0.119953 0.00333321 0.25 0.0957288 0.00359762 0.25 -0.0672237 -0.0332561 0.25 -0.0681565 -0.0361654 0.25 -0.0686364 -0.0361949 0.25 0.0656164 0.0363248 0.25 0.0663525 0.0367498 0.25 0.0667653 0.0365033 0.25 -0.0492354 -0.0565763 0.25 -0.0497818 -0.0572274 0.25 -0.050254 -0.057137 0.25 0.0943615 -0.012069 0.25 0.0948355 -0.00456392 0.25 0.0950237 -0.00450004 0.25 -0.0507345 -0.0571182 0.25 0.0948844 -0.012882 0.25 0.118865 -0.0164558 0.25 0.0948992 -0.0130802 0.25 0.0720898 0.0243551 0.25 0.0709273 0.0243788 0.25 0.071726 0.0246695 0.25 -0.0512123 -0.0571713 0.25 -0.0517954 -0.0542424 0.25 -0.0269159 -0.0700038 0.25 -0.0272067 -0.0708025 0.25 -0.0276813 -0.0708791 0.25 0.074083 0.011692 0.25 0.0749201 0.0118396 0.25 0.0752238 0.0114668 0.25 0.0755797 0.0111436 0.25 -0.0415894 -0.0624125 0.25 -0.0400452 -0.0650604 0.25 -0.0405066 -0.0651957 0.25 -0.0144986 -0.0744513 0.25 -0.0149528 -0.0746091 0.25 -0.014351 -0.0736142 0.25 -0.0281392 -0.0710257 0.25 -0.0153782 -0.074833 0.25 0.074833 -0.0153782 0.25 0.072873 -0.017735 0.25 0.0736142 -0.014351 0.25 -0.00135 -0.0749878 0.25 -0.00176985 -0.0760722 0.25 -0.00214999 -0.0763665 0.25 -0.00135 -0.0758379 0.25 0.0114668 -0.0752238 0.25 0.0111436 -0.0755797 0.25 0.011692 -0.074083 0.25 -0.0157655 -0.075118 0.25 -0.017735 -0.072873 0.25 -0.0024819 -0.0767144 0.25 -0.00481127 -0.0748455 0.25 0.0513702 -0.079848 0.25 0.0576328 -0.075685 0.25 0.051409 -0.0800429 0.25 0.0262736 -0.117086 0.25 0.0197514 -0.118363 0.25 0.0199739 -0.0937003 0.25 0.0243551 -0.0720898 0.25 0.0240986 -0.0724964 0.25 0.0243788 -0.0709273 0.25 0.0108771 -0.0759799 0.25 0.00825861 -0.0745439 0.25 0.0210776 -0.0719773 0.25 0.0239057 -0.0729368 0.25 0.0237807 -0.0734011 0.25 0.0362078 -0.0676776 0.25 0.0332561 -0.0672237 0.25 0.0363213 -0.0672104 0.25 0.0475425 -0.0594123 0.25 0.0474405 -0.0598822 0.25 0.0471671 -0.0583118 0.25 0.00440597 -0.0951988 0.25 0.0121921 -0.0945176 0.25 0.0123392 -0.0946512 0.25 0.0474098 -0.060362 0.25 0.0444241 -0.0604276 0.25 0.0477135 -0.0589629 0.25 0.05098 -0.0811047 0.25 0.0683983 -0.0985972 0.25 0.0628677 -0.102211 0.25 0.0572274 -0.0497818 0.25 0.057137 -0.050254 0.25 0.0565763 -0.0492354 0.25 0.0571182 -0.0507345 0.25 0.0642664 -0.0386631 0.25 0.0650025 -0.0390881 0.25 0.0649955 -0.0395688 0.25 0.0708025 -0.0272067 0.25 0.0708791 -0.0276813 0.25 0.0700038 -0.0269159 0.25 0.0650604 -0.0400452 0.25 0.0710257 -0.0281392 0.25 0.0246695 -0.071726 0.25 0.0118396 -0.0749201 0.25 0.0651957 -0.0405066 0.25 0.0624125 -0.0415894 0.25 0.0746091 -0.0149528 0.25 0.0744513 -0.0144986 0.25 0.0686862 -0.0301198 0.25 0.0749878 -0.00135 0.25 0.0760722 -0.00176985 0.25 0.0763665 -0.00214999 0.25 -0.0285701 -0.0712391 0.25 -0.0301198 -0.0686862 0.25 -0.0276813 0.0708791 0.25 -0.0269159 0.0700038 0.25 -0.0281392 0.0710257 0.25 -0.0386631 -0.0642664 0.25 0.103909 0.0600226 0.25 0.0846176 0.0449285 0.25 0.084543 0.0436147 0.25 0.0879507 0.0367002 0.25 0.107053 0.0542125 0.25 0.0847024 0.0447488 0.25 0.068348 0.09863 0.25 0.0511224 0.0809661 0.25 0.05098 0.0811047 0.25 0.0571713 0.0512123 0.25 0.0517954 0.0542424 0.25 0.0528894 0.0580563 0.25 0.0580563 0.0528894 0.25 0.0436147 0.084543 0.25 0.0367287 0.087754 0.25 0.0367002 0.0879507 0.25 0.0445575 0.0847563 0.25 0.0443599 0.0847779 0.25 0.0578174 0.0757586 0.25 0.0576328 0.075685 0.25 0.0514151 0.0802416 0.25 0.0512399 0.0808058 0.25 0.0582102 0.0758103 0.25 0.0513293 0.0806283 0.25 0.0589396 0.0755303 0.25 0.0737055 0.0946969 0.25 0.0706804 0.0644932 0.25 0.075645 0.0587773 0.25 0.0757313 0.0585983 0.25 0.075787 0.0584075 0.25 0.0758103 0.0582102 0.25 0.0806283 0.0513293 0.25 0.0758008 0.0580117 0.25 0.079848 0.0513702 0.25 0.0754521 0.0573124 0.25 0.0796622 0.0512998 0.25 0.0808058 0.0512399 0.25 0.0752993 0.0571853 0.25 0.0794905 0.0511997 0.25 0.0642664 0.0386631 0.25 0.0649955 0.0395688 0.25 0.0650025 0.0390881 0.25 0.0624125 0.0415894 0.25 0.0663585 0.0420046 0.25 0.0650604 0.0400452 0.25 0.0686364 0.0361949 0.25 0.0927987 0.0209324 0.25 0.0906772 0.028147 0.25 0.0908322 0.0282714 0.25 0.118855 0.016515 0.25 0.0948992 0.0130802 0.25 0.094881 0.0132781 0.25 0.116328 0.0294583 0.25 0.117768 0.0230313 0.25 0.0936497 0.0201661 0.25 0.0729368 0.0239057 0.25 0.0724964 0.0240986 0.25 0.0773528 0.0104711 0.25 0.0778335 0.010477 0.25 0.0745439 0.00825861 0.25 0.0954908 -0.00413836 0.25 0.0948372 -0.0126889 0.25 0.0947587 -0.0125063 0.25 0.112371 0.0421012 0.25 0.0929874 0.0208701 0.25 0.0909645 0.0284196 0.25 0.0686862 0.0301198 0.25 0.0726443 0.0298434 0.25 0.072225 0.0296081 0.25 0.0659864 0.0417001 0.25 0.0651957 0.0405066 0.25 0.0656639 0.0413434 0.25 0.0653984 0.0409426 0.25 0.0847563 0.0445575 0.25 0.0846476 0.0437837 0.25 0.0847779 0.0443599 0.25 0.084258 0.0433396 0.25 0.08736 0.0366873 0.25 0.08814 0.0366396 0.25 0.0847228 0.0439677 0.25 0.0883166 0.0365486 0.25 0.0840855 0.0432409 0.25 0.0871736 0.0366185 0.25 0.0710257 0.0281392 0.25 0.0708791 0.0276813 0.25 0.0700038 0.0269159 0.25 0.0708025 0.0272067 0.25 0.0937003 0.0199739 0.25 0.0734011 0.0237807 0.25 0.0759799 0.0108771 0.25 0.0779959 -0.00312013 0.25 0.0784704 -0.00319779 0.25 0.0748455 -0.00481127 0.25 0.0767144 -0.0024819 0.25 0.077108 -0.00275812 0.25 0.0951988 0.00440597 0.25 0.0738788 0.0237265 0.25 0.0945176 0.0121921 0.25 0.0884759 0.0364297 0.25 0.0886133 0.0362861 0.25 0.0712391 0.0285701 0.25 0.0718456 0.0293129 0.25 0.0715144 0.0289643 0.25 0.0847667 0.0441615 0.25 0.091206 0.0291628 0.25 0.0926022 0.0209626 0.25 0.091193 0.0289645 0.25 0.0931633 0.0207776 0.25 0.0905038 0.0280499 0.25 0.0910706 0.0285877 0.25 0.0933215 0.0206573 0.25 0.0924035 0.02096 0.25 0.092208 0.0209246 0.25 0.0903168 0.0279827 0.25 0.0746091 0.0149528 0.25 0.0736142 0.014351 0.25 0.074833 0.0153782 0.25 0.0762692 0.0166166 0.25 0.072873 0.017735 0.25 0.076723 0.0167754 0.25 0.0744513 0.0144986 0.25 0.119953 -0.00327314 0.25 0.0957452 0.00339957 0.25 0.0764154 0.0106734 0.25 0.117778 -0.022972 0.25 0.094881 -0.0132781 0.25 0.075118 -0.0157655 0.25 0.0754576 -0.0161059 0.25 0.0945176 -0.0121921 0.25 0.0768765 0.0105371 0.25 0.0951988 -0.00440597 0.25 0.075118 0.0157655 0.25 0.0758442 0.0163917 0.25 0.0754576 0.0161059 0.25 0.0935681 0.0203473 0.25 0.0934577 0.0205125 0.25 0.0911474 0.028771 0.25 0.0948844 0.012882 0.25 0.0948355 0.00456392 0.25 0.0948372 0.0126889 0.25 0.0939997 0.0119079 0.25 0.0953559 0.0042843 0.25 0.0946512 0.0123392 0.25 0.0954908 0.00413836 0.25 0.0946394 0.00459587 0.25 0.0944406 0.004595 0.25 0.0938038 0.0118743 0.25 0.0760722 0.00176985 0.25 0.0749878 0.00135 0.25 0.0763665 0.00214999 0.25 0.0955998 0.00397216 0.25 0.0947587 0.0125063 0.25 0.0758379 0.00135 0.25 0.0957288 -0.00359762 0.25 0.0957452 -0.00339957 0.25 0.0910706 -0.0285877 0.25 0.0909645 -0.0284196 0.25 0.0929874 -0.0208701 0.25 0.091193 -0.0289645 0.25 0.0911474 -0.028771 0.25 0.0933215 -0.0206573 0.25 0.114536 -0.0357959 0.25 0.0911861 -0.0293605 0.25 0.091206 -0.0291628 0.25 0.0911338 -0.0295522 0.25 0.11239 -0.0420443 0.25 0.0758379 -0.00135 0.25 0.0712391 -0.0285701 0.25 0.0775383 -0.00297247 0.25 0.0927987 -0.0209324 0.25 0.0908322 -0.0282714 0.25 0.0926022 -0.0209626 0.25 0.074083 -0.011692 0.25 0.0755797 -0.0111436 0.25 0.0752238 -0.0114668 0.25 0.0767144 0.0024819 0.25 0.0775383 0.00297247 0.25 0.077108 0.00275812 0.25 0.0956798 0.00379025 0.25 0.11959 -0.00990952 0.25 0.0956798 -0.00379025 0.25 0.0941873 -0.0119734 0.25 0.0955998 -0.00397216 0.25 0.0946394 -0.00459587 0.25 0.0946512 -0.0123392 0.25 0.0953559 -0.0042843 0.25 0.0939997 -0.0119079 0.25 0.0938038 -0.0118743 0.25 0.0944406 -0.004595 0.25 0.0778335 -0.010477 0.25 0.0773528 -0.0104711 0.25 0.0745439 -0.00825861 0.25 0.0749201 -0.0118396 0.25 0.0936497 -0.0201661 0.25 0.0937003 -0.0199739 0.25 0.0886133 -0.0362861 0.25 0.0887252 -0.0361218 0.25 0.109893 -0.0482034 0.25 0.076723 -0.0167754 0.25 0.0762692 -0.0166166 0.25 0.0844119 -0.0434653 0.25 0.084258 -0.0433396 0.25 0.08736 -0.0366873 0.25 0.0847563 -0.0445575 0.25 0.0847779 -0.0443599 0.25 0.107082 -0.0541597 0.25 0.0846176 -0.0449285 0.25 0.0847024 -0.0447488 0.25 0.0715144 -0.0289643 0.25 0.075645 -0.0587773 0.25 0.0967067 -0.071046 0.25 0.0755303 -0.0589396 0.25 0.0758442 -0.0163917 0.25 0.087754 -0.0367287 0.25 0.0846476 -0.0437837 0.25 0.084543 -0.0436147 0.25 0.0875553 -0.0367243 0.25 0.0759799 -0.0108771 0.25 0.0768765 -0.0105371 0.25 0.0764154 -0.0106734 0.25 0.116328 -0.0294583 0.25 0.0935681 -0.0203473 0.25 0.0934577 -0.0205125 0.25 0.0906772 -0.028147 0.25 0.0905038 -0.0280499 0.25 0.0924035 -0.02096 0.25 0.092208 -0.0209246 0.25 0.0931633 -0.0207776 0.25 0.0903168 -0.0279827 0.25 0.0743593 -0.0237442 0.25 0.0719773 -0.0210776 0.25 0.0748318 -0.0238335 0.25 0.0888084 -0.0359413 0.25 0.071726 -0.0246695 0.25 0.0709273 -0.0243788 0.25 0.0720898 -0.0243551 0.25 0.0724964 -0.0240986 0.25 0.081218 -0.0508167 0.25 0.103937 -0.0599698 0.25 0.0726443 -0.0298434 0.25 0.072225 -0.0296081 0.25 0.0758008 -0.0580117 0.25 0.0757586 -0.0578174 0.25 0.0802416 -0.0514151 0.25 0.075787 -0.0584075 0.25 0.0757313 -0.0585983 0.25 0.0653984 -0.0409426 0.25 0.0788336 -0.0904688 0.25 0.0642892 -0.07102 0.25 0.083694 -0.0859945 0.25 0.0571713 -0.0512123 0.25 0.0542424 -0.0517954 0.25 0.0718456 -0.0293129 0.25 0.0800429 -0.051409 0.25 0.075685 -0.0576328 0.25 0.079848 -0.0513702 0.25 0.0729368 -0.0239057 0.25 0.0738788 -0.0237265 0.25 0.0734011 -0.0237807 0.25 0.0884759 -0.0364297 0.25 0.0847667 -0.0441615 0.25 0.0883166 -0.0365486 0.25 0.0879507 -0.0367002 0.25 0.0847228 -0.0439677 0.25 0.0871736 -0.0366185 0.25 0.0840855 -0.0432409 0.25 0.08814 -0.0366396 0.25 0.0667653 -0.0365033 0.25 0.0663525 -0.0367498 0.25 0.0656164 -0.0363248 0.25 0.0691065 -0.0362958 0.25 0.0672237 -0.0332561 0.25 0.0695563 -0.0364658 0.25 0.0672104 -0.0363213 0.25 0.0656639 -0.0413434 0.25 0.0659864 -0.0417001 0.25 0.0663585 -0.0420046 0.25 0.0644553 -0.0697146 0.25 0.0697146 -0.0644553 0.25 0.0645273 -0.0698998 0.25 0.0577428 -0.052525 0.25 0.0580563 -0.0528894 0.25 0.0589396 -0.0755303 0.25 0.0641481 -0.0711599 0.25 0.0572952 -0.0516769 0.25 0.0436147 -0.084543 0.25 0.0367287 -0.087754 0.25 0.0367243 -0.0875553 0.25 0.0926491 -0.0762594 0.25 0.0711599 -0.0641481 0.25 0.0698998 -0.0645273 0.25 0.0645678 -0.0700944 0.25 0.10046 -0.0656338 0.25 0.0811047 -0.05098 0.25 0.0681565 -0.0361654 0.25 0.0676776 -0.0362078 0.25 0.0686364 -0.0361949 0.25 0.0809661 -0.0511224 0.25 0.0808058 -0.0512399 0.25 0.0755819 -0.0574629 0.25 0.0754521 -0.0573124 0.25 0.0796622 -0.0512998 0.25 0.0804385 -0.0513883 0.25 0.0758103 -0.0582102 0.25 0.0794905 -0.0511997 0.25 0.0752993 -0.0571853 0.25 0.0598822 -0.0474405 0.25 0.0594123 -0.0475425 0.25 0.0583118 -0.0471671 0.25 0.0617539 -0.0477446 0.25 0.0604276 -0.0444241 0.25 0.0621673 -0.0479902 0.25 0.0589629 -0.0477135 0.25 0.0477446 -0.0617539 0.25 0.0479902 -0.0621673 0.25 0.0508167 -0.081218 0.25 0.0449285 -0.0846176 0.25 0.0474512 -0.060841 0.25 0.0389639 -0.113498 0.25 0.0359413 -0.0888084 0.25 0.045187 -0.111164 0.25 0.0201661 -0.0936497 0.25 0.0203473 -0.0935681 0.25 0.0578174 -0.0757586 0.25 0.0574871 -0.0521177 0.25 0.0514151 -0.0802416 0.25 0.0882869 -0.0812738 0.25 0.07102 -0.0642892 0.25 0.060841 -0.0474512 0.25 0.060362 -0.0474098 0.25 0.0613085 -0.0475636 0.25 0.0806283 -0.0513293 0.25 0.0708587 -0.0644053 0.25 0.0706804 -0.0644932 0.25 0.0695438 -0.0643537 0.25 0.0700944 -0.0645678 0.25 0.0643537 -0.0695438 0.25 0.0645756 -0.070293 0.25 0.070293 -0.0645756 0.25 0.0645505 -0.0704901 0.25 0.0693921 -0.0642252 0.25 0.052525 -0.0577428 0.25 0.0517954 -0.0542424 0.25 0.0528894 -0.0580563 0.25 0.0642252 -0.0693921 0.25 0.0507345 -0.0571182 0.25 0.050254 -0.057137 0.25 0.0492354 -0.0565763 0.25 0.0497818 -0.0572274 0.25 0.0437837 -0.0846476 0.25 0.0281392 -0.0710257 0.25 0.0276813 -0.0708791 0.25 0.0269159 -0.0700038 0.25 0.0362861 -0.0886133 0.25 0.0361218 -0.0887252 0.25 0.0361654 -0.0681565 0.25 0.0365033 -0.0667653 0.25 0.0363248 -0.0656164 0.25 0.0367498 -0.0663525 0.25 0.0475636 -0.0613085 0.25 0.0367002 -0.0879507 0.25 0.0644932 -0.0706804 0.25 0.0644053 -0.0708587 0.25 0.0587773 -0.075645 0.25 0.0737055 -0.0946969 0.25 0.0516769 -0.0572952 0.25 0.0512123 -0.0571713 0.25 0.0521177 -0.0574871 0.25 0.0704901 -0.0645505 0.25 0.0585983 -0.0757313 0.25 0.0584075 -0.075787 0.25 0.0580117 -0.0758008 0.25 0.0574629 -0.0755819 0.25 0.0573124 -0.0754521 0.25 0.0512998 -0.0796622 0.25 0.0511997 -0.0794905 0.25 0.0513883 -0.0804385 0.25 0.0582102 -0.0758103 0.25 0.0571853 -0.0752993 0.25 0.0400452 -0.0650604 0.25 0.0395688 -0.0649955 0.25 0.0386631 -0.0642664 0.25 0.0415894 -0.0624125 0.25 0.0390881 -0.0650025 0.25 0.0208701 -0.0929874 0.25 0.0209324 -0.0927987 0.25 0.0284196 -0.0909645 0.25 0.0364658 -0.0695563 0.25 0.0362958 -0.0691065 0.25 0.0206573 -0.0933215 0.25 0.028771 -0.0911474 0.25 0.0289645 -0.091193 0.25 0.00379025 -0.0956798 0.25 0.0132274 -0.119268 0.25 0.00664365 -0.119813 0.25 -0.0119734 -0.0941873 0.25 -0.00456392 -0.0948355 0.25 -0.00450004 -0.0950237 0.25 0.0361949 -0.0686364 0.25 0.0282714 -0.0908322 0.25 0.0209626 -0.0926022 0.25 0.0420046 -0.0663585 0.25 0.0417001 -0.0659864 0.25 0.0447488 -0.0847024 0.25 0.0571137 -0.105537 0.25 0.0409426 -0.0653984 0.25 0.0405066 -0.0651957 0.25 0.0413434 -0.0656639 0.25 0.0511224 -0.0809661 0.25 0.0512399 -0.0808058 0.25 0.0513293 -0.0806283 0.25 0.0512369 -0.10851 0.25 0.0445575 -0.0847563 0.25 0.0443599 -0.0847779 0.25 0.0439677 -0.0847228 0.25 0.0434653 -0.0844119 0.25 0.0433396 -0.084258 0.25 0.0366873 -0.08736 0.25 0.0366185 -0.0871736 0.25 0.0366396 -0.08814 0.25 0.0441615 -0.0847667 0.25 0.0365486 -0.0883166 0.25 0.0432409 -0.0840855 0.25 0.0301198 -0.0686862 0.25 0.0272067 -0.0708025 0.25 0.0280499 -0.0905038 0.25 0.0209246 -0.092208 0.25 0.0279827 -0.0903168 0.25 0.012882 -0.0948844 0.25 0.0130802 -0.0948992 0.25 0.0238335 -0.0748318 0.25 0.0237442 -0.0743593 0.25 0.010477 -0.0778335 0.25 0.0104711 -0.0773528 0.25 0.0105371 -0.0768765 0.25 -0.0126889 -0.0948372 0.25 -0.0132274 -0.119268 0.25 -0.012882 -0.0948844 0.25 -0.00312013 -0.0779959 0.25 -0.00297247 -0.0775383 0.25 0.0237265 -0.0738788 0.25 0.00450004 -0.0950237 0.25 0.012069 -0.0943615 0.25 0.00456392 -0.0948355 0.25 0.0298434 -0.0726443 0.25 0.0296081 -0.072225 0.25 0.0293605 -0.0911861 0.25 0.0295522 -0.0911338 0.25 0.0289643 -0.0715144 0.25 0.0285701 -0.0712391 0.25 0.0293129 -0.0718456 0.25 0.0364297 -0.0884759 0.25 0.0326778 -0.115464 0.25 0.0291628 -0.091206 0.25 0.0285877 -0.0910706 0.25 0.028147 -0.0906772 0.25 0.02096 -0.0924035 0.25 0.0207776 -0.0931633 0.25 0.017735 -0.072873 0.25 0.0144986 -0.0744513 0.25 0.014351 -0.0736142 0.25 0.0149528 -0.0746091 0.25 0.0153782 -0.074833 0.25 0.0106734 -0.0764154 0.25 -0.00319779 -0.0784704 0.25 -0.0282714 -0.0908322 0.25 -0.0208701 -0.0929874 0.25 -0.0284196 -0.0909645 0.25 -0.00275812 -0.077108 0.25 -0.0163917 -0.0758442 0.25 -0.0166166 -0.0762692 0.25 0.00339957 -0.0957452 0.25 -1.53081e-17 -0.12 0.25 -0.00339957 -0.0957452 0.25 0.00359762 -0.0957288 0.25 -0.00440597 -0.0951988 0.25 -0.012069 -0.0943615 0.25 0.0167754 -0.076723 0.25 0.0166166 -0.0762692 0.25 0.0132781 -0.094881 0.25 0.0161059 -0.0754576 0.25 0.0157655 -0.075118 0.25 0.0163917 -0.0758442 0.25 0.0205125 -0.0934577 0.25 0.0126889 -0.0948372 0.25 0.0125063 -0.0947587 0.25 0.0042843 -0.0953559 0.25 0.0119734 -0.0941873 0.25 0.00459587 -0.0946394 0.25 0.0119079 -0.0939997 0.25 0.00413836 -0.0954908 0.25 0.004595 -0.0944406 0.25 0.0118743 -0.0938038 0.25 0.00135 -0.0749878 0.25 0.00176985 -0.0760722 0.25 0.00135 -0.0758379 0.25 0.00481127 -0.0748455 0.25 0.00214999 -0.0763665 0.25 -0.0364297 -0.0884759 0.25 -0.0441615 -0.0847667 0.25 -0.0365486 -0.0883166 0.25 -0.0167754 -0.076723 0.25 -0.0367287 -0.087754 0.25 -0.0436147 -0.084543 0.25 -0.0434653 -0.0844119 0.25 -0.0161059 -0.0754576 0.25 -0.0132781 -0.094881 0.25 -0.0197514 -0.118363 0.25 -0.0199739 -0.0937003 0.25 -0.0130802 -0.0948992 0.25 -0.0209324 -0.0927987 0.25 -0.028147 -0.0906772 0.25 0.00319779 -0.0784704 0.25 0.00312013 -0.0779959 0.25 -0.00664365 -0.119813 0.25 -0.00359762 -0.0957288 0.25 0.00275812 -0.077108 0.25 0.0024819 -0.0767144 0.25 0.00297247 -0.0775383 0.25 0.00397216 -0.0955998 0.25 -0.00379025 -0.0956798 0.25 -0.00397216 -0.0955998 0.25 -0.0119079 -0.0939997 0.25 -0.0121921 -0.0945176 0.25 -0.00459587 -0.0946394 0.25 -0.0042843 -0.0953559 0.25 -0.00413836 -0.0954908 0.25 -0.0123392 -0.0946512 0.25 -0.0118743 -0.0938038 0.25 -0.004595 -0.0944406 0.25 -0.0111436 -0.0755797 0.25 -0.0114668 -0.0752238 0.25 -0.011692 -0.074083 0.25 -0.00825861 -0.0745439 0.25 -0.0118396 -0.0749201 0.25 -0.0363213 -0.0672104 0.25 -0.0365033 -0.0667653 0.25 -0.0363248 -0.0656164 0.25 -0.0447488 -0.0847024 0.25 -0.0511819 -0.108535 0.25 -0.0571137 -0.105537 0.25 -0.051409 -0.0800429 0.25 -0.0576328 -0.075685 0.25 -0.0574629 -0.0755819 0.25 -0.0289643 -0.0715144 0.25 -0.0395688 -0.0649955 0.25 -0.0295522 -0.0911338 0.25 -0.0389639 -0.113498 0.25 -0.0359413 -0.0888084 0.25 -0.0293605 -0.0911861 0.25 -0.0326196 -0.115479 0.25 -0.0367002 -0.0879507 0.25 -0.0437837 -0.0846476 0.25 -0.010477 -0.0778335 0.25 -0.0104711 -0.0773528 0.25 -0.0262154 -0.1171 0.25 -0.0201661 -0.0936497 0.25 -0.0106734 -0.0764154 0.25 -0.0108771 -0.0759799 0.25 -0.0105371 -0.0768765 0.25 -0.0125063 -0.0947587 0.25 -0.0203473 -0.0935681 0.25 -0.0205125 -0.0934577 0.25 -0.0280499 -0.0905038 0.25 -0.0209626 -0.0926022 0.25 -0.02096 -0.0924035 0.25 -0.0207776 -0.0931633 0.25 -0.0206573 -0.0933215 0.25 -0.0285877 -0.0910706 0.25 -0.0279827 -0.0903168 0.25 -0.0209246 -0.092208 0.25 -0.0240986 -0.0724964 0.25 -0.0243551 -0.0720898 0.25 -0.0243788 -0.0709273 0.25 -0.0210776 -0.0719773 0.25 -0.0246695 -0.071726 0.25 -0.0514151 -0.0802416 0.25 -0.0298434 -0.0726443 0.25 -0.0296081 -0.072225 0.25 -0.0582102 -0.0758103 0.25 -0.0513293 -0.0806283 0.25 -0.0512399 -0.0808058 0.25 -0.0737055 -0.0946969 0.25 -0.0587773 -0.075645 0.25 -0.068348 -0.09863 0.25 -0.0409426 -0.0653984 0.25 -0.0413434 -0.0656639 0.25 -0.0390881 -0.0650025 0.25 -0.0293129 -0.0718456 0.25 -0.0449285 -0.0846176 0.25 -0.0508167 -0.081218 0.25 -0.0578174 -0.0757586 0.25 -0.0238335 -0.0748318 0.25 -0.0237442 -0.0743593 0.25 -0.0361218 -0.0887252 0.25 -0.0451319 -0.111188 0.25 -0.0237807 -0.0734011 0.25 -0.0239057 -0.0729368 0.25 -0.0237265 -0.0738788 0.25 -0.0289645 -0.091193 0.25 -0.0291628 -0.091206 0.25 -0.028771 -0.0911474 0.25 -0.0362861 -0.0886133 0.25 -0.0366396 -0.08814 0.25 -0.0367243 -0.0875553 0.25 -0.0366873 -0.08736 0.25 -0.0433396 -0.084258 0.25 -0.0432409 -0.0840855 0.25 -0.0439677 -0.0847228 0.25 -0.0366185 -0.0871736 0.25 -0.0332561 -0.0672237 0.25 -0.0367498 -0.0663525 0.25 -0.0644932 -0.0706804 0.25 -0.0644053 -0.0708587 0.25 -0.0836498 -0.0860352 0.25 -0.0420046 -0.0663585 0.25 -0.0417001 -0.0659864 0.25 -0.070293 -0.0645756 0.25 -0.0700944 -0.0645678 0.25 -0.0645756 -0.070293 0.25 -0.0882869 -0.0812738 0.25 -0.07102 -0.0642892 0.25 -0.0708587 -0.0644053 0.25 -0.0516769 -0.0572952 0.25 -0.0521177 -0.0574871 0.25 -0.060841 -0.0474512 0.25 -0.0613085 -0.0475636 0.25 -0.0604276 -0.0444241 0.25 -0.060362 -0.0474098 0.25 -0.0598822 -0.0474405 0.25 -0.0787894 -0.0905095 0.25 -0.0589396 -0.0755303 0.25 -0.0645678 -0.0700944 0.25 -0.0698998 -0.0645273 0.25 -0.0645273 -0.0698998 0.25 -0.0697146 -0.0644553 0.25 -0.0364658 -0.0695563 0.25 -0.0362958 -0.0691065 0.25 -0.05098 -0.0811047 0.25 -0.0628174 -0.102243 0.25 -0.0361654 -0.0681565 0.25 -0.0362078 -0.0676776 0.25 -0.0361949 -0.0686364 0.25 -0.0443599 -0.0847779 0.25 -0.0445575 -0.0847563 0.25 -0.0511224 -0.0809661 0.25 -0.0513883 -0.0804385 0.25 -0.0513702 -0.079848 0.25 -0.0512998 -0.0796622 0.25 -0.0573124 -0.0754521 0.25 -0.0571853 -0.0752993 0.25 -0.0580117 -0.0758008 0.25 -0.0511997 -0.0794905 0.25 -0.0444241 -0.0604276 0.25 -0.0477135 -0.0589629 0.25 -0.0471671 -0.0583118 0.25 -0.0475425 -0.0594123 0.25 -0.0474405 -0.0598822 0.25 -0.0966699 -0.0710934 0.25 -0.0755303 -0.0589396 0.25 -0.0926122 -0.0763068 0.25 -0.0528894 -0.0580563 0.25 -0.052525 -0.0577428 0.25 -0.0804385 -0.0513883 0.25 -0.0802416 -0.0514151 0.25 -0.0757586 -0.0578174 0.25 -0.10046 -0.0656338 0.25 -0.0809661 -0.0511224 0.25 -0.0691065 -0.0362958 0.25 -0.0695563 -0.0364658 0.25 -0.0594123 -0.0475425 0.25 -0.0583118 -0.0471671 0.25 -0.0711599 -0.0641481 0.25 -0.075685 -0.0576328 0.25 -0.0800429 -0.051409 0.25 -0.0755819 -0.0574629 0.25 -0.0479902 -0.0621673 0.25 -0.0477446 -0.0617539 0.25 -0.0642892 -0.07102 0.25 -0.0641481 -0.0711599 0.25 -0.0474512 -0.060841 0.25 -0.0474098 -0.060362 0.25 -0.0475636 -0.0613085 0.25 -0.0585983 -0.0757313 0.25 -0.0584075 -0.075787 0.25 -0.0644553 -0.0697146 0.25 -0.0643537 -0.0695438 0.25 -0.0695438 -0.0643537 0.25 -0.0693921 -0.0642252 0.25 -0.0642252 -0.0693921 0.25 -0.0704901 -0.0645505 0.25 -0.0645505 -0.0704901 0.25 -0.0542424 -0.0517954 0.25 -0.0726443 -0.0298434 0.25 -0.072225 -0.0296081 0.25 -0.0686862 -0.0301198 0.25 -0.0565763 -0.0492354 0.25 -0.057137 -0.050254 0.25 -0.0572274 -0.0497818 0.25 -0.0571182 -0.0507345 0.25 -0.0617539 -0.0477446 0.25 -0.0621673 -0.0479902 0.25 -0.0875553 -0.0367243 0.25 -0.0844119 -0.0434653 0.25 -0.087754 -0.0367287 0.25 -0.0676776 -0.0362078 0.25 -0.0672104 -0.0363213 0.25 -0.0589629 -0.0477135 0.25 -0.103909 -0.0600226 0.25 -0.0846176 -0.0449285 0.25 -0.081218 -0.0508167 0.25 -0.0811047 -0.05098 0.25 -0.084543 -0.0436147 0.25 -0.0879507 -0.0367002 0.25 -0.0580563 -0.0528894 0.25 -0.0577428 -0.052525 0.25 -0.0572952 -0.0516769 0.25 -0.0571713 -0.0512123 0.25 -0.0574871 -0.0521177 0.25 -0.0706804 -0.0644932 0.25 -0.075645 -0.0587773 0.25 -0.075787 -0.0584075 0.25 -0.0757313 -0.0585983 0.25 -0.0758103 -0.0582102 0.25 -0.0806283 -0.0513293 0.25 -0.0758008 -0.0580117 0.25 -0.079848 -0.0513702 0.25 -0.0796622 -0.0512998 0.25 -0.0754521 -0.0573124 0.25 -0.0808058 -0.0512399 0.25 -0.0752993 -0.0571853 0.25 -0.0794905 -0.0511997 0.25 -0.0663585 -0.0420046 0.25 -0.0624125 -0.0415894 0.25 -0.0642664 -0.0386631 0.25 -0.0649955 -0.0395688 0.25 -0.0650025 -0.0390881 0.25 -0.0650604 -0.0400452 0.25 -0.0927987 -0.0209324 0.25 -0.0906772 -0.028147 0.25 -0.0908322 -0.0282714 0.25 -0.116328 -0.0294583 0.25 -0.117768 -0.0230313 0.25 -0.0936497 -0.0201661 0.25 -0.0950237 -0.00450004 0.25 -0.0941873 -0.0119734 0.25 -0.0943615 -0.012069 0.25 -0.0945176 -0.0121921 0.25 -0.0951988 -0.00440597 0.25 -0.0724964 -0.0240986 0.25 -0.0729368 -0.0239057 0.25 -0.0888084 -0.0359413 0.25 -0.112371 -0.0421012 0.25 -0.0911338 -0.0295522 0.25 -0.109893 -0.0482034 0.25 -0.0887252 -0.0361218 0.25 -0.0929874 -0.0208701 0.25 -0.0909645 -0.0284196 0.25 -0.0659864 -0.0417001 0.25 -0.107053 -0.0542125 0.25 -0.0847024 -0.0447488 0.25 -0.0653984 -0.0409426 0.25 -0.0651957 -0.0405066 0.25 -0.0656639 -0.0413434 0.25 -0.0847563 -0.0445575 0.25 -0.0847779 -0.0443599 0.25 -0.0846476 -0.0437837 0.25 -0.084258 -0.0433396 0.25 -0.08736 -0.0366873 0.25 -0.08814 -0.0366396 0.25 -0.0847228 -0.0439677 0.25 -0.0883166 -0.0365486 0.25 -0.0840855 -0.0432409 0.25 -0.0871736 -0.0366185 0.25 -0.0710257 -0.0281392 0.25 -0.0708791 -0.0276813 0.25 -0.0700038 -0.0269159 0.25 -0.0708025 -0.0272067 0.25 -0.0656164 -0.0363248 0.25 -0.0667653 -0.0365033 0.25 -0.0734011 -0.0237807 0.25 -0.0745439 -0.00825861 0.25 -0.0773528 -0.0104711 0.25 -0.0778335 -0.010477 0.25 -0.0663525 -0.0367498 0.25 -0.0709273 -0.0243788 0.25 -0.0720898 -0.0243551 0.25 -0.0945176 0.0121921 0.25 -0.0951988 0.00440597 0.25 -0.0738788 -0.0237265 0.25 -0.094881 -0.0132781 0.25 -0.0937003 -0.0199739 0.25 -0.0884759 -0.0364297 0.25 -0.0886133 -0.0362861 0.25 -0.114516 -0.0358528 0.25 -0.0911861 -0.0293605 0.25 -0.0715144 -0.0289643 0.25 -0.0712391 -0.0285701 0.25 -0.0718456 -0.0293129 0.25 -0.0847667 -0.0441615 0.25 -0.091206 -0.0291628 0.25 -0.091193 -0.0289645 0.25 -0.0926022 -0.0209626 0.25 -0.0905038 -0.0280499 0.25 -0.0910706 -0.0285877 0.25 -0.0933215 -0.0206573 0.25 -0.0931633 -0.0207776 0.25 -0.0924035 -0.02096 0.25 -0.092208 -0.0209246 0.25 -0.0903168 -0.0279827 0.25 -0.0746091 -0.0149528 0.25 -0.0736142 -0.014351 0.25 -0.074833 -0.0153782 0.25 -0.0934577 -0.0205125 0.25 -0.0911474 -0.028771 0.25 -0.072873 -0.017735 0.25 -0.076723 -0.0167754 0.25 -0.0762692 -0.0166166 0.25 -0.0744513 -0.0144986 0.25 -0.0954908 0.00413836 0.25 -0.0948372 0.0126889 0.25 -0.0947587 0.0125063 0.25 -0.0764154 -0.0106734 0.25 -0.0759799 -0.0108771 0.25 -0.0755797 -0.0111436 0.25 -0.0948844 0.012882 0.25 -0.118865 0.0164558 0.25 -0.0948992 0.0130802 0.25 -0.071726 -0.0246695 0.25 -0.0768765 -0.0105371 0.25 -0.119953 0.00327314 0.25 -0.0957452 -0.00339957 0.25 -0.0948992 -0.0130802 0.25 -0.118855 -0.016515 0.25 -0.0754576 -0.0161059 0.25 -0.075118 -0.0157655 0.25 -0.0758442 -0.0163917 0.25 -0.0935681 -0.0203473 0.25 -0.0948844 -0.012882 0.25 -0.0948372 -0.0126889 0.25 -0.0948355 -0.00456392 0.25 -0.0939997 -0.0119079 0.25 -0.0953559 -0.0042843 0.25 -0.0946512 -0.0123392 0.25 -0.0954908 -0.00413836 0.25 -0.0946394 -0.00459587 0.25 -0.0944406 -0.004595 0.25 -0.0938038 -0.0118743 0.25 -0.0760722 -0.00176985 0.25 -0.0749878 -0.00135 0.25 -0.0763665 -0.00214999 0.25 -0.0955998 -0.00397216 0.25 -0.0947587 -0.0125063 0.25 -0.0758379 -0.00135 0.25 -0.074083 -0.011692 0.25 -0.0910706 0.0285877 0.25 -0.0909645 0.0284196 0.25 -0.0929874 0.0208701 0.25 -0.091193 0.0289645 0.25 -0.0911474 0.028771 0.25 -0.0933215 0.0206573 0.25 -0.0752238 -0.0114668 0.25 -0.0767144 0.0024819 0.25 -0.0763665 0.00214999 0.25 -0.0749878 0.00135 0.25 -0.0749201 -0.0118396 0.25 -0.117778 0.022972 0.25 -0.094881 0.0132781 0.25 -0.0927987 0.0209324 0.25 -0.0908322 0.0282714 0.25 -0.0926022 0.0209626 0.25 -0.0957452 0.00339957 0.25 -0.0957288 0.00359762 0.25 -0.074083 0.011692 0.25 -0.0755797 0.0111436 0.25 -0.0752238 0.0114668 0.25 -0.0767144 -0.0024819 0.25 -0.0775383 -0.00297247 0.25 -0.077108 -0.00275812 0.25 -0.0956798 -0.00379025 0.25 -0.0956798 0.00379025 0.25 -0.11959 0.00990952 0.25 -0.0955998 0.00397216 0.25 -0.0941873 0.0119734 0.25 -0.0946394 0.00459587 0.25 -0.0946512 0.0123392 0.25 -0.0953559 0.0042843 0.25 -0.0939997 0.0119079 0.25 -0.0938038 0.0118743 0.25 -0.0944406 0.004595 0.25 -0.0749201 0.0118396 0.25 -0.0778335 0.010477 0.25 -0.0773528 0.0104711 0.25 -0.0745439 0.00825861 0.25 -0.0762692 0.0166166 0.25 -0.076723 0.0167754 0.25 -0.0758442 0.0163917 0.25 -0.109893 0.0482034 0.25 -0.0886133 0.0362861 0.25 -0.0887252 0.0361218 0.25 -0.08736 0.0366873 0.25 -0.0844119 0.0434653 0.25 -0.084258 0.0433396 0.25 -0.0760722 0.00176985 0.25 -0.107082 0.0541597 0.25 -0.0847563 0.0445575 0.25 -0.0847779 0.0443599 0.25 -0.0758379 0.00135 0.25 -0.11239 0.0420443 0.25 -0.0911338 0.0295522 0.25 -0.087754 0.0367287 0.25 -0.0846476 0.0437837 0.25 -0.084543 0.0436147 0.25 -0.0875553 0.0367243 0.25 -0.0937003 0.0199739 0.25 -0.0936497 0.0201661 0.25 -0.0759799 0.0108771 0.25 -0.0768765 0.0105371 0.25 -0.0764154 0.0106734 0.25 -0.0935681 0.0203473 0.25 -0.116328 0.0294583 0.25 -0.0934577 0.0205125 0.25 -0.0906772 0.028147 0.25 -0.0924035 0.02096 0.25 -0.0905038 0.0280499 0.25 -0.092208 0.0209246 0.25 -0.0903168 0.0279827 0.25 -0.0743593 0.0237442 0.25 -0.0719773 0.0210776 0.25 -0.0748318 0.0238335 0.25 -0.0709273 0.0243788 0.25 -0.0720898 0.0243551 0.25 -0.071726 0.0246695 0.25 -0.0724964 0.0240986 0.25 -0.0686862 0.0301198 0.25 -0.072225 0.0296081 0.25 -0.0726443 0.0298434 0.25 -0.0736142 0.014351 0.25 -0.0718456 0.0293129 0.25 -0.0715144 0.0289643 0.25 -0.081218 0.0508167 0.25 -0.0846176 0.0449285 0.25 -0.103937 0.0599698 0.25 -0.0746091 0.0149528 0.25 -0.0710257 0.0281392 0.25 -0.0712391 0.0285701 0.25 -0.0744513 0.0144986 0.25 -0.0847024 0.0447488 0.25 -0.0800429 0.051409 0.25 -0.0757586 0.0578174 0.25 -0.075685 0.0576328 0.25 -0.079848 0.0513702 0.25 -0.0888084 0.0359413 0.25 -0.0729368 0.0239057 0.25 -0.0738788 0.0237265 0.25 -0.0734011 0.0237807 0.25 -0.0931633 0.0207776 0.25 -0.0884759 0.0364297 0.25 -0.0847667 0.0441615 0.25 -0.0883166 0.0365486 0.25 -0.0879507 0.0367002 0.25 -0.0871736 0.0366185 0.25 -0.0840855 0.0432409 0.25 -0.08814 0.0366396 0.25 -0.0667653 0.0365033 0.25 -0.0663525 0.0367498 0.25 -0.0656164 0.0363248 0.25 -0.0695563 0.0364658 0.25 -0.0672237 0.0332561 0.25 -0.0691065 0.0362958 0.25 -0.0672104 0.0363213 0.25 -0.0663585 0.0420046 0.25 -0.0967067 0.071046 0.25 -0.0757313 0.0585983 0.25 -0.075787 0.0584075 0.25 -0.0700038 0.0269159 0.25 -0.0708791 0.0276813 0.25 -0.0653984 0.0409426 0.25 -0.0708025 0.0272067 0.25 -0.0926491 0.0762594 0.25 -0.0711599 0.0641481 0.25 -0.0755303 0.0589396 0.25 -0.075645 0.0587773 0.25 -0.0645678 0.0700944 0.25 -0.0644553 0.0697146 0.25 -0.0811047 0.05098 0.25 -0.10046 0.0656338 0.25 -0.0676776 0.0362078 0.25 -0.0686364 0.0361949 0.25 -0.0681565 0.0361654 0.25 -0.0847228 0.0439677 0.25 -0.0809661 0.0511224 0.25 -0.0808058 0.0512399 0.25 -0.0802416 0.0514151 0.25 -0.0755819 0.0574629 0.25 -0.0796622 0.0512998 0.25 -0.0754521 0.0573124 0.25 -0.0758008 0.0580117 0.25 -0.0804385 0.0513883 0.25 -0.0758103 0.0582102 0.25 -0.0794905 0.0511997 0.25 -0.0604276 0.0444241 0.25 -0.0621673 0.0479902 0.25 -0.0752993 0.0571853 0.25 -0.0598822 0.0474405 0.25 -0.0594123 0.0475425 0.25 -0.0583118 0.0471671 0.25 -0.0617539 0.0477446 0.25 -0.0651957 0.0405066 0.25 -0.0650604 0.0400452 0.25 -0.0589629 0.0477135 0.25 -0.083694 0.0859945 0.25 -0.0644053 0.0708587 0.25 -0.0644932 0.0706804 0.25 -0.0642664 0.0386631 0.25 -0.0580563 0.0528894 0.25 -0.0649955 0.0395688 0.25 -0.0650025 0.0390881 0.25 -0.0788336 0.0904688 0.25 -0.0642892 0.07102 0.25 -0.0576328 0.075685 0.25 -0.0578174 0.0757586 0.25 -0.051409 0.0800429 0.25 -0.0641481 0.0711599 0.25 -0.0589396 0.0755303 0.25 -0.0514151 0.0802416 0.25 -0.07102 0.0642892 0.25 -0.0882869 0.0812738 0.25 -0.060362 0.0474098 0.25 -0.0613085 0.0475636 0.25 -0.060841 0.0474512 0.25 -0.0806283 0.0513293 0.25 -0.0708587 0.0644053 0.25 -0.0706804 0.0644932 0.25 -0.0700944 0.0645678 0.25 -0.0695438 0.0643537 0.25 -0.0643537 0.0695438 0.25 -0.0645756 0.070293 0.25 -0.070293 0.0645756 0.25 -0.0645505 0.0704901 0.25 -0.0693921 0.0642252 0.25 -0.052525 0.0577428 0.25 -0.0517954 0.0542424 0.25 -0.0528894 0.0580563 0.25 -0.0642252 0.0693921 0.25 -0.0507345 0.0571182 0.25 -0.050254 0.057137 0.25 -0.0492354 0.0565763 0.25 -0.0513702 0.079848 0.25 -0.0497818 0.0572274 0.25 -0.0571713 0.0512123 0.25 -0.0449285 0.0846176 0.25 -0.0571137 0.105537 0.25 -0.0447488 0.0847024 0.25 -0.0565763 0.0492354 0.25 -0.0571182 0.0507345 0.25 -0.057137 0.050254 0.25 -0.0572274 0.0497818 0.25 -0.0479902 0.0621673 0.25 -0.0508167 0.081218 0.25 -0.0628677 0.102211 0.25 -0.05098 0.0811047 0.25 -0.0683983 0.0985972 0.25 -0.0436147 0.084543 0.25 -0.0437837 0.0846476 0.25 -0.0367287 0.087754 0.25 -0.0737055 0.0946969 0.25 -0.0587773 0.075645 0.25 -0.0511997 0.0794905 0.25 -0.0571853 0.0752993 0.25 -0.0573124 0.0754521 0.25 -0.0512123 0.0571713 0.25 -0.0521177 0.0574871 0.25 -0.0516769 0.0572952 0.25 -0.0704901 0.0645505 0.25 -0.0585983 0.0757313 0.25 -0.0584075 0.075787 0.25 -0.0574629 0.0755819 0.25 -0.0512998 0.0796622 0.25 -0.0580117 0.0758008 0.25 -0.0582102 0.0758103 0.25 -0.0513883 0.0804385 0.25 -0.0395688 0.0649955 0.25 -0.0386631 0.0642664 0.25 -0.0400452 0.0650604 0.25 -0.0513293 0.0806283 0.25 -0.0415894 0.0624125 0.25 -0.0367002 0.0879507 0.25 -0.0390881 0.0650025 0.25 -0.0367243 0.0875553 0.25 -0.0474512 0.060841 0.25 -0.0471671 0.0583118 0.25 -0.0474405 0.0598822 0.25 -0.0474098 0.060362 0.25 -0.0475425 0.0594123 0.25 -0.0477135 0.0589629 0.25 -0.0362861 0.0886133 0.25 -0.0361218 0.0887252 0.25 -0.0362958 0.0691065 0.25 -0.0364658 0.0695563 0.25 -0.0332561 0.0672237 0.25 -0.0361949 0.0686364 0.25 -0.0366185 0.0871736 0.25 -0.0432409 0.0840855 0.25 -0.0433396 0.084258 0.25 -0.0420046 0.0663585 0.25 -0.0417001 0.0659864 0.25 -0.0405066 0.0651957 0.25 -0.0413434 0.0656639 0.25 -0.0409426 0.0653984 0.25 -0.0511224 0.0809661 0.25 -0.0512399 0.0808058 0.25 -0.0445575 0.0847563 0.25 -0.0512369 0.10851 0.25 -0.0443599 0.0847779 0.25 -0.0434653 0.0844119 0.25 -0.0366873 0.08736 0.25 -0.0439677 0.0847228 0.25 -0.0441615 0.0847667 0.25 -0.0366396 0.08814 0.25 -0.0301198 0.0686862 0.25 -0.0365486 0.0883166 0.25 -0.0272067 0.0708025 0.25 -0.0209324 0.0927987 0.25 -0.0284196 0.0909645 0.25 -0.0208701 0.0929874 0.25 -0.0293605 0.0911861 0.25 -0.0295522 0.0911338 0.25 -0.0361654 0.0681565 0.25 -0.0282714 0.0908322 0.25 -0.0363248 0.0656164 0.25 -0.0363213 0.0672104 0.25 -0.0362078 0.0676776 0.25 -0.0365033 0.0667653 0.25 -0.0367498 0.0663525 0.25 -0.0209626 0.0926022 0.25 -0.0262736 0.117086 0.25 -0.0201661 0.0936497 0.25 -0.0203473 0.0935681 0.25 -0.0197514 0.118363 0.25 -0.0199739 0.0937003 0.25 -0.0280499 0.0905038 0.25 -0.0209246 0.092208 0.25 -0.0279827 0.0903168 0.25 -0.0298434 0.0726443 0.25 -0.0296081 0.072225 0.25 -0.0285701 0.0712391 0.25 -0.0293129 0.0718456 0.25 -0.0289643 0.0715144 0.25 -0.0364297 0.0884759 0.25 -0.0291628 0.091206 0.25 -0.0326778 0.115464 0.25 -0.028147 0.0906772 0.25 -0.02096 0.0924035 0.25 -0.0285877 0.0910706 0.25 -0.017735 0.072873 0.25 -0.0132781 0.094881 0.25 -0.0144986 0.0744513 0.25 -0.014351 0.0736142 0.25 -0.0149528 0.0746091 0.25 -0.0130802 0.0948992 0.25 -0.0132274 0.119268 0.25 -0.012882 0.0948844 0.25 -0.0153782 0.074833 0.25 -0.0237807 0.0734011 0.25 -0.0237265 0.0738788 0.25 -0.0243788 0.0709273 0.25 -0.0240986 0.0724964 0.25 -0.0239057 0.0729368 0.25 -0.0243551 0.0720898 0.25 -0.0246695 0.071726 0.25 -0.012069 0.0943615 0.25 -0.0121921 0.0945176 0.25 -0.00450004 0.0950237 0.25 -0.00456392 0.0948355 0.25 -0.0126889 0.0948372 0.25 -0.00413836 0.0954908 0.25 -0.0125063 0.0947587 0.25 -0.00176985 0.0760722 0.25 -0.00135 0.0758379 0.25 -0.00135 0.0749878 0.25 -0.0167754 0.076723 0.25 -0.0166166 0.0762692 0.25 -0.0157655 0.075118 0.25 -0.0163917 0.0758442 0.25 -0.0161059 0.0754576 0.25 -0.0205125 0.0934577 0.25 -0.0207776 0.0931633 0.25 -0.0042843 0.0953559 0.25 -0.0123392 0.0946512 0.25 -0.00440597 0.0951988 0.25 -0.00459587 0.0946394 0.25 -0.0119734 0.0941873 0.25 -0.0119079 0.0939997 0.25 -0.0118743 0.0938038 0.25 -0.004595 0.0944406 0.25 0.00359762 0.0957288 0.25 0.00664365 0.119813 0.25 -0.00481127 0.0748455 0.25 -0.00825861 0.0745439 0.25 -0.010477 0.0778335 0.25 -0.00214999 0.0763665 0.25 -0.0104711 0.0773528 0.25 -0.00664365 0.119813 0.25 -0.00379025 0.0956798 0.25 -0.0106734 0.0764154 0.25 -0.0105371 0.0768765 0.25 -0.011692 0.074083 0.25 -0.0111436 0.0755797 0.25 -0.0108771 0.0759799 0.25 -0.0114668 0.0752238 0.25 -0.0118396 0.0749201 0.25 -0.00359762 0.0957288 0.25 0.00440597 0.0951988 0.25 0.0121921 0.0945176 0.25 0.00481127 0.0748455 0.25 0.00312013 0.0779959 0.25 0.00319779 0.0784704 0.25 -0.00319779 0.0784704 0.25 -0.00312013 0.0779959 0.25 -0.0024819 0.0767144 0.25 -0.00297247 0.0775383 0.25 -0.00275812 0.077108 0.25 -0.00397216 0.0955998 0.25 0.00397216 0.0955998 0.25 0.00379025 0.0956798 0.25 0.0132274 0.119268 0.25 0.00459587 0.0946394 0.25 0.0119079 0.0939997 0.25 0.0118743 0.0938038 0.25 0.00456392 0.0948355 0.25 0.004595 0.0944406 0.25 0.0123392 0.0946512 0.25 0.0042843 0.0953559 0.25 0.00413836 0.0954908 0.25 0.0114668 0.0752238 0.25 0.011692 0.074083 0.25 0.0111436 0.0755797 0.25 0.0262154 0.1171 0.25 0.0201661 0.0936497 0.25 0.00825861 0.0745439 0.25 0.0118396 0.0749201 0.25 0.00275812 0.077108 0.25 0.00297247 0.0775383 0.25 0.00135 0.0749878 0.25 0.00214999 0.0763665 0.25 0.0024819 0.0767144 0.25 0.00176985 0.0760722 0.25 0.00135 0.0758379 0.25 0.012882 0.0948844 0.25 0.0126889 0.0948372 0.25 0.0130802 0.0948992 0.25 0.0203473 0.0935681 0.25 0.0166166 0.0762692 0.25 0.0167754 0.076723 0.25 0.017735 0.072873 0.25 0.010477 0.0778335 0.25 0.0104711 0.0773528 0.25 0.0108771 0.0759799 0.25 0.0105371 0.0768765 0.25 0.0106734 0.0764154 0.25 0.0125063 0.0947587 0.25 0.02096 0.0924035 0.25 0.0209626 0.0926022 0.25 0.0280499 0.0905038 0.25 0.0205125 0.0934577 0.25 0.028147 0.0906772 0.25 0.0284196 0.0909645 0.25 0.0206573 0.0933215 0.25 0.0285877 0.0910706 0.25 0.0207776 0.0931633 0.25 0.0279827 0.0903168 0.25 0.0209246 0.092208 0.25 0.0433396 0.084258 0.25 0.0432409 0.0840855 0.25 0.0366873 0.08736 0.25 0.0210776 0.0719773 0.25 0.0161059 0.0754576 0.25 0.0163917 0.0758442 0.25 0.014351 0.0736142 0.25 0.0153782 0.074833 0.25 0.0157655 0.075118 0.25 0.0149528 0.0746091 0.25 0.0144986 0.0744513 0.25 0.0243551 0.0720898 0.25 0.0246695 0.071726 0.25 0.0243788 0.0709273 0.25 0.0240986 0.0724964 0.25 0.0359413 0.0888084 0.25 0.0295522 0.0911338 0.25 0.0296081 0.072225 0.25 0.0298434 0.0726443 0.25 0.0301198 0.0686862 0.25 0.0238335 0.0748318 0.25 0.0237442 0.0743593 0.25 0.0239057 0.0729368 0.25 0.0237265 0.0738788 0.25 0.0237807 0.0734011 0.25 0.0289645 0.091193 0.25 0.0291628 0.091206 0.25 0.028771 0.0911474 0.25 0.0437837 0.0846476 0.25 0.0366396 0.08814 0.25 0.0434653 0.0844119 0.25 0.0367243 0.0875553 0.25 0.0365486 0.0883166 0.25 0.0439677 0.0847228 0.25 0.0513883 0.0804385 0.25 0.0366185 0.0871736 0.25 0.0364658 0.0695563 0.25 0.0362958 0.0691065 0.25 0.0332561 0.0672237 0.25 0.0363248 0.0656164 0.25 0.0365033 0.0667653 0.25 0.0367498 0.0663525 0.25 0.0289643 0.0715144 0.25 0.0293129 0.0718456 0.25 0.0269159 0.0700038 0.25 0.0281392 0.0710257 0.25 0.0285701 0.0712391 0.25 0.0276813 0.0708791 0.25 0.0272067 0.0708025 0.25 0.070293 0.0645756 0.25 0.0363213 0.0672104 0.25 0.0420046 0.0663585 0.25 0.0415894 0.0624125 0.25 0.0417001 0.0659864 0.25 0.0580117 0.0758008 0.25 0.0362078 0.0676776 0.25 0.0361949 0.0686364 0.25 0.0361654 0.0681565 0.25 0.0513702 0.079848 0.25 0.051409 0.0800429 0.25 0.0574629 0.0755819 0.25 0.0441615 0.0847667 0.25 0.0508167 0.081218 0.25 0.0449285 0.0846176 0.25 0.0628174 0.102243 0.25 0.0573124 0.0754521 0.25 0.0512998 0.0796622 0.25 0.0644932 0.0706804 0.25 0.0704901 0.0645505 0.25 0.0571853 0.0752993 0.25 0.0645505 0.0704901 0.25 0.0511997 0.0794905 0.25 0.0479902 0.0621673 0.25 0.0444241 0.0604276 0.25 0.0477446 0.0617539 0.25 0.0471671 0.0583118 0.25 0.0475425 0.0594123 0.25 0.0477135 0.0589629 0.25 0.0409426 0.0653984 0.25 0.0413434 0.0656639 0.25 0.0386631 0.0642664 0.25 0.0400452 0.0650604 0.25 0.0405066 0.0651957 0.25 0.0395688 0.0649955 0.25 0.0390881 0.0650025 0.25 0.0507345 0.0571182 0.25 0.0512123 0.0571713 0.25 0.0474405 0.0598822 0.25 0.0474098 0.060362 0.25 0.0475636 0.0613085 0.25 0.0474512 0.060841 0.25 0.0693921 0.0642252 0.25 0.0643537 0.0695438 0.25 0.0695438 0.0643537 0.25 0.0584075 0.075787 0.25 0.0585983 0.0757313 0.25 0.0587773 0.075645 0.25 0.0641481 0.0711599 0.25 0.0644053 0.0708587 0.25 0.0645273 0.0698998 0.25 0.0698998 0.0645273 0.25 0.0697146 0.0644553 0.25 0.0644553 0.0697146 0.25 0.0642252 0.0693921 0.25 0.0521177 0.0574871 0.25 0.052525 0.0577428 0.25 0.0516769 0.0572952 0.25 0.050254 0.057137 0.25 0.0492354 0.0565763 0.25 0.0497818 0.0572274 0.25 -0.119953 0.00327314 -7.34498e-18 -0.119953 -0.00327314 -7.34498e-18 -0.119953 0.00333321 0.25 -1.53081e-17 -0.12 4.06806e-19 0.00664365 -0.119813 0 6.79865e-17 -0.12 -7.32278e-18 -0.11959 0.00990952 0.25 -0.11959 0.00990952 -7.27779e-18 -0.118855 0.016515 0.25 -0.118865 0.0164558 0.25 -0.117778 0.022972 -7.21121e-18 -0.117768 0.0230313 -7.12304e-18 -0.116328 0.0294583 0.25 -0.116328 0.0294583 -7.01208e-18 -0.114516 0.0358528 0.25 -0.114536 0.0357959 0.25 -0.11239 0.0420443 -6.88074e-18 -0.112371 0.0421012 -6.72899e-18 -0.109893 0.0482034 0.25 -0.109893 0.0482034 -6.55511e-18 -0.107053 0.0542125 0.25 -0.107082 0.0541597 0.25 -0.103937 0.0599698 -6.36257e-18 -0.103909 0.0600226 -6.1514e-18 -0.10046 0.0656338 0.25 -0.10046 0.0656338 -5.91932e-18 -0.0966699 0.0710934 0.25 -0.0967067 0.071046 0.25 -0.0926491 0.0762594 -5.67086e-18 -0.0926122 0.0763068 -5.40601e-18 -0.0882869 0.0812738 0.25 -0.0882869 0.0812738 -5.12207e-18 -0.0836498 0.0860352 0.25 -0.083694 0.0859945 0.25 -0.0788336 0.0904688 -4.82446e-18 -0.0787894 0.0905095 -4.51316e-18 -0.0737055 0.0946969 0.25 -0.0737055 0.0946969 -4.18511e-18 -0.068348 0.09863 0.25 -0.0683983 0.0985972 0.25 -0.0628677 0.102211 -3.84646e-18 -0.0628174 0.102243 -3.4972e-18 -0.0571137 0.105537 0.25 -0.0571137 0.105537 -3.13399e-18 -0.0511819 0.108535 0.25 -0.0512369 0.10851 0.25 -0.045187 0.111164 -2.76353e-18 -0.0451319 0.111188 -2.38585e-18 -0.0389639 0.113498 0.25 -0.0389639 0.113498 -1.99737e-18 -0.0326196 0.115479 0.25 -0.0326778 0.115464 0.25 -0.0262736 0.117086 -1.60523e-18 -0.0262154 0.1171 -1.20942e-18 -0.0197514 0.118363 0.25 -0.0197514 0.118363 -8.09947e-19 -0.0132274 0.119268 0.25 -0.0132274 0.119268 0.25 -0.00664365 0.119813 -4.06806e-19 -0.00664365 0.119813 0.25 -5.3903e-17 0.12 0 -1.35973e-16 0.12 0.25 -0.119953 -0.00333321 0.25 -0.11959 -0.00990952 -7.32278e-18 -0.11959 -0.00990952 -7.2784e-18 -0.118865 -0.0164558 0.25 -0.118855 -0.016515 0.25 -0.117768 -0.0230313 -7.21181e-18 -0.117778 -0.022972 0.25 -0.116328 -0.0294583 -7.12304e-18 -0.116328 -0.0294583 -7.01328e-18 -0.114536 -0.0357959 0.25 -0.114516 -0.0358528 0.25 -0.112371 -0.0421012 -6.88193e-18 -0.11239 -0.0420443 0.25 -0.109893 -0.0482034 -6.72899e-18 -0.109893 -0.0482034 -6.55686e-18 -0.107082 -0.0541597 0.25 -0.107053 -0.0542125 0.25 -0.103909 -0.0600226 -6.36433e-18 -0.103937 -0.0599698 0.25 -0.10046 -0.0656338 -6.1514e-18 -0.10046 -0.0656338 -5.92158e-18 -0.0967067 -0.071046 0.25 -0.0966699 -0.0710934 0.25 -0.0926122 -0.0763068 -5.67312e-18 -0.0926491 -0.0762594 0.25 -0.0882869 -0.0812738 -5.40601e-18 -0.0882869 -0.0812738 -5.12478e-18 -0.083694 -0.0859945 0.25 -0.0836498 -0.0860352 0.25 -0.0787894 -0.0905095 -4.82716e-18 -0.0788336 -0.0904688 0.25 -0.0737055 -0.0946969 -4.51316e-18 -0.0737055 -0.0946969 -4.18819e-18 -0.0683983 -0.0985972 0.25 -0.068348 -0.09863 0.25 -0.0628174 -0.102243 -3.84954e-18 -0.0628677 -0.102211 0.25 -0.0571137 -0.105537 -3.4972e-18 -0.0571137 -0.105537 -3.13735e-18 -0.0512369 -0.10851 0.25 -0.0511819 -0.108535 0.25 -0.0451319 -0.111188 -2.7669e-18 -0.045187 -0.111164 0.25 -0.0389639 -0.113498 -2.38585e-18 -0.0389639 -0.113498 -2.00094e-18 -0.0326778 -0.115464 0.25 -0.0326196 -0.115479 0.25 -0.0262154 -0.1171 -1.6088e-18 -0.0262736 -0.117086 0.25 -0.0197514 -0.118363 -1.20942e-18 -0.0197514 -0.118363 -8.09947e-19 -0.0132274 -0.119268 0.25 -0.0132274 -0.119268 0.25 -0.00664365 -0.119813 -4.06806e-19 -0.00664365 -0.119813 0.25 0.0132274 -0.119268 8.09947e-19 0.0132274 -0.119268 0.25 0.00664365 -0.119813 0.25 0.0326778 -0.115464 1.99737e-18 0.0326196 -0.115479 0.25 0.0262736 -0.117086 0.25 0.0197514 -0.118363 1.60523e-18 0.0262154 -0.1171 1.20942e-18 0.0197514 -0.118363 0.25 0.045187 -0.111164 0.25 0.0512369 -0.10851 3.13399e-18 0.0511819 -0.108535 2.38585e-18 0.0389639 -0.113498 0.25 0.0389639 -0.113498 2.76353e-18 0.0451319 -0.111188 4.18511e-18 0.068348 -0.09863 0.25 0.0628677 -0.102211 0.25 0.0683983 -0.0985972 3.84646e-18 0.0628174 -0.102243 3.4972e-18 0.0571137 -0.105537 0.25 0.0571137 -0.105537 0.25 0.083694 -0.0859945 5.12207e-18 0.0836498 -0.0860352 0.25 0.0788336 -0.0904688 0.25 0.0737055 -0.0946969 4.82446e-18 0.0787894 -0.0905095 4.51316e-18 0.0737055 -0.0946969 0.25 0.0926491 -0.0762594 0.25 0.0967067 -0.071046 5.91932e-18 0.0966699 -0.0710934 5.40601e-18 0.0882869 -0.0812738 0.25 0.0882869 -0.0812738 5.67086e-18 0.0926122 -0.0763068 6.55511e-18 0.107053 -0.0542125 0.25 0.103937 -0.0599698 0.25 0.107082 -0.0541597 6.36257e-18 0.103909 -0.0600226 6.1514e-18 0.10046 -0.0656338 0.25 0.10046 -0.0656338 0.25 0.114536 -0.0357959 7.01208e-18 0.114516 -0.0358528 0.25 0.11239 -0.0420443 0.25 0.109893 -0.0482034 6.88074e-18 0.112371 -0.0421012 6.72899e-18 0.109893 -0.0482034 0.25 0.117778 -0.022972 0.25 0.118865 -0.0164558 7.27779e-18 0.118855 -0.016515 7.12304e-18 0.116328 -0.0294583 0.25 0.116328 -0.0294583 7.21121e-18 0.117768 -0.0230313 7.34498e-18 0.119953 0.00327314 0.25 0.119953 -0.00327314 0.25 0.119953 0.00333321 7.34498e-18 0.119953 -0.00333321 7.32278e-18 0.11959 -0.00990952 0.25 0.11959 -0.00990952 0.25 0.117768 0.0230313 7.21181e-18 0.117778 0.022972 0.25 0.118855 0.016515 0.25 0.11959 0.00990952 7.2784e-18 0.118865 0.0164558 7.32278e-18 0.11959 0.00990952 0.25 0.114516 0.0358528 0.25 0.112371 0.0421012 6.88193e-18 0.11239 0.0420443 7.12304e-18 0.116328 0.0294583 0.25 0.116328 0.0294583 7.01328e-18 0.114536 0.0357959 6.36433e-18 0.103937 0.0599698 0.25 0.107053 0.0542125 0.25 0.103909 0.0600226 6.55686e-18 0.107082 0.0541597 6.72899e-18 0.109893 0.0482034 0.25 0.109893 0.0482034 0.25 0.0926122 0.0763068 5.67312e-18 0.0926491 0.0762594 0.25 0.0966699 0.0710934 0.25 0.10046 0.0656338 5.92158e-18 0.0967067 0.071046 6.1514e-18 0.10046 0.0656338 0.25 0.0836498 0.0860352 4.82716e-18 0.0788336 0.0904688 5.12478e-18 0.083694 0.0859945 5.40601e-18 0.0882869 0.0812738 0.25 0.0882869 0.0812738 4.51316e-18 0.0737055 0.0946969 0.25 0.0787894 0.0905095 0.25 0.0737055 0.0946969 4.18819e-18 0.0683983 0.0985972 0.25 0.068348 0.09863 3.84954e-18 0.0628677 0.102211 3.4972e-18 0.0571137 0.105537 0.25 0.0628174 0.102243 0.25 0.0571137 0.105537 3.13735e-18 0.0512369 0.10851 0.25 0.0511819 0.108535 2.7669e-18 0.045187 0.111164 2.38585e-18 0.0389639 0.113498 0.25 0.0451319 0.111188 0.25 0.0389639 0.113498 2.00094e-18 0.0326778 0.115464 0.25 0.0326196 0.115479 1.6088e-18 0.0262736 0.117086 1.20942e-18 0.0197514 0.118363 0.25 0.0262154 0.1171 0.25 0.0197514 0.118363 8.09947e-19 0.0132274 0.119268 0.25 0.0132274 0.119268 4.06806e-19 0.00664365 0.119813 0.25 0.00664365 0.119813 4.2028e-18 0.0686364 0.0361949 4.11627e-18 0.0672237 0.0332561 4.23142e-18 0.0691065 0.0362958 4.82716e-18 0.0788336 0.0904688 3.93609e-18 0.0642892 0.07102 5.12478e-18 0.083694 0.0859945 5.58034e-18 0.0911338 0.0295522 5.58321e-18 0.0911861 0.0293605 7.01328e-18 0.114536 0.0357959 -4.20582e-18 -0.0686862 0.0301198 -4.37844e-18 -0.0715144 0.0289643 -4.36196e-18 -0.0712391 0.0285701 -5.18986e-18 -0.0847563 0.0445575 -6.55511e-18 -0.107053 0.0542125 -5.19159e-18 -0.0847779 0.0443599 4.97317e-18 0.081218 0.0508167 6.1514e-18 0.10046 0.0656338 4.96651e-18 0.0811047 0.05098 5.92158e-18 0.0967067 0.071046 4.95784e-18 0.0809661 0.0511224 -1.2464e-18 -0.0203473 0.0935681 -1.23512e-18 -0.0201661 0.0936497 -1.60523e-18 -0.0262154 0.1171 4.90146e-18 0.0800429 0.051409 4.9136e-18 0.0802416 0.0514151 4.63388e-18 0.075685 0.0576328 -3.54014e-18 -0.0578174 0.0757586 -3.14766e-18 -0.051409 0.0800429 -3.14809e-18 -0.0514151 0.0802416 5.18133e-18 0.0846176 0.0449285 6.36433e-18 0.103937 0.0599698 1.72345e-18 0.028147 0.0906772 1.73125e-18 0.0282714 0.0908322 1.28196e-18 0.0209324 0.0927987 3.13735e-18 0.0512369 0.10851 2.74e-18 0.0447488 0.0847024 3.4972e-18 0.0571137 0.105537 5.67312e-18 0.0926491 0.0762594 5.40601e-18 0.0882869 0.0812738 4.35729e-18 0.0711599 0.0641481 -2.32019e-19 -0.00379025 0.0956798 -4.06806e-19 -0.00664365 0.119813 -8.09947e-19 -0.0132274 0.119268 1.6088e-18 0.0262736 0.117086 1.22305e-18 0.0199739 0.0937003 1.23512e-18 0.0201661 0.0936497 4.62737e-18 0.0755819 0.0574629 4.6249e-18 0.0755303 0.0589396 4.63822e-18 0.0757586 0.0578174 3.70012e-18 0.0604276 0.0444241 3.78083e-18 0.0617539 0.0477446 3.75394e-18 0.0613085 0.0475636 1.27806e-18 0.0208701 0.0929874 3.80665e-18 0.0621673 0.0479902 4.18819e-18 0.0683983 0.0985972 3.1212e-18 0.05098 0.0811047 3.13031e-18 0.0511224 0.0809661 2.71658e-18 0.0443599 0.0847779 2.72829e-18 0.0445575 0.0847563 2.24733e-18 0.0367002 0.0879507 2.24907e-18 0.0367287 0.087754 2.67061e-18 0.0436147 0.084543 2.23779e-18 0.0365486 0.0883166 2.24386e-18 0.0366396 0.08814 2.69229e-18 0.0439677 0.0847228 4.34852e-18 0.07102 0.0642892 4.33854e-18 0.0708587 0.0644053 2.22218e-18 0.0362861 0.0886133 2.23085e-18 0.0364297 0.0884759 2.75387e-19 0.00450004 0.0950237 7.38558e-19 0.012069 0.0943615 2.69749e-19 0.00440597 0.0951988 4.86739e-18 0.0794905 0.0511997 4.87804e-18 0.0796622 0.0512998 4.61075e-18 0.0752993 0.0571853 -2.22261e-18 -0.0362958 0.0691065 -2.21654e-18 -0.0361949 0.0686364 -2.03635e-18 -0.0332561 0.0672237 -1.20942e-18 -0.0197514 0.118363 -1.22305e-18 -0.0199739 0.0937003 -2.76353e-18 -0.0451319 0.111188 -2.22218e-18 -0.0362861 0.0886133 -2.21177e-18 -0.0361218 0.0887252 5.38545e-18 0.0879507 0.0367002 5.17685e-18 0.084543 0.0436147 5.37331e-18 0.087754 0.0367287 3.66634e-18 0.0598822 0.0474405 3.69583e-18 0.060362 0.0474098 -2.72019e-18 -0.0444241 0.0604276 -2.92344e-18 -0.0477446 0.0617539 -2.9126e-18 -0.0475636 0.0613085 3.72532e-18 0.060841 0.0474512 -3.94693e-18 -0.0644553 0.0697146 -3.95083e-18 -0.0645273 0.0698998 -4.26829e-18 -0.0697146 0.0644553 4.25909e-18 0.0695563 0.0364658 2.84217e-17 0.0583118 0.0471671 -4.34895e-18 -0.0710257 0.0281392 -6.72899e-18 -0.109893 0.0482034 -5.43272e-18 -0.0887252 0.0361218 -5.42622e-18 -0.0886133 0.0362861 5.43272e-18 0.0887252 0.0361218 5.43794e-18 0.0888084 0.0359413 6.72899e-18 0.109893 0.0482034 0 -0.0749878 0.00135 -4.58296e-18 -0.0748455 0.00481127 -4.67595e-18 -0.0763665 0.00214999 -4.74794e-18 -0.0775383 0.00297247 -4.72148e-18 -0.077108 0.00275812 3.63771e-18 0.0594123 0.0475425 -5.81046e-18 -0.0948844 0.012882 -5.81176e-18 -0.0948992 0.0130802 -7.27779e-18 -0.118855 0.016515 5.56196e-18 0.0908322 0.0282714 5.55242e-18 0.0906772 0.028147 5.68209e-18 0.0927987 0.0209324 -5.80785e-18 -0.0948372 0.0126889 -5.84732e-18 -0.0954908 0.00413836 -5.80308e-18 -0.0947587 0.0125063 4.17331e-18 0.0681565 0.0361654 4.14382e-18 0.0676776 0.0362078 -7.34498e-18 -0.119953 -0.00327314 -7.32278e-18 -0.11959 -0.00990952 -5.86163e-18 -0.0957288 -0.00359762 4.1152e-18 0.0672104 0.0363213 5.81089e-18 0.0948992 0.0130802 7.2784e-18 0.118865 0.0164558 5.80978e-18 0.094881 0.0132781 -3.61044e-18 -0.0589629 -0.0477135 0 -0.0583118 -0.0471671 -3.63815e-18 -0.0594123 -0.0475425 -3.66677e-18 -0.0598822 -0.0474405 4.55278e-18 0.0743593 0.0237442 4.40734e-18 0.0719773 0.0210776 4.58212e-18 0.0748318 0.0238335 -4.11627e-18 -0.0672237 -0.0332561 -4.25909e-18 -0.0695563 -0.0364658 -4.23142e-18 -0.0691065 -0.0362958 3.61044e-18 0.0589629 0.0477135 0 -0.0386631 -0.0642664 -2.42297e-18 -0.0395688 -0.0649955 -2.39345e-18 -0.0390881 -0.0650025 7.12304e-18 0.116328 0.0294583 5.73456e-18 0.0936497 0.0201661 7.21181e-18 0.117778 0.022972 -3.17155e-18 -0.0517954 -0.0542424 -3.13551e-18 -0.0512123 -0.0571713 -3.10646e-18 -0.0507345 -0.0571182 -2.4516e-18 -0.0400452 -0.0650604 5.76709e-18 0.0941873 0.0119734 5.81826e-18 0.0950237 0.00450004 5.7775e-18 0.0943615 0.012069 4.80493e-18 0.0784704 0.00319779 4.58296e-18 0.0748455 0.00481127 4.77613e-18 0.0779959 0.00312013 -1.72301e-18 -0.0281392 -0.0710257 -1.69526e-18 -0.0276813 -0.0708791 0 -0.0269159 -0.0700038 -1.66593e-18 -0.0272067 -0.0708025 -8.87783e-19 -0.0144986 -0.0744513 0 -0.014351 -0.0736142 -9.15934e-19 -0.0149528 -0.0746091 4.43872e-18 0.0724964 0.0240986 4.46605e-18 0.0729368 0.0239057 4.08831e-18 0.0667653 0.0365033 4.06292e-18 0.0663525 0.0367498 0 0.0656164 0.0363248 7.34498e-18 0.119953 0.00327314 7.32278e-18 0.11959 0.00990952 5.86163e-18 0.0957288 0.00359762 -1.74947e-18 -0.0285701 -0.0712391 -1.8443e-18 -0.0301198 -0.0686862 4.5645e-18 0.0745439 0.00825861 4.76593e-18 0.0778335 0.010477 4.73623e-18 0.0773528 0.0104711 -1.08595e-18 -0.017735 -0.072873 -9.65374e-19 -0.0157655 -0.075118 -9.41521e-19 -0.0153782 -0.074833 0 0.011692 -0.074083 7.02129e-19 0.0114668 -0.0752238 7.24967e-19 0.0118396 -0.0749201 5.84732e-18 0.0954908 -0.00413836 5.80265e-18 0.0947587 -0.0125063 5.80742e-18 0.0948372 -0.0126889 5.05694e-19 0.00825861 -0.0745439 6.66134e-19 0.0108771 -0.0759799 6.82614e-19 0.0111436 -0.0755797 -1.31839e-19 -0.00214999 -0.0763665 -2.94605e-19 -0.00481127 -0.0748455 -1.51788e-19 -0.0024819 -0.0767144 1.29063e-18 0.0210776 -0.0719773 1.4563e-18 0.0237807 -0.0734011 1.46411e-18 0.0239057 -0.0729368 0 0.0736142 -0.014351 4.46218e-18 0.072873 -0.017735 4.58227e-18 0.074833 -0.0153782 0 0.0642664 -0.0386631 3.97989e-18 0.0649955 -0.0395688 3.98026e-18 0.0650025 -0.0390881 3.50417e-18 0.0572274 0.0497818 3.4985e-18 0.057137 0.050254 0 0.0565763 0.0492354 2.03635e-18 0.0332561 -0.0672237 2.21698e-18 0.0362078 -0.0676776 2.22392e-18 0.0363213 -0.0672104 1.22305e-18 0.0199739 -0.0937003 1.20942e-18 0.0197514 -0.118363 1.60523e-18 0.0262154 -0.1171 2.90479e-18 0.0474405 -0.0598822 2.72019e-18 0.0444241 -0.0604276 2.90306e-18 0.0474098 -0.060362 3.98336e-18 0.0650604 -0.0400452 4.33941e-18 0.0708791 -0.0276813 4.3354e-18 0.0708025 -0.0272067 0 0.0700038 -0.0269159 3.49764e-18 0.0571182 -0.0507345 3.4985e-18 0.057137 -0.050254 0 0.0565763 -0.0492354 4.34852e-18 0.0710257 -0.0281392 3.84646e-18 0.0628174 -0.102243 4.18511e-18 0.068348 -0.09863 3.1212e-18 0.05098 -0.0811047 4.56839e-18 0.0746091 -0.0149528 3.82166e-18 0.0624125 -0.0415894 3.99203e-18 0.0651957 -0.0405066 4.55883e-18 0.0744513 -0.0144986 4.20582e-18 0.0686862 -0.0301198 4.65817e-18 0.0760722 -0.00176985 0 0.0749878 -0.00135 4.67595e-18 0.0763665 -0.00214999 4.58753e-18 0.0749201 0.0118396 0 0.074083 0.011692 4.60612e-18 0.0752238 0.0114668 2.69749e-19 0.00440597 -0.0951988 7.55472e-19 0.0123392 -0.0946512 7.46365e-19 0.0121921 -0.0945176 0 0.0243788 -0.0709273 1.47538e-18 0.0240986 -0.0724964 1.49143e-18 0.0243551 -0.0720898 0 0.0709273 0.0243788 4.414e-18 0.0720898 0.0243551 4.39195e-18 0.071726 0.0246695 4.62781e-18 0.0755797 0.0111436 5.81132e-18 0.0948992 -0.0130802 7.27779e-18 0.118855 -0.016515 5.81002e-18 0.0948844 -0.012882 5.80699e-18 0.0948355 -0.00456392 5.77793e-18 0.0943615 -0.012069 5.81826e-18 0.0950237 -0.00450004 -1.0842e-19 -0.00176985 -0.0760722 0 -0.00135 -0.0749878 5.16904e-18 0.0844119 0.0434653 5.36116e-18 0.0875553 0.0367243 4.63128e-18 0.075645 0.0587773 3.54014e-18 0.0578174 0.0757586 3.14809e-18 0.0514151 0.0802416 3.52886e-18 0.0576328 0.075685 3.13725e-18 0.0512399 0.0808058 3.14289e-18 0.0513293 0.0806283 3.56442e-18 0.0582102 0.0758103 3.60901e-18 0.0589396 0.0755303 4.51316e-18 0.0737055 0.0946969 4.3277e-18 0.0706804 0.0644932 4.63692e-18 0.0757313 0.0585983 4.63995e-18 0.075787 0.0584075 4.88932e-18 0.079848 0.0513702 4.64169e-18 0.0758103 0.0582102 4.64082e-18 0.0758008 0.0580117 4.93702e-18 0.0806283 0.0513293 4.92575e-18 0.0804385 0.0513883 4.61913e-18 0.0754521 0.0573124 5.18639e-18 0.0847024 0.0447488 6.55686e-18 0.107082 0.0541597 4.9483e-18 0.0808058 0.0512399 3.82166e-18 0.0624125 0.0415894 4.06328e-18 0.0663585 0.0420046 3.98026e-18 0.0650025 0.0390881 3.97989e-18 0.0649955 0.0395688 2.84217e-17 0.0642664 0.0386631 3.98336e-18 0.0650604 0.0400452 0 0.0471671 -0.0583118 2.9113e-18 0.0475425 -0.0594123 2.92161e-18 0.0477135 -0.0589629 3.14766e-18 0.051409 -0.0800429 3.52843e-18 0.0576328 -0.075685 3.14505e-18 0.0513702 -0.079848 1.51057e-18 0.0246695 -0.071726 -5.91932e-18 -0.0966699 0.0710934 -4.64039e-18 -0.075787 0.0584075 -4.63735e-18 -0.0757313 0.0585983 -8.26637e-20 -0.00135 -0.0758379 -2.48022e-18 -0.0405066 -0.0651957 -2.54662e-18 -0.0415894 -0.0624125 -3.70012e-18 -0.0604276 -0.0444241 -3.69626e-18 -0.060362 -0.0474098 -5.77793e-18 -0.0943615 -0.012069 -5.76752e-18 -0.0941873 -0.0119734 -5.81826e-18 -0.0950237 -0.00450004 3.50417e-18 0.0572274 -0.0497818 0 -0.0492354 -0.0565763 -3.0774e-18 -0.050254 -0.057137 6.88193e-18 0.11239 0.0420443 5.6938e-18 0.0929874 0.0208701 5.56976e-18 0.0909645 0.0284196 4.20582e-18 0.0686862 0.0301198 4.42224e-18 0.072225 0.0296081 4.44818e-18 0.0726443 0.0298434 4.0406e-18 0.0659864 0.0417001 3.99203e-18 0.0651957 0.0405066 4.00418e-18 0.0653984 0.0409426 4.02066e-18 0.0656639 0.0413434 5.18986e-18 0.0847563 0.0445575 5.18335e-18 0.0846476 0.0437837 5.19159e-18 0.0847779 0.0443599 5.1595e-18 0.084258 0.0433396 5.34945e-18 0.08736 0.0366873 5.39716e-18 0.08814 0.0366396 5.408e-18 0.0883166 0.0365486 5.18812e-18 0.0847228 0.0439677 5.14875e-18 0.0840855 0.0432409 5.33784e-18 0.0871736 0.0366185 4.34895e-18 0.0710257 0.0281392 0 0.0700038 0.0269159 4.33984e-18 0.0708791 0.0276813 4.3354e-18 0.0708025 0.0272067 5.73749e-18 0.0937003 0.0199739 4.49467e-18 0.0734011 0.0237807 4.65253e-18 0.0759799 0.0108771 4.77613e-18 0.0779959 -0.00312013 4.58296e-18 0.0748455 -0.00481127 4.80493e-18 0.0784704 -0.00319779 4.6972e-18 0.0767144 -0.0024819 4.72148e-18 0.077108 -0.00275812 5.8291e-18 0.0951988 0.00440597 4.52373e-18 0.0738788 0.0237265 5.78747e-18 0.0945176 0.0121921 5.41754e-18 0.0884759 0.0364297 5.42622e-18 0.0886133 0.0362861 4.36196e-18 0.0712391 0.0285701 4.37844e-18 0.0715144 0.0289643 4.39926e-18 0.0718456 0.0293129 5.19029e-18 0.0847667 0.0441615 5.58451e-18 0.091206 0.0291628 5.67038e-18 0.0926022 0.0209626 5.58364e-18 0.091193 0.0289645 5.70464e-18 0.0931633 0.0207776 5.54157e-18 0.0905038 0.0280499 5.57627e-18 0.0910706 0.0285877 5.71461e-18 0.0933215 0.0206573 5.65823e-18 0.0924035 0.02096 5.53031e-18 0.0903168 0.0279827 5.64611e-18 0.092208 0.0209246 4.56839e-18 0.0746091 0.0149528 4.58227e-18 0.074833 0.0153782 0 0.0736142 0.014351 4.66988e-18 0.0762692 0.0166166 4.69793e-18 0.076723 0.0167754 4.46218e-18 0.072873 0.017735 4.55883e-18 0.0744513 0.0144986 5.8627e-18 0.0957452 0.00339957 7.34498e-18 0.119953 -0.00333321 4.67942e-18 0.0764154 0.0106734 7.21121e-18 0.117768 -0.0230313 5.80978e-18 0.094881 -0.0132781 4.59962e-18 0.075118 -0.0157655 4.62044e-18 0.0754576 -0.0161059 5.7879e-18 0.0945176 -0.0121921 4.70761e-18 0.0768765 0.0105371 5.8291e-18 0.0951988 -0.00440597 4.59962e-18 0.075118 0.0157655 4.62044e-18 0.0754576 0.0161059 4.64385e-18 0.0758442 0.0163917 5.72936e-18 0.0935681 0.0203473 5.72285e-18 0.0934577 0.0205125 5.58104e-18 0.0911474 0.028771 5.80959e-18 0.0948844 0.012882 5.80699e-18 0.0948355 0.00456392 5.80699e-18 0.0948372 0.0126889 5.75538e-18 0.0939997 0.0119079 5.83865e-18 0.0953559 0.0042843 5.84732e-18 0.0954908 0.00413836 5.79528e-18 0.0946512 0.0123392 5.79484e-18 0.0946394 0.00459587 5.74383e-18 0.0938038 0.0118743 5.78282e-18 0.0944406 0.004595 4.65817e-18 0.0760722 0.00176985 4.67595e-18 0.0763665 0.00214999 0 0.0749878 0.00135 5.85382e-18 0.0955998 0.00397216 5.80222e-18 0.0947587 0.0125063 4.64373e-18 0.0758379 0.00135 5.86163e-18 0.0957288 -0.00359762 5.8627e-18 0.0957452 -0.00339957 5.57627e-18 0.0910706 -0.0285877 5.6938e-18 0.0929874 -0.0208701 5.56976e-18 0.0909645 -0.0284196 5.58364e-18 0.091193 -0.0289645 5.71461e-18 0.0933215 -0.0206573 5.58104e-18 0.0911474 -0.028771 7.01208e-18 0.114516 -0.0358528 5.58451e-18 0.091206 -0.0291628 5.58321e-18 0.0911861 -0.0293605 5.58034e-18 0.0911338 -0.0295522 6.88074e-18 0.112371 -0.0421012 4.64373e-18 0.0758379 -0.00135 4.36153e-18 0.0712391 -0.0285701 4.74794e-18 0.0775383 -0.00297247 5.68209e-18 0.0927987 -0.0209324 5.56196e-18 0.0908322 -0.0282714 5.67038e-18 0.0926022 -0.0209626 0 0.074083 -0.011692 4.60612e-18 0.0752238 -0.0114668 4.62781e-18 0.0755797 -0.0111436 4.6972e-18 0.0767144 0.0024819 4.72148e-18 0.077108 0.00275812 4.74794e-18 0.0775383 0.00297247 5.85903e-18 0.0956798 0.00379025 7.32278e-18 0.11959 -0.00990952 5.85903e-18 0.0956798 -0.00379025 5.76752e-18 0.0941873 -0.0119734 5.85382e-18 0.0955998 -0.00397216 5.79484e-18 0.0946394 -0.00459587 5.79571e-18 0.0946512 -0.0123392 5.83865e-18 0.0953559 -0.0042843 5.75581e-18 0.0939997 -0.0119079 5.78282e-18 0.0944406 -0.004595 5.74383e-18 0.0938038 -0.0118743 4.76593e-18 0.0778335 -0.010477 4.5645e-18 0.0745439 -0.00825861 4.73623e-18 0.0773528 -0.0104711 4.58753e-18 0.0749201 -0.0118396 5.73456e-18 0.0936497 -0.0201661 5.73749e-18 0.0937003 -0.0199739 5.42578e-18 0.0886133 -0.0362861 6.72899e-18 0.109893 -0.0482034 5.43229e-18 0.0887252 -0.0361218 4.69793e-18 0.076723 -0.0167754 4.66988e-18 0.0762692 -0.0166166 5.16904e-18 0.0844119 -0.0434653 5.34902e-18 0.08736 -0.0366873 5.1595e-18 0.084258 -0.0433396 5.18986e-18 0.0847563 -0.0445575 6.55511e-18 0.107053 -0.0542125 5.19159e-18 0.0847779 -0.0443599 5.18133e-18 0.0846176 -0.0449285 5.18639e-18 0.0847024 -0.0447488 4.37801e-18 0.0715144 -0.0289643 4.63171e-18 0.075645 -0.0587773 4.6249e-18 0.0755303 -0.0589396 5.91932e-18 0.0966699 -0.0710934 4.64385e-18 0.0758442 -0.0163917 5.37287e-18 0.087754 -0.0367287 5.17685e-18 0.084543 -0.0436147 5.18335e-18 0.0846476 -0.0437837 5.36073e-18 0.0875553 -0.0367243 4.65253e-18 0.0759799 -0.0108771 4.67942e-18 0.0764154 -0.0106734 4.70761e-18 0.0768765 -0.0105371 7.12304e-18 0.116328 -0.0294583 5.72936e-18 0.0935681 -0.0203473 5.72285e-18 0.0934577 -0.0205125 5.55242e-18 0.0906772 -0.028147 5.54157e-18 0.0905038 -0.0280499 5.65823e-18 0.0924035 -0.02096 5.64611e-18 0.092208 -0.0209246 5.70464e-18 0.0931633 -0.0207776 5.53031e-18 0.0903168 -0.0279827 4.55278e-18 0.0743593 -0.0237442 4.58212e-18 0.0748318 -0.0238335 4.40734e-18 0.0719773 -0.0210776 5.43794e-18 0.0888084 -0.0359413 4.39195e-18 0.071726 -0.0246695 4.414e-18 0.0720898 -0.0243551 0 0.0709273 -0.0243788 4.43872e-18 0.0724964 -0.0240986 4.97317e-18 0.081218 -0.0508167 6.36257e-18 0.103909 -0.0600226 4.44818e-18 0.0726443 -0.0298434 4.42181e-18 0.072225 -0.0296081 4.64125e-18 0.0758008 -0.0580117 4.9136e-18 0.0802416 -0.0514151 4.63865e-18 0.0757586 -0.0578174 4.64039e-18 0.075787 -0.0584075 4.63735e-18 0.0757313 -0.0585983 4.00418e-18 0.0653984 -0.0409426 4.82446e-18 0.0787894 -0.0905095 5.12207e-18 0.0836498 -0.0860352 3.93609e-18 0.0642892 -0.07102 3.50067e-18 0.0571713 -0.0512123 3.32139e-18 0.0542424 -0.0517954 4.39882e-18 0.0718456 -0.0293129 4.90146e-18 0.0800429 -0.051409 4.63431e-18 0.075685 -0.0576328 4.88932e-18 0.079848 -0.0513702 4.46605e-18 0.0729368 -0.0239057 4.49467e-18 0.0734011 -0.0237807 4.52373e-18 0.0738788 -0.0237265 5.41711e-18 0.0884759 -0.0364297 5.40757e-18 0.0883166 -0.0365486 5.19029e-18 0.0847667 -0.0441615 5.38502e-18 0.0879507 -0.0367002 5.18812e-18 0.0847228 -0.0439677 5.33784e-18 0.0871736 -0.0366185 5.14875e-18 0.0840855 -0.0432409 5.39672e-18 0.08814 -0.0366396 4.08831e-18 0.0667653 -0.0365033 0 0.0656164 -0.0363248 4.06292e-18 0.0663525 -0.0367498 4.23142e-18 0.0691065 -0.0362958 4.25909e-18 0.0695563 -0.0364658 4.11627e-18 0.0672237 -0.0332561 4.1152e-18 0.0672104 -0.0363213 4.02066e-18 0.0656639 -0.0413434 4.0406e-18 0.0659864 -0.0417001 4.06328e-18 0.0663585 -0.0420046 3.94693e-18 0.0644553 -0.0697146 3.95083e-18 0.0645273 -0.0698998 4.26829e-18 0.0697146 -0.0644553 3.5358e-18 0.0577428 -0.052525 3.55492e-18 0.0580563 -0.0528894 3.92794e-18 0.0641481 -0.0711599 3.60901e-18 0.0589396 -0.0755303 3.50848e-18 0.0572952 -0.0516769 2.67017e-18 0.0436147 -0.084543 2.24907e-18 0.0367243 -0.0875553 2.24907e-18 0.0367287 -0.087754 5.67086e-18 0.0926122 -0.0763068 4.35729e-18 0.0711599 -0.0641481 3.95343e-18 0.0645678 -0.0700944 4.28e-18 0.0698998 -0.0645273 6.1514e-18 0.10046 -0.0656338 4.96651e-18 0.0811047 -0.05098 4.14382e-18 0.0676776 -0.0362078 4.17331e-18 0.0681565 -0.0361654 4.2028e-18 0.0686364 -0.0361949 4.95784e-18 0.0809661 -0.0511224 4.9483e-18 0.0808058 -0.0512399 4.62781e-18 0.0755819 -0.0574629 4.87804e-18 0.0796622 -0.0512998 4.61957e-18 0.0754521 -0.0573124 4.64212e-18 0.0758103 -0.0582102 4.92575e-18 0.0804385 -0.0513883 4.86739e-18 0.0794905 -0.0511997 4.61075e-18 0.0752993 -0.0571853 3.66677e-18 0.0598822 -0.0474405 0 0.0583118 -0.0471671 3.63815e-18 0.0594123 -0.0475425 3.78126e-18 0.0617539 -0.0477446 3.80665e-18 0.0621673 -0.0479902 3.70012e-18 0.0604276 -0.0444241 3.61044e-18 0.0589629 -0.0477135 2.92344e-18 0.0477446 -0.0617539 2.93855e-18 0.0479902 -0.0621673 3.11163e-18 0.0508167 -0.081218 2.75108e-18 0.0449285 -0.0846176 2.90566e-18 0.0474512 -0.060841 2.38585e-18 0.0389639 -0.113498 2.76353e-18 0.0451319 -0.111188 2.20077e-18 0.0359413 -0.0888084 1.24597e-18 0.0203473 -0.0935681 1.23469e-18 0.0201661 -0.0936497 3.5397e-18 0.0578174 -0.0757586 3.52019e-18 0.0574871 -0.0521177 3.14809e-18 0.0514151 -0.0802416 5.40601e-18 0.0882869 -0.0812738 4.34852e-18 0.07102 -0.0642892 3.69626e-18 0.060362 -0.0474098 3.72575e-18 0.060841 -0.0474512 3.75438e-18 0.0613085 -0.0475636 4.93702e-18 0.0806283 -0.0513293 4.33854e-18 0.0708587 -0.0644053 4.3277e-18 0.0706804 -0.0644932 4.25831e-18 0.0695438 -0.0643537 4.29171e-18 0.0700944 -0.0645678 3.94042e-18 0.0643537 -0.0695438 3.95387e-18 0.0645756 -0.070293 3.95257e-18 0.0645505 -0.0704901 4.30385e-18 0.070293 -0.0645756 4.24904e-18 0.0693921 -0.0642252 3.21618e-18 0.052525 -0.0577428 3.23854e-18 0.0528894 -0.0580563 3.17155e-18 0.0517954 -0.0542424 3.93266e-18 0.0642252 -0.0693921 3.10646e-18 0.0507345 -0.0571182 0 0.0492354 -0.0565763 3.0774e-18 0.050254 -0.057137 3.04826e-18 0.0497818 -0.0572274 2.68058e-18 0.0437837 -0.0846476 1.72301e-18 0.0281392 -0.0710257 0 0.0269159 -0.0700038 1.69526e-18 0.0276813 -0.0708791 2.22218e-18 0.0362861 -0.0886133 2.21177e-18 0.0361218 -0.0887252 2.21437e-18 0.0361654 -0.0681565 2.23519e-18 0.0365033 -0.0667653 0 0.0363248 -0.0656164 2.25028e-18 0.0367498 -0.0663525 2.9126e-18 0.0475636 -0.0613085 2.24733e-18 0.0367002 -0.0879507 3.9491e-18 0.0644932 -0.0706804 3.94346e-18 0.0644053 -0.0708587 3.59868e-18 0.0587773 -0.075645 4.51316e-18 0.0737055 -0.0946969 3.13551e-18 0.0512123 -0.0571713 3.16414e-18 0.0516769 -0.0572952 3.19146e-18 0.0521177 -0.0574871 4.31599e-18 0.0704901 -0.0645505 3.58784e-18 0.0585983 -0.0757313 3.57613e-18 0.0584075 -0.075787 3.55185e-18 0.0580117 -0.0758008 3.51845e-18 0.0574629 -0.0755819 3.50935e-18 0.0573124 -0.0754521 3.14115e-18 0.0512998 -0.0796622 3.13508e-18 0.0511997 -0.0794905 3.14635e-18 0.0513883 -0.0804385 3.56399e-18 0.0582102 -0.0758103 3.50159e-18 0.0571853 -0.0752993 2.4516e-18 0.0400452 -0.0650604 0 0.0386631 -0.0642664 2.42297e-18 0.0395688 -0.0649955 2.54662e-18 0.0415894 -0.0624125 2.39345e-18 0.0390881 -0.0650025 1.27762e-18 0.0208701 -0.0929874 1.74036e-18 0.0284196 -0.0909645 1.28153e-18 0.0209324 -0.0927987 2.23289e-18 0.0364658 -0.0695563 2.22218e-18 0.0362958 -0.0691065 1.26461e-18 0.0206573 -0.0933215 1.77375e-18 0.0289645 -0.091193 1.76205e-18 0.028771 -0.0911474 2.32019e-19 0.00379025 -0.0956798 4.06806e-19 0.00664365 -0.119813 8.09947e-19 0.0132274 -0.119268 -7.32921e-19 -0.0119734 -0.0941873 -2.75387e-19 -0.00450004 -0.0950237 -2.79724e-19 -0.00456392 -0.0948355 2.21611e-18 0.0361949 -0.0686364 1.73125e-18 0.0282714 -0.0908322 1.28326e-18 0.0209626 -0.0926022 2.55308e-18 0.0417001 -0.0659864 2.57204e-18 0.0420046 -0.0663585 2.73956e-18 0.0447488 -0.0847024 3.4972e-18 0.0571137 -0.105537 2.48022e-18 0.0405066 -0.0651957 2.50711e-18 0.0409426 -0.0653984 2.5314e-18 0.0413434 -0.0656639 3.13031e-18 0.0511224 -0.0809661 3.13725e-18 0.0512399 -0.0808058 3.14289e-18 0.0513293 -0.0806283 3.13399e-18 0.0511819 -0.108535 2.72785e-18 0.0445575 -0.0847563 2.71614e-18 0.0443599 -0.0847779 2.69186e-18 0.0439677 -0.0847228 2.66107e-18 0.0434653 -0.0844119 2.65369e-18 0.0433396 -0.084258 2.24647e-18 0.0366873 -0.08736 2.24224e-18 0.0366185 -0.0871736 2.24386e-18 0.0366396 -0.08814 2.704e-18 0.0441615 -0.0847667 2.23779e-18 0.0365486 -0.0883166 2.64774e-18 0.0432409 -0.0840855 1.8443e-18 0.0301198 -0.0686862 1.66593e-18 0.0272067 -0.0708025 1.71738e-18 0.0280499 -0.0905038 1.71345e-18 0.0279827 -0.0903168 1.28126e-18 0.0209246 -0.092208 7.88432e-19 0.012882 -0.0948844 8.01009e-19 0.0130802 -0.0948992 1.45938e-18 0.0238335 -0.0748318 1.45413e-18 0.0237442 -0.0743593 6.41534e-19 0.010477 -0.0778335 6.41414e-19 0.0104711 -0.0773528 6.45317e-19 0.0105371 -0.0768765 -7.76722e-19 -0.0126889 -0.0948372 -7.88432e-19 -0.012882 -0.0948844 -8.09947e-19 -0.0132274 -0.119268 -1.9082e-19 -0.00312013 -0.0779959 -1.82146e-19 -0.00297247 -0.0775383 1.45283e-18 0.0237265 -0.0738788 7.38558e-19 0.012069 -0.0943615 2.75387e-19 0.00450004 -0.0950237 2.79724e-19 0.00456392 -0.0948355 1.81322e-18 0.0296081 -0.072225 1.82738e-18 0.0298434 -0.0726443 1.79804e-18 0.0293605 -0.0911861 1.80955e-18 0.0295522 -0.0911338 1.74947e-18 0.0285701 -0.0712391 1.77375e-18 0.0289643 -0.0715144 1.79501e-18 0.0293129 -0.0718456 2.23085e-18 0.0364297 -0.0884759 1.99737e-18 0.0326196 -0.115479 1.7859e-18 0.0291628 -0.091206 1.75077e-18 0.0285877 -0.0910706 1.72345e-18 0.028147 -0.0906772 1.28326e-18 0.02096 -0.0924035 1.27199e-18 0.0207776 -0.0931633 1.08595e-18 0.017735 -0.072873 8.87783e-19 0.0144986 -0.0744513 9.15934e-19 0.0149528 -0.0746091 0 0.014351 -0.0736142 9.41521e-19 0.0153782 -0.074833 6.53991e-19 0.0106734 -0.0764154 -1.95808e-19 -0.00319779 -0.0784704 -1.73125e-18 -0.0282714 -0.0908322 -1.74036e-18 -0.0284196 -0.0909645 -1.27849e-18 -0.0208701 -0.0929874 -1.69136e-19 -0.00275812 -0.077108 -1.00397e-18 -0.0163917 -0.0758442 -1.01742e-18 -0.0166166 -0.0762692 2.08163e-19 0.00339957 -0.0957452 -2.08163e-19 -0.00339957 -0.0957452 0 6.79865e-17 -0.12 2.2031e-19 0.00359762 -0.0957288 -7.38558e-19 -0.012069 -0.0943615 -2.69749e-19 -0.00440597 -0.0951988 1.01742e-18 0.0166166 -0.0762692 1.0272e-18 0.0167754 -0.076723 8.13047e-19 0.0132781 -0.094881 9.65374e-19 0.0157655 -0.075118 9.8619e-19 0.0161059 -0.0754576 1.00397e-18 0.0163917 -0.0758442 1.25551e-18 0.0205125 -0.0934577 7.76722e-19 0.0126889 -0.0948372 7.65447e-19 0.0125063 -0.0947587 2.62377e-19 0.0042843 -0.0953559 7.32921e-19 0.0119734 -0.0941873 2.81025e-19 0.00459587 -0.0946394 7.29018e-19 0.0119079 -0.0939997 2.5327e-19 0.00413836 -0.0954908 2.81363e-19 0.004595 -0.0944406 7.27088e-19 0.0118743 -0.0938038 0 0.00135 -0.0749878 8.26637e-20 0.00135 -0.0758379 1.0842e-19 0.00176985 -0.0760722 2.94605e-19 0.00481127 -0.0748455 1.31839e-19 0.00214999 -0.0763665 -2.23085e-18 -0.0364297 -0.0884759 -2.23779e-18 -0.0365486 -0.0883166 -2.70443e-18 -0.0441615 -0.0847667 -1.0272e-18 -0.0167754 -0.076723 -2.24907e-18 -0.0367287 -0.087754 -2.6615e-18 -0.0434653 -0.0844119 -2.67061e-18 -0.0436147 -0.084543 -9.8619e-19 -0.0161059 -0.0754576 -8.13047e-19 -0.0132781 -0.094881 -1.22305e-18 -0.0199739 -0.0937003 -1.20942e-18 -0.0197514 -0.118363 -8.01009e-19 -0.0130802 -0.0948992 -1.28239e-18 -0.0209324 -0.0927987 -1.72345e-18 -0.028147 -0.0906772 1.9082e-19 0.00312013 -0.0779959 1.95808e-19 0.00319779 -0.0784704 -4.06806e-19 -0.00664365 -0.119813 -2.2031e-19 -0.00359762 -0.0957288 1.51788e-19 0.0024819 -0.0767144 1.69136e-19 0.00275812 -0.077108 1.82146e-19 0.00297247 -0.0775383 2.43295e-19 0.00397216 -0.0955998 -2.32019e-19 -0.00379025 -0.0956798 -2.43295e-19 -0.00397216 -0.0955998 -7.29018e-19 -0.0119079 -0.0939997 -7.46365e-19 -0.0121921 -0.0945176 -2.81025e-19 -0.00459587 -0.0946394 -2.62377e-19 -0.0042843 -0.0953559 -7.55472e-19 -0.0123392 -0.0946512 -2.5327e-19 -0.00413836 -0.0954908 -7.27088e-19 -0.0118743 -0.0938038 -2.81363e-19 -0.004595 -0.0944406 -6.82614e-19 -0.0111436 -0.0755797 0 -0.011692 -0.074083 -7.02129e-19 -0.0114668 -0.0752238 -5.05694e-19 -0.00825861 -0.0745439 -7.24967e-19 -0.0118396 -0.0749201 -2.22392e-18 -0.0363213 -0.0672104 0 -0.0363248 -0.0656164 -2.23519e-18 -0.0365033 -0.0667653 -2.74e-18 -0.0447488 -0.0847024 -3.4972e-18 -0.0571137 -0.105537 -3.13735e-18 -0.0512369 -0.10851 -3.14766e-18 -0.051409 -0.0800429 -3.51889e-18 -0.0574629 -0.0755819 -3.52886e-18 -0.0576328 -0.075685 -1.77375e-18 -0.0289643 -0.0715144 -1.80955e-18 -0.0295522 -0.0911338 -2.20077e-18 -0.0359413 -0.0888084 -2.38585e-18 -0.0389639 -0.113498 -2.00094e-18 -0.0326778 -0.115464 -1.79804e-18 -0.0293605 -0.0911861 -2.24733e-18 -0.0367002 -0.0879507 -2.68102e-18 -0.0437837 -0.0846476 -6.41414e-19 -0.0104711 -0.0773528 -6.41534e-19 -0.010477 -0.0778335 -1.6088e-18 -0.0262736 -0.117086 -1.23556e-18 -0.0201661 -0.0936497 -6.66134e-19 -0.0108771 -0.0759799 -6.53991e-19 -0.0106734 -0.0764154 -6.45317e-19 -0.0105371 -0.0768765 -7.65447e-19 -0.0125063 -0.0947587 -1.24683e-18 -0.0203473 -0.0935681 -1.25637e-18 -0.0205125 -0.0934577 -1.28413e-18 -0.0209626 -0.0926022 -1.71738e-18 -0.0280499 -0.0905038 -1.28413e-18 -0.02096 -0.0924035 -1.27285e-18 -0.0207776 -0.0931633 -1.75077e-18 -0.0285877 -0.0910706 -1.26548e-18 -0.0206573 -0.0933215 -1.71345e-18 -0.0279827 -0.0903168 -1.28126e-18 -0.0209246 -0.092208 -1.47538e-18 -0.0240986 -0.0724964 0 -0.0243788 -0.0709273 -1.49143e-18 -0.0243551 -0.0720898 -1.29063e-18 -0.0210776 -0.0719773 -1.51057e-18 -0.0246695 -0.071726 -3.14809e-18 -0.0514151 -0.0802416 -1.82738e-18 -0.0298434 -0.0726443 -1.81322e-18 -0.0296081 -0.072225 -3.56442e-18 -0.0582102 -0.0758103 -3.13725e-18 -0.0512399 -0.0808058 -3.14289e-18 -0.0513293 -0.0806283 -4.51316e-18 -0.0737055 -0.0946969 -4.18819e-18 -0.0683983 -0.0985972 -3.59912e-18 -0.0587773 -0.075645 -2.50711e-18 -0.0409426 -0.0653984 -2.5314e-18 -0.0413434 -0.0656639 -1.79501e-18 -0.0293129 -0.0718456 -2.75108e-18 -0.0449285 -0.0846176 -3.11163e-18 -0.0508167 -0.081218 -3.54014e-18 -0.0578174 -0.0757586 -1.45413e-18 -0.0237442 -0.0743593 -1.45938e-18 -0.0238335 -0.0748318 -2.21177e-18 -0.0361218 -0.0887252 -2.7669e-18 -0.045187 -0.111164 -1.46411e-18 -0.0239057 -0.0729368 -1.4563e-18 -0.0237807 -0.0734011 -1.45283e-18 -0.0237265 -0.0738788 -1.77375e-18 -0.0289645 -0.091193 -1.7859e-18 -0.0291628 -0.091206 -1.76205e-18 -0.028771 -0.0911474 -2.22218e-18 -0.0362861 -0.0886133 -2.24386e-18 -0.0366396 -0.08814 -2.24907e-18 -0.0367243 -0.0875553 -2.24647e-18 -0.0366873 -0.08736 -2.65413e-18 -0.0433396 -0.084258 -2.64774e-18 -0.0432409 -0.0840855 -2.69229e-18 -0.0439677 -0.0847228 -2.24224e-18 -0.0366185 -0.0871736 -2.03635e-18 -0.0332561 -0.0672237 -2.25028e-18 -0.0367498 -0.0663525 -3.9491e-18 -0.0644932 -0.0706804 -5.12478e-18 -0.083694 -0.0859945 -3.94346e-18 -0.0644053 -0.0708587 -2.57204e-18 -0.0420046 -0.0663585 -2.55308e-18 -0.0417001 -0.0659864 -4.30385e-18 -0.070293 -0.0645756 -3.95387e-18 -0.0645756 -0.070293 -4.29171e-18 -0.0700944 -0.0645678 -5.40601e-18 -0.0882869 -0.0812738 -4.33854e-18 -0.0708587 -0.0644053 -4.34852e-18 -0.07102 -0.0642892 -3.16414e-18 -0.0516769 -0.0572952 -3.19146e-18 -0.0521177 -0.0574871 -3.75438e-18 -0.0613085 -0.0475636 -3.72575e-18 -0.060841 -0.0474512 -3.04826e-18 -0.0497818 -0.0572274 -3.60901e-18 -0.0589396 -0.0755303 -4.82716e-18 -0.0788336 -0.0904688 -3.95343e-18 -0.0645678 -0.0700944 -3.95083e-18 -0.0645273 -0.0698998 -4.28e-18 -0.0698998 -0.0645273 -4.26829e-18 -0.0697146 -0.0644553 -2.22218e-18 -0.0362958 -0.0691065 -2.23289e-18 -0.0364658 -0.0695563 -3.1212e-18 -0.05098 -0.0811047 -3.84954e-18 -0.0628677 -0.102211 -2.21698e-18 -0.0362078 -0.0676776 -2.21437e-18 -0.0361654 -0.0681565 -2.21611e-18 -0.0361949 -0.0686364 -2.71658e-18 -0.0443599 -0.0847779 -2.72829e-18 -0.0445575 -0.0847563 -3.13031e-18 -0.0511224 -0.0809661 -3.14635e-18 -0.0513883 -0.0804385 -3.14505e-18 -0.0513702 -0.079848 -3.14115e-18 -0.0512998 -0.0796622 -3.50978e-18 -0.0573124 -0.0754521 -3.50159e-18 -0.0571853 -0.0752993 -3.55228e-18 -0.0580117 -0.0758008 -3.13508e-18 -0.0511997 -0.0794905 -2.72019e-18 -0.0444241 -0.0604276 -2.92161e-18 -0.0477135 -0.0589629 -2.9113e-18 -0.0475425 -0.0594123 0 -0.0471671 -0.0583118 -2.90479e-18 -0.0474405 -0.0598822 -5.92158e-18 -0.0967067 -0.071046 -5.67312e-18 -0.0926491 -0.0762594 -4.6249e-18 -0.0755303 -0.0589396 -3.23854e-18 -0.0528894 -0.0580563 -3.21618e-18 -0.052525 -0.0577428 -4.92575e-18 -0.0804385 -0.0513883 -4.63865e-18 -0.0757586 -0.0578174 -4.9136e-18 -0.0802416 -0.0514151 -6.1514e-18 -0.10046 -0.0656338 -4.95784e-18 -0.0809661 -0.0511224 -4.17331e-18 -0.0681565 -0.0361654 -4.2028e-18 -0.0686364 -0.0361949 -4.14382e-18 -0.0676776 -0.0362078 -4.35729e-18 -0.0711599 -0.0641481 -4.63431e-18 -0.075685 -0.0576328 -4.90146e-18 -0.0800429 -0.051409 -4.62781e-18 -0.0755819 -0.0574629 -2.92344e-18 -0.0477446 -0.0617539 -2.93855e-18 -0.0479902 -0.0621673 -3.93609e-18 -0.0642892 -0.07102 -3.92794e-18 -0.0641481 -0.0711599 -2.90306e-18 -0.0474098 -0.060362 -2.90566e-18 -0.0474512 -0.060841 -2.9126e-18 -0.0475636 -0.0613085 -3.58828e-18 -0.0585983 -0.0757313 -3.57657e-18 -0.0584075 -0.075787 -3.94693e-18 -0.0644553 -0.0697146 -3.94042e-18 -0.0643537 -0.0695438 -4.25831e-18 -0.0695438 -0.0643537 -4.24904e-18 -0.0693921 -0.0642252 -3.93266e-18 -0.0642252 -0.0693921 -4.31599e-18 -0.0704901 -0.0645505 -3.95257e-18 -0.0645505 -0.0704901 -3.32139e-18 -0.0542424 -0.0517954 -4.44818e-18 -0.0726443 -0.0298434 -4.20582e-18 -0.0686862 -0.0301198 -4.42224e-18 -0.072225 -0.0296081 0 -0.0565763 -0.0492354 -3.50417e-18 -0.0572274 -0.0497818 -3.49894e-18 -0.057137 -0.050254 -3.49807e-18 -0.0571182 -0.0507345 -3.78126e-18 -0.0617539 -0.0477446 -3.80665e-18 -0.0621673 -0.0479902 -5.3616e-18 -0.0875553 -0.0367243 -5.37374e-18 -0.087754 -0.0367287 -5.16904e-18 -0.0844119 -0.0434653 -4.1152e-18 -0.0672104 -0.0363213 -4.40734e-18 -0.0719773 -0.0210776 -4.58212e-18 -0.0748318 -0.0238335 -4.55278e-18 -0.0743593 -0.0237442 -5.73456e-18 -0.0936497 -0.0201661 -7.21181e-18 -0.117778 -0.022972 -7.12304e-18 -0.116328 -0.0294583 -6.36433e-18 -0.103937 -0.0599698 -4.97317e-18 -0.081218 -0.0508167 -5.18133e-18 -0.0846176 -0.0449285 -4.96651e-18 -0.0811047 -0.05098 -5.38588e-18 -0.0879507 -0.0367002 -5.17685e-18 -0.084543 -0.0436147 -3.53623e-18 -0.0577428 -0.052525 -3.55492e-18 -0.0580563 -0.0528894 -3.50111e-18 -0.0571713 -0.0512123 -3.50891e-18 -0.0572952 -0.0516769 -3.52062e-18 -0.0574871 -0.0521177 -4.3277e-18 -0.0706804 -0.0644932 -4.63171e-18 -0.075645 -0.0587773 -4.63735e-18 -0.0757313 -0.0585983 -4.64039e-18 -0.075787 -0.0584075 -4.64212e-18 -0.0758103 -0.0582102 -4.64125e-18 -0.0758008 -0.0580117 -4.93702e-18 -0.0806283 -0.0513293 -4.88932e-18 -0.079848 -0.0513702 -4.61957e-18 -0.0754521 -0.0573124 -4.87804e-18 -0.0796622 -0.0512998 -4.9483e-18 -0.0808058 -0.0512399 -4.61075e-18 -0.0752993 -0.0571853 -4.86739e-18 -0.0794905 -0.0511997 -3.82166e-18 -0.0624125 -0.0415894 -4.06328e-18 -0.0663585 -0.0420046 0 -0.0642664 -0.0386631 -3.98026e-18 -0.0650025 -0.0390881 -3.97989e-18 -0.0649955 -0.0395688 -3.98336e-18 -0.0650604 -0.0400452 -5.68209e-18 -0.0927987 -0.0209324 -5.56196e-18 -0.0908322 -0.0282714 -5.55242e-18 -0.0906772 -0.028147 -5.7879e-18 -0.0945176 -0.0121921 -5.8291e-18 -0.0951988 -0.00440597 -4.43872e-18 -0.0724964 -0.0240986 -4.46605e-18 -0.0729368 -0.0239057 -4.77656e-18 -0.0779959 -0.00312013 -4.80493e-18 -0.0784704 -0.00319779 -4.58296e-18 -0.0748455 -0.00481127 -4.06292e-18 -0.0663525 -0.0367498 0 -0.0656164 -0.0363248 -4.08831e-18 -0.0667653 -0.0365033 -5.43794e-18 -0.0888084 -0.0359413 -5.58034e-18 -0.0911338 -0.0295522 -6.88193e-18 -0.11239 -0.0420443 -6.72899e-18 -0.109893 -0.0482034 -5.43315e-18 -0.0887252 -0.0361218 -5.6938e-18 -0.0929874 -0.0208701 -5.56976e-18 -0.0909645 -0.0284196 -4.0406e-18 -0.0659864 -0.0417001 -6.55686e-18 -0.107082 -0.0541597 -5.18639e-18 -0.0847024 -0.0447488 -3.99203e-18 -0.0651957 -0.0405066 -4.00418e-18 -0.0653984 -0.0409426 -4.02066e-18 -0.0656639 -0.0413434 -5.18986e-18 -0.0847563 -0.0445575 -5.19159e-18 -0.0847779 -0.0443599 -5.18335e-18 -0.0846476 -0.0437837 -5.1595e-18 -0.084258 -0.0433396 -5.34989e-18 -0.08736 -0.0366873 -5.39759e-18 -0.08814 -0.0366396 -5.40843e-18 -0.0883166 -0.0365486 -5.18812e-18 -0.0847228 -0.0439677 -5.14875e-18 -0.0840855 -0.0432409 -5.33784e-18 -0.0871736 -0.0366185 -4.34895e-18 -0.0710257 -0.0281392 0 -0.0700038 -0.0269159 -4.33984e-18 -0.0708791 -0.0276813 -4.3354e-18 -0.0708025 -0.0272067 -4.49467e-18 -0.0734011 -0.0237807 -4.5645e-18 -0.0745439 -0.00825861 -4.76593e-18 -0.0778335 -0.010477 -4.73623e-18 -0.0773528 -0.0104711 -5.8291e-18 -0.0951988 0.00440597 -5.81826e-18 -0.0950237 0.00450004 -5.78834e-18 -0.0945176 0.0121921 -4.65253e-18 -0.0759799 -0.0108771 -4.62781e-18 -0.0755797 -0.0111436 -5.80699e-18 -0.0948355 0.00456392 -5.77836e-18 -0.0943615 0.012069 -4.52373e-18 -0.0738788 -0.0237265 -5.80978e-18 -0.094881 -0.0132781 -5.73749e-18 -0.0937003 -0.0199739 -5.41798e-18 -0.0884759 -0.0364297 -5.42665e-18 -0.0886133 -0.0362861 -7.01328e-18 -0.114536 -0.0357959 -5.58321e-18 -0.0911861 -0.0293605 -4.36196e-18 -0.0712391 -0.0285701 -4.37844e-18 -0.0715144 -0.0289643 -4.39926e-18 -0.0718456 -0.0293129 -5.19029e-18 -0.0847667 -0.0441615 -5.58451e-18 -0.091206 -0.0291628 -5.58364e-18 -0.091193 -0.0289645 -5.67038e-18 -0.0926022 -0.0209626 -5.54157e-18 -0.0905038 -0.0280499 -5.57627e-18 -0.0910706 -0.0285877 -5.70464e-18 -0.0931633 -0.0207776 -5.71461e-18 -0.0933215 -0.0206573 -5.65823e-18 -0.0924035 -0.02096 -5.53031e-18 -0.0903168 -0.0279827 -5.64611e-18 -0.092208 -0.0209246 -4.56839e-18 -0.0746091 -0.0149528 -4.58227e-18 -0.074833 -0.0153782 0 -0.0736142 -0.014351 -5.58104e-18 -0.0911474 -0.028771 -5.72285e-18 -0.0934577 -0.0205125 -4.46218e-18 -0.072873 -0.017735 -4.66988e-18 -0.0762692 -0.0166166 -4.69793e-18 -0.076723 -0.0167754 -4.55883e-18 -0.0744513 -0.0144986 0 -0.0709273 -0.0243788 -4.414e-18 -0.0720898 -0.0243551 -4.67942e-18 -0.0764154 -0.0106734 -4.80493e-18 -0.0784704 0.00319779 -4.77613e-18 -0.0779959 0.00312013 -4.39195e-18 -0.071726 -0.0246695 0 -0.074083 -0.011692 -4.60612e-18 -0.0752238 -0.0114668 -4.70761e-18 -0.0768765 -0.0105371 -7.34498e-18 -0.119953 0.00333321 -5.8627e-18 -0.0957452 -0.00339957 -5.81132e-18 -0.0948992 -0.0130802 -7.2784e-18 -0.118865 -0.0164558 -4.59962e-18 -0.075118 -0.0157655 -4.62044e-18 -0.0754576 -0.0161059 -4.64385e-18 -0.0758442 -0.0163917 -5.72936e-18 -0.0935681 -0.0203473 -5.81002e-18 -0.0948844 -0.012882 -5.80742e-18 -0.0948372 -0.0126889 -5.80699e-18 -0.0948355 -0.00456392 -5.75581e-18 -0.0939997 -0.0119079 -5.83865e-18 -0.0953559 -0.0042843 -5.84732e-18 -0.0954908 -0.00413836 -5.79571e-18 -0.0946512 -0.0123392 -5.79484e-18 -0.0946394 -0.00459587 -5.74383e-18 -0.0938038 -0.0118743 -5.78282e-18 -0.0944406 -0.004595 -4.6586e-18 -0.0760722 -0.00176985 -4.67638e-18 -0.0763665 -0.00214999 0 -0.0749878 -0.00135 -5.85382e-18 -0.0955998 -0.00397216 -5.80265e-18 -0.0947587 -0.0125063 -4.64373e-18 -0.0758379 -0.00135 -5.57627e-18 -0.0910706 0.0285877 -5.6938e-18 -0.0929874 0.0208701 -5.56976e-18 -0.0909645 0.0284196 -5.58364e-18 -0.091193 0.0289645 -5.71461e-18 -0.0933215 0.0206573 -5.58104e-18 -0.0911474 0.028771 -4.6972e-18 -0.0767144 0.0024819 -7.01208e-18 -0.114516 0.0358528 -5.58451e-18 -0.091206 0.0291628 -5.58321e-18 -0.0911861 0.0293605 -4.58753e-18 -0.0749201 -0.0118396 -5.80978e-18 -0.094881 0.0132781 -7.21121e-18 -0.117768 0.0230313 -5.68209e-18 -0.0927987 0.0209324 -5.56196e-18 -0.0908322 0.0282714 -5.67038e-18 -0.0926022 0.0209626 -5.8627e-18 -0.0957452 0.00339957 -5.86163e-18 -0.0957288 0.00359762 0 -0.074083 0.011692 -4.60656e-18 -0.0752238 0.0114668 -4.62824e-18 -0.0755797 0.0111436 -4.69763e-18 -0.0767144 -0.0024819 -4.72192e-18 -0.077108 -0.00275812 -4.74837e-18 -0.0775383 -0.00297247 -5.85903e-18 -0.0956798 -0.00379025 -5.85903e-18 -0.0956798 0.00379025 -7.32278e-18 -0.11959 0.00990952 -5.85382e-18 -0.0955998 0.00397216 -5.76796e-18 -0.0941873 0.0119734 -5.79484e-18 -0.0946394 0.00459587 -5.79614e-18 -0.0946512 0.0123392 -5.83865e-18 -0.0953559 0.0042843 -5.75625e-18 -0.0939997 0.0119079 -5.78282e-18 -0.0944406 0.004595 -5.74383e-18 -0.0938038 0.0118743 -4.58753e-18 -0.0749201 0.0118396 -4.76593e-18 -0.0778335 0.010477 -4.5645e-18 -0.0745439 0.00825861 -4.73666e-18 -0.0773528 0.0104711 -4.46218e-18 -0.072873 0.017735 -4.69793e-18 -0.076723 0.0167754 -4.66988e-18 -0.0762692 0.0166166 -4.64385e-18 -0.0758442 0.0163917 -4.62044e-18 -0.0754576 0.0161059 -5.16904e-18 -0.0844119 0.0434653 -5.34945e-18 -0.08736 0.0366873 -5.1595e-18 -0.084258 0.0433396 -4.65817e-18 -0.0760722 0.00176985 -4.59962e-18 -0.075118 0.0157655 -4.58227e-18 -0.074833 0.0153782 -4.44818e-18 -0.0726443 0.0298434 -4.42224e-18 -0.072225 0.0296081 -4.64373e-18 -0.0758379 0.00135 -6.88074e-18 -0.112371 0.0421012 -5.58034e-18 -0.0911338 0.0295522 -5.37331e-18 -0.087754 0.0367287 -5.17685e-18 -0.084543 0.0436147 -5.18335e-18 -0.0846476 0.0437837 -5.36116e-18 -0.0875553 0.0367243 -5.73749e-18 -0.0937003 0.0199739 -5.73456e-18 -0.0936497 0.0201661 -4.65296e-18 -0.0759799 0.0108771 -4.67985e-18 -0.0764154 0.0106734 -4.70804e-18 -0.0768765 0.0105371 -5.72936e-18 -0.0935681 0.0203473 -7.12304e-18 -0.116328 0.0294583 -5.72285e-18 -0.0934577 0.0205125 -5.55242e-18 -0.0906772 0.028147 -5.65823e-18 -0.0924035 0.02096 -5.54157e-18 -0.0905038 0.0280499 -5.64611e-18 -0.092208 0.0209246 -5.53031e-18 -0.0903168 0.0279827 -4.55278e-18 -0.0743593 0.0237442 -4.58212e-18 -0.0748318 0.0238335 -4.40734e-18 -0.0719773 0.0210776 0 -0.0709273 0.0243788 -4.39195e-18 -0.071726 0.0246695 -4.414e-18 -0.0720898 0.0243551 -4.43872e-18 -0.0724964 0.0240986 0 -0.0736142 0.014351 -4.97317e-18 -0.081218 0.0508167 -6.36257e-18 -0.103909 0.0600226 -5.18133e-18 -0.0846176 0.0449285 -4.56839e-18 -0.0746091 0.0149528 -4.39926e-18 -0.0718456 0.0293129 -4.06328e-18 -0.0663585 0.0420046 -4.0406e-18 -0.0659864 0.0417001 -3.82166e-18 -0.0624125 0.0415894 -4.55883e-18 -0.0744513 0.0144986 -5.18639e-18 -0.0847024 0.0447488 -4.90146e-18 -0.0800429 0.051409 -4.63431e-18 -0.075685 0.0576328 -4.63865e-18 -0.0757586 0.0578174 -4.88932e-18 -0.079848 0.0513702 -5.43794e-18 -0.0888084 0.0359413 -4.46605e-18 -0.0729368 0.0239057 -4.49467e-18 -0.0734011 0.0237807 -4.52373e-18 -0.0738788 0.0237265 -5.70464e-18 -0.0931633 0.0207776 -5.41754e-18 -0.0884759 0.0364297 -5.19029e-18 -0.0847667 0.0441615 -5.408e-18 -0.0883166 0.0365486 -5.38545e-18 -0.0879507 0.0367002 -5.33784e-18 -0.0871736 0.0366185 -5.14875e-18 -0.0840855 0.0432409 -5.39716e-18 -0.08814 0.0366396 -4.08831e-18 -0.0667653 0.0365033 0 -0.0656164 0.0363248 -4.06292e-18 -0.0663525 0.0367498 -4.25909e-18 -0.0695563 0.0364658 -4.11627e-18 -0.0672237 0.0332561 -4.23142e-18 -0.0691065 0.0362958 0 -0.0700038 0.0269159 -4.1152e-18 -0.0672104 0.0363213 -4.02066e-18 -0.0656639 0.0413434 -3.98336e-18 -0.0650604 0.0400452 -3.99203e-18 -0.0651957 0.0405066 -4.00418e-18 -0.0653984 0.0409426 -4.33984e-18 -0.0708791 0.0276813 -4.3354e-18 -0.0708025 0.0272067 -5.67086e-18 -0.0926122 0.0763068 -4.6249e-18 -0.0755303 0.0589396 -4.35729e-18 -0.0711599 0.0641481 -4.63171e-18 -0.075645 0.0587773 -3.95343e-18 -0.0645678 0.0700944 -4.28e-18 -0.0698998 0.0645273 -4.96651e-18 -0.0811047 0.05098 -6.1514e-18 -0.10046 0.0656338 -4.14382e-18 -0.0676776 0.0362078 -4.17331e-18 -0.0681565 0.0361654 -4.2028e-18 -0.0686364 0.0361949 -5.18812e-18 -0.0847228 0.0439677 -4.95784e-18 -0.0809661 0.0511224 -4.9483e-18 -0.0808058 0.0512399 -4.9136e-18 -0.0802416 0.0514151 -4.62781e-18 -0.0755819 0.0574629 -4.87804e-18 -0.0796622 0.0512998 -4.61957e-18 -0.0754521 0.0573124 -4.64125e-18 -0.0758008 0.0580117 -4.64212e-18 -0.0758103 0.0582102 -4.92575e-18 -0.0804385 0.0513883 -4.86739e-18 -0.0794905 0.0511997 -3.70012e-18 -0.0604276 0.0444241 -3.80665e-18 -0.0621673 0.0479902 -4.61075e-18 -0.0752993 0.0571853 -3.66677e-18 -0.0598822 0.0474405 0 -0.0583118 0.0471671 -3.63815e-18 -0.0594123 0.0475425 -3.78126e-18 -0.0617539 0.0477446 -3.9491e-18 -0.0644932 0.0706804 -3.94346e-18 -0.0644053 0.0708587 -5.12207e-18 -0.0836498 0.0860352 -3.61044e-18 -0.0589629 0.0477135 0 -0.0642664 0.0386631 -3.32139e-18 -0.0542424 0.0517954 -3.55492e-18 -0.0580563 0.0528894 -3.5358e-18 -0.0577428 0.052525 -3.60901e-18 -0.0589396 0.0755303 -4.82446e-18 -0.0787894 0.0905095 -3.92794e-18 -0.0641481 0.0711599 -3.93609e-18 -0.0642892 0.07102 -3.97989e-18 -0.0649955 0.0395688 -3.98026e-18 -0.0650025 0.0390881 -3.4972e-18 -0.0571137 0.105537 -2.75108e-18 -0.0449285 0.0846176 -2.74e-18 -0.0447488 0.0847024 -3.52019e-18 -0.0574871 0.0521177 -3.50848e-18 -0.0572952 0.0516769 -3.52886e-18 -0.0576328 0.075685 -3.14505e-18 -0.0513702 0.079848 -4.34852e-18 -0.07102 0.0642892 -5.40601e-18 -0.0882869 0.0812738 -3.69626e-18 -0.060362 0.0474098 -3.72575e-18 -0.060841 0.0474512 -3.75438e-18 -0.0613085 0.0475636 -4.93702e-18 -0.0806283 0.0513293 -4.33854e-18 -0.0708587 0.0644053 -4.3277e-18 -0.0706804 0.0644932 -4.29171e-18 -0.0700944 0.0645678 -4.25831e-18 -0.0695438 0.0643537 -3.94042e-18 -0.0643537 0.0695438 -3.95387e-18 -0.0645756 0.070293 -3.95257e-18 -0.0645505 0.0704901 -4.30385e-18 -0.070293 0.0645756 -4.24904e-18 -0.0693921 0.0642252 -3.21618e-18 -0.052525 0.0577428 -3.23854e-18 -0.0528894 0.0580563 -3.17155e-18 -0.0517954 0.0542424 -3.93266e-18 -0.0642252 0.0693921 -3.10646e-18 -0.0507345 0.0571182 2.84217e-17 -0.0492354 0.0565763 -3.0774e-18 -0.050254 0.057137 -3.49764e-18 -0.0571182 0.0507345 -3.50067e-18 -0.0571713 0.0512123 -3.04826e-18 -0.0497818 0.0572274 -2.93855e-18 -0.0479902 0.0621673 -4.18511e-18 -0.068348 0.09863 -3.1212e-18 -0.05098 0.0811047 -3.84646e-18 -0.0628174 0.102243 2.84217e-17 -0.0565763 0.0492354 -3.4985e-18 -0.057137 0.050254 -3.50417e-18 -0.0572274 0.0497818 -2.90566e-18 -0.0474512 0.060841 -2.67061e-18 -0.0436147 0.084543 -2.24907e-18 -0.0367287 0.087754 -2.68102e-18 -0.0437837 0.0846476 -3.11163e-18 -0.0508167 0.081218 -2.24733e-18 -0.0367002 0.0879507 -3.59912e-18 -0.0587773 0.075645 -4.51316e-18 -0.0737055 0.0946969 -3.13508e-18 -0.0511997 0.0794905 -3.50978e-18 -0.0573124 0.0754521 -3.50159e-18 -0.0571853 0.0752993 -3.13551e-18 -0.0512123 0.0571713 -3.16414e-18 -0.0516769 0.0572952 -3.19146e-18 -0.0521177 0.0574871 -4.31599e-18 -0.0704901 0.0645505 -3.58828e-18 -0.0585983 0.0757313 -3.57657e-18 -0.0584075 0.075787 -3.51889e-18 -0.0574629 0.0755819 -3.14115e-18 -0.0512998 0.0796622 -3.55228e-18 -0.0580117 0.0758008 -3.14635e-18 -0.0513883 0.0804385 -3.56442e-18 -0.0582102 0.0758103 -2.42341e-18 -0.0395688 0.0649955 -2.45203e-18 -0.0400452 0.0650604 2.84217e-17 -0.0386631 0.0642664 -3.14289e-18 -0.0513293 0.0806283 -2.54662e-18 -0.0415894 0.0624125 -2.24907e-18 -0.0367243 0.0875553 -2.39345e-18 -0.0390881 0.0650025 -2.90479e-18 -0.0474405 0.0598822 -2.90306e-18 -0.0474098 0.060362 -1.72301e-18 -0.0281392 0.0710257 0 -0.0269159 0.0700038 -1.69526e-18 -0.0276813 0.0708791 2.84217e-17 -0.0471671 0.0583118 -2.9113e-18 -0.0475425 0.0594123 -2.92161e-18 -0.0477135 0.0589629 -1.28196e-18 -0.0209324 0.0927987 -1.74036e-18 -0.0284196 0.0909645 -1.73125e-18 -0.0282714 0.0908322 -2.23289e-18 -0.0364658 0.0695563 -2.20077e-18 -0.0359413 0.0888084 -2.38585e-18 -0.0389639 0.113498 -1.27806e-18 -0.0208701 0.0929874 -2.24224e-18 -0.0366185 0.0871736 -2.65413e-18 -0.0433396 0.084258 -2.64774e-18 -0.0432409 0.0840855 -2.55351e-18 -0.0417001 0.0659864 -2.57204e-18 -0.0420046 0.0663585 -2.48065e-18 -0.0405066 0.0651957 -2.50754e-18 -0.0409426 0.0653984 -2.53183e-18 -0.0413434 0.0656639 -3.13031e-18 -0.0511224 0.0809661 -3.13725e-18 -0.0512399 0.0808058 -2.72829e-18 -0.0445575 0.0847563 -3.13399e-18 -0.0511819 0.108535 -2.71658e-18 -0.0443599 0.0847779 -2.6615e-18 -0.0434653 0.0844119 -2.24647e-18 -0.0366873 0.08736 -2.69229e-18 -0.0439677 0.0847228 -2.24386e-18 -0.0366396 0.08814 -2.70443e-18 -0.0441615 0.0847667 -1.8443e-18 -0.0301198 0.0686862 -2.23779e-18 -0.0365486 0.0883166 -1.66593e-18 -0.0272067 0.0708025 -2.21481e-18 -0.0361654 0.0681565 -1.79804e-18 -0.0293605 0.0911861 -1.80955e-18 -0.0295522 0.0911338 -2.22435e-18 -0.0363213 0.0672104 -2.21741e-18 -0.0362078 0.0676776 -1.2837e-18 -0.0209626 0.0926022 0 -0.0363248 0.0656164 -2.23562e-18 -0.0365033 0.0667653 -2.25028e-18 -0.0367498 0.0663525 -8.01009e-19 -0.0130802 0.0948992 -7.88432e-19 -0.012882 0.0948844 -1.26505e-18 -0.0206573 0.0933215 -1.77375e-18 -0.0289645 0.091193 -1.76205e-18 -0.028771 0.0911474 -1.29063e-18 -0.0210776 0.0719773 -1.45938e-18 -0.0238335 0.0748318 -1.45413e-18 -0.0237442 0.0743593 -1.45283e-18 -0.0237265 0.0738788 -1.71738e-18 -0.0280499 0.0905038 -1.71345e-18 -0.0279827 0.0903168 -1.28126e-18 -0.0209246 0.092208 -1.81322e-18 -0.0296081 0.072225 -1.82738e-18 -0.0298434 0.0726443 -1.74947e-18 -0.0285701 0.0712391 -1.77375e-18 -0.0289643 0.0715144 -1.79501e-18 -0.0293129 0.0718456 -2.23085e-18 -0.0364297 0.0884759 -1.7859e-18 -0.0291628 0.091206 -1.99737e-18 -0.0326196 0.115479 -1.72345e-18 -0.028147 0.0906772 -1.2837e-18 -0.02096 0.0924035 -1.75077e-18 -0.0285877 0.0910706 -1.08595e-18 -0.017735 0.072873 -8.13047e-19 -0.0132781 0.094881 -8.87783e-19 -0.0144986 0.0744513 -9.15934e-19 -0.0149528 0.0746091 0 -0.014351 0.0736142 -7.38558e-19 -0.012069 0.0943615 -2.75387e-19 -0.00450004 0.0950237 -7.46365e-19 -0.0121921 0.0945176 -9.41521e-19 -0.0153782 0.074833 -1.47538e-18 -0.0240986 0.0724964 -1.46411e-18 -0.0239057 0.0729368 -1.4563e-18 -0.0237807 0.0734011 0 -0.0243788 0.0709273 -1.49143e-18 -0.0243551 0.0720898 -1.51057e-18 -0.0246695 0.071726 -2.08163e-19 -0.00339957 0.0957452 -2.2031e-19 -0.00359762 0.0957288 -2.79724e-19 -0.00456392 0.0948355 -5.05694e-19 -0.00825861 0.0745439 -6.41534e-19 -0.010477 0.0778335 -6.41414e-19 -0.0104711 0.0773528 -1.01742e-18 -0.0166166 0.0762692 -1.0272e-18 -0.0167754 0.076723 -9.65374e-19 -0.0157655 0.075118 -9.8619e-19 -0.0161059 0.0754576 -1.00397e-18 -0.0163917 0.0758442 -1.25594e-18 -0.0205125 0.0934577 -1.27242e-18 -0.0207776 0.0931633 -7.76722e-19 -0.0126889 0.0948372 -2.62377e-19 -0.0042843 0.0953559 -7.65447e-19 -0.0125063 0.0947587 -7.55472e-19 -0.0123392 0.0946512 -2.69749e-19 -0.00440597 0.0951988 -2.81025e-19 -0.00459587 0.0946394 -7.32921e-19 -0.0119734 0.0941873 -7.29018e-19 -0.0119079 0.0939997 -2.5327e-19 -0.00413836 0.0954908 -2.81363e-19 -0.004595 0.0944406 4.06806e-19 0.00664365 0.119813 2.08163e-19 0.00339957 0.0957452 2.2031e-19 0.00359762 0.0957288 -7.27088e-19 -0.0118743 0.0938038 0 -0.00135 0.0749878 -8.26637e-20 -0.00135 0.0758379 -1.0842e-19 -0.00176985 0.0760722 -2.94605e-19 -0.00481127 0.0748455 -6.45317e-19 -0.0105371 0.0768765 -1.31839e-19 -0.00214999 0.0763665 -6.53991e-19 -0.0106734 0.0764154 -6.66134e-19 -0.0108771 0.0759799 -6.82614e-19 -0.0111436 0.0755797 0 -0.011692 0.074083 -7.02129e-19 -0.0114668 0.0752238 -7.24967e-19 -0.0118396 0.0749201 1.9082e-19 0.00312013 0.0779959 2.94605e-19 0.00481127 0.0748455 1.95808e-19 0.00319779 0.0784704 0 -1.35973e-16 0.12 7.32921e-19 0.0119734 0.0941873 7.46365e-19 0.0121921 0.0945176 -1.9082e-19 -0.00312013 0.0779959 -1.95808e-19 -0.00319779 0.0784704 -1.51788e-19 -0.0024819 0.0767144 -1.69136e-19 -0.00275812 0.077108 -1.82146e-19 -0.00297247 0.0775383 -2.43295e-19 -0.00397216 0.0955998 2.32019e-19 0.00379025 0.0956798 2.43295e-19 0.00397216 0.0955998 8.09947e-19 0.0132274 0.119268 7.27088e-19 0.0118743 0.0938038 7.29018e-19 0.0119079 0.0939997 2.81025e-19 0.00459587 0.0946394 2.79724e-19 0.00456392 0.0948355 2.81363e-19 0.004595 0.0944406 7.55472e-19 0.0123392 0.0946512 2.5327e-19 0.00413836 0.0954908 2.62377e-19 0.0042843 0.0953559 5.05694e-19 0.00825861 0.0745439 7.02129e-19 0.0114668 0.0752238 6.82614e-19 0.0111436 0.0755797 0 0.011692 0.074083 7.24967e-19 0.0118396 0.0749201 1.82146e-19 0.00297247 0.0775383 7.76722e-19 0.0126889 0.0948372 7.88432e-19 0.012882 0.0948844 1.69136e-19 0.00275812 0.077108 1.51788e-19 0.0024819 0.0767144 1.31839e-19 0.00214999 0.0763665 0 0.00135 0.0749878 1.0842e-19 0.00176985 0.0760722 8.26637e-20 0.00135 0.0758379 1.01742e-18 0.0166166 0.0762692 1.08595e-18 0.017735 0.072873 1.0272e-18 0.0167754 0.076723 8.13047e-19 0.0132781 0.094881 8.01009e-19 0.0130802 0.0948992 1.20942e-18 0.0197514 0.118363 1.71738e-18 0.0280499 0.0905038 1.2837e-18 0.0209626 0.0926022 1.00397e-18 0.0163917 0.0758442 6.41414e-19 0.0104711 0.0773528 6.41534e-19 0.010477 0.0778335 6.66134e-19 0.0108771 0.0759799 6.53991e-19 0.0106734 0.0764154 6.45317e-19 0.0105371 0.0768765 7.65447e-19 0.0125063 0.0947587 2.00094e-18 0.0326778 0.115464 1.2464e-18 0.0203473 0.0935681 1.25594e-18 0.0205125 0.0934577 1.2837e-18 0.02096 0.0924035 1.71345e-18 0.0279827 0.0903168 1.74036e-18 0.0284196 0.0909645 1.28126e-18 0.0209246 0.092208 1.75077e-18 0.0285877 0.0910706 1.26505e-18 0.0206573 0.0933215 1.27242e-18 0.0207776 0.0931633 1.49099e-18 0.0243551 0.0720898 1.47495e-18 0.0240986 0.0724964 0 0.0243788 0.0709273 1.51057e-18 0.0246695 0.071726 1.29063e-18 0.0210776 0.0719773 9.8619e-19 0.0161059 0.0754576 9.65374e-19 0.0157655 0.075118 9.41521e-19 0.0153782 0.074833 0 0.014351 0.0736142 9.15934e-19 0.0149528 0.0746091 8.87783e-19 0.0144986 0.0744513 1.81279e-18 0.0296081 0.072225 1.8443e-18 0.0301198 0.0686862 1.82738e-18 0.0298434 0.0726443 2.38585e-18 0.0389639 0.113498 1.79804e-18 0.0293605 0.0911861 2.20077e-18 0.0359413 0.0888084 1.80955e-18 0.0295522 0.0911338 2.68102e-18 0.0437837 0.0846476 1.79457e-18 0.0293129 0.0718456 1.4537e-18 0.0237442 0.0743593 1.45938e-18 0.0238335 0.0748318 1.46367e-18 0.0239057 0.0729368 1.45587e-18 0.0237807 0.0734011 1.4524e-18 0.0237265 0.0738788 1.77375e-18 0.0289645 0.091193 1.7859e-18 0.0291628 0.091206 1.76205e-18 0.028771 0.0911474 2.21177e-18 0.0361218 0.0887252 2.7669e-18 0.045187 0.111164 2.24907e-18 0.0367243 0.0875553 2.6615e-18 0.0434653 0.0844119 2.24647e-18 0.0366873 0.08736 2.65413e-18 0.0433396 0.084258 2.64774e-18 0.0432409 0.0840855 2.24224e-18 0.0366185 0.0871736 2.23289e-18 0.0364658 0.0695563 3.14635e-18 0.0513883 0.0804385 2.23476e-18 0.0365033 0.0667653 2.22348e-18 0.0363213 0.0672104 0 0.0363248 0.0656164 2.03635e-18 0.0332561 0.0672237 1.77332e-18 0.0289643 0.0715144 1.74903e-18 0.0285701 0.0712391 1.72258e-18 0.0281392 0.0710257 0 0.0269159 0.0700038 1.69482e-18 0.0276813 0.0708791 1.66593e-18 0.0272067 0.0708025 2.55308e-18 0.0417001 0.0659864 2.54662e-18 0.0415894 0.0624125 2.57204e-18 0.0420046 0.0663585 2.25028e-18 0.0367498 0.0663525 3.55228e-18 0.0580117 0.0758008 3.95257e-18 0.0645505 0.0704901 3.95387e-18 0.0645756 0.070293 4.30385e-18 0.070293 0.0645756 2.5314e-18 0.0413434 0.0656639 2.22175e-18 0.0362958 0.0691065 2.21654e-18 0.0362078 0.0676776 2.21394e-18 0.0361654 0.0681565 2.21568e-18 0.0361949 0.0686364 3.14505e-18 0.0513702 0.079848 3.51889e-18 0.0574629 0.0755819 3.14766e-18 0.051409 0.0800429 2.70443e-18 0.0441615 0.0847667 3.11163e-18 0.0508167 0.081218 2.75108e-18 0.0449285 0.0846176 3.84954e-18 0.0628677 0.102211 3.14115e-18 0.0512998 0.0796622 3.50978e-18 0.0573124 0.0754521 3.9491e-18 0.0644932 0.0706804 4.31599e-18 0.0704901 0.0645505 3.50159e-18 0.0571853 0.0752993 4.29171e-18 0.0700944 0.0645678 3.13508e-18 0.0511997 0.0794905 2.93855e-18 0.0479902 0.0621673 2.9113e-18 0.0475425 0.0594123 2.90479e-18 0.0474405 0.0598822 0 0.0471671 0.0583118 2.92161e-18 0.0477135 0.0589629 2.50711e-18 0.0409426 0.0653984 2.48022e-18 0.0405066 0.0651957 2.4516e-18 0.0400452 0.0650604 0 0.0386631 0.0642664 2.42297e-18 0.0395688 0.0649955 2.39345e-18 0.0390881 0.0650025 2.72019e-18 0.0444241 0.0604276 3.21618e-18 0.052525 0.0577428 3.17155e-18 0.0517954 0.0542424 3.23854e-18 0.0528894 0.0580563 3.95343e-18 0.0645678 0.0700944 2.92344e-18 0.0477446 0.0617539 2.90306e-18 0.0474098 0.060362 2.90566e-18 0.0474512 0.060841 2.9126e-18 0.0475636 0.0613085 4.24904e-18 0.0693921 0.0642252 4.25831e-18 0.0695438 0.0643537 3.94042e-18 0.0643537 0.0695438 3.57657e-18 0.0584075 0.075787 3.58828e-18 0.0585983 0.0757313 3.59912e-18 0.0587773 0.075645 3.92794e-18 0.0641481 0.0711599 3.94346e-18 0.0644053 0.0708587 3.95083e-18 0.0645273 0.0698998 4.28e-18 0.0698998 0.0645273 3.94693e-18 0.0644553 0.0697146 4.26829e-18 0.0697146 0.0644553 3.93266e-18 0.0642252 0.0693921 3.55492e-18 0.0580563 0.0528894 3.19146e-18 0.0521177 0.0574871 3.16414e-18 0.0516769 0.0572952 3.10646e-18 0.0507345 0.0571182 0 0.0492354 0.0565763 3.13551e-18 0.0512123 0.0571713 3.0774e-18 0.050254 0.057137 3.04826e-18 0.0497818 0.0572274 3.32139e-18 0.0542424 0.0517954 3.49764e-18 0.0571182 0.0507345 3.50848e-18 0.0572952 0.0516769 3.50067e-18 0.0571713 0.0512123 3.5358e-18 0.0577428 0.052525 3.52019e-18 0.0574871 0.0521177 -4.64373e-18 -0.0758379 0.00135 0.25 -0.0749878 0.00135 0 -0.0749878 0.00135 0.25 -0.0758379 0.00135 -4.72148e-18 -0.077108 0.00275812 -4.74794e-18 -0.0775383 0.00297247 0.25 -0.077108 0.00275812 0.25 -0.0775383 0.00297247 -4.77613e-18 -0.0779959 0.00312013 -4.80493e-18 -0.0784704 0.00319779 0.25 -0.0779959 0.00312013 0.25 -0.0784704 0.00319779 0.25 -0.0767144 0.0024819 -4.6972e-18 -0.0767144 0.0024819 0.25 -0.0763665 0.00214999 -4.67595e-18 -0.0763665 0.00214999 0.25 -0.0760722 0.00176985 -4.65817e-18 -0.0760722 0.00176985 0.25 -0.0758379 0.00135 -4.64373e-18 -0.0758379 0.00135 -5.78282e-18 -0.0944406 0.004595 0.25 -0.0784704 0.00319779 -4.80493e-18 -0.0784704 0.00319779 0.25 -0.0944406 0.004595 0.25 -0.0956798 0.00379025 -5.85903e-18 -0.0956798 0.00379025 -5.86163e-18 -0.0957288 0.00359762 -5.8627e-18 -0.0957452 0.00339957 0.25 -0.0957452 0.00339957 0.25 -0.0957288 0.00359762 -5.84732e-18 -0.0954908 0.00413836 0.25 -0.0953559 0.0042843 -5.83865e-18 -0.0953559 0.0042843 0.25 -0.0954908 0.00413836 -5.85382e-18 -0.0955998 0.00397216 0.25 -0.0955998 0.00397216 0.25 -0.0948355 0.00456392 -5.80699e-18 -0.0948355 0.00456392 -5.81826e-18 -0.0950237 0.00450004 0.25 -0.0950237 0.00450004 -5.8291e-18 -0.0951988 0.00440597 0.25 -0.0951988 0.00440597 0.25 -0.0946394 0.00459587 -5.79484e-18 -0.0946394 0.00459587 -5.78282e-18 -0.0944406 0.004595 0.25 -0.0944406 0.004595 -5.8627e-18 -0.0957452 -0.00339957 0.25 -0.0957452 0.00339957 -5.8627e-18 -0.0957452 0.00339957 0.25 -0.0957452 -0.00339957 0.25 -0.0951988 -0.00440597 0.25 -0.0953559 -0.0042843 -5.8291e-18 -0.0951988 -0.00440597 -5.81826e-18 -0.0950237 -0.00450004 0.25 -0.0950237 -0.00450004 -5.80699e-18 -0.0948355 -0.00456392 0.25 -0.0948355 -0.00456392 0.25 -0.0946394 -0.00459587 -5.79484e-18 -0.0946394 -0.00459587 -5.78282e-18 -0.0944406 -0.004595 0.25 -0.0944406 -0.004595 -5.83865e-18 -0.0953559 -0.0042843 0.25 -0.0954908 -0.00413836 -5.84732e-18 -0.0954908 -0.00413836 0.25 -0.0955998 -0.00397216 0.25 -0.0956798 -0.00379025 -5.85382e-18 -0.0955998 -0.00397216 0.25 -0.0957288 -0.00359762 -5.85903e-18 -0.0956798 -0.00379025 -5.86163e-18 -0.0957288 -0.00359762 0.25 -0.0957452 -0.00339957 -5.8627e-18 -0.0957452 -0.00339957 -5.78282e-18 -0.0944406 -0.004595 -4.80493e-18 -0.0784704 -0.00319779 0.25 -0.0784704 -0.00319779 0.25 -0.0944406 -0.004595 0.25 -0.0763665 -0.00214999 -4.67638e-18 -0.0763665 -0.00214999 -4.6586e-18 -0.0760722 -0.00176985 -4.64373e-18 -0.0758379 -0.00135 0.25 -0.0758379 -0.00135 0.25 -0.0760722 -0.00176985 -4.72192e-18 -0.077108 -0.00275812 0.25 -0.0775383 -0.00297247 -4.74837e-18 -0.0775383 -0.00297247 0.25 -0.077108 -0.00275812 -4.69763e-18 -0.0767144 -0.0024819 0.25 -0.0767144 -0.0024819 -4.77656e-18 -0.0779959 -0.00312013 0.25 -0.0779959 -0.00312013 0.25 -0.0784704 -0.00319779 -4.80493e-18 -0.0784704 -0.00319779 -4.64373e-18 -0.0758379 -0.00135 0 -0.0749878 -0.00135 0.25 -0.0749878 -0.00135 0.25 -0.0758379 -0.00135 -4.55883e-18 -0.0744513 0.0144986 0.25 -0.0736142 0.014351 0 -0.0736142 0.014351 0.25 -0.0744513 0.0144986 -4.62044e-18 -0.0754576 0.0161059 -4.64385e-18 -0.0758442 0.0163917 0.25 -0.0754576 0.0161059 0.25 -0.0758442 0.0163917 -4.66988e-18 -0.0762692 0.0166166 -4.69793e-18 -0.076723 0.0167754 0.25 -0.0762692 0.0166166 0.25 -0.076723 0.0167754 0.25 -0.075118 0.0157655 -4.59962e-18 -0.075118 0.0157655 0.25 -0.074833 0.0153782 -4.58227e-18 -0.074833 0.0153782 0.25 -0.0746091 0.0149528 -4.56839e-18 -0.0746091 0.0149528 0.25 -0.0744513 0.0144986 -4.55883e-18 -0.0744513 0.0144986 -5.64611e-18 -0.092208 0.0209246 0.25 -0.076723 0.0167754 -4.69793e-18 -0.076723 0.0167754 0.25 -0.092208 0.0209246 0.25 -0.0935681 0.0203473 -5.72936e-18 -0.0935681 0.0203473 -5.73456e-18 -0.0936497 0.0201661 -5.73749e-18 -0.0937003 0.0199739 0.25 -0.0937003 0.0199739 0.25 -0.0936497 0.0201661 -5.71461e-18 -0.0933215 0.0206573 0.25 -0.0931633 0.0207776 -5.70464e-18 -0.0931633 0.0207776 0.25 -0.0933215 0.0206573 -5.72285e-18 -0.0934577 0.0205125 0.25 -0.0934577 0.0205125 0.25 -0.0926022 0.0209626 -5.67038e-18 -0.0926022 0.0209626 -5.68209e-18 -0.0927987 0.0209324 0.25 -0.0927987 0.0209324 -5.6938e-18 -0.0929874 0.0208701 0.25 -0.0929874 0.0208701 0.25 -0.0924035 0.02096 -5.65823e-18 -0.0924035 0.02096 -5.64611e-18 -0.092208 0.0209246 0.25 -0.092208 0.0209246 -5.80978e-18 -0.094881 0.0132781 0.25 -0.0937003 0.0199739 -5.73749e-18 -0.0937003 0.0199739 0.25 -0.094881 0.0132781 0.25 -0.0945176 0.0121921 0.25 -0.0946512 0.0123392 -5.78834e-18 -0.0945176 0.0121921 -5.77836e-18 -0.0943615 0.012069 0.25 -0.0943615 0.012069 -5.76796e-18 -0.0941873 0.0119734 0.25 -0.0941873 0.0119734 0.25 -0.0939997 0.0119079 -5.75625e-18 -0.0939997 0.0119079 -5.74383e-18 -0.0938038 0.0118743 0.25 -0.0938038 0.0118743 -5.79614e-18 -0.0946512 0.0123392 0.25 -0.0947587 0.0125063 -5.80308e-18 -0.0947587 0.0125063 0.25 -0.0948372 0.0126889 0.25 -0.0948844 0.012882 -5.80785e-18 -0.0948372 0.0126889 0.25 -0.0948992 0.0130802 -5.81046e-18 -0.0948844 0.012882 -5.81176e-18 -0.0948992 0.0130802 0.25 -0.094881 0.0132781 -5.80978e-18 -0.094881 0.0132781 -5.74383e-18 -0.0938038 0.0118743 -4.76593e-18 -0.0778335 0.010477 0.25 -0.0778335 0.010477 0.25 -0.0938038 0.0118743 -4.58753e-18 -0.0749201 0.0118396 0 -0.074083 0.011692 0.25 -0.074083 0.011692 0.25 -0.0749201 0.0118396 0.25 -0.0755797 0.0111436 -4.62824e-18 -0.0755797 0.0111436 -4.60656e-18 -0.0752238 0.0114668 -4.58753e-18 -0.0749201 0.0118396 0.25 -0.0749201 0.0118396 0.25 -0.0752238 0.0114668 -4.67985e-18 -0.0764154 0.0106734 0.25 -0.0768765 0.0105371 -4.70804e-18 -0.0768765 0.0105371 0.25 -0.0764154 0.0106734 -4.65296e-18 -0.0759799 0.0108771 0.25 -0.0759799 0.0108771 -4.73666e-18 -0.0773528 0.0104711 0.25 -0.0773528 0.0104711 0.25 -0.0778335 0.010477 -4.76593e-18 -0.0778335 0.010477 -3.98026e-18 -0.0650025 0.0390881 0.25 -0.0642664 0.0386631 0 -0.0642664 0.0386631 0.25 -0.0650025 0.0390881 -4.00418e-18 -0.0653984 0.0409426 -4.02066e-18 -0.0656639 0.0413434 0.25 -0.0653984 0.0409426 0.25 -0.0656639 0.0413434 -4.0406e-18 -0.0659864 0.0417001 -4.06328e-18 -0.0663585 0.0420046 0.25 -0.0659864 0.0417001 0.25 -0.0663585 0.0420046 0.25 -0.0651957 0.0405066 -3.99203e-18 -0.0651957 0.0405066 0.25 -0.0650604 0.0400452 -3.98336e-18 -0.0650604 0.0400452 0.25 -0.0649955 0.0395688 -3.97989e-18 -0.0649955 0.0395688 0.25 -0.0650025 0.0390881 -3.98026e-18 -0.0650025 0.0390881 -4.86739e-18 -0.0794905 0.0511997 0.25 -0.0663585 0.0420046 -4.06328e-18 -0.0663585 0.0420046 0.25 -0.0794905 0.0511997 0.25 -0.0809661 0.0511224 -4.95784e-18 -0.0809661 0.0511224 -4.96651e-18 -0.0811047 0.05098 -4.97317e-18 -0.081218 0.0508167 0.25 -0.081218 0.0508167 0.25 -0.0811047 0.05098 -4.93702e-18 -0.0806283 0.0513293 0.25 -0.0804385 0.0513883 -4.92575e-18 -0.0804385 0.0513883 0.25 -0.0806283 0.0513293 -4.9483e-18 -0.0808058 0.0512399 0.25 -0.0808058 0.0512399 0.25 -0.079848 0.0513702 -4.88932e-18 -0.079848 0.0513702 -4.90146e-18 -0.0800429 0.051409 0.25 -0.0800429 0.051409 -4.9136e-18 -0.0802416 0.0514151 0.25 -0.0802416 0.0514151 0.25 -0.0796622 0.0512998 -4.87804e-18 -0.0796622 0.0512998 -4.86739e-18 -0.0794905 0.0511997 0.25 -0.0794905 0.0511997 -5.18133e-18 -0.0846176 0.0449285 0.25 -0.081218 0.0508167 -4.97317e-18 -0.081218 0.0508167 0.25 -0.0846176 0.0449285 0.25 -0.0846476 0.0437837 0.25 -0.0847228 0.0439677 -5.18335e-18 -0.0846476 0.0437837 -5.17685e-18 -0.084543 0.0436147 0.25 -0.084543 0.0436147 -5.16904e-18 -0.0844119 0.0434653 0.25 -0.0844119 0.0434653 0.25 -0.084258 0.0433396 -5.1595e-18 -0.084258 0.0433396 -5.14875e-18 -0.0840855 0.0432409 0.25 -0.0840855 0.0432409 -5.18812e-18 -0.0847228 0.0439677 0.25 -0.0847667 0.0441615 -5.19029e-18 -0.0847667 0.0441615 0.25 -0.0847779 0.0443599 0.25 -0.0847563 0.0445575 -5.19159e-18 -0.0847779 0.0443599 0.25 -0.0847024 0.0447488 -5.18986e-18 -0.0847563 0.0445575 -5.18639e-18 -0.0847024 0.0447488 0.25 -0.0846176 0.0449285 -5.18133e-18 -0.0846176 0.0449285 -5.14875e-18 -0.0840855 0.0432409 -4.25909e-18 -0.0695563 0.0364658 0.25 -0.0695563 0.0364658 0.25 -0.0840855 0.0432409 -4.06292e-18 -0.0663525 0.0367498 0 -0.0656164 0.0363248 0.25 -0.0656164 0.0363248 0.25 -0.0663525 0.0367498 0.25 -0.0672104 0.0363213 -4.1152e-18 -0.0672104 0.0363213 -4.08831e-18 -0.0667653 0.0365033 -4.06292e-18 -0.0663525 0.0367498 0.25 -0.0663525 0.0367498 0.25 -0.0667653 0.0365033 -4.17331e-18 -0.0681565 0.0361654 0.25 -0.0686364 0.0361949 -4.2028e-18 -0.0686364 0.0361949 0.25 -0.0681565 0.0361654 -4.14382e-18 -0.0676776 0.0362078 0.25 -0.0676776 0.0362078 -4.23142e-18 -0.0691065 0.0362958 0.25 -0.0691065 0.0362958 0.25 -0.0695563 0.0364658 -4.25909e-18 -0.0695563 0.0364658 -4.3354e-18 -0.0708025 0.0272067 0.25 -0.0700038 0.0269159 0 -0.0700038 0.0269159 0.25 -0.0708025 0.0272067 -4.37844e-18 -0.0715144 0.0289643 -4.39926e-18 -0.0718456 0.0293129 0.25 -0.0715144 0.0289643 0.25 -0.0718456 0.0293129 -4.42224e-18 -0.072225 0.0296081 -4.44818e-18 -0.0726443 0.0298434 0.25 -0.072225 0.0296081 0.25 -0.0726443 0.0298434 0.25 -0.0712391 0.0285701 -4.36196e-18 -0.0712391 0.0285701 0.25 -0.0710257 0.0281392 -4.34895e-18 -0.0710257 0.0281392 0.25 -0.0708791 0.0276813 -4.33984e-18 -0.0708791 0.0276813 0.25 -0.0708025 0.0272067 -4.3354e-18 -0.0708025 0.0272067 -5.33784e-18 -0.0871736 0.0366185 0.25 -0.0726443 0.0298434 -4.44818e-18 -0.0726443 0.0298434 0.25 -0.0871736 0.0366185 0.25 -0.0886133 0.0362861 -5.42622e-18 -0.0886133 0.0362861 -5.43272e-18 -0.0887252 0.0361218 -5.43794e-18 -0.0888084 0.0359413 0.25 -0.0888084 0.0359413 0.25 -0.0887252 0.0361218 -5.408e-18 -0.0883166 0.0365486 0.25 -0.08814 0.0366396 -5.39716e-18 -0.08814 0.0366396 0.25 -0.0883166 0.0365486 -5.41754e-18 -0.0884759 0.0364297 0.25 -0.0884759 0.0364297 0.25 -0.0875553 0.0367243 -5.36116e-18 -0.0875553 0.0367243 -5.37331e-18 -0.087754 0.0367287 0.25 -0.087754 0.0367287 -5.38545e-18 -0.0879507 0.0367002 0.25 -0.0879507 0.0367002 0.25 -0.08736 0.0366873 -5.34945e-18 -0.08736 0.0366873 -5.33784e-18 -0.0871736 0.0366185 0.25 -0.0871736 0.0366185 -5.58034e-18 -0.0911338 0.0295522 0.25 -0.0888084 0.0359413 -5.43794e-18 -0.0888084 0.0359413 0.25 -0.0911338 0.0295522 0.25 -0.0909645 0.0284196 0.25 -0.0910706 0.0285877 -5.56976e-18 -0.0909645 0.0284196 -5.56196e-18 -0.0908322 0.0282714 0.25 -0.0908322 0.0282714 -5.55242e-18 -0.0906772 0.028147 0.25 -0.0906772 0.028147 0.25 -0.0905038 0.0280499 -5.54157e-18 -0.0905038 0.0280499 -5.53031e-18 -0.0903168 0.0279827 0.25 -0.0903168 0.0279827 -5.57627e-18 -0.0910706 0.0285877 0.25 -0.0911474 0.028771 -5.58104e-18 -0.0911474 0.028771 0.25 -0.091193 0.0289645 0.25 -0.091206 0.0291628 -5.58364e-18 -0.091193 0.0289645 0.25 -0.0911861 0.0293605 -5.58451e-18 -0.091206 0.0291628 -5.58321e-18 -0.0911861 0.0293605 0.25 -0.0911338 0.0295522 -5.58034e-18 -0.0911338 0.0295522 -5.53031e-18 -0.0903168 0.0279827 -4.58212e-18 -0.0748318 0.0238335 0.25 -0.0748318 0.0238335 0.25 -0.0903168 0.0279827 -4.39195e-18 -0.071726 0.0246695 0 -0.0709273 0.0243788 0.25 -0.0709273 0.0243788 0.25 -0.071726 0.0246695 0.25 -0.0724964 0.0240986 -4.43872e-18 -0.0724964 0.0240986 -4.414e-18 -0.0720898 0.0243551 -4.39195e-18 -0.071726 0.0246695 0.25 -0.071726 0.0246695 0.25 -0.0720898 0.0243551 -4.49467e-18 -0.0734011 0.0237807 0.25 -0.0738788 0.0237265 -4.52373e-18 -0.0738788 0.0237265 0.25 -0.0734011 0.0237807 -4.46605e-18 -0.0729368 0.0239057 0.25 -0.0729368 0.0239057 -4.55278e-18 -0.0743593 0.0237442 0.25 -0.0743593 0.0237442 0.25 -0.0748318 0.0238335 -4.58212e-18 -0.0748318 0.0238335 -2.39345e-18 -0.0390881 -0.0650025 0.25 -0.0386631 -0.0642664 0 -0.0386631 -0.0642664 0.25 -0.0390881 -0.0650025 -2.50711e-18 -0.0409426 -0.0653984 -2.5314e-18 -0.0413434 -0.0656639 0.25 -0.0409426 -0.0653984 0.25 -0.0413434 -0.0656639 -2.55308e-18 -0.0417001 -0.0659864 -2.57204e-18 -0.0420046 -0.0663585 0.25 -0.0417001 -0.0659864 0.25 -0.0420046 -0.0663585 0.25 -0.0405066 -0.0651957 -2.48022e-18 -0.0405066 -0.0651957 0.25 -0.0400452 -0.0650604 -2.4516e-18 -0.0400452 -0.0650604 0.25 -0.0395688 -0.0649955 -2.42297e-18 -0.0395688 -0.0649955 0.25 -0.0390881 -0.0650025 -2.39345e-18 -0.0390881 -0.0650025 -3.13508e-18 -0.0511997 -0.0794905 0.25 -0.0420046 -0.0663585 -2.57204e-18 -0.0420046 -0.0663585 0.25 -0.0511997 -0.0794905 0.25 -0.0511224 -0.0809661 -3.13031e-18 -0.0511224 -0.0809661 -3.1212e-18 -0.05098 -0.0811047 -3.11163e-18 -0.0508167 -0.081218 0.25 -0.0508167 -0.081218 0.25 -0.05098 -0.0811047 -3.14289e-18 -0.0513293 -0.0806283 0.25 -0.0513883 -0.0804385 -3.14635e-18 -0.0513883 -0.0804385 0.25 -0.0513293 -0.0806283 -3.13725e-18 -0.0512399 -0.0808058 0.25 -0.0512399 -0.0808058 0.25 -0.0513702 -0.079848 -3.14505e-18 -0.0513702 -0.079848 -3.14766e-18 -0.051409 -0.0800429 0.25 -0.051409 -0.0800429 -3.14809e-18 -0.0514151 -0.0802416 0.25 -0.0514151 -0.0802416 0.25 -0.0512998 -0.0796622 -3.14115e-18 -0.0512998 -0.0796622 -3.13508e-18 -0.0511997 -0.0794905 0.25 -0.0511997 -0.0794905 -2.75108e-18 -0.0449285 -0.0846176 0.25 -0.0508167 -0.081218 -3.11163e-18 -0.0508167 -0.081218 0.25 -0.0449285 -0.0846176 0.25 -0.0437837 -0.0846476 0.25 -0.0439677 -0.0847228 -2.68102e-18 -0.0437837 -0.0846476 -2.67061e-18 -0.0436147 -0.084543 0.25 -0.0436147 -0.084543 -2.6615e-18 -0.0434653 -0.0844119 0.25 -0.0434653 -0.0844119 0.25 -0.0433396 -0.084258 -2.65413e-18 -0.0433396 -0.084258 -2.64774e-18 -0.0432409 -0.0840855 0.25 -0.0432409 -0.0840855 -2.69229e-18 -0.0439677 -0.0847228 0.25 -0.0441615 -0.0847667 -2.70443e-18 -0.0441615 -0.0847667 0.25 -0.0443599 -0.0847779 0.25 -0.0445575 -0.0847563 -2.71658e-18 -0.0443599 -0.0847779 0.25 -0.0447488 -0.0847024 -2.72829e-18 -0.0445575 -0.0847563 -2.74e-18 -0.0447488 -0.0847024 0.25 -0.0449285 -0.0846176 -2.75108e-18 -0.0449285 -0.0846176 -2.64774e-18 -0.0432409 -0.0840855 -2.23289e-18 -0.0364658 -0.0695563 0.25 -0.0364658 -0.0695563 0.25 -0.0432409 -0.0840855 -2.25028e-18 -0.0367498 -0.0663525 0 -0.0363248 -0.0656164 0.25 -0.0363248 -0.0656164 0.25 -0.0367498 -0.0663525 0.25 -0.0363213 -0.0672104 -2.22392e-18 -0.0363213 -0.0672104 -2.23519e-18 -0.0365033 -0.0667653 -2.25028e-18 -0.0367498 -0.0663525 0.25 -0.0367498 -0.0663525 0.25 -0.0365033 -0.0667653 -2.21437e-18 -0.0361654 -0.0681565 0.25 -0.0361949 -0.0686364 -2.21611e-18 -0.0361949 -0.0686364 0.25 -0.0361654 -0.0681565 -2.21698e-18 -0.0362078 -0.0676776 0.25 -0.0362078 -0.0676776 -2.22218e-18 -0.0362958 -0.0691065 0.25 -0.0362958 -0.0691065 0.25 -0.0364658 -0.0695563 -2.23289e-18 -0.0364658 -0.0695563 -3.04826e-18 -0.0497818 -0.0572274 0.25 -0.0492354 -0.0565763 0 -0.0492354 -0.0565763 0.25 -0.0497818 -0.0572274 -3.16414e-18 -0.0516769 -0.0572952 -3.19146e-18 -0.0521177 -0.0574871 0.25 -0.0516769 -0.0572952 0.25 -0.0521177 -0.0574871 -3.21618e-18 -0.052525 -0.0577428 -3.23854e-18 -0.0528894 -0.0580563 0.25 -0.052525 -0.0577428 0.25 -0.0528894 -0.0580563 0.25 -0.0512123 -0.0571713 -3.13551e-18 -0.0512123 -0.0571713 0.25 -0.0507345 -0.0571182 -3.10646e-18 -0.0507345 -0.0571182 0.25 -0.050254 -0.057137 -3.0774e-18 -0.050254 -0.057137 0.25 -0.0497818 -0.0572274 -3.04826e-18 -0.0497818 -0.0572274 -3.93266e-18 -0.0642252 -0.0693921 0.25 -0.0528894 -0.0580563 -3.23854e-18 -0.0528894 -0.0580563 0.25 -0.0642252 -0.0693921 0.25 -0.0644053 -0.0708587 -3.94346e-18 -0.0644053 -0.0708587 -3.93609e-18 -0.0642892 -0.07102 -3.92794e-18 -0.0641481 -0.0711599 0.25 -0.0641481 -0.0711599 0.25 -0.0642892 -0.07102 -3.95257e-18 -0.0645505 -0.0704901 0.25 -0.0645756 -0.070293 -3.95387e-18 -0.0645756 -0.070293 0.25 -0.0645505 -0.0704901 -3.9491e-18 -0.0644932 -0.0706804 0.25 -0.0644932 -0.0706804 0.25 -0.0644553 -0.0697146 -3.94693e-18 -0.0644553 -0.0697146 -3.95083e-18 -0.0645273 -0.0698998 0.25 -0.0645273 -0.0698998 -3.95343e-18 -0.0645678 -0.0700944 0.25 -0.0645678 -0.0700944 0.25 -0.0643537 -0.0695438 -3.94042e-18 -0.0643537 -0.0695438 -3.93266e-18 -0.0642252 -0.0693921 0.25 -0.0642252 -0.0693921 -3.60901e-18 -0.0589396 -0.0755303 0.25 -0.0641481 -0.0711599 -3.92794e-18 -0.0641481 -0.0711599 0.25 -0.0589396 -0.0755303 0.25 -0.0578174 -0.0757586 0.25 -0.0580117 -0.0758008 -3.54014e-18 -0.0578174 -0.0757586 -3.52886e-18 -0.0576328 -0.075685 0.25 -0.0576328 -0.075685 -3.51889e-18 -0.0574629 -0.0755819 0.25 -0.0574629 -0.0755819 0.25 -0.0573124 -0.0754521 -3.50978e-18 -0.0573124 -0.0754521 -3.50159e-18 -0.0571853 -0.0752993 0.25 -0.0571853 -0.0752993 -3.55228e-18 -0.0580117 -0.0758008 0.25 -0.0582102 -0.0758103 -3.56442e-18 -0.0582102 -0.0758103 0.25 -0.0584075 -0.075787 0.25 -0.0585983 -0.0757313 -3.57657e-18 -0.0584075 -0.075787 0.25 -0.0587773 -0.075645 -3.58828e-18 -0.0585983 -0.0757313 -3.59912e-18 -0.0587773 -0.075645 0.25 -0.0589396 -0.0755303 -3.60901e-18 -0.0589396 -0.0755303 -3.50159e-18 -0.0571853 -0.0752993 -2.93855e-18 -0.0479902 -0.0621673 0.25 -0.0479902 -0.0621673 0.25 -0.0571853 -0.0752993 -2.92161e-18 -0.0477135 -0.0589629 0 -0.0471671 -0.0583118 0.25 -0.0471671 -0.0583118 0.25 -0.0477135 -0.0589629 0.25 -0.0474405 -0.0598822 -2.90479e-18 -0.0474405 -0.0598822 -2.9113e-18 -0.0475425 -0.0594123 -2.92161e-18 -0.0477135 -0.0589629 0.25 -0.0477135 -0.0589629 0.25 -0.0475425 -0.0594123 -2.90566e-18 -0.0474512 -0.060841 0.25 -0.0475636 -0.0613085 -2.9126e-18 -0.0475636 -0.0613085 0.25 -0.0474512 -0.060841 -2.90306e-18 -0.0474098 -0.060362 0.25 -0.0474098 -0.060362 -2.92344e-18 -0.0477446 -0.0617539 0.25 -0.0477446 -0.0617539 0.25 -0.0479902 -0.0621673 -2.93855e-18 -0.0479902 -0.0621673 -1.66593e-18 -0.0272067 -0.0708025 0.25 -0.0269159 -0.0700038 0 -0.0269159 -0.0700038 0.25 -0.0272067 -0.0708025 -1.77375e-18 -0.0289643 -0.0715144 -1.79501e-18 -0.0293129 -0.0718456 0.25 -0.0289643 -0.0715144 0.25 -0.0293129 -0.0718456 -1.81322e-18 -0.0296081 -0.072225 -1.82738e-18 -0.0298434 -0.0726443 0.25 -0.0296081 -0.072225 0.25 -0.0298434 -0.0726443 0.25 -0.0285701 -0.0712391 -1.74947e-18 -0.0285701 -0.0712391 0.25 -0.0281392 -0.0710257 -1.72301e-18 -0.0281392 -0.0710257 0.25 -0.0276813 -0.0708791 -1.69526e-18 -0.0276813 -0.0708791 0.25 -0.0272067 -0.0708025 -1.66593e-18 -0.0272067 -0.0708025 -2.24224e-18 -0.0366185 -0.0871736 0.25 -0.0298434 -0.0726443 -1.82738e-18 -0.0298434 -0.0726443 0.25 -0.0366185 -0.0871736 0.25 -0.0362861 -0.0886133 -2.22218e-18 -0.0362861 -0.0886133 -2.21177e-18 -0.0361218 -0.0887252 -2.20077e-18 -0.0359413 -0.0888084 0.25 -0.0359413 -0.0888084 0.25 -0.0361218 -0.0887252 -2.23779e-18 -0.0365486 -0.0883166 0.25 -0.0366396 -0.08814 -2.24386e-18 -0.0366396 -0.08814 0.25 -0.0365486 -0.0883166 -2.23085e-18 -0.0364297 -0.0884759 0.25 -0.0364297 -0.0884759 0.25 -0.0367243 -0.0875553 -2.24907e-18 -0.0367243 -0.0875553 -2.24907e-18 -0.0367287 -0.087754 0.25 -0.0367287 -0.087754 -2.24733e-18 -0.0367002 -0.0879507 0.25 -0.0367002 -0.0879507 0.25 -0.0366873 -0.08736 -2.24647e-18 -0.0366873 -0.08736 -2.24224e-18 -0.0366185 -0.0871736 0.25 -0.0366185 -0.0871736 -1.80955e-18 -0.0295522 -0.0911338 0.25 -0.0359413 -0.0888084 -2.20077e-18 -0.0359413 -0.0888084 0.25 -0.0295522 -0.0911338 0.25 -0.0284196 -0.0909645 0.25 -0.0285877 -0.0910706 -1.74036e-18 -0.0284196 -0.0909645 -1.73125e-18 -0.0282714 -0.0908322 0.25 -0.0282714 -0.0908322 -1.72345e-18 -0.028147 -0.0906772 0.25 -0.028147 -0.0906772 0.25 -0.0280499 -0.0905038 -1.71738e-18 -0.0280499 -0.0905038 -1.71345e-18 -0.0279827 -0.0903168 0.25 -0.0279827 -0.0903168 -1.75077e-18 -0.0285877 -0.0910706 0.25 -0.028771 -0.0911474 -1.76205e-18 -0.028771 -0.0911474 0.25 -0.0289645 -0.091193 0.25 -0.0291628 -0.091206 -1.77375e-18 -0.0289645 -0.091193 0.25 -0.0293605 -0.0911861 -1.7859e-18 -0.0291628 -0.091206 -1.79804e-18 -0.0293605 -0.0911861 0.25 -0.0295522 -0.0911338 -1.80955e-18 -0.0295522 -0.0911338 -1.71345e-18 -0.0279827 -0.0903168 -1.45938e-18 -0.0238335 -0.0748318 0.25 -0.0238335 -0.0748318 0.25 -0.0279827 -0.0903168 -1.51057e-18 -0.0246695 -0.071726 0 -0.0243788 -0.0709273 0.25 -0.0243788 -0.0709273 0.25 -0.0246695 -0.071726 0.25 -0.0240986 -0.0724964 -1.47538e-18 -0.0240986 -0.0724964 -1.49143e-18 -0.0243551 -0.0720898 -1.51057e-18 -0.0246695 -0.071726 0.25 -0.0246695 -0.071726 0.25 -0.0243551 -0.0720898 -1.4563e-18 -0.0237807 -0.0734011 0.25 -0.0237265 -0.0738788 -1.45283e-18 -0.0237265 -0.0738788 0.25 -0.0237807 -0.0734011 -1.46411e-18 -0.0239057 -0.0729368 0.25 -0.0239057 -0.0729368 -1.45413e-18 -0.0237442 -0.0743593 0.25 -0.0237442 -0.0743593 0.25 -0.0238335 -0.0748318 -1.45938e-18 -0.0238335 -0.0748318 -8.87783e-19 -0.0144986 -0.0744513 0.25 -0.014351 -0.0736142 0 -0.014351 -0.0736142 0.25 -0.0144986 -0.0744513 -9.8619e-19 -0.0161059 -0.0754576 -1.00397e-18 -0.0163917 -0.0758442 0.25 -0.0161059 -0.0754576 0.25 -0.0163917 -0.0758442 -1.01742e-18 -0.0166166 -0.0762692 -1.0272e-18 -0.0167754 -0.076723 0.25 -0.0166166 -0.0762692 0.25 -0.0167754 -0.076723 0.25 -0.0157655 -0.075118 -9.65374e-19 -0.0157655 -0.075118 0.25 -0.0153782 -0.074833 -9.41521e-19 -0.0153782 -0.074833 0.25 -0.0149528 -0.0746091 -9.15934e-19 -0.0149528 -0.0746091 0.25 -0.0144986 -0.0744513 -8.87783e-19 -0.0144986 -0.0744513 -1.28126e-18 -0.0209246 -0.092208 0.25 -0.0167754 -0.076723 -1.0272e-18 -0.0167754 -0.076723 0.25 -0.0209246 -0.092208 0.25 -0.0203473 -0.0935681 -1.24683e-18 -0.0203473 -0.0935681 -1.23556e-18 -0.0201661 -0.0936497 -1.22305e-18 -0.0199739 -0.0937003 0.25 -0.0199739 -0.0937003 0.25 -0.0201661 -0.0936497 -1.26548e-18 -0.0206573 -0.0933215 0.25 -0.0207776 -0.0931633 -1.27285e-18 -0.0207776 -0.0931633 0.25 -0.0206573 -0.0933215 -1.25637e-18 -0.0205125 -0.0934577 0.25 -0.0205125 -0.0934577 0.25 -0.0209626 -0.0926022 -1.28413e-18 -0.0209626 -0.0926022 -1.28239e-18 -0.0209324 -0.0927987 0.25 -0.0209324 -0.0927987 -1.27849e-18 -0.0208701 -0.0929874 0.25 -0.0208701 -0.0929874 0.25 -0.02096 -0.0924035 -1.28413e-18 -0.02096 -0.0924035 -1.28126e-18 -0.0209246 -0.092208 0.25 -0.0209246 -0.092208 -8.13047e-19 -0.0132781 -0.094881 0.25 -0.0199739 -0.0937003 -1.22305e-18 -0.0199739 -0.0937003 0.25 -0.0132781 -0.094881 0.25 -0.0121921 -0.0945176 0.25 -0.0123392 -0.0946512 -7.46365e-19 -0.0121921 -0.0945176 -7.38558e-19 -0.012069 -0.0943615 0.25 -0.012069 -0.0943615 -7.32921e-19 -0.0119734 -0.0941873 0.25 -0.0119734 -0.0941873 0.25 -0.0119079 -0.0939997 -7.29018e-19 -0.0119079 -0.0939997 -7.27088e-19 -0.0118743 -0.0938038 0.25 -0.0118743 -0.0938038 -7.55472e-19 -0.0123392 -0.0946512 0.25 -0.0125063 -0.0947587 -7.65447e-19 -0.0125063 -0.0947587 0.25 -0.0126889 -0.0948372 0.25 -0.012882 -0.0948844 -7.76722e-19 -0.0126889 -0.0948372 0.25 -0.0130802 -0.0948992 -7.88432e-19 -0.012882 -0.0948844 -8.01009e-19 -0.0130802 -0.0948992 0.25 -0.0132781 -0.094881 -8.13047e-19 -0.0132781 -0.094881 -7.27088e-19 -0.0118743 -0.0938038 -6.41534e-19 -0.010477 -0.0778335 0.25 -0.010477 -0.0778335 0.25 -0.0118743 -0.0938038 -7.24967e-19 -0.0118396 -0.0749201 0 -0.011692 -0.074083 0.25 -0.011692 -0.074083 0.25 -0.0118396 -0.0749201 0.25 -0.0111436 -0.0755797 -6.82614e-19 -0.0111436 -0.0755797 -7.02129e-19 -0.0114668 -0.0752238 -7.24967e-19 -0.0118396 -0.0749201 0.25 -0.0118396 -0.0749201 0.25 -0.0114668 -0.0752238 -6.53991e-19 -0.0106734 -0.0764154 0.25 -0.0105371 -0.0768765 -6.45317e-19 -0.0105371 -0.0768765 0.25 -0.0106734 -0.0764154 -6.66134e-19 -0.0108771 -0.0759799 0.25 -0.0108771 -0.0759799 -6.41414e-19 -0.0104711 -0.0773528 0.25 -0.0104711 -0.0773528 0.25 -0.010477 -0.0778335 -6.41534e-19 -0.010477 -0.0778335 -4.58753e-18 -0.0749201 -0.0118396 0.25 -0.074083 -0.011692 0 -0.074083 -0.011692 0.25 -0.0749201 -0.0118396 -4.67942e-18 -0.0764154 -0.0106734 -4.70761e-18 -0.0768765 -0.0105371 0.25 -0.0764154 -0.0106734 0.25 -0.0768765 -0.0105371 -4.73623e-18 -0.0773528 -0.0104711 -4.76593e-18 -0.0778335 -0.010477 0.25 -0.0773528 -0.0104711 0.25 -0.0778335 -0.010477 0.25 -0.0759799 -0.0108771 -4.65253e-18 -0.0759799 -0.0108771 0.25 -0.0755797 -0.0111436 -4.62781e-18 -0.0755797 -0.0111436 0.25 -0.0752238 -0.0114668 -4.60612e-18 -0.0752238 -0.0114668 0.25 -0.0749201 -0.0118396 -4.58753e-18 -0.0749201 -0.0118396 -5.74383e-18 -0.0938038 -0.0118743 0.25 -0.0778335 -0.010477 -4.76593e-18 -0.0778335 -0.010477 0.25 -0.0938038 -0.0118743 0.25 -0.0948844 -0.012882 -5.81002e-18 -0.0948844 -0.012882 -5.81132e-18 -0.0948992 -0.0130802 -5.80978e-18 -0.094881 -0.0132781 0.25 -0.094881 -0.0132781 0.25 -0.0948992 -0.0130802 -5.80265e-18 -0.0947587 -0.0125063 0.25 -0.0946512 -0.0123392 -5.79571e-18 -0.0946512 -0.0123392 0.25 -0.0947587 -0.0125063 -5.80742e-18 -0.0948372 -0.0126889 0.25 -0.0948372 -0.0126889 0.25 -0.0941873 -0.0119734 -5.76752e-18 -0.0941873 -0.0119734 -5.77793e-18 -0.0943615 -0.012069 0.25 -0.0943615 -0.012069 -5.7879e-18 -0.0945176 -0.0121921 0.25 -0.0945176 -0.0121921 0.25 -0.0939997 -0.0119079 -5.75581e-18 -0.0939997 -0.0119079 -5.74383e-18 -0.0938038 -0.0118743 0.25 -0.0938038 -0.0118743 -5.73749e-18 -0.0937003 -0.0199739 0.25 -0.094881 -0.0132781 -5.80978e-18 -0.094881 -0.0132781 0.25 -0.0937003 -0.0199739 0.25 -0.0929874 -0.0208701 0.25 -0.0931633 -0.0207776 -5.6938e-18 -0.0929874 -0.0208701 -5.68209e-18 -0.0927987 -0.0209324 0.25 -0.0927987 -0.0209324 -5.67038e-18 -0.0926022 -0.0209626 0.25 -0.0926022 -0.0209626 0.25 -0.0924035 -0.02096 -5.65823e-18 -0.0924035 -0.02096 -5.64611e-18 -0.092208 -0.0209246 0.25 -0.092208 -0.0209246 -5.70464e-18 -0.0931633 -0.0207776 0.25 -0.0933215 -0.0206573 -5.71461e-18 -0.0933215 -0.0206573 0.25 -0.0934577 -0.0205125 0.25 -0.0935681 -0.0203473 -5.72285e-18 -0.0934577 -0.0205125 0.25 -0.0936497 -0.0201661 -5.72936e-18 -0.0935681 -0.0203473 -5.73456e-18 -0.0936497 -0.0201661 0.25 -0.0937003 -0.0199739 -5.73749e-18 -0.0937003 -0.0199739 -5.64611e-18 -0.092208 -0.0209246 -4.69793e-18 -0.076723 -0.0167754 0.25 -0.076723 -0.0167754 0.25 -0.092208 -0.0209246 -4.55883e-18 -0.0744513 -0.0144986 0 -0.0736142 -0.014351 0.25 -0.0736142 -0.014351 0.25 -0.0744513 -0.0144986 0.25 -0.074833 -0.0153782 -4.58227e-18 -0.074833 -0.0153782 -4.56839e-18 -0.0746091 -0.0149528 -4.55883e-18 -0.0744513 -0.0144986 0.25 -0.0744513 -0.0144986 0.25 -0.0746091 -0.0149528 -4.62044e-18 -0.0754576 -0.0161059 0.25 -0.0758442 -0.0163917 -4.64385e-18 -0.0758442 -0.0163917 0.25 -0.0754576 -0.0161059 -4.59962e-18 -0.075118 -0.0157655 0.25 -0.075118 -0.0157655 -4.66988e-18 -0.0762692 -0.0166166 0.25 -0.0762692 -0.0166166 0.25 -0.076723 -0.0167754 -4.69793e-18 -0.076723 -0.0167754 -4.39195e-18 -0.071726 -0.0246695 0.25 -0.0709273 -0.0243788 0 -0.0709273 -0.0243788 0.25 -0.071726 -0.0246695 -4.49467e-18 -0.0734011 -0.0237807 -4.52373e-18 -0.0738788 -0.0237265 0.25 -0.0734011 -0.0237807 0.25 -0.0738788 -0.0237265 -4.55278e-18 -0.0743593 -0.0237442 -4.58212e-18 -0.0748318 -0.0238335 0.25 -0.0743593 -0.0237442 0.25 -0.0748318 -0.0238335 0.25 -0.0729368 -0.0239057 -4.46605e-18 -0.0729368 -0.0239057 0.25 -0.0724964 -0.0240986 -4.43872e-18 -0.0724964 -0.0240986 0.25 -0.0720898 -0.0243551 -4.414e-18 -0.0720898 -0.0243551 0.25 -0.071726 -0.0246695 -4.39195e-18 -0.071726 -0.0246695 -5.53031e-18 -0.0903168 -0.0279827 0.25 -0.0748318 -0.0238335 -4.58212e-18 -0.0748318 -0.0238335 0.25 -0.0903168 -0.0279827 0.25 -0.091206 -0.0291628 -5.58451e-18 -0.091206 -0.0291628 -5.58321e-18 -0.0911861 -0.0293605 -5.58034e-18 -0.0911338 -0.0295522 0.25 -0.0911338 -0.0295522 0.25 -0.0911861 -0.0293605 -5.58104e-18 -0.0911474 -0.028771 0.25 -0.0910706 -0.0285877 -5.57627e-18 -0.0910706 -0.0285877 0.25 -0.0911474 -0.028771 -5.58364e-18 -0.091193 -0.0289645 0.25 -0.091193 -0.0289645 0.25 -0.0906772 -0.028147 -5.55242e-18 -0.0906772 -0.028147 -5.56196e-18 -0.0908322 -0.0282714 0.25 -0.0908322 -0.0282714 -5.56976e-18 -0.0909645 -0.0284196 0.25 -0.0909645 -0.0284196 0.25 -0.0905038 -0.0280499 -5.54157e-18 -0.0905038 -0.0280499 -5.53031e-18 -0.0903168 -0.0279827 0.25 -0.0903168 -0.0279827 -5.43794e-18 -0.0888084 -0.0359413 0.25 -0.0911338 -0.0295522 -5.58034e-18 -0.0911338 -0.0295522 0.25 -0.0888084 -0.0359413 0.25 -0.0879507 -0.0367002 0.25 -0.08814 -0.0366396 -5.38588e-18 -0.0879507 -0.0367002 -5.37374e-18 -0.087754 -0.0367287 0.25 -0.087754 -0.0367287 -5.3616e-18 -0.0875553 -0.0367243 0.25 -0.0875553 -0.0367243 0.25 -0.08736 -0.0366873 -5.34989e-18 -0.08736 -0.0366873 -5.33784e-18 -0.0871736 -0.0366185 0.25 -0.0871736 -0.0366185 -5.39759e-18 -0.08814 -0.0366396 0.25 -0.0883166 -0.0365486 -5.40843e-18 -0.0883166 -0.0365486 0.25 -0.0884759 -0.0364297 0.25 -0.0886133 -0.0362861 -5.41798e-18 -0.0884759 -0.0364297 0.25 -0.0887252 -0.0361218 -5.42665e-18 -0.0886133 -0.0362861 -5.43315e-18 -0.0887252 -0.0361218 0.25 -0.0888084 -0.0359413 -5.43794e-18 -0.0888084 -0.0359413 -5.33784e-18 -0.0871736 -0.0366185 -4.44818e-18 -0.0726443 -0.0298434 0.25 -0.0726443 -0.0298434 0.25 -0.0871736 -0.0366185 -4.3354e-18 -0.0708025 -0.0272067 0 -0.0700038 -0.0269159 0.25 -0.0700038 -0.0269159 0.25 -0.0708025 -0.0272067 0.25 -0.0710257 -0.0281392 -4.34895e-18 -0.0710257 -0.0281392 -4.33984e-18 -0.0708791 -0.0276813 -4.3354e-18 -0.0708025 -0.0272067 0.25 -0.0708025 -0.0272067 0.25 -0.0708791 -0.0276813 -4.37844e-18 -0.0715144 -0.0289643 0.25 -0.0718456 -0.0293129 -4.39926e-18 -0.0718456 -0.0293129 0.25 -0.0715144 -0.0289643 -4.36196e-18 -0.0712391 -0.0285701 0.25 -0.0712391 -0.0285701 -4.42224e-18 -0.072225 -0.0296081 0.25 -0.072225 -0.0296081 0.25 -0.0726443 -0.0298434 -4.44818e-18 -0.0726443 -0.0298434 -3.61044e-18 -0.0589629 -0.0477135 0.25 -0.0583118 -0.0471671 0 -0.0583118 -0.0471671 0.25 -0.0589629 -0.0477135 -3.72575e-18 -0.060841 -0.0474512 -3.75438e-18 -0.0613085 -0.0475636 0.25 -0.060841 -0.0474512 0.25 -0.0613085 -0.0475636 -3.78126e-18 -0.0617539 -0.0477446 -3.80665e-18 -0.0621673 -0.0479902 0.25 -0.0617539 -0.0477446 0.25 -0.0621673 -0.0479902 0.25 -0.060362 -0.0474098 -3.69626e-18 -0.060362 -0.0474098 0.25 -0.0598822 -0.0474405 -3.66677e-18 -0.0598822 -0.0474405 0.25 -0.0594123 -0.0475425 -3.63815e-18 -0.0594123 -0.0475425 0.25 -0.0589629 -0.0477135 -3.61044e-18 -0.0589629 -0.0477135 -4.61075e-18 -0.0752993 -0.0571853 0.25 -0.0621673 -0.0479902 -3.80665e-18 -0.0621673 -0.0479902 0.25 -0.0752993 -0.0571853 0.25 -0.0757313 -0.0585983 -4.63735e-18 -0.0757313 -0.0585983 -4.63171e-18 -0.075645 -0.0587773 -4.6249e-18 -0.0755303 -0.0589396 0.25 -0.0755303 -0.0589396 0.25 -0.075645 -0.0587773 -4.64212e-18 -0.0758103 -0.0582102 0.25 -0.0758008 -0.0580117 -4.64125e-18 -0.0758008 -0.0580117 0.25 -0.0758103 -0.0582102 -4.64039e-18 -0.075787 -0.0584075 0.25 -0.075787 -0.0584075 0.25 -0.0755819 -0.0574629 -4.62781e-18 -0.0755819 -0.0574629 -4.63431e-18 -0.075685 -0.0576328 0.25 -0.075685 -0.0576328 -4.63865e-18 -0.0757586 -0.0578174 0.25 -0.0757586 -0.0578174 0.25 -0.0754521 -0.0573124 -4.61957e-18 -0.0754521 -0.0573124 -4.61075e-18 -0.0752993 -0.0571853 0.25 -0.0752993 -0.0571853 -4.35729e-18 -0.0711599 -0.0641481 0.25 -0.0755303 -0.0589396 -4.6249e-18 -0.0755303 -0.0589396 0.25 -0.0711599 -0.0641481 0.25 -0.0700944 -0.0645678 0.25 -0.070293 -0.0645756 -4.29171e-18 -0.0700944 -0.0645678 -4.28e-18 -0.0698998 -0.0645273 0.25 -0.0698998 -0.0645273 -4.26829e-18 -0.0697146 -0.0644553 0.25 -0.0697146 -0.0644553 0.25 -0.0695438 -0.0643537 -4.25831e-18 -0.0695438 -0.0643537 -4.24904e-18 -0.0693921 -0.0642252 0.25 -0.0693921 -0.0642252 -4.30385e-18 -0.070293 -0.0645756 0.25 -0.0704901 -0.0645505 -4.31599e-18 -0.0704901 -0.0645505 0.25 -0.0706804 -0.0644932 0.25 -0.0708587 -0.0644053 -4.3277e-18 -0.0706804 -0.0644932 0.25 -0.07102 -0.0642892 -4.33854e-18 -0.0708587 -0.0644053 -4.34852e-18 -0.07102 -0.0642892 0.25 -0.0711599 -0.0641481 -4.35729e-18 -0.0711599 -0.0641481 -4.24904e-18 -0.0693921 -0.0642252 -3.55492e-18 -0.0580563 -0.0528894 0.25 -0.0580563 -0.0528894 0.25 -0.0693921 -0.0642252 -3.50417e-18 -0.0572274 -0.0497818 0 -0.0565763 -0.0492354 0.25 -0.0565763 -0.0492354 0.25 -0.0572274 -0.0497818 0.25 -0.0571182 -0.0507345 -3.49807e-18 -0.0571182 -0.0507345 -3.49894e-18 -0.057137 -0.050254 -3.50417e-18 -0.0572274 -0.0497818 0.25 -0.0572274 -0.0497818 0.25 -0.057137 -0.050254 -3.50891e-18 -0.0572952 -0.0516769 0.25 -0.0574871 -0.0521177 -3.52062e-18 -0.0574871 -0.0521177 0.25 -0.0572952 -0.0516769 -3.50111e-18 -0.0571713 -0.0512123 0.25 -0.0571713 -0.0512123 -3.53623e-18 -0.0577428 -0.052525 0.25 -0.0577428 -0.052525 0.25 -0.0580563 -0.0528894 -3.55492e-18 -0.0580563 -0.0528894 -4.06292e-18 -0.0663525 -0.0367498 0.25 -0.0656164 -0.0363248 0 -0.0656164 -0.0363248 0.25 -0.0663525 -0.0367498 -4.17331e-18 -0.0681565 -0.0361654 -4.2028e-18 -0.0686364 -0.0361949 0.25 -0.0681565 -0.0361654 0.25 -0.0686364 -0.0361949 -4.23142e-18 -0.0691065 -0.0362958 -4.25909e-18 -0.0695563 -0.0364658 0.25 -0.0691065 -0.0362958 0.25 -0.0695563 -0.0364658 0.25 -0.0676776 -0.0362078 -4.14382e-18 -0.0676776 -0.0362078 0.25 -0.0672104 -0.0363213 -4.1152e-18 -0.0672104 -0.0363213 0.25 -0.0667653 -0.0365033 -4.08831e-18 -0.0667653 -0.0365033 0.25 -0.0663525 -0.0367498 -4.06292e-18 -0.0663525 -0.0367498 -5.14875e-18 -0.0840855 -0.0432409 0.25 -0.0695563 -0.0364658 -4.25909e-18 -0.0695563 -0.0364658 0.25 -0.0840855 -0.0432409 0.25 -0.0847563 -0.0445575 -5.18986e-18 -0.0847563 -0.0445575 -5.18639e-18 -0.0847024 -0.0447488 -5.18133e-18 -0.0846176 -0.0449285 0.25 -0.0846176 -0.0449285 0.25 -0.0847024 -0.0447488 -5.19029e-18 -0.0847667 -0.0441615 0.25 -0.0847228 -0.0439677 -5.18812e-18 -0.0847228 -0.0439677 0.25 -0.0847667 -0.0441615 -5.19159e-18 -0.0847779 -0.0443599 0.25 -0.0847779 -0.0443599 0.25 -0.0844119 -0.0434653 -5.16904e-18 -0.0844119 -0.0434653 -5.17685e-18 -0.084543 -0.0436147 0.25 -0.084543 -0.0436147 -5.18335e-18 -0.0846476 -0.0437837 0.25 -0.0846476 -0.0437837 0.25 -0.084258 -0.0433396 -5.1595e-18 -0.084258 -0.0433396 -5.14875e-18 -0.0840855 -0.0432409 0.25 -0.0840855 -0.0432409 -4.97317e-18 -0.081218 -0.0508167 0.25 -0.0846176 -0.0449285 -5.18133e-18 -0.0846176 -0.0449285 0.25 -0.081218 -0.0508167 0.25 -0.0802416 -0.0514151 0.25 -0.0804385 -0.0513883 -4.9136e-18 -0.0802416 -0.0514151 -4.90146e-18 -0.0800429 -0.051409 0.25 -0.0800429 -0.051409 -4.88932e-18 -0.079848 -0.0513702 0.25 -0.079848 -0.0513702 0.25 -0.0796622 -0.0512998 -4.87804e-18 -0.0796622 -0.0512998 -4.86739e-18 -0.0794905 -0.0511997 0.25 -0.0794905 -0.0511997 -4.92575e-18 -0.0804385 -0.0513883 0.25 -0.0806283 -0.0513293 -4.93702e-18 -0.0806283 -0.0513293 0.25 -0.0808058 -0.0512399 0.25 -0.0809661 -0.0511224 -4.9483e-18 -0.0808058 -0.0512399 0.25 -0.0811047 -0.05098 -4.95784e-18 -0.0809661 -0.0511224 -4.96651e-18 -0.0811047 -0.05098 0.25 -0.081218 -0.0508167 -4.97317e-18 -0.081218 -0.0508167 -4.86739e-18 -0.0794905 -0.0511997 -4.06328e-18 -0.0663585 -0.0420046 0.25 -0.0663585 -0.0420046 0.25 -0.0794905 -0.0511997 -3.98026e-18 -0.0650025 -0.0390881 0 -0.0642664 -0.0386631 0.25 -0.0642664 -0.0386631 0.25 -0.0650025 -0.0390881 0.25 -0.0650604 -0.0400452 -3.98336e-18 -0.0650604 -0.0400452 -3.97989e-18 -0.0649955 -0.0395688 -3.98026e-18 -0.0650025 -0.0390881 0.25 -0.0650025 -0.0390881 0.25 -0.0649955 -0.0395688 -4.00418e-18 -0.0653984 -0.0409426 0.25 -0.0656639 -0.0413434 -4.02066e-18 -0.0656639 -0.0413434 0.25 -0.0653984 -0.0409426 -3.99203e-18 -0.0651957 -0.0405066 0.25 -0.0651957 -0.0405066 -4.0406e-18 -0.0659864 -0.0417001 0.25 -0.0659864 -0.0417001 0.25 -0.0663585 -0.0420046 -4.06328e-18 -0.0663585 -0.0420046 3.50417e-18 0.0572274 -0.0497818 0.25 0.0565763 -0.0492354 0 0.0565763 -0.0492354 0.25 0.0572274 -0.0497818 3.50848e-18 0.0572952 -0.0516769 3.52019e-18 0.0574871 -0.0521177 0.25 0.0572952 -0.0516769 0.25 0.0574871 -0.0521177 3.5358e-18 0.0577428 -0.052525 3.55492e-18 0.0580563 -0.0528894 0.25 0.0577428 -0.052525 0.25 0.0580563 -0.0528894 0.25 0.0571713 -0.0512123 3.50067e-18 0.0571713 -0.0512123 0.25 0.0571182 -0.0507345 3.49764e-18 0.0571182 -0.0507345 0.25 0.057137 -0.050254 3.4985e-18 0.057137 -0.050254 0.25 0.0572274 -0.0497818 3.50417e-18 0.0572274 -0.0497818 4.24904e-18 0.0693921 -0.0642252 0.25 0.0580563 -0.0528894 3.55492e-18 0.0580563 -0.0528894 0.25 0.0693921 -0.0642252 0.25 0.0708587 -0.0644053 4.33854e-18 0.0708587 -0.0644053 4.34852e-18 0.07102 -0.0642892 4.35729e-18 0.0711599 -0.0641481 0.25 0.0711599 -0.0641481 0.25 0.07102 -0.0642892 4.31599e-18 0.0704901 -0.0645505 0.25 0.070293 -0.0645756 4.30385e-18 0.070293 -0.0645756 0.25 0.0704901 -0.0645505 4.3277e-18 0.0706804 -0.0644932 0.25 0.0706804 -0.0644932 0.25 0.0697146 -0.0644553 4.26829e-18 0.0697146 -0.0644553 4.28e-18 0.0698998 -0.0645273 0.25 0.0698998 -0.0645273 4.29171e-18 0.0700944 -0.0645678 0.25 0.0700944 -0.0645678 0.25 0.0695438 -0.0643537 4.25831e-18 0.0695438 -0.0643537 4.24904e-18 0.0693921 -0.0642252 0.25 0.0693921 -0.0642252 4.6249e-18 0.0755303 -0.0589396 0.25 0.0711599 -0.0641481 4.35729e-18 0.0711599 -0.0641481 0.25 0.0755303 -0.0589396 0.25 0.0757586 -0.0578174 0.25 0.0758008 -0.0580117 4.63865e-18 0.0757586 -0.0578174 4.63431e-18 0.075685 -0.0576328 0.25 0.075685 -0.0576328 4.62781e-18 0.0755819 -0.0574629 0.25 0.0755819 -0.0574629 0.25 0.0754521 -0.0573124 4.61957e-18 0.0754521 -0.0573124 4.61075e-18 0.0752993 -0.0571853 0.25 0.0752993 -0.0571853 4.64125e-18 0.0758008 -0.0580117 0.25 0.0758103 -0.0582102 4.64212e-18 0.0758103 -0.0582102 0.25 0.075787 -0.0584075 0.25 0.0757313 -0.0585983 4.64039e-18 0.075787 -0.0584075 0.25 0.075645 -0.0587773 4.63735e-18 0.0757313 -0.0585983 4.63171e-18 0.075645 -0.0587773 0.25 0.0755303 -0.0589396 4.6249e-18 0.0755303 -0.0589396 4.61075e-18 0.0752993 -0.0571853 3.80665e-18 0.0621673 -0.0479902 0.25 0.0621673 -0.0479902 0.25 0.0752993 -0.0571853 3.61044e-18 0.0589629 -0.0477135 0 0.0583118 -0.0471671 0.25 0.0583118 -0.0471671 0.25 0.0589629 -0.0477135 0.25 0.0598822 -0.0474405 3.66677e-18 0.0598822 -0.0474405 3.63815e-18 0.0594123 -0.0475425 3.61044e-18 0.0589629 -0.0477135 0.25 0.0589629 -0.0477135 0.25 0.0594123 -0.0475425 3.72575e-18 0.060841 -0.0474512 0.25 0.0613085 -0.0475636 3.75438e-18 0.0613085 -0.0475636 0.25 0.060841 -0.0474512 3.69626e-18 0.060362 -0.0474098 0.25 0.060362 -0.0474098 3.78126e-18 0.0617539 -0.0477446 0.25 0.0617539 -0.0477446 0.25 0.0621673 -0.0479902 3.80665e-18 0.0621673 -0.0479902 2.92161e-18 0.0477135 -0.0589629 0.25 0.0471671 -0.0583118 0 0.0471671 -0.0583118 0.25 0.0477135 -0.0589629 2.90566e-18 0.0474512 -0.060841 2.9126e-18 0.0475636 -0.0613085 0.25 0.0474512 -0.060841 0.25 0.0475636 -0.0613085 2.92344e-18 0.0477446 -0.0617539 2.93855e-18 0.0479902 -0.0621673 0.25 0.0477446 -0.0617539 0.25 0.0479902 -0.0621673 0.25 0.0474098 -0.060362 2.90306e-18 0.0474098 -0.060362 0.25 0.0474405 -0.0598822 2.90479e-18 0.0474405 -0.0598822 0.25 0.0475425 -0.0594123 2.9113e-18 0.0475425 -0.0594123 0.25 0.0477135 -0.0589629 2.92161e-18 0.0477135 -0.0589629 3.50159e-18 0.0571853 -0.0752993 0.25 0.0479902 -0.0621673 2.93855e-18 0.0479902 -0.0621673 0.25 0.0571853 -0.0752993 0.25 0.0585983 -0.0757313 3.58784e-18 0.0585983 -0.0757313 3.59868e-18 0.0587773 -0.075645 3.60901e-18 0.0589396 -0.0755303 0.25 0.0589396 -0.0755303 0.25 0.0587773 -0.075645 3.56399e-18 0.0582102 -0.0758103 0.25 0.0580117 -0.0758008 3.55185e-18 0.0580117 -0.0758008 0.25 0.0582102 -0.0758103 3.57613e-18 0.0584075 -0.075787 0.25 0.0584075 -0.075787 0.25 0.0574629 -0.0755819 3.51845e-18 0.0574629 -0.0755819 3.52843e-18 0.0576328 -0.075685 0.25 0.0576328 -0.075685 3.5397e-18 0.0578174 -0.0757586 0.25 0.0578174 -0.0757586 0.25 0.0573124 -0.0754521 3.50935e-18 0.0573124 -0.0754521 3.50159e-18 0.0571853 -0.0752993 0.25 0.0571853 -0.0752993 3.92794e-18 0.0641481 -0.0711599 0.25 0.0589396 -0.0755303 3.60901e-18 0.0589396 -0.0755303 0.25 0.0641481 -0.0711599 0.25 0.0645678 -0.0700944 0.25 0.0645756 -0.070293 3.95343e-18 0.0645678 -0.0700944 3.95083e-18 0.0645273 -0.0698998 0.25 0.0645273 -0.0698998 3.94693e-18 0.0644553 -0.0697146 0.25 0.0644553 -0.0697146 0.25 0.0643537 -0.0695438 3.94042e-18 0.0643537 -0.0695438 3.93266e-18 0.0642252 -0.0693921 0.25 0.0642252 -0.0693921 3.95387e-18 0.0645756 -0.070293 0.25 0.0645505 -0.0704901 3.95257e-18 0.0645505 -0.0704901 0.25 0.0644932 -0.0706804 0.25 0.0644053 -0.0708587 3.9491e-18 0.0644932 -0.0706804 0.25 0.0642892 -0.07102 3.94346e-18 0.0644053 -0.0708587 3.93609e-18 0.0642892 -0.07102 0.25 0.0641481 -0.0711599 3.92794e-18 0.0641481 -0.0711599 3.93266e-18 0.0642252 -0.0693921 3.23854e-18 0.0528894 -0.0580563 0.25 0.0528894 -0.0580563 0.25 0.0642252 -0.0693921 3.04826e-18 0.0497818 -0.0572274 0 0.0492354 -0.0565763 0.25 0.0492354 -0.0565763 0.25 0.0497818 -0.0572274 0.25 0.0507345 -0.0571182 3.10646e-18 0.0507345 -0.0571182 3.0774e-18 0.050254 -0.057137 3.04826e-18 0.0497818 -0.0572274 0.25 0.0497818 -0.0572274 0.25 0.050254 -0.057137 3.16414e-18 0.0516769 -0.0572952 0.25 0.0521177 -0.0574871 3.19146e-18 0.0521177 -0.0574871 0.25 0.0516769 -0.0572952 3.13551e-18 0.0512123 -0.0571713 0.25 0.0512123 -0.0571713 3.21618e-18 0.052525 -0.0577428 0.25 0.052525 -0.0577428 0.25 0.0528894 -0.0580563 3.23854e-18 0.0528894 -0.0580563 4.3354e-18 0.0708025 -0.0272067 0.25 0.0700038 -0.0269159 0 0.0700038 -0.0269159 0.25 0.0708025 -0.0272067 4.37801e-18 0.0715144 -0.0289643 4.39882e-18 0.0718456 -0.0293129 0.25 0.0715144 -0.0289643 0.25 0.0718456 -0.0293129 4.42181e-18 0.072225 -0.0296081 4.44818e-18 0.0726443 -0.0298434 0.25 0.072225 -0.0296081 0.25 0.0726443 -0.0298434 0.25 0.0712391 -0.0285701 4.36153e-18 0.0712391 -0.0285701 0.25 0.0710257 -0.0281392 4.34852e-18 0.0710257 -0.0281392 0.25 0.0708791 -0.0276813 4.33941e-18 0.0708791 -0.0276813 0.25 0.0708025 -0.0272067 4.3354e-18 0.0708025 -0.0272067 5.33784e-18 0.0871736 -0.0366185 0.25 0.0726443 -0.0298434 4.44818e-18 0.0726443 -0.0298434 0.25 0.0871736 -0.0366185 0.25 0.0886133 -0.0362861 5.42578e-18 0.0886133 -0.0362861 5.43229e-18 0.0887252 -0.0361218 5.43794e-18 0.0888084 -0.0359413 0.25 0.0888084 -0.0359413 0.25 0.0887252 -0.0361218 5.40757e-18 0.0883166 -0.0365486 0.25 0.08814 -0.0366396 5.39672e-18 0.08814 -0.0366396 0.25 0.0883166 -0.0365486 5.41711e-18 0.0884759 -0.0364297 0.25 0.0884759 -0.0364297 0.25 0.0875553 -0.0367243 5.36073e-18 0.0875553 -0.0367243 5.37287e-18 0.087754 -0.0367287 0.25 0.087754 -0.0367287 5.38502e-18 0.0879507 -0.0367002 0.25 0.0879507 -0.0367002 0.25 0.08736 -0.0366873 5.34902e-18 0.08736 -0.0366873 5.33784e-18 0.0871736 -0.0366185 0.25 0.0871736 -0.0366185 5.58034e-18 0.0911338 -0.0295522 0.25 0.0888084 -0.0359413 5.43794e-18 0.0888084 -0.0359413 0.25 0.0911338 -0.0295522 0.25 0.0909645 -0.0284196 0.25 0.0910706 -0.0285877 5.56976e-18 0.0909645 -0.0284196 5.56196e-18 0.0908322 -0.0282714 0.25 0.0908322 -0.0282714 5.55242e-18 0.0906772 -0.028147 0.25 0.0906772 -0.028147 0.25 0.0905038 -0.0280499 5.54157e-18 0.0905038 -0.0280499 5.53031e-18 0.0903168 -0.0279827 0.25 0.0903168 -0.0279827 5.57627e-18 0.0910706 -0.0285877 0.25 0.0911474 -0.028771 5.58104e-18 0.0911474 -0.028771 0.25 0.091193 -0.0289645 0.25 0.091206 -0.0291628 5.58364e-18 0.091193 -0.0289645 0.25 0.0911861 -0.0293605 5.58451e-18 0.091206 -0.0291628 5.58321e-18 0.0911861 -0.0293605 0.25 0.0911338 -0.0295522 5.58034e-18 0.0911338 -0.0295522 5.53031e-18 0.0903168 -0.0279827 4.58212e-18 0.0748318 -0.0238335 0.25 0.0748318 -0.0238335 0.25 0.0903168 -0.0279827 4.39195e-18 0.071726 -0.0246695 0 0.0709273 -0.0243788 0.25 0.0709273 -0.0243788 0.25 0.071726 -0.0246695 0.25 0.0724964 -0.0240986 4.43872e-18 0.0724964 -0.0240986 4.414e-18 0.0720898 -0.0243551 4.39195e-18 0.071726 -0.0246695 0.25 0.071726 -0.0246695 0.25 0.0720898 -0.0243551 4.49467e-18 0.0734011 -0.0237807 0.25 0.0738788 -0.0237265 4.52373e-18 0.0738788 -0.0237265 0.25 0.0734011 -0.0237807 4.46605e-18 0.0729368 -0.0239057 0.25 0.0729368 -0.0239057 4.55278e-18 0.0743593 -0.0237442 0.25 0.0743593 -0.0237442 0.25 0.0748318 -0.0238335 4.58212e-18 0.0748318 -0.0238335 3.98026e-18 0.0650025 -0.0390881 0.25 0.0642664 -0.0386631 0 0.0642664 -0.0386631 0.25 0.0650025 -0.0390881 4.00418e-18 0.0653984 -0.0409426 4.02066e-18 0.0656639 -0.0413434 0.25 0.0653984 -0.0409426 0.25 0.0656639 -0.0413434 4.0406e-18 0.0659864 -0.0417001 4.06328e-18 0.0663585 -0.0420046 0.25 0.0659864 -0.0417001 0.25 0.0663585 -0.0420046 0.25 0.0651957 -0.0405066 3.99203e-18 0.0651957 -0.0405066 0.25 0.0650604 -0.0400452 3.98336e-18 0.0650604 -0.0400452 0.25 0.0649955 -0.0395688 3.97989e-18 0.0649955 -0.0395688 0.25 0.0650025 -0.0390881 3.98026e-18 0.0650025 -0.0390881 4.86739e-18 0.0794905 -0.0511997 0.25 0.0663585 -0.0420046 4.06328e-18 0.0663585 -0.0420046 0.25 0.0794905 -0.0511997 0.25 0.0809661 -0.0511224 4.95784e-18 0.0809661 -0.0511224 4.96651e-18 0.0811047 -0.05098 4.97317e-18 0.081218 -0.0508167 0.25 0.081218 -0.0508167 0.25 0.0811047 -0.05098 4.93702e-18 0.0806283 -0.0513293 0.25 0.0804385 -0.0513883 4.92575e-18 0.0804385 -0.0513883 0.25 0.0806283 -0.0513293 4.9483e-18 0.0808058 -0.0512399 0.25 0.0808058 -0.0512399 0.25 0.079848 -0.0513702 4.88932e-18 0.079848 -0.0513702 4.90146e-18 0.0800429 -0.051409 0.25 0.0800429 -0.051409 4.9136e-18 0.0802416 -0.0514151 0.25 0.0802416 -0.0514151 0.25 0.0796622 -0.0512998 4.87804e-18 0.0796622 -0.0512998 4.86739e-18 0.0794905 -0.0511997 0.25 0.0794905 -0.0511997 5.18133e-18 0.0846176 -0.0449285 0.25 0.081218 -0.0508167 4.97317e-18 0.081218 -0.0508167 0.25 0.0846176 -0.0449285 0.25 0.0846476 -0.0437837 0.25 0.0847228 -0.0439677 5.18335e-18 0.0846476 -0.0437837 5.17685e-18 0.084543 -0.0436147 0.25 0.084543 -0.0436147 5.16904e-18 0.0844119 -0.0434653 0.25 0.0844119 -0.0434653 0.25 0.084258 -0.0433396 5.1595e-18 0.084258 -0.0433396 5.14875e-18 0.0840855 -0.0432409 0.25 0.0840855 -0.0432409 5.18812e-18 0.0847228 -0.0439677 0.25 0.0847667 -0.0441615 5.19029e-18 0.0847667 -0.0441615 0.25 0.0847779 -0.0443599 0.25 0.0847563 -0.0445575 5.19159e-18 0.0847779 -0.0443599 0.25 0.0847024 -0.0447488 5.18986e-18 0.0847563 -0.0445575 5.18639e-18 0.0847024 -0.0447488 0.25 0.0846176 -0.0449285 5.18133e-18 0.0846176 -0.0449285 5.14875e-18 0.0840855 -0.0432409 4.25909e-18 0.0695563 -0.0364658 0.25 0.0695563 -0.0364658 0.25 0.0840855 -0.0432409 4.06292e-18 0.0663525 -0.0367498 0 0.0656164 -0.0363248 0.25 0.0656164 -0.0363248 0.25 0.0663525 -0.0367498 0.25 0.0672104 -0.0363213 4.1152e-18 0.0672104 -0.0363213 4.08831e-18 0.0667653 -0.0365033 4.06292e-18 0.0663525 -0.0367498 0.25 0.0663525 -0.0367498 0.25 0.0667653 -0.0365033 4.17331e-18 0.0681565 -0.0361654 0.25 0.0686364 -0.0361949 4.2028e-18 0.0686364 -0.0361949 0.25 0.0681565 -0.0361654 4.14382e-18 0.0676776 -0.0362078 0.25 0.0676776 -0.0362078 4.23142e-18 0.0691065 -0.0362958 0.25 0.0691065 -0.0362958 0.25 0.0695563 -0.0364658 4.25909e-18 0.0695563 -0.0364658 1.51057e-18 0.0246695 -0.071726 0.25 0.0243788 -0.0709273 0 0.0243788 -0.0709273 0.25 0.0246695 -0.071726 1.4563e-18 0.0237807 -0.0734011 1.45283e-18 0.0237265 -0.0738788 0.25 0.0237807 -0.0734011 0.25 0.0237265 -0.0738788 1.45413e-18 0.0237442 -0.0743593 1.45938e-18 0.0238335 -0.0748318 0.25 0.0237442 -0.0743593 0.25 0.0238335 -0.0748318 0.25 0.0239057 -0.0729368 1.46411e-18 0.0239057 -0.0729368 0.25 0.0240986 -0.0724964 1.47538e-18 0.0240986 -0.0724964 0.25 0.0243551 -0.0720898 1.49143e-18 0.0243551 -0.0720898 0.25 0.0246695 -0.071726 1.51057e-18 0.0246695 -0.071726 1.71345e-18 0.0279827 -0.0903168 0.25 0.0238335 -0.0748318 1.45938e-18 0.0238335 -0.0748318 0.25 0.0279827 -0.0903168 0.25 0.0291628 -0.091206 1.7859e-18 0.0291628 -0.091206 1.79804e-18 0.0293605 -0.0911861 1.80955e-18 0.0295522 -0.0911338 0.25 0.0295522 -0.0911338 0.25 0.0293605 -0.0911861 1.76205e-18 0.028771 -0.0911474 0.25 0.0285877 -0.0910706 1.75077e-18 0.0285877 -0.0910706 0.25 0.028771 -0.0911474 1.77375e-18 0.0289645 -0.091193 0.25 0.0289645 -0.091193 0.25 0.028147 -0.0906772 1.72345e-18 0.028147 -0.0906772 1.73125e-18 0.0282714 -0.0908322 0.25 0.0282714 -0.0908322 1.74036e-18 0.0284196 -0.0909645 0.25 0.0284196 -0.0909645 0.25 0.0280499 -0.0905038 1.71738e-18 0.0280499 -0.0905038 1.71345e-18 0.0279827 -0.0903168 0.25 0.0279827 -0.0903168 2.20077e-18 0.0359413 -0.0888084 0.25 0.0295522 -0.0911338 1.80955e-18 0.0295522 -0.0911338 0.25 0.0359413 -0.0888084 0.25 0.0367002 -0.0879507 0.25 0.0366396 -0.08814 2.24733e-18 0.0367002 -0.0879507 2.24907e-18 0.0367287 -0.087754 0.25 0.0367287 -0.087754 2.24907e-18 0.0367243 -0.0875553 0.25 0.0367243 -0.0875553 0.25 0.0366873 -0.08736 2.24647e-18 0.0366873 -0.08736 2.24224e-18 0.0366185 -0.0871736 0.25 0.0366185 -0.0871736 2.24386e-18 0.0366396 -0.08814 0.25 0.0365486 -0.0883166 2.23779e-18 0.0365486 -0.0883166 0.25 0.0364297 -0.0884759 0.25 0.0362861 -0.0886133 2.23085e-18 0.0364297 -0.0884759 0.25 0.0361218 -0.0887252 2.22218e-18 0.0362861 -0.0886133 2.21177e-18 0.0361218 -0.0887252 0.25 0.0359413 -0.0888084 2.20077e-18 0.0359413 -0.0888084 2.24224e-18 0.0366185 -0.0871736 1.82738e-18 0.0298434 -0.0726443 0.25 0.0298434 -0.0726443 0.25 0.0366185 -0.0871736 1.66593e-18 0.0272067 -0.0708025 0 0.0269159 -0.0700038 0.25 0.0269159 -0.0700038 0.25 0.0272067 -0.0708025 0.25 0.0281392 -0.0710257 1.72301e-18 0.0281392 -0.0710257 1.69526e-18 0.0276813 -0.0708791 1.66593e-18 0.0272067 -0.0708025 0.25 0.0272067 -0.0708025 0.25 0.0276813 -0.0708791 1.77375e-18 0.0289643 -0.0715144 0.25 0.0293129 -0.0718456 1.79501e-18 0.0293129 -0.0718456 0.25 0.0289643 -0.0715144 1.74947e-18 0.0285701 -0.0712391 0.25 0.0285701 -0.0712391 1.81322e-18 0.0296081 -0.072225 0.25 0.0296081 -0.072225 0.25 0.0298434 -0.0726443 1.82738e-18 0.0298434 -0.0726443 2.25028e-18 0.0367498 -0.0663525 0.25 0.0363248 -0.0656164 0 0.0363248 -0.0656164 0.25 0.0367498 -0.0663525 2.21437e-18 0.0361654 -0.0681565 2.21611e-18 0.0361949 -0.0686364 0.25 0.0361654 -0.0681565 0.25 0.0361949 -0.0686364 2.22218e-18 0.0362958 -0.0691065 2.23289e-18 0.0364658 -0.0695563 0.25 0.0362958 -0.0691065 0.25 0.0364658 -0.0695563 0.25 0.0362078 -0.0676776 2.21698e-18 0.0362078 -0.0676776 0.25 0.0363213 -0.0672104 2.22392e-18 0.0363213 -0.0672104 0.25 0.0365033 -0.0667653 2.23519e-18 0.0365033 -0.0667653 0.25 0.0367498 -0.0663525 2.25028e-18 0.0367498 -0.0663525 2.64774e-18 0.0432409 -0.0840855 0.25 0.0364658 -0.0695563 2.23289e-18 0.0364658 -0.0695563 0.25 0.0432409 -0.0840855 0.25 0.0445575 -0.0847563 2.72785e-18 0.0445575 -0.0847563 2.73956e-18 0.0447488 -0.0847024 2.75108e-18 0.0449285 -0.0846176 0.25 0.0449285 -0.0846176 0.25 0.0447488 -0.0847024 2.704e-18 0.0441615 -0.0847667 0.25 0.0439677 -0.0847228 2.69186e-18 0.0439677 -0.0847228 0.25 0.0441615 -0.0847667 2.71614e-18 0.0443599 -0.0847779 0.25 0.0443599 -0.0847779 0.25 0.0434653 -0.0844119 2.66107e-18 0.0434653 -0.0844119 2.67017e-18 0.0436147 -0.084543 0.25 0.0436147 -0.084543 2.68058e-18 0.0437837 -0.0846476 0.25 0.0437837 -0.0846476 0.25 0.0433396 -0.084258 2.65369e-18 0.0433396 -0.084258 2.64774e-18 0.0432409 -0.0840855 0.25 0.0432409 -0.0840855 3.11163e-18 0.0508167 -0.081218 0.25 0.0449285 -0.0846176 2.75108e-18 0.0449285 -0.0846176 0.25 0.0508167 -0.081218 0.25 0.0514151 -0.0802416 0.25 0.0513883 -0.0804385 3.14809e-18 0.0514151 -0.0802416 3.14766e-18 0.051409 -0.0800429 0.25 0.051409 -0.0800429 3.14505e-18 0.0513702 -0.079848 0.25 0.0513702 -0.079848 0.25 0.0512998 -0.0796622 3.14115e-18 0.0512998 -0.0796622 3.13508e-18 0.0511997 -0.0794905 0.25 0.0511997 -0.0794905 3.14635e-18 0.0513883 -0.0804385 0.25 0.0513293 -0.0806283 3.14289e-18 0.0513293 -0.0806283 0.25 0.0512399 -0.0808058 0.25 0.0511224 -0.0809661 3.13725e-18 0.0512399 -0.0808058 0.25 0.05098 -0.0811047 3.13031e-18 0.0511224 -0.0809661 3.1212e-18 0.05098 -0.0811047 0.25 0.0508167 -0.081218 3.11163e-18 0.0508167 -0.081218 3.13508e-18 0.0511997 -0.0794905 2.57204e-18 0.0420046 -0.0663585 0.25 0.0420046 -0.0663585 0.25 0.0511997 -0.0794905 2.39345e-18 0.0390881 -0.0650025 0 0.0386631 -0.0642664 0.25 0.0386631 -0.0642664 0.25 0.0390881 -0.0650025 0.25 0.0400452 -0.0650604 2.4516e-18 0.0400452 -0.0650604 2.42297e-18 0.0395688 -0.0649955 2.39345e-18 0.0390881 -0.0650025 0.25 0.0390881 -0.0650025 0.25 0.0395688 -0.0649955 2.50711e-18 0.0409426 -0.0653984 0.25 0.0413434 -0.0656639 2.5314e-18 0.0413434 -0.0656639 0.25 0.0409426 -0.0653984 2.48022e-18 0.0405066 -0.0651957 0.25 0.0405066 -0.0651957 2.55308e-18 0.0417001 -0.0659864 0.25 0.0417001 -0.0659864 0.25 0.0420046 -0.0663585 2.57204e-18 0.0420046 -0.0663585 7.24967e-19 0.0118396 -0.0749201 0.25 0.011692 -0.074083 0 0.011692 -0.074083 0.25 0.0118396 -0.0749201 6.53991e-19 0.0106734 -0.0764154 6.45317e-19 0.0105371 -0.0768765 0.25 0.0106734 -0.0764154 0.25 0.0105371 -0.0768765 6.41414e-19 0.0104711 -0.0773528 6.41534e-19 0.010477 -0.0778335 0.25 0.0104711 -0.0773528 0.25 0.010477 -0.0778335 0.25 0.0108771 -0.0759799 6.66134e-19 0.0108771 -0.0759799 0.25 0.0111436 -0.0755797 6.82614e-19 0.0111436 -0.0755797 0.25 0.0114668 -0.0752238 7.02129e-19 0.0114668 -0.0752238 0.25 0.0118396 -0.0749201 7.24967e-19 0.0118396 -0.0749201 7.27088e-19 0.0118743 -0.0938038 0.25 0.010477 -0.0778335 6.41534e-19 0.010477 -0.0778335 0.25 0.0118743 -0.0938038 0.25 0.012882 -0.0948844 7.88432e-19 0.012882 -0.0948844 8.01009e-19 0.0130802 -0.0948992 8.13047e-19 0.0132781 -0.094881 0.25 0.0132781 -0.094881 0.25 0.0130802 -0.0948992 7.65447e-19 0.0125063 -0.0947587 0.25 0.0123392 -0.0946512 7.55472e-19 0.0123392 -0.0946512 0.25 0.0125063 -0.0947587 7.76722e-19 0.0126889 -0.0948372 0.25 0.0126889 -0.0948372 0.25 0.0119734 -0.0941873 7.32921e-19 0.0119734 -0.0941873 7.38558e-19 0.012069 -0.0943615 0.25 0.012069 -0.0943615 7.46365e-19 0.0121921 -0.0945176 0.25 0.0121921 -0.0945176 0.25 0.0119079 -0.0939997 7.29018e-19 0.0119079 -0.0939997 7.27088e-19 0.0118743 -0.0938038 0.25 0.0118743 -0.0938038 1.22305e-18 0.0199739 -0.0937003 0.25 0.0132781 -0.094881 8.13047e-19 0.0132781 -0.094881 0.25 0.0199739 -0.0937003 0.25 0.0208701 -0.0929874 0.25 0.0207776 -0.0931633 1.27762e-18 0.0208701 -0.0929874 1.28153e-18 0.0209324 -0.0927987 0.25 0.0209324 -0.0927987 1.28326e-18 0.0209626 -0.0926022 0.25 0.0209626 -0.0926022 0.25 0.02096 -0.0924035 1.28326e-18 0.02096 -0.0924035 1.28126e-18 0.0209246 -0.092208 0.25 0.0209246 -0.092208 1.27199e-18 0.0207776 -0.0931633 0.25 0.0206573 -0.0933215 1.26461e-18 0.0206573 -0.0933215 0.25 0.0205125 -0.0934577 0.25 0.0203473 -0.0935681 1.25551e-18 0.0205125 -0.0934577 0.25 0.0201661 -0.0936497 1.24597e-18 0.0203473 -0.0935681 1.23469e-18 0.0201661 -0.0936497 0.25 0.0199739 -0.0937003 1.22305e-18 0.0199739 -0.0937003 1.28126e-18 0.0209246 -0.092208 1.0272e-18 0.0167754 -0.076723 0.25 0.0167754 -0.076723 0.25 0.0209246 -0.092208 8.87783e-19 0.0144986 -0.0744513 0 0.014351 -0.0736142 0.25 0.014351 -0.0736142 0.25 0.0144986 -0.0744513 0.25 0.0153782 -0.074833 9.41521e-19 0.0153782 -0.074833 9.15934e-19 0.0149528 -0.0746091 8.87783e-19 0.0144986 -0.0744513 0.25 0.0144986 -0.0744513 0.25 0.0149528 -0.0746091 9.8619e-19 0.0161059 -0.0754576 0.25 0.0163917 -0.0758442 1.00397e-18 0.0163917 -0.0758442 0.25 0.0161059 -0.0754576 9.65374e-19 0.0157655 -0.075118 0.25 0.0157655 -0.075118 1.01742e-18 0.0166166 -0.0762692 0.25 0.0166166 -0.0762692 0.25 0.0167754 -0.076723 1.0272e-18 0.0167754 -0.076723 -8.26637e-20 -0.00135 -0.0758379 0.25 -0.00135 -0.0749878 0 -0.00135 -0.0749878 0.25 -0.00135 -0.0758379 -1.69136e-19 -0.00275812 -0.077108 -1.82146e-19 -0.00297247 -0.0775383 0.25 -0.00275812 -0.077108 0.25 -0.00297247 -0.0775383 -1.9082e-19 -0.00312013 -0.0779959 -1.95808e-19 -0.00319779 -0.0784704 0.25 -0.00312013 -0.0779959 0.25 -0.00319779 -0.0784704 0.25 -0.0024819 -0.0767144 -1.51788e-19 -0.0024819 -0.0767144 0.25 -0.00214999 -0.0763665 -1.31839e-19 -0.00214999 -0.0763665 0.25 -0.00176985 -0.0760722 -1.0842e-19 -0.00176985 -0.0760722 0.25 -0.00135 -0.0758379 -8.26637e-20 -0.00135 -0.0758379 -2.81363e-19 -0.004595 -0.0944406 0.25 -0.00319779 -0.0784704 -1.95808e-19 -0.00319779 -0.0784704 0.25 -0.004595 -0.0944406 0.25 -0.00379025 -0.0956798 -2.32019e-19 -0.00379025 -0.0956798 -2.2031e-19 -0.00359762 -0.0957288 -2.08163e-19 -0.00339957 -0.0957452 0.25 -0.00339957 -0.0957452 0.25 -0.00359762 -0.0957288 -2.5327e-19 -0.00413836 -0.0954908 0.25 -0.0042843 -0.0953559 -2.62377e-19 -0.0042843 -0.0953559 0.25 -0.00413836 -0.0954908 -2.43295e-19 -0.00397216 -0.0955998 0.25 -0.00397216 -0.0955998 0.25 -0.00456392 -0.0948355 -2.79724e-19 -0.00456392 -0.0948355 -2.75387e-19 -0.00450004 -0.0950237 0.25 -0.00450004 -0.0950237 -2.69749e-19 -0.00440597 -0.0951988 0.25 -0.00440597 -0.0951988 0.25 -0.00459587 -0.0946394 -2.81025e-19 -0.00459587 -0.0946394 -2.81363e-19 -0.004595 -0.0944406 0.25 -0.004595 -0.0944406 2.08163e-19 0.00339957 -0.0957452 0.25 -0.00339957 -0.0957452 -2.08163e-19 -0.00339957 -0.0957452 0.25 0.00339957 -0.0957452 0.25 0.00440597 -0.0951988 0.25 0.0042843 -0.0953559 2.69749e-19 0.00440597 -0.0951988 2.75387e-19 0.00450004 -0.0950237 0.25 0.00450004 -0.0950237 2.79724e-19 0.00456392 -0.0948355 0.25 0.00456392 -0.0948355 0.25 0.00459587 -0.0946394 2.81025e-19 0.00459587 -0.0946394 2.81363e-19 0.004595 -0.0944406 0.25 0.004595 -0.0944406 2.62377e-19 0.0042843 -0.0953559 0.25 0.00413836 -0.0954908 2.5327e-19 0.00413836 -0.0954908 0.25 0.00397216 -0.0955998 0.25 0.00379025 -0.0956798 2.43295e-19 0.00397216 -0.0955998 0.25 0.00359762 -0.0957288 2.32019e-19 0.00379025 -0.0956798 2.2031e-19 0.00359762 -0.0957288 0.25 0.00339957 -0.0957452 2.08163e-19 0.00339957 -0.0957452 2.81363e-19 0.004595 -0.0944406 1.95808e-19 0.00319779 -0.0784704 0.25 0.00319779 -0.0784704 0.25 0.004595 -0.0944406 8.26637e-20 0.00135 -0.0758379 0 0.00135 -0.0749878 0.25 0.00135 -0.0749878 0.25 0.00135 -0.0758379 0.25 0.00214999 -0.0763665 1.31839e-19 0.00214999 -0.0763665 1.0842e-19 0.00176985 -0.0760722 8.26637e-20 0.00135 -0.0758379 0.25 0.00135 -0.0758379 0.25 0.00176985 -0.0760722 1.69136e-19 0.00275812 -0.077108 0.25 0.00297247 -0.0775383 1.82146e-19 0.00297247 -0.0775383 0.25 0.00275812 -0.077108 1.51788e-19 0.0024819 -0.0767144 0.25 0.0024819 -0.0767144 1.9082e-19 0.00312013 -0.0779959 0.25 0.00312013 -0.0779959 0.25 0.00319779 -0.0784704 1.95808e-19 0.00319779 -0.0784704 -2.25028e-18 -0.0367498 0.0663525 0.25 -0.0363248 0.0656164 0 -0.0363248 0.0656164 0.25 -0.0367498 0.0663525 -2.21481e-18 -0.0361654 0.0681565 -2.21654e-18 -0.0361949 0.0686364 0.25 -0.0361654 0.0681565 0.25 -0.0361949 0.0686364 -2.22261e-18 -0.0362958 0.0691065 -2.23289e-18 -0.0364658 0.0695563 0.25 -0.0362958 0.0691065 0.25 -0.0364658 0.0695563 0.25 -0.0362078 0.0676776 -2.21741e-18 -0.0362078 0.0676776 0.25 -0.0363213 0.0672104 -2.22435e-18 -0.0363213 0.0672104 0.25 -0.0365033 0.0667653 -2.23562e-18 -0.0365033 0.0667653 0.25 -0.0367498 0.0663525 -2.25028e-18 -0.0367498 0.0663525 -2.64774e-18 -0.0432409 0.0840855 0.25 -0.0364658 0.0695563 -2.23289e-18 -0.0364658 0.0695563 0.25 -0.0432409 0.0840855 0.25 -0.0445575 0.0847563 -2.72829e-18 -0.0445575 0.0847563 -2.74e-18 -0.0447488 0.0847024 -2.75108e-18 -0.0449285 0.0846176 0.25 -0.0449285 0.0846176 0.25 -0.0447488 0.0847024 -2.70443e-18 -0.0441615 0.0847667 0.25 -0.0439677 0.0847228 -2.69229e-18 -0.0439677 0.0847228 0.25 -0.0441615 0.0847667 -2.71658e-18 -0.0443599 0.0847779 0.25 -0.0443599 0.0847779 0.25 -0.0434653 0.0844119 -2.6615e-18 -0.0434653 0.0844119 -2.67061e-18 -0.0436147 0.084543 0.25 -0.0436147 0.084543 -2.68102e-18 -0.0437837 0.0846476 0.25 -0.0437837 0.0846476 0.25 -0.0433396 0.084258 -2.65413e-18 -0.0433396 0.084258 -2.64774e-18 -0.0432409 0.0840855 0.25 -0.0432409 0.0840855 -3.11163e-18 -0.0508167 0.081218 0.25 -0.0449285 0.0846176 -2.75108e-18 -0.0449285 0.0846176 0.25 -0.0508167 0.081218 0.25 -0.0514151 0.0802416 0.25 -0.0513883 0.0804385 -3.14809e-18 -0.0514151 0.0802416 -3.14766e-18 -0.051409 0.0800429 0.25 -0.051409 0.0800429 -3.14505e-18 -0.0513702 0.079848 0.25 -0.0513702 0.079848 0.25 -0.0512998 0.0796622 -3.14115e-18 -0.0512998 0.0796622 -3.13508e-18 -0.0511997 0.0794905 0.25 -0.0511997 0.0794905 -3.14635e-18 -0.0513883 0.0804385 0.25 -0.0513293 0.0806283 -3.14289e-18 -0.0513293 0.0806283 0.25 -0.0512399 0.0808058 0.25 -0.0511224 0.0809661 -3.13725e-18 -0.0512399 0.0808058 0.25 -0.05098 0.0811047 -3.13031e-18 -0.0511224 0.0809661 -3.1212e-18 -0.05098 0.0811047 0.25 -0.0508167 0.081218 -3.11163e-18 -0.0508167 0.081218 -3.13508e-18 -0.0511997 0.0794905 -2.57204e-18 -0.0420046 0.0663585 0.25 -0.0420046 0.0663585 0.25 -0.0511997 0.0794905 -2.39345e-18 -0.0390881 0.0650025 2.84217e-17 -0.0386631 0.0642664 0.25 -0.0386631 0.0642664 0.25 -0.0390881 0.0650025 0.25 -0.0400452 0.0650604 -2.45203e-18 -0.0400452 0.0650604 -2.42341e-18 -0.0395688 0.0649955 -2.39345e-18 -0.0390881 0.0650025 0.25 -0.0390881 0.0650025 0.25 -0.0395688 0.0649955 -2.50754e-18 -0.0409426 0.0653984 0.25 -0.0413434 0.0656639 -2.53183e-18 -0.0413434 0.0656639 0.25 -0.0409426 0.0653984 -2.48065e-18 -0.0405066 0.0651957 0.25 -0.0405066 0.0651957 -2.55351e-18 -0.0417001 0.0659864 0.25 -0.0417001 0.0659864 0.25 -0.0420046 0.0663585 -2.57204e-18 -0.0420046 0.0663585 -1.51057e-18 -0.0246695 0.071726 0.25 -0.0243788 0.0709273 0 -0.0243788 0.0709273 0.25 -0.0246695 0.071726 -1.4563e-18 -0.0237807 0.0734011 -1.45283e-18 -0.0237265 0.0738788 0.25 -0.0237807 0.0734011 0.25 -0.0237265 0.0738788 -1.45413e-18 -0.0237442 0.0743593 -1.45938e-18 -0.0238335 0.0748318 0.25 -0.0237442 0.0743593 0.25 -0.0238335 0.0748318 0.25 -0.0239057 0.0729368 -1.46411e-18 -0.0239057 0.0729368 0.25 -0.0240986 0.0724964 -1.47538e-18 -0.0240986 0.0724964 0.25 -0.0243551 0.0720898 -1.49143e-18 -0.0243551 0.0720898 0.25 -0.0246695 0.071726 -1.51057e-18 -0.0246695 0.071726 -1.71345e-18 -0.0279827 0.0903168 0.25 -0.0238335 0.0748318 -1.45938e-18 -0.0238335 0.0748318 0.25 -0.0279827 0.0903168 0.25 -0.0291628 0.091206 -1.7859e-18 -0.0291628 0.091206 -1.79804e-18 -0.0293605 0.0911861 -1.80955e-18 -0.0295522 0.0911338 0.25 -0.0295522 0.0911338 0.25 -0.0293605 0.0911861 -1.76205e-18 -0.028771 0.0911474 0.25 -0.0285877 0.0910706 -1.75077e-18 -0.0285877 0.0910706 0.25 -0.028771 0.0911474 -1.77375e-18 -0.0289645 0.091193 0.25 -0.0289645 0.091193 0.25 -0.028147 0.0906772 -1.72345e-18 -0.028147 0.0906772 -1.73125e-18 -0.0282714 0.0908322 0.25 -0.0282714 0.0908322 -1.74036e-18 -0.0284196 0.0909645 0.25 -0.0284196 0.0909645 0.25 -0.0280499 0.0905038 -1.71738e-18 -0.0280499 0.0905038 -1.71345e-18 -0.0279827 0.0903168 0.25 -0.0279827 0.0903168 -2.20077e-18 -0.0359413 0.0888084 0.25 -0.0295522 0.0911338 -1.80955e-18 -0.0295522 0.0911338 0.25 -0.0359413 0.0888084 0.25 -0.0367002 0.0879507 0.25 -0.0366396 0.08814 -2.24733e-18 -0.0367002 0.0879507 -2.24907e-18 -0.0367287 0.087754 0.25 -0.0367287 0.087754 -2.24907e-18 -0.0367243 0.0875553 0.25 -0.0367243 0.0875553 0.25 -0.0366873 0.08736 -2.24647e-18 -0.0366873 0.08736 -2.24224e-18 -0.0366185 0.0871736 0.25 -0.0366185 0.0871736 -2.24386e-18 -0.0366396 0.08814 0.25 -0.0365486 0.0883166 -2.23779e-18 -0.0365486 0.0883166 0.25 -0.0364297 0.0884759 0.25 -0.0362861 0.0886133 -2.23085e-18 -0.0364297 0.0884759 0.25 -0.0361218 0.0887252 -2.22218e-18 -0.0362861 0.0886133 -2.21177e-18 -0.0361218 0.0887252 0.25 -0.0359413 0.0888084 -2.20077e-18 -0.0359413 0.0888084 -2.24224e-18 -0.0366185 0.0871736 -1.82738e-18 -0.0298434 0.0726443 0.25 -0.0298434 0.0726443 0.25 -0.0366185 0.0871736 -1.66593e-18 -0.0272067 0.0708025 0 -0.0269159 0.0700038 0.25 -0.0269159 0.0700038 0.25 -0.0272067 0.0708025 0.25 -0.0281392 0.0710257 -1.72301e-18 -0.0281392 0.0710257 -1.69526e-18 -0.0276813 0.0708791 -1.66593e-18 -0.0272067 0.0708025 0.25 -0.0272067 0.0708025 0.25 -0.0276813 0.0708791 -1.77375e-18 -0.0289643 0.0715144 0.25 -0.0293129 0.0718456 -1.79501e-18 -0.0293129 0.0718456 0.25 -0.0289643 0.0715144 -1.74947e-18 -0.0285701 0.0712391 0.25 -0.0285701 0.0712391 -1.81322e-18 -0.0296081 0.072225 0.25 -0.0296081 0.072225 0.25 -0.0298434 0.0726443 -1.82738e-18 -0.0298434 0.0726443 -3.50417e-18 -0.0572274 0.0497818 0.25 -0.0565763 0.0492354 2.84217e-17 -0.0565763 0.0492354 0.25 -0.0572274 0.0497818 -3.50848e-18 -0.0572952 0.0516769 -3.52019e-18 -0.0574871 0.0521177 0.25 -0.0572952 0.0516769 0.25 -0.0574871 0.0521177 -3.5358e-18 -0.0577428 0.052525 -3.55492e-18 -0.0580563 0.0528894 0.25 -0.0577428 0.052525 0.25 -0.0580563 0.0528894 0.25 -0.0571713 0.0512123 -3.50067e-18 -0.0571713 0.0512123 0.25 -0.0571182 0.0507345 -3.49764e-18 -0.0571182 0.0507345 0.25 -0.057137 0.050254 -3.4985e-18 -0.057137 0.050254 0.25 -0.0572274 0.0497818 -3.50417e-18 -0.0572274 0.0497818 -4.24904e-18 -0.0693921 0.0642252 0.25 -0.0580563 0.0528894 -3.55492e-18 -0.0580563 0.0528894 0.25 -0.0693921 0.0642252 0.25 -0.0708587 0.0644053 -4.33854e-18 -0.0708587 0.0644053 -4.34852e-18 -0.07102 0.0642892 -4.35729e-18 -0.0711599 0.0641481 0.25 -0.0711599 0.0641481 0.25 -0.07102 0.0642892 -4.31599e-18 -0.0704901 0.0645505 0.25 -0.070293 0.0645756 -4.30385e-18 -0.070293 0.0645756 0.25 -0.0704901 0.0645505 -4.3277e-18 -0.0706804 0.0644932 0.25 -0.0706804 0.0644932 0.25 -0.0697146 0.0644553 -4.26829e-18 -0.0697146 0.0644553 -4.28e-18 -0.0698998 0.0645273 0.25 -0.0698998 0.0645273 -4.29171e-18 -0.0700944 0.0645678 0.25 -0.0700944 0.0645678 0.25 -0.0695438 0.0643537 -4.25831e-18 -0.0695438 0.0643537 -4.24904e-18 -0.0693921 0.0642252 0.25 -0.0693921 0.0642252 -4.6249e-18 -0.0755303 0.0589396 0.25 -0.0711599 0.0641481 -4.35729e-18 -0.0711599 0.0641481 0.25 -0.0755303 0.0589396 0.25 -0.0757586 0.0578174 0.25 -0.0758008 0.0580117 -4.63865e-18 -0.0757586 0.0578174 -4.63431e-18 -0.075685 0.0576328 0.25 -0.075685 0.0576328 -4.62781e-18 -0.0755819 0.0574629 0.25 -0.0755819 0.0574629 0.25 -0.0754521 0.0573124 -4.61957e-18 -0.0754521 0.0573124 -4.61075e-18 -0.0752993 0.0571853 0.25 -0.0752993 0.0571853 -4.64125e-18 -0.0758008 0.0580117 0.25 -0.0758103 0.0582102 -4.64212e-18 -0.0758103 0.0582102 0.25 -0.075787 0.0584075 0.25 -0.0757313 0.0585983 -4.64039e-18 -0.075787 0.0584075 0.25 -0.075645 0.0587773 -4.63735e-18 -0.0757313 0.0585983 -4.63171e-18 -0.075645 0.0587773 0.25 -0.0755303 0.0589396 -4.6249e-18 -0.0755303 0.0589396 -4.61075e-18 -0.0752993 0.0571853 -3.80665e-18 -0.0621673 0.0479902 0.25 -0.0621673 0.0479902 0.25 -0.0752993 0.0571853 -3.61044e-18 -0.0589629 0.0477135 0 -0.0583118 0.0471671 0.25 -0.0583118 0.0471671 0.25 -0.0589629 0.0477135 0.25 -0.0598822 0.0474405 -3.66677e-18 -0.0598822 0.0474405 -3.63815e-18 -0.0594123 0.0475425 -3.61044e-18 -0.0589629 0.0477135 0.25 -0.0589629 0.0477135 0.25 -0.0594123 0.0475425 -3.72575e-18 -0.060841 0.0474512 0.25 -0.0613085 0.0475636 -3.75438e-18 -0.0613085 0.0475636 0.25 -0.060841 0.0474512 -3.69626e-18 -0.060362 0.0474098 0.25 -0.060362 0.0474098 -3.78126e-18 -0.0617539 0.0477446 0.25 -0.0617539 0.0477446 0.25 -0.0621673 0.0479902 -3.80665e-18 -0.0621673 0.0479902 -2.92161e-18 -0.0477135 0.0589629 0.25 -0.0471671 0.0583118 2.84217e-17 -0.0471671 0.0583118 0.25 -0.0477135 0.0589629 -2.90566e-18 -0.0474512 0.060841 -2.9126e-18 -0.0475636 0.0613085 0.25 -0.0474512 0.060841 0.25 -0.0475636 0.0613085 -2.92344e-18 -0.0477446 0.0617539 -2.93855e-18 -0.0479902 0.0621673 0.25 -0.0477446 0.0617539 0.25 -0.0479902 0.0621673 0.25 -0.0474098 0.060362 -2.90306e-18 -0.0474098 0.060362 0.25 -0.0474405 0.0598822 -2.90479e-18 -0.0474405 0.0598822 0.25 -0.0475425 0.0594123 -2.9113e-18 -0.0475425 0.0594123 0.25 -0.0477135 0.0589629 -2.92161e-18 -0.0477135 0.0589629 -3.50159e-18 -0.0571853 0.0752993 0.25 -0.0479902 0.0621673 -2.93855e-18 -0.0479902 0.0621673 0.25 -0.0571853 0.0752993 0.25 -0.0585983 0.0757313 -3.58828e-18 -0.0585983 0.0757313 -3.59912e-18 -0.0587773 0.075645 -3.60901e-18 -0.0589396 0.0755303 0.25 -0.0589396 0.0755303 0.25 -0.0587773 0.075645 -3.56442e-18 -0.0582102 0.0758103 0.25 -0.0580117 0.0758008 -3.55228e-18 -0.0580117 0.0758008 0.25 -0.0582102 0.0758103 -3.57657e-18 -0.0584075 0.075787 0.25 -0.0584075 0.075787 0.25 -0.0574629 0.0755819 -3.51889e-18 -0.0574629 0.0755819 -3.52886e-18 -0.0576328 0.075685 0.25 -0.0576328 0.075685 -3.54014e-18 -0.0578174 0.0757586 0.25 -0.0578174 0.0757586 0.25 -0.0573124 0.0754521 -3.50978e-18 -0.0573124 0.0754521 -3.50159e-18 -0.0571853 0.0752993 0.25 -0.0571853 0.0752993 -3.92794e-18 -0.0641481 0.0711599 0.25 -0.0589396 0.0755303 -3.60901e-18 -0.0589396 0.0755303 0.25 -0.0641481 0.0711599 0.25 -0.0645678 0.0700944 0.25 -0.0645756 0.070293 -3.95343e-18 -0.0645678 0.0700944 -3.95083e-18 -0.0645273 0.0698998 0.25 -0.0645273 0.0698998 -3.94693e-18 -0.0644553 0.0697146 0.25 -0.0644553 0.0697146 0.25 -0.0643537 0.0695438 -3.94042e-18 -0.0643537 0.0695438 -3.93266e-18 -0.0642252 0.0693921 0.25 -0.0642252 0.0693921 -3.95387e-18 -0.0645756 0.070293 0.25 -0.0645505 0.0704901 -3.95257e-18 -0.0645505 0.0704901 0.25 -0.0644932 0.0706804 0.25 -0.0644053 0.0708587 -3.9491e-18 -0.0644932 0.0706804 0.25 -0.0642892 0.07102 -3.94346e-18 -0.0644053 0.0708587 -3.93609e-18 -0.0642892 0.07102 0.25 -0.0641481 0.0711599 -3.92794e-18 -0.0641481 0.0711599 -3.93266e-18 -0.0642252 0.0693921 -3.23854e-18 -0.0528894 0.0580563 0.25 -0.0528894 0.0580563 0.25 -0.0642252 0.0693921 -3.04826e-18 -0.0497818 0.0572274 2.84217e-17 -0.0492354 0.0565763 0.25 -0.0492354 0.0565763 0.25 -0.0497818 0.0572274 0.25 -0.0507345 0.0571182 -3.10646e-18 -0.0507345 0.0571182 -3.0774e-18 -0.050254 0.057137 -3.04826e-18 -0.0497818 0.0572274 0.25 -0.0497818 0.0572274 0.25 -0.050254 0.057137 -3.16414e-18 -0.0516769 0.0572952 0.25 -0.0521177 0.0574871 -3.19146e-18 -0.0521177 0.0574871 0.25 -0.0516769 0.0572952 -3.13551e-18 -0.0512123 0.0571713 0.25 -0.0512123 0.0571713 -3.21618e-18 -0.052525 0.0577428 0.25 -0.052525 0.0577428 0.25 -0.0528894 0.0580563 -3.23854e-18 -0.0528894 0.0580563 -7.24967e-19 -0.0118396 0.0749201 0.25 -0.011692 0.074083 0 -0.011692 0.074083 0.25 -0.0118396 0.0749201 -6.53991e-19 -0.0106734 0.0764154 -6.45317e-19 -0.0105371 0.0768765 0.25 -0.0106734 0.0764154 0.25 -0.0105371 0.0768765 -6.41414e-19 -0.0104711 0.0773528 -6.41534e-19 -0.010477 0.0778335 0.25 -0.0104711 0.0773528 0.25 -0.010477 0.0778335 0.25 -0.0108771 0.0759799 -6.66134e-19 -0.0108771 0.0759799 0.25 -0.0111436 0.0755797 -6.82614e-19 -0.0111436 0.0755797 0.25 -0.0114668 0.0752238 -7.02129e-19 -0.0114668 0.0752238 0.25 -0.0118396 0.0749201 -7.24967e-19 -0.0118396 0.0749201 -7.27088e-19 -0.0118743 0.0938038 0.25 -0.010477 0.0778335 -6.41534e-19 -0.010477 0.0778335 0.25 -0.0118743 0.0938038 0.25 -0.012882 0.0948844 -7.88432e-19 -0.012882 0.0948844 -8.01009e-19 -0.0130802 0.0948992 -8.13047e-19 -0.0132781 0.094881 0.25 -0.0132781 0.094881 0.25 -0.0130802 0.0948992 -7.65447e-19 -0.0125063 0.0947587 0.25 -0.0123392 0.0946512 -7.55472e-19 -0.0123392 0.0946512 0.25 -0.0125063 0.0947587 -7.76722e-19 -0.0126889 0.0948372 0.25 -0.0126889 0.0948372 0.25 -0.0119734 0.0941873 -7.32921e-19 -0.0119734 0.0941873 -7.38558e-19 -0.012069 0.0943615 0.25 -0.012069 0.0943615 -7.46365e-19 -0.0121921 0.0945176 0.25 -0.0121921 0.0945176 0.25 -0.0119079 0.0939997 -7.29018e-19 -0.0119079 0.0939997 -7.27088e-19 -0.0118743 0.0938038 0.25 -0.0118743 0.0938038 -1.22305e-18 -0.0199739 0.0937003 0.25 -0.0132781 0.094881 -8.13047e-19 -0.0132781 0.094881 0.25 -0.0199739 0.0937003 0.25 -0.0208701 0.0929874 0.25 -0.0207776 0.0931633 -1.27806e-18 -0.0208701 0.0929874 -1.28196e-18 -0.0209324 0.0927987 0.25 -0.0209324 0.0927987 -1.2837e-18 -0.0209626 0.0926022 0.25 -0.0209626 0.0926022 0.25 -0.02096 0.0924035 -1.2837e-18 -0.02096 0.0924035 -1.28126e-18 -0.0209246 0.092208 0.25 -0.0209246 0.092208 -1.27242e-18 -0.0207776 0.0931633 0.25 -0.0206573 0.0933215 -1.26505e-18 -0.0206573 0.0933215 0.25 -0.0205125 0.0934577 0.25 -0.0203473 0.0935681 -1.25594e-18 -0.0205125 0.0934577 0.25 -0.0201661 0.0936497 -1.2464e-18 -0.0203473 0.0935681 -1.23512e-18 -0.0201661 0.0936497 0.25 -0.0199739 0.0937003 -1.22305e-18 -0.0199739 0.0937003 -1.28126e-18 -0.0209246 0.092208 -1.0272e-18 -0.0167754 0.076723 0.25 -0.0167754 0.076723 0.25 -0.0209246 0.092208 -8.87783e-19 -0.0144986 0.0744513 0 -0.014351 0.0736142 0.25 -0.014351 0.0736142 0.25 -0.0144986 0.0744513 0.25 -0.0153782 0.074833 -9.41521e-19 -0.0153782 0.074833 -9.15934e-19 -0.0149528 0.0746091 -8.87783e-19 -0.0144986 0.0744513 0.25 -0.0144986 0.0744513 0.25 -0.0149528 0.0746091 -9.8619e-19 -0.0161059 0.0754576 0.25 -0.0163917 0.0758442 -1.00397e-18 -0.0163917 0.0758442 0.25 -0.0161059 0.0754576 -9.65374e-19 -0.0157655 0.075118 0.25 -0.0157655 0.075118 -1.01742e-18 -0.0166166 0.0762692 0.25 -0.0166166 0.0762692 0.25 -0.0167754 0.076723 -1.0272e-18 -0.0167754 0.076723 8.26637e-20 0.00135 0.0758379 0.25 0.00135 0.0749878 0 0.00135 0.0749878 0.25 0.00135 0.0758379 1.69136e-19 0.00275812 0.077108 1.82146e-19 0.00297247 0.0775383 0.25 0.00275812 0.077108 0.25 0.00297247 0.0775383 1.9082e-19 0.00312013 0.0779959 1.95808e-19 0.00319779 0.0784704 0.25 0.00312013 0.0779959 0.25 0.00319779 0.0784704 0.25 0.0024819 0.0767144 1.51788e-19 0.0024819 0.0767144 0.25 0.00214999 0.0763665 1.31839e-19 0.00214999 0.0763665 0.25 0.00176985 0.0760722 1.0842e-19 0.00176985 0.0760722 0.25 0.00135 0.0758379 8.26637e-20 0.00135 0.0758379 2.81363e-19 0.004595 0.0944406 0.25 0.00319779 0.0784704 1.95808e-19 0.00319779 0.0784704 0.25 0.004595 0.0944406 0.25 0.00379025 0.0956798 2.32019e-19 0.00379025 0.0956798 2.2031e-19 0.00359762 0.0957288 2.08163e-19 0.00339957 0.0957452 0.25 0.00339957 0.0957452 0.25 0.00359762 0.0957288 2.5327e-19 0.00413836 0.0954908 0.25 0.0042843 0.0953559 2.62377e-19 0.0042843 0.0953559 0.25 0.00413836 0.0954908 2.43295e-19 0.00397216 0.0955998 0.25 0.00397216 0.0955998 0.25 0.00456392 0.0948355 2.79724e-19 0.00456392 0.0948355 2.75387e-19 0.00450004 0.0950237 0.25 0.00450004 0.0950237 2.69749e-19 0.00440597 0.0951988 0.25 0.00440597 0.0951988 0.25 0.00459587 0.0946394 2.81025e-19 0.00459587 0.0946394 2.81363e-19 0.004595 0.0944406 0.25 0.004595 0.0944406 -2.08163e-19 -0.00339957 0.0957452 0.25 0.00339957 0.0957452 2.08163e-19 0.00339957 0.0957452 0.25 -0.00339957 0.0957452 0.25 -0.00440597 0.0951988 0.25 -0.0042843 0.0953559 -2.69749e-19 -0.00440597 0.0951988 -2.75387e-19 -0.00450004 0.0950237 0.25 -0.00450004 0.0950237 -2.79724e-19 -0.00456392 0.0948355 0.25 -0.00456392 0.0948355 0.25 -0.00459587 0.0946394 -2.81025e-19 -0.00459587 0.0946394 -2.81363e-19 -0.004595 0.0944406 0.25 -0.004595 0.0944406 -2.62377e-19 -0.0042843 0.0953559 0.25 -0.00413836 0.0954908 -2.5327e-19 -0.00413836 0.0954908 0.25 -0.00397216 0.0955998 0.25 -0.00379025 0.0956798 -2.43295e-19 -0.00397216 0.0955998 0.25 -0.00359762 0.0957288 -2.32019e-19 -0.00379025 0.0956798 -2.2031e-19 -0.00359762 0.0957288 0.25 -0.00339957 0.0957452 -2.08163e-19 -0.00339957 0.0957452 -2.81363e-19 -0.004595 0.0944406 -1.95808e-19 -0.00319779 0.0784704 0.25 -0.00319779 0.0784704 0.25 -0.004595 0.0944406 -8.26637e-20 -0.00135 0.0758379 0 -0.00135 0.0749878 0.25 -0.00135 0.0749878 0.25 -0.00135 0.0758379 0.25 -0.00214999 0.0763665 -1.31839e-19 -0.00214999 0.0763665 -1.0842e-19 -0.00176985 0.0760722 -8.26637e-20 -0.00135 0.0758379 0.25 -0.00135 0.0758379 0.25 -0.00176985 0.0760722 -1.69136e-19 -0.00275812 0.077108 0.25 -0.00297247 0.0775383 -1.82146e-19 -0.00297247 0.0775383 0.25 -0.00275812 0.077108 -1.51788e-19 -0.0024819 0.0767144 0.25 -0.0024819 0.0767144 -1.9082e-19 -0.00312013 0.0779959 0.25 -0.00312013 0.0779959 0.25 -0.00319779 0.0784704 -1.95808e-19 -0.00319779 0.0784704 8.87783e-19 0.0144986 0.0744513 0.25 0.014351 0.0736142 0 0.014351 0.0736142 0.25 0.0144986 0.0744513 9.8619e-19 0.0161059 0.0754576 1.00397e-18 0.0163917 0.0758442 0.25 0.0161059 0.0754576 0.25 0.0163917 0.0758442 1.01742e-18 0.0166166 0.0762692 1.0272e-18 0.0167754 0.076723 0.25 0.0166166 0.0762692 0.25 0.0167754 0.076723 0.25 0.0157655 0.075118 9.65374e-19 0.0157655 0.075118 0.25 0.0153782 0.074833 9.41521e-19 0.0153782 0.074833 0.25 0.0149528 0.0746091 9.15934e-19 0.0149528 0.0746091 0.25 0.0144986 0.0744513 8.87783e-19 0.0144986 0.0744513 1.28126e-18 0.0209246 0.092208 0.25 0.0167754 0.076723 1.0272e-18 0.0167754 0.076723 0.25 0.0209246 0.092208 0.25 0.0203473 0.0935681 1.2464e-18 0.0203473 0.0935681 1.23512e-18 0.0201661 0.0936497 1.22305e-18 0.0199739 0.0937003 0.25 0.0199739 0.0937003 0.25 0.0201661 0.0936497 1.26505e-18 0.0206573 0.0933215 0.25 0.0207776 0.0931633 1.27242e-18 0.0207776 0.0931633 0.25 0.0206573 0.0933215 1.25594e-18 0.0205125 0.0934577 0.25 0.0205125 0.0934577 0.25 0.0209626 0.0926022 1.2837e-18 0.0209626 0.0926022 1.28196e-18 0.0209324 0.0927987 0.25 0.0209324 0.0927987 1.27806e-18 0.0208701 0.0929874 0.25 0.0208701 0.0929874 0.25 0.02096 0.0924035 1.2837e-18 0.02096 0.0924035 1.28126e-18 0.0209246 0.092208 0.25 0.0209246 0.092208 8.13047e-19 0.0132781 0.094881 0.25 0.0199739 0.0937003 1.22305e-18 0.0199739 0.0937003 0.25 0.0132781 0.094881 0.25 0.0121921 0.0945176 0.25 0.0123392 0.0946512 7.46365e-19 0.0121921 0.0945176 7.38558e-19 0.012069 0.0943615 0.25 0.012069 0.0943615 7.32921e-19 0.0119734 0.0941873 0.25 0.0119734 0.0941873 0.25 0.0119079 0.0939997 7.29018e-19 0.0119079 0.0939997 7.27088e-19 0.0118743 0.0938038 0.25 0.0118743 0.0938038 7.55472e-19 0.0123392 0.0946512 0.25 0.0125063 0.0947587 7.65447e-19 0.0125063 0.0947587 0.25 0.0126889 0.0948372 0.25 0.012882 0.0948844 7.76722e-19 0.0126889 0.0948372 0.25 0.0130802 0.0948992 7.88432e-19 0.012882 0.0948844 8.01009e-19 0.0130802 0.0948992 0.25 0.0132781 0.094881 8.13047e-19 0.0132781 0.094881 7.27088e-19 0.0118743 0.0938038 6.41534e-19 0.010477 0.0778335 0.25 0.010477 0.0778335 0.25 0.0118743 0.0938038 7.24967e-19 0.0118396 0.0749201 0 0.011692 0.074083 0.25 0.011692 0.074083 0.25 0.0118396 0.0749201 0.25 0.0111436 0.0755797 6.82614e-19 0.0111436 0.0755797 7.02129e-19 0.0114668 0.0752238 7.24967e-19 0.0118396 0.0749201 0.25 0.0118396 0.0749201 0.25 0.0114668 0.0752238 6.53991e-19 0.0106734 0.0764154 0.25 0.0105371 0.0768765 6.45317e-19 0.0105371 0.0768765 0.25 0.0106734 0.0764154 6.66134e-19 0.0108771 0.0759799 0.25 0.0108771 0.0759799 6.41414e-19 0.0104711 0.0773528 0.25 0.0104711 0.0773528 0.25 0.010477 0.0778335 6.41534e-19 0.010477 0.0778335 1.66593e-18 0.0272067 0.0708025 0.25 0.0269159 0.0700038 0 0.0269159 0.0700038 0.25 0.0272067 0.0708025 1.77332e-18 0.0289643 0.0715144 1.79457e-18 0.0293129 0.0718456 0.25 0.0289643 0.0715144 0.25 0.0293129 0.0718456 1.81279e-18 0.0296081 0.072225 1.82738e-18 0.0298434 0.0726443 0.25 0.0296081 0.072225 0.25 0.0298434 0.0726443 0.25 0.0285701 0.0712391 1.74903e-18 0.0285701 0.0712391 0.25 0.0281392 0.0710257 1.72258e-18 0.0281392 0.0710257 0.25 0.0276813 0.0708791 1.69482e-18 0.0276813 0.0708791 0.25 0.0272067 0.0708025 1.66593e-18 0.0272067 0.0708025 2.24224e-18 0.0366185 0.0871736 0.25 0.0298434 0.0726443 1.82738e-18 0.0298434 0.0726443 0.25 0.0366185 0.0871736 0.25 0.0362861 0.0886133 2.22218e-18 0.0362861 0.0886133 2.21177e-18 0.0361218 0.0887252 2.20077e-18 0.0359413 0.0888084 0.25 0.0359413 0.0888084 0.25 0.0361218 0.0887252 2.23779e-18 0.0365486 0.0883166 0.25 0.0366396 0.08814 2.24386e-18 0.0366396 0.08814 0.25 0.0365486 0.0883166 2.23085e-18 0.0364297 0.0884759 0.25 0.0364297 0.0884759 0.25 0.0367243 0.0875553 2.24907e-18 0.0367243 0.0875553 2.24907e-18 0.0367287 0.087754 0.25 0.0367287 0.087754 2.24733e-18 0.0367002 0.0879507 0.25 0.0367002 0.0879507 0.25 0.0366873 0.08736 2.24647e-18 0.0366873 0.08736 2.24224e-18 0.0366185 0.0871736 0.25 0.0366185 0.0871736 1.80955e-18 0.0295522 0.0911338 0.25 0.0359413 0.0888084 2.20077e-18 0.0359413 0.0888084 0.25 0.0295522 0.0911338 0.25 0.0284196 0.0909645 0.25 0.0285877 0.0910706 1.74036e-18 0.0284196 0.0909645 1.73125e-18 0.0282714 0.0908322 0.25 0.0282714 0.0908322 1.72345e-18 0.028147 0.0906772 0.25 0.028147 0.0906772 0.25 0.0280499 0.0905038 1.71738e-18 0.0280499 0.0905038 1.71345e-18 0.0279827 0.0903168 0.25 0.0279827 0.0903168 1.75077e-18 0.0285877 0.0910706 0.25 0.028771 0.0911474 1.76205e-18 0.028771 0.0911474 0.25 0.0289645 0.091193 0.25 0.0291628 0.091206 1.77375e-18 0.0289645 0.091193 0.25 0.0293605 0.0911861 1.7859e-18 0.0291628 0.091206 1.79804e-18 0.0293605 0.0911861 0.25 0.0295522 0.0911338 1.80955e-18 0.0295522 0.0911338 1.71345e-18 0.0279827 0.0903168 1.45938e-18 0.0238335 0.0748318 0.25 0.0238335 0.0748318 0.25 0.0279827 0.0903168 1.51057e-18 0.0246695 0.071726 0 0.0243788 0.0709273 0.25 0.0243788 0.0709273 0.25 0.0246695 0.071726 0.25 0.0240986 0.0724964 1.47495e-18 0.0240986 0.0724964 1.49099e-18 0.0243551 0.0720898 1.51057e-18 0.0246695 0.071726 0.25 0.0246695 0.071726 0.25 0.0243551 0.0720898 1.45587e-18 0.0237807 0.0734011 0.25 0.0237265 0.0738788 1.4524e-18 0.0237265 0.0738788 0.25 0.0237807 0.0734011 1.46367e-18 0.0239057 0.0729368 0.25 0.0239057 0.0729368 1.4537e-18 0.0237442 0.0743593 0.25 0.0237442 0.0743593 0.25 0.0238335 0.0748318 1.45938e-18 0.0238335 0.0748318 4.55883e-18 0.0744513 -0.0144986 0.25 0.0736142 -0.014351 0 0.0736142 -0.014351 0.25 0.0744513 -0.0144986 4.62044e-18 0.0754576 -0.0161059 4.64385e-18 0.0758442 -0.0163917 0.25 0.0754576 -0.0161059 0.25 0.0758442 -0.0163917 4.66988e-18 0.0762692 -0.0166166 4.69793e-18 0.076723 -0.0167754 0.25 0.0762692 -0.0166166 0.25 0.076723 -0.0167754 0.25 0.075118 -0.0157655 4.59962e-18 0.075118 -0.0157655 0.25 0.074833 -0.0153782 4.58227e-18 0.074833 -0.0153782 0.25 0.0746091 -0.0149528 4.56839e-18 0.0746091 -0.0149528 0.25 0.0744513 -0.0144986 4.55883e-18 0.0744513 -0.0144986 5.64611e-18 0.092208 -0.0209246 0.25 0.076723 -0.0167754 4.69793e-18 0.076723 -0.0167754 0.25 0.092208 -0.0209246 0.25 0.0935681 -0.0203473 5.72936e-18 0.0935681 -0.0203473 5.73456e-18 0.0936497 -0.0201661 5.73749e-18 0.0937003 -0.0199739 0.25 0.0937003 -0.0199739 0.25 0.0936497 -0.0201661 5.71461e-18 0.0933215 -0.0206573 0.25 0.0931633 -0.0207776 5.70464e-18 0.0931633 -0.0207776 0.25 0.0933215 -0.0206573 5.72285e-18 0.0934577 -0.0205125 0.25 0.0934577 -0.0205125 0.25 0.0926022 -0.0209626 5.67038e-18 0.0926022 -0.0209626 5.68209e-18 0.0927987 -0.0209324 0.25 0.0927987 -0.0209324 5.6938e-18 0.0929874 -0.0208701 0.25 0.0929874 -0.0208701 0.25 0.0924035 -0.02096 5.65823e-18 0.0924035 -0.02096 5.64611e-18 0.092208 -0.0209246 0.25 0.092208 -0.0209246 5.80978e-18 0.094881 -0.0132781 0.25 0.0937003 -0.0199739 5.73749e-18 0.0937003 -0.0199739 0.25 0.094881 -0.0132781 0.25 0.0945176 -0.0121921 0.25 0.0946512 -0.0123392 5.7879e-18 0.0945176 -0.0121921 5.77793e-18 0.0943615 -0.012069 0.25 0.0943615 -0.012069 5.76752e-18 0.0941873 -0.0119734 0.25 0.0941873 -0.0119734 0.25 0.0939997 -0.0119079 5.75581e-18 0.0939997 -0.0119079 5.74383e-18 0.0938038 -0.0118743 0.25 0.0938038 -0.0118743 5.79571e-18 0.0946512 -0.0123392 0.25 0.0947587 -0.0125063 5.80265e-18 0.0947587 -0.0125063 0.25 0.0948372 -0.0126889 0.25 0.0948844 -0.012882 5.80742e-18 0.0948372 -0.0126889 0.25 0.0948992 -0.0130802 5.81002e-18 0.0948844 -0.012882 5.81132e-18 0.0948992 -0.0130802 0.25 0.094881 -0.0132781 5.80978e-18 0.094881 -0.0132781 5.74383e-18 0.0938038 -0.0118743 4.76593e-18 0.0778335 -0.010477 0.25 0.0778335 -0.010477 0.25 0.0938038 -0.0118743 4.58753e-18 0.0749201 -0.0118396 0 0.074083 -0.011692 0.25 0.074083 -0.011692 0.25 0.0749201 -0.0118396 0.25 0.0755797 -0.0111436 4.62781e-18 0.0755797 -0.0111436 4.60612e-18 0.0752238 -0.0114668 4.58753e-18 0.0749201 -0.0118396 0.25 0.0749201 -0.0118396 0.25 0.0752238 -0.0114668 4.67942e-18 0.0764154 -0.0106734 0.25 0.0768765 -0.0105371 4.70761e-18 0.0768765 -0.0105371 0.25 0.0764154 -0.0106734 4.65253e-18 0.0759799 -0.0108771 0.25 0.0759799 -0.0108771 4.73623e-18 0.0773528 -0.0104711 0.25 0.0773528 -0.0104711 0.25 0.0778335 -0.010477 4.76593e-18 0.0778335 -0.010477 4.64373e-18 0.0758379 -0.00135 0.25 0.0749878 -0.00135 0 0.0749878 -0.00135 0.25 0.0758379 -0.00135 4.72148e-18 0.077108 -0.00275812 4.74794e-18 0.0775383 -0.00297247 0.25 0.077108 -0.00275812 0.25 0.0775383 -0.00297247 4.77613e-18 0.0779959 -0.00312013 4.80493e-18 0.0784704 -0.00319779 0.25 0.0779959 -0.00312013 0.25 0.0784704 -0.00319779 0.25 0.0767144 -0.0024819 4.6972e-18 0.0767144 -0.0024819 0.25 0.0763665 -0.00214999 4.67595e-18 0.0763665 -0.00214999 0.25 0.0760722 -0.00176985 4.65817e-18 0.0760722 -0.00176985 0.25 0.0758379 -0.00135 4.64373e-18 0.0758379 -0.00135 5.78282e-18 0.0944406 -0.004595 0.25 0.0784704 -0.00319779 4.80493e-18 0.0784704 -0.00319779 0.25 0.0944406 -0.004595 0.25 0.0956798 -0.00379025 5.85903e-18 0.0956798 -0.00379025 5.86163e-18 0.0957288 -0.00359762 5.8627e-18 0.0957452 -0.00339957 0.25 0.0957452 -0.00339957 0.25 0.0957288 -0.00359762 5.84732e-18 0.0954908 -0.00413836 0.25 0.0953559 -0.0042843 5.83865e-18 0.0953559 -0.0042843 0.25 0.0954908 -0.00413836 5.85382e-18 0.0955998 -0.00397216 0.25 0.0955998 -0.00397216 0.25 0.0948355 -0.00456392 5.80699e-18 0.0948355 -0.00456392 5.81826e-18 0.0950237 -0.00450004 0.25 0.0950237 -0.00450004 5.8291e-18 0.0951988 -0.00440597 0.25 0.0951988 -0.00440597 0.25 0.0946394 -0.00459587 5.79484e-18 0.0946394 -0.00459587 5.78282e-18 0.0944406 -0.004595 0.25 0.0944406 -0.004595 5.8627e-18 0.0957452 0.00339957 0.25 0.0957452 -0.00339957 5.8627e-18 0.0957452 -0.00339957 0.25 0.0957452 0.00339957 0.25 0.0951988 0.00440597 0.25 0.0953559 0.0042843 5.8291e-18 0.0951988 0.00440597 5.81826e-18 0.0950237 0.00450004 0.25 0.0950237 0.00450004 5.80699e-18 0.0948355 0.00456392 0.25 0.0948355 0.00456392 0.25 0.0946394 0.00459587 5.79484e-18 0.0946394 0.00459587 5.78282e-18 0.0944406 0.004595 0.25 0.0944406 0.004595 5.83865e-18 0.0953559 0.0042843 0.25 0.0954908 0.00413836 5.84732e-18 0.0954908 0.00413836 0.25 0.0955998 0.00397216 0.25 0.0956798 0.00379025 5.85382e-18 0.0955998 0.00397216 0.25 0.0957288 0.00359762 5.85903e-18 0.0956798 0.00379025 5.86163e-18 0.0957288 0.00359762 0.25 0.0957452 0.00339957 5.8627e-18 0.0957452 0.00339957 5.78282e-18 0.0944406 0.004595 4.80493e-18 0.0784704 0.00319779 0.25 0.0784704 0.00319779 0.25 0.0944406 0.004595 4.64373e-18 0.0758379 0.00135 0 0.0749878 0.00135 0.25 0.0749878 0.00135 0.25 0.0758379 0.00135 0.25 0.0763665 0.00214999 4.67595e-18 0.0763665 0.00214999 4.65817e-18 0.0760722 0.00176985 4.64373e-18 0.0758379 0.00135 0.25 0.0758379 0.00135 0.25 0.0760722 0.00176985 4.72148e-18 0.077108 0.00275812 0.25 0.0775383 0.00297247 4.74794e-18 0.0775383 0.00297247 0.25 0.077108 0.00275812 4.6972e-18 0.0767144 0.0024819 0.25 0.0767144 0.0024819 4.77613e-18 0.0779959 0.00312013 0.25 0.0779959 0.00312013 0.25 0.0784704 0.00319779 4.80493e-18 0.0784704 0.00319779 4.58753e-18 0.0749201 0.0118396 0.25 0.074083 0.011692 0 0.074083 0.011692 0.25 0.0749201 0.0118396 4.67942e-18 0.0764154 0.0106734 4.70761e-18 0.0768765 0.0105371 0.25 0.0764154 0.0106734 0.25 0.0768765 0.0105371 4.73623e-18 0.0773528 0.0104711 4.76593e-18 0.0778335 0.010477 0.25 0.0773528 0.0104711 0.25 0.0778335 0.010477 0.25 0.0759799 0.0108771 4.65253e-18 0.0759799 0.0108771 0.25 0.0755797 0.0111436 4.62781e-18 0.0755797 0.0111436 0.25 0.0752238 0.0114668 4.60612e-18 0.0752238 0.0114668 0.25 0.0749201 0.0118396 4.58753e-18 0.0749201 0.0118396 5.74383e-18 0.0938038 0.0118743 0.25 0.0778335 0.010477 4.76593e-18 0.0778335 0.010477 0.25 0.0938038 0.0118743 0.25 0.0948844 0.012882 5.80959e-18 0.0948844 0.012882 5.81089e-18 0.0948992 0.0130802 5.80978e-18 0.094881 0.0132781 0.25 0.094881 0.0132781 0.25 0.0948992 0.0130802 5.80222e-18 0.0947587 0.0125063 0.25 0.0946512 0.0123392 5.79528e-18 0.0946512 0.0123392 0.25 0.0947587 0.0125063 5.80699e-18 0.0948372 0.0126889 0.25 0.0948372 0.0126889 0.25 0.0941873 0.0119734 5.76709e-18 0.0941873 0.0119734 5.7775e-18 0.0943615 0.012069 0.25 0.0943615 0.012069 5.78747e-18 0.0945176 0.0121921 0.25 0.0945176 0.0121921 0.25 0.0939997 0.0119079 5.75538e-18 0.0939997 0.0119079 5.74383e-18 0.0938038 0.0118743 0.25 0.0938038 0.0118743 5.73749e-18 0.0937003 0.0199739 0.25 0.094881 0.0132781 5.80978e-18 0.094881 0.0132781 0.25 0.0937003 0.0199739 0.25 0.0929874 0.0208701 0.25 0.0931633 0.0207776 5.6938e-18 0.0929874 0.0208701 5.68209e-18 0.0927987 0.0209324 0.25 0.0927987 0.0209324 5.67038e-18 0.0926022 0.0209626 0.25 0.0926022 0.0209626 0.25 0.0924035 0.02096 5.65823e-18 0.0924035 0.02096 5.64611e-18 0.092208 0.0209246 0.25 0.092208 0.0209246 5.70464e-18 0.0931633 0.0207776 0.25 0.0933215 0.0206573 5.71461e-18 0.0933215 0.0206573 0.25 0.0934577 0.0205125 0.25 0.0935681 0.0203473 5.72285e-18 0.0934577 0.0205125 0.25 0.0936497 0.0201661 5.72936e-18 0.0935681 0.0203473 5.73456e-18 0.0936497 0.0201661 0.25 0.0937003 0.0199739 5.73749e-18 0.0937003 0.0199739 5.64611e-18 0.092208 0.0209246 4.69793e-18 0.076723 0.0167754 0.25 0.076723 0.0167754 0.25 0.092208 0.0209246 4.55883e-18 0.0744513 0.0144986 0 0.0736142 0.014351 0.25 0.0736142 0.014351 0.25 0.0744513 0.0144986 0.25 0.074833 0.0153782 4.58227e-18 0.074833 0.0153782 4.56839e-18 0.0746091 0.0149528 4.55883e-18 0.0744513 0.0144986 0.25 0.0744513 0.0144986 0.25 0.0746091 0.0149528 4.62044e-18 0.0754576 0.0161059 0.25 0.0758442 0.0163917 4.64385e-18 0.0758442 0.0163917 0.25 0.0754576 0.0161059 4.59962e-18 0.075118 0.0157655 0.25 0.075118 0.0157655 4.66988e-18 0.0762692 0.0166166 0.25 0.0762692 0.0166166 0.25 0.076723 0.0167754 4.69793e-18 0.076723 0.0167754 4.39195e-18 0.071726 0.0246695 0.25 0.0709273 0.0243788 0 0.0709273 0.0243788 0.25 0.071726 0.0246695 4.49467e-18 0.0734011 0.0237807 4.52373e-18 0.0738788 0.0237265 0.25 0.0734011 0.0237807 0.25 0.0738788 0.0237265 4.55278e-18 0.0743593 0.0237442 4.58212e-18 0.0748318 0.0238335 0.25 0.0743593 0.0237442 0.25 0.0748318 0.0238335 0.25 0.0729368 0.0239057 4.46605e-18 0.0729368 0.0239057 0.25 0.0724964 0.0240986 4.43872e-18 0.0724964 0.0240986 0.25 0.0720898 0.0243551 4.414e-18 0.0720898 0.0243551 0.25 0.071726 0.0246695 4.39195e-18 0.071726 0.0246695 5.53031e-18 0.0903168 0.0279827 0.25 0.0748318 0.0238335 4.58212e-18 0.0748318 0.0238335 0.25 0.0903168 0.0279827 0.25 0.091206 0.0291628 5.58451e-18 0.091206 0.0291628 5.58321e-18 0.0911861 0.0293605 5.58034e-18 0.0911338 0.0295522 0.25 0.0911338 0.0295522 0.25 0.0911861 0.0293605 5.58104e-18 0.0911474 0.028771 0.25 0.0910706 0.0285877 5.57627e-18 0.0910706 0.0285877 0.25 0.0911474 0.028771 5.58364e-18 0.091193 0.0289645 0.25 0.091193 0.0289645 0.25 0.0906772 0.028147 5.55242e-18 0.0906772 0.028147 5.56196e-18 0.0908322 0.0282714 0.25 0.0908322 0.0282714 5.56976e-18 0.0909645 0.0284196 0.25 0.0909645 0.0284196 0.25 0.0905038 0.0280499 5.54157e-18 0.0905038 0.0280499 5.53031e-18 0.0903168 0.0279827 0.25 0.0903168 0.0279827 5.43794e-18 0.0888084 0.0359413 0.25 0.0911338 0.0295522 5.58034e-18 0.0911338 0.0295522 0.25 0.0888084 0.0359413 0.25 0.0879507 0.0367002 0.25 0.08814 0.0366396 5.38545e-18 0.0879507 0.0367002 5.37331e-18 0.087754 0.0367287 0.25 0.087754 0.0367287 5.36116e-18 0.0875553 0.0367243 0.25 0.0875553 0.0367243 0.25 0.08736 0.0366873 5.34945e-18 0.08736 0.0366873 5.33784e-18 0.0871736 0.0366185 0.25 0.0871736 0.0366185 5.39716e-18 0.08814 0.0366396 0.25 0.0883166 0.0365486 5.408e-18 0.0883166 0.0365486 0.25 0.0884759 0.0364297 0.25 0.0886133 0.0362861 5.41754e-18 0.0884759 0.0364297 0.25 0.0887252 0.0361218 5.42622e-18 0.0886133 0.0362861 5.43272e-18 0.0887252 0.0361218 0.25 0.0888084 0.0359413 5.43794e-18 0.0888084 0.0359413 5.33784e-18 0.0871736 0.0366185 4.44818e-18 0.0726443 0.0298434 0.25 0.0726443 0.0298434 0.25 0.0871736 0.0366185 4.3354e-18 0.0708025 0.0272067 0 0.0700038 0.0269159 0.25 0.0700038 0.0269159 0.25 0.0708025 0.0272067 0.25 0.0710257 0.0281392 4.34895e-18 0.0710257 0.0281392 4.33984e-18 0.0708791 0.0276813 4.3354e-18 0.0708025 0.0272067 0.25 0.0708025 0.0272067 0.25 0.0708791 0.0276813 4.37844e-18 0.0715144 0.0289643 0.25 0.0718456 0.0293129 4.39926e-18 0.0718456 0.0293129 0.25 0.0715144 0.0289643 4.36196e-18 0.0712391 0.0285701 0.25 0.0712391 0.0285701 4.42224e-18 0.072225 0.0296081 0.25 0.072225 0.0296081 0.25 0.0726443 0.0298434 4.44818e-18 0.0726443 0.0298434 3.04826e-18 0.0497818 0.0572274 0.25 0.0492354 0.0565763 0 0.0492354 0.0565763 0.25 0.0497818 0.0572274 3.16414e-18 0.0516769 0.0572952 3.19146e-18 0.0521177 0.0574871 0.25 0.0516769 0.0572952 0.25 0.0521177 0.0574871 3.21618e-18 0.052525 0.0577428 3.23854e-18 0.0528894 0.0580563 0.25 0.052525 0.0577428 0.25 0.0528894 0.0580563 0.25 0.0512123 0.0571713 3.13551e-18 0.0512123 0.0571713 0.25 0.0507345 0.0571182 3.10646e-18 0.0507345 0.0571182 0.25 0.050254 0.057137 3.0774e-18 0.050254 0.057137 0.25 0.0497818 0.0572274 3.04826e-18 0.0497818 0.0572274 3.93266e-18 0.0642252 0.0693921 0.25 0.0528894 0.0580563 3.23854e-18 0.0528894 0.0580563 0.25 0.0642252 0.0693921 0.25 0.0644053 0.0708587 3.94346e-18 0.0644053 0.0708587 3.93609e-18 0.0642892 0.07102 3.92794e-18 0.0641481 0.0711599 0.25 0.0641481 0.0711599 0.25 0.0642892 0.07102 3.95257e-18 0.0645505 0.0704901 0.25 0.0645756 0.070293 3.95387e-18 0.0645756 0.070293 0.25 0.0645505 0.0704901 3.9491e-18 0.0644932 0.0706804 0.25 0.0644932 0.0706804 0.25 0.0644553 0.0697146 3.94693e-18 0.0644553 0.0697146 3.95083e-18 0.0645273 0.0698998 0.25 0.0645273 0.0698998 3.95343e-18 0.0645678 0.0700944 0.25 0.0645678 0.0700944 0.25 0.0643537 0.0695438 3.94042e-18 0.0643537 0.0695438 3.93266e-18 0.0642252 0.0693921 0.25 0.0642252 0.0693921 3.60901e-18 0.0589396 0.0755303 0.25 0.0641481 0.0711599 3.92794e-18 0.0641481 0.0711599 0.25 0.0589396 0.0755303 0.25 0.0578174 0.0757586 0.25 0.0580117 0.0758008 3.54014e-18 0.0578174 0.0757586 3.52886e-18 0.0576328 0.075685 0.25 0.0576328 0.075685 3.51889e-18 0.0574629 0.0755819 0.25 0.0574629 0.0755819 0.25 0.0573124 0.0754521 3.50978e-18 0.0573124 0.0754521 3.50159e-18 0.0571853 0.0752993 0.25 0.0571853 0.0752993 3.55228e-18 0.0580117 0.0758008 0.25 0.0582102 0.0758103 3.56442e-18 0.0582102 0.0758103 0.25 0.0584075 0.075787 0.25 0.0585983 0.0757313 3.57657e-18 0.0584075 0.075787 0.25 0.0587773 0.075645 3.58828e-18 0.0585983 0.0757313 3.59912e-18 0.0587773 0.075645 0.25 0.0589396 0.0755303 3.60901e-18 0.0589396 0.0755303 3.50159e-18 0.0571853 0.0752993 2.93855e-18 0.0479902 0.0621673 0.25 0.0479902 0.0621673 0.25 0.0571853 0.0752993 2.92161e-18 0.0477135 0.0589629 0 0.0471671 0.0583118 0.25 0.0471671 0.0583118 0.25 0.0477135 0.0589629 0.25 0.0474405 0.0598822 2.90479e-18 0.0474405 0.0598822 2.9113e-18 0.0475425 0.0594123 2.92161e-18 0.0477135 0.0589629 0.25 0.0477135 0.0589629 0.25 0.0475425 0.0594123 2.90566e-18 0.0474512 0.060841 0.25 0.0475636 0.0613085 2.9126e-18 0.0475636 0.0613085 0.25 0.0474512 0.060841 2.90306e-18 0.0474098 0.060362 0.25 0.0474098 0.060362 2.92344e-18 0.0477446 0.0617539 0.25 0.0477446 0.0617539 0.25 0.0479902 0.0621673 2.93855e-18 0.0479902 0.0621673 2.39345e-18 0.0390881 0.0650025 0.25 0.0386631 0.0642664 0 0.0386631 0.0642664 0.25 0.0390881 0.0650025 2.50711e-18 0.0409426 0.0653984 2.5314e-18 0.0413434 0.0656639 0.25 0.0409426 0.0653984 0.25 0.0413434 0.0656639 2.55308e-18 0.0417001 0.0659864 2.57204e-18 0.0420046 0.0663585 0.25 0.0417001 0.0659864 0.25 0.0420046 0.0663585 0.25 0.0405066 0.0651957 2.48022e-18 0.0405066 0.0651957 0.25 0.0400452 0.0650604 2.4516e-18 0.0400452 0.0650604 0.25 0.0395688 0.0649955 2.42297e-18 0.0395688 0.0649955 0.25 0.0390881 0.0650025 2.39345e-18 0.0390881 0.0650025 3.13508e-18 0.0511997 0.0794905 0.25 0.0420046 0.0663585 2.57204e-18 0.0420046 0.0663585 0.25 0.0511997 0.0794905 0.25 0.0511224 0.0809661 3.13031e-18 0.0511224 0.0809661 3.1212e-18 0.05098 0.0811047 3.11163e-18 0.0508167 0.081218 0.25 0.0508167 0.081218 0.25 0.05098 0.0811047 3.14289e-18 0.0513293 0.0806283 0.25 0.0513883 0.0804385 3.14635e-18 0.0513883 0.0804385 0.25 0.0513293 0.0806283 3.13725e-18 0.0512399 0.0808058 0.25 0.0512399 0.0808058 0.25 0.0513702 0.079848 3.14505e-18 0.0513702 0.079848 3.14766e-18 0.051409 0.0800429 0.25 0.051409 0.0800429 3.14809e-18 0.0514151 0.0802416 0.25 0.0514151 0.0802416 0.25 0.0512998 0.0796622 3.14115e-18 0.0512998 0.0796622 3.13508e-18 0.0511997 0.0794905 0.25 0.0511997 0.0794905 2.75108e-18 0.0449285 0.0846176 0.25 0.0508167 0.081218 3.11163e-18 0.0508167 0.081218 0.25 0.0449285 0.0846176 0.25 0.0437837 0.0846476 0.25 0.0439677 0.0847228 2.68102e-18 0.0437837 0.0846476 2.67061e-18 0.0436147 0.084543 0.25 0.0436147 0.084543 2.6615e-18 0.0434653 0.0844119 0.25 0.0434653 0.0844119 0.25 0.0433396 0.084258 2.65413e-18 0.0433396 0.084258 2.64774e-18 0.0432409 0.0840855 0.25 0.0432409 0.0840855 2.69229e-18 0.0439677 0.0847228 0.25 0.0441615 0.0847667 2.70443e-18 0.0441615 0.0847667 0.25 0.0443599 0.0847779 0.25 0.0445575 0.0847563 2.71658e-18 0.0443599 0.0847779 0.25 0.0447488 0.0847024 2.72829e-18 0.0445575 0.0847563 2.74e-18 0.0447488 0.0847024 0.25 0.0449285 0.0846176 2.75108e-18 0.0449285 0.0846176 2.64774e-18 0.0432409 0.0840855 2.23289e-18 0.0364658 0.0695563 0.25 0.0364658 0.0695563 0.25 0.0432409 0.0840855 2.25028e-18 0.0367498 0.0663525 0 0.0363248 0.0656164 0.25 0.0363248 0.0656164 0.25 0.0367498 0.0663525 0.25 0.0363213 0.0672104 2.22348e-18 0.0363213 0.0672104 2.23476e-18 0.0365033 0.0667653 2.25028e-18 0.0367498 0.0663525 0.25 0.0367498 0.0663525 0.25 0.0365033 0.0667653 2.21394e-18 0.0361654 0.0681565 0.25 0.0361949 0.0686364 2.21568e-18 0.0361949 0.0686364 0.25 0.0361654 0.0681565 2.21654e-18 0.0362078 0.0676776 0.25 0.0362078 0.0676776 2.22175e-18 0.0362958 0.0691065 0.25 0.0362958 0.0691065 0.25 0.0364658 0.0695563 2.23289e-18 0.0364658 0.0695563 4.06292e-18 0.0663525 0.0367498 0.25 0.0656164 0.0363248 0 0.0656164 0.0363248 0.25 0.0663525 0.0367498 4.17331e-18 0.0681565 0.0361654 4.2028e-18 0.0686364 0.0361949 0.25 0.0681565 0.0361654 0.25 0.0686364 0.0361949 4.23142e-18 0.0691065 0.0362958 4.25909e-18 0.0695563 0.0364658 0.25 0.0691065 0.0362958 0.25 0.0695563 0.0364658 0.25 0.0676776 0.0362078 4.14382e-18 0.0676776 0.0362078 0.25 0.0672104 0.0363213 4.1152e-18 0.0672104 0.0363213 0.25 0.0667653 0.0365033 4.08831e-18 0.0667653 0.0365033 0.25 0.0663525 0.0367498 4.06292e-18 0.0663525 0.0367498 5.14875e-18 0.0840855 0.0432409 0.25 0.0695563 0.0364658 4.25909e-18 0.0695563 0.0364658 0.25 0.0840855 0.0432409 0.25 0.0847563 0.0445575 5.18986e-18 0.0847563 0.0445575 5.18639e-18 0.0847024 0.0447488 5.18133e-18 0.0846176 0.0449285 0.25 0.0846176 0.0449285 0.25 0.0847024 0.0447488 5.19029e-18 0.0847667 0.0441615 0.25 0.0847228 0.0439677 5.18812e-18 0.0847228 0.0439677 0.25 0.0847667 0.0441615 5.19159e-18 0.0847779 0.0443599 0.25 0.0847779 0.0443599 0.25 0.0844119 0.0434653 5.16904e-18 0.0844119 0.0434653 5.17685e-18 0.084543 0.0436147 0.25 0.084543 0.0436147 5.18335e-18 0.0846476 0.0437837 0.25 0.0846476 0.0437837 0.25 0.084258 0.0433396 5.1595e-18 0.084258 0.0433396 5.14875e-18 0.0840855 0.0432409 0.25 0.0840855 0.0432409 4.97317e-18 0.081218 0.0508167 0.25 0.0846176 0.0449285 5.18133e-18 0.0846176 0.0449285 0.25 0.081218 0.0508167 0.25 0.0802416 0.0514151 0.25 0.0804385 0.0513883 4.9136e-18 0.0802416 0.0514151 4.90146e-18 0.0800429 0.051409 0.25 0.0800429 0.051409 4.88932e-18 0.079848 0.0513702 0.25 0.079848 0.0513702 0.25 0.0796622 0.0512998 4.87804e-18 0.0796622 0.0512998 4.86739e-18 0.0794905 0.0511997 0.25 0.0794905 0.0511997 4.92575e-18 0.0804385 0.0513883 0.25 0.0806283 0.0513293 4.93702e-18 0.0806283 0.0513293 0.25 0.0808058 0.0512399 0.25 0.0809661 0.0511224 4.9483e-18 0.0808058 0.0512399 0.25 0.0811047 0.05098 4.95784e-18 0.0809661 0.0511224 4.96651e-18 0.0811047 0.05098 0.25 0.081218 0.0508167 4.97317e-18 0.081218 0.0508167 4.86739e-18 0.0794905 0.0511997 4.06328e-18 0.0663585 0.0420046 0.25 0.0663585 0.0420046 0.25 0.0794905 0.0511997 3.98026e-18 0.0650025 0.0390881 2.84217e-17 0.0642664 0.0386631 0.25 0.0642664 0.0386631 0.25 0.0650025 0.0390881 0.25 0.0650604 0.0400452 3.98336e-18 0.0650604 0.0400452 3.97989e-18 0.0649955 0.0395688 3.98026e-18 0.0650025 0.0390881 0.25 0.0650025 0.0390881 0.25 0.0649955 0.0395688 4.00418e-18 0.0653984 0.0409426 0.25 0.0656639 0.0413434 4.02066e-18 0.0656639 0.0413434 0.25 0.0653984 0.0409426 3.99203e-18 0.0651957 0.0405066 0.25 0.0651957 0.0405066 4.0406e-18 0.0659864 0.0417001 0.25 0.0659864 0.0417001 0.25 0.0663585 0.0420046 4.06328e-18 0.0663585 0.0420046 3.61044e-18 0.0589629 0.0477135 0.25 0.0583118 0.0471671 2.84217e-17 0.0583118 0.0471671 0.25 0.0589629 0.0477135 3.72532e-18 0.060841 0.0474512 3.75394e-18 0.0613085 0.0475636 0.25 0.060841 0.0474512 0.25 0.0613085 0.0475636 3.78083e-18 0.0617539 0.0477446 3.80665e-18 0.0621673 0.0479902 0.25 0.0617539 0.0477446 0.25 0.0621673 0.0479902 0.25 0.060362 0.0474098 3.69583e-18 0.060362 0.0474098 0.25 0.0598822 0.0474405 3.66634e-18 0.0598822 0.0474405 0.25 0.0594123 0.0475425 3.63771e-18 0.0594123 0.0475425 0.25 0.0589629 0.0477135 3.61044e-18 0.0589629 0.0477135 4.61075e-18 0.0752993 0.0571853 0.25 0.0621673 0.0479902 3.80665e-18 0.0621673 0.0479902 0.25 0.0752993 0.0571853 0.25 0.0757313 0.0585983 4.63692e-18 0.0757313 0.0585983 4.63128e-18 0.075645 0.0587773 4.6249e-18 0.0755303 0.0589396 0.25 0.0755303 0.0589396 0.25 0.075645 0.0587773 4.64169e-18 0.0758103 0.0582102 0.25 0.0758008 0.0580117 4.64082e-18 0.0758008 0.0580117 0.25 0.0758103 0.0582102 4.63995e-18 0.075787 0.0584075 0.25 0.075787 0.0584075 0.25 0.0755819 0.0574629 4.62737e-18 0.0755819 0.0574629 4.63388e-18 0.075685 0.0576328 0.25 0.075685 0.0576328 4.63822e-18 0.0757586 0.0578174 0.25 0.0757586 0.0578174 0.25 0.0754521 0.0573124 4.61913e-18 0.0754521 0.0573124 4.61075e-18 0.0752993 0.0571853 0.25 0.0752993 0.0571853 4.35729e-18 0.0711599 0.0641481 0.25 0.0755303 0.0589396 4.6249e-18 0.0755303 0.0589396 0.25 0.0711599 0.0641481 0.25 0.0700944 0.0645678 0.25 0.070293 0.0645756 4.29171e-18 0.0700944 0.0645678 4.28e-18 0.0698998 0.0645273 0.25 0.0698998 0.0645273 4.26829e-18 0.0697146 0.0644553 0.25 0.0697146 0.0644553 0.25 0.0695438 0.0643537 4.25831e-18 0.0695438 0.0643537 4.24904e-18 0.0693921 0.0642252 0.25 0.0693921 0.0642252 4.30385e-18 0.070293 0.0645756 0.25 0.0704901 0.0645505 4.31599e-18 0.0704901 0.0645505 0.25 0.0706804 0.0644932 0.25 0.0708587 0.0644053 4.3277e-18 0.0706804 0.0644932 0.25 0.07102 0.0642892 4.33854e-18 0.0708587 0.0644053 4.34852e-18 0.07102 0.0642892 0.25 0.0711599 0.0641481 4.35729e-18 0.0711599 0.0641481 4.24904e-18 0.0693921 0.0642252 3.55492e-18 0.0580563 0.0528894 0.25 0.0580563 0.0528894 0.25 0.0693921 0.0642252 3.50417e-18 0.0572274 0.0497818 0 0.0565763 0.0492354 0.25 0.0565763 0.0492354 0.25 0.0572274 0.0497818 0.25 0.0571182 0.0507345 3.49764e-18 0.0571182 0.0507345 3.4985e-18 0.057137 0.050254 3.50417e-18 0.0572274 0.0497818 0.25 0.0572274 0.0497818 0.25 0.057137 0.050254 3.50848e-18 0.0572952 0.0516769 0.25 0.0574871 0.0521177 3.52019e-18 0.0574871 0.0521177 0.25 0.0572952 0.0516769 3.50067e-18 0.0571713 0.0512123 0.25 0.0571713 0.0512123 3.5358e-18 0.0577428 0.052525 0.25 0.0577428 0.052525 0.25 0.0580563 0.0528894 3.55492e-18 0.0580563 0.0528894</float_array>
          <technique_common>
            <accessor count="7224" source="#ID5" stride="3">
              <param name="X" type="float"/>
              <param name="Y" type="float"/>
              <param name="Z" type="float"/>
            </accessor>
          </technique_common>
        </source>
        <source id="ID6">
          <float_array count="21672" id="ID7">-4.01973e-17 -0.656472 -0.75435 -4.22867e-17 -0.690594 -0.723243 -4.22867e-17 -0.690594 -0.723243 -4.61906e-17 -0.75435 -0.656472 -4.42859e-17 -0.723243 -0.690594 -4.42859e-17 -0.723243 -0.690594 -4.61906e-17 -0.75435 -0.656472 -4.01973e-17 -0.656472 -0.75435 -5.09561e-17 -0.832176 -0.554512 -5.09561e-17 -0.832176 -0.554512 -4.93344e-17 -0.805692 -0.592335 -5.24691e-17 -0.856885 -0.515507 -5.24691e-17 -0.856885 -0.515507 -4.93344e-17 -0.805692 -0.592335 -4.76076e-17 -0.77749 -0.628895 -4.76076e-17 -0.77749 -0.628895 -2.45898e-17 -0.401582 -0.915823 -2.1975e-17 -0.358879 -0.933384 -2.1975e-17 -0.358879 -0.933384 -2.96567e-17 -0.484331 -0.874885 -2.96567e-17 -0.484331 -0.874885 -2.71522e-17 -0.443429 -0.896309 -2.71522e-17 -0.443429 -0.896309 -2.45898e-17 -0.401582 -0.915823 -3.62701e-17 -0.592335 -0.805692 -3.62701e-17 -0.592335 -0.805692 -3.39541e-17 -0.554512 -0.832176 -3.85087e-17 -0.628895 -0.777491 -3.85087e-17 -0.628895 -0.777491 -3.39541e-17 -0.554512 -0.832176 -3.15657e-17 -0.515507 -0.856885 -3.15657e-17 -0.515507 -0.856885 -5.6078e-17 -0.915823 -0.401582 -5.6078e-17 -0.915823 -0.401582 -5.48831e-17 -0.896309 -0.443429 -5.71533e-17 -0.933384 -0.358879 -5.71533e-17 -0.933384 -0.358879 -5.48831e-17 -0.896309 -0.443429 -5.35713e-17 -0.874885 -0.484331 -5.35713e-17 -0.874885 -0.484331 -5.9496e-17 -0.971644 -0.23645 -5.9496e-17 -0.971644 -0.23645 -5.87643e-17 -0.959693 -0.28105 -6.01009e-17 -0.981523 -0.191347 -6.01009e-17 -0.981523 -0.191347 -5.87643e-17 -0.959693 -0.28105 -5.79072e-17 -0.945697 -0.32505 -5.79072e-17 -0.945697 -0.32505 -6.11063e-17 -0.997941 -0.0641339 -6.11063e-17 -0.997941 -0.0641339 -6.08599e-17 -0.993917 -0.110131 -6.12224e-17 -0.999838 -0.018 -6.12224e-17 -0.999838 -0.018 -6.08599e-17 -0.993917 -0.110131 -6.04837e-17 -0.987774 -0.155894 -6.04837e-17 -0.987774 -0.155894 -6.08599e-17 -0.993917 0.110131 -6.08599e-17 -0.993917 0.110131 -6.11063e-17 -0.997941 0.0641338 -6.04837e-17 -0.987774 0.155893 -6.04837e-17 -0.987774 0.155893 -6.11063e-17 -0.997941 0.0641338 -6.12224e-17 -0.999838 0.018 -6.12224e-17 -0.999838 0.018 -1.44784e-17 -0.23645 -0.971644 -1.17166e-17 -0.191347 -0.981523 -1.17166e-17 -0.191347 -0.981523 -1.99036e-17 -0.32505 -0.945697 -1.99036e-17 -0.32505 -0.945697 -1.72093e-17 -0.28105 -0.959693 -1.72093e-17 -0.28105 -0.959693 -1.44784e-17 -0.23645 -0.971644 -3.92706e-18 -0.0641338 -0.997941 -1.10218e-18 -0.018 -0.999838 -1.10218e-18 -0.018 -0.999838 -9.54572e-18 -0.155893 -0.987774 -9.54572e-18 -0.155893 -0.987774 -6.74359e-18 -0.110131 -0.993917 -6.74359e-18 -0.110131 -0.993917 -3.92706e-18 -0.0641338 -0.997941 6.74359e-18 0.110131 -0.993917 9.54573e-18 0.155894 -0.987774 9.54573e-18 0.155894 -0.987774 1.10218e-18 0.018 -0.999838 1.10218e-18 0.018 -0.999838 3.92707e-18 0.0641339 -0.997941 3.92707e-18 0.0641339 -0.997941 6.74359e-18 0.110131 -0.993917 1.72093e-17 0.28105 -0.959693 1.99036e-17 0.32505 -0.945697 1.99036e-17 0.32505 -0.945697 1.17166e-17 0.191347 -0.981523 1.17166e-17 0.191347 -0.981523 1.44784e-17 0.23645 -0.971644 1.44784e-17 0.23645 -0.971644 1.72093e-17 0.28105 -0.959693 4.42859e-17 0.723243 -0.690594 4.61906e-17 0.75435 -0.656472 4.61906e-17 0.75435 -0.656472 4.01973e-17 0.656472 -0.75435 4.01973e-17 0.656472 -0.75435 4.22867e-17 0.690594 -0.723243 4.22867e-17 0.690594 -0.723243 4.42859e-17 0.723243 -0.690594 5.09561e-17 0.832176 -0.554512 5.24691e-17 0.856885 -0.515507 5.24691e-17 0.856885 -0.515507 4.76076e-17 0.777491 -0.628895 4.76076e-17 0.777491 -0.628895 4.93344e-17 0.805692 -0.592335 4.93344e-17 0.805692 -0.592335 5.09561e-17 0.832176 -0.554512 2.71522e-17 0.443429 -0.896309 2.96567e-17 0.484331 -0.874885 2.96567e-17 0.484331 -0.874885 2.1975e-17 0.358879 -0.933384 2.1975e-17 0.358879 -0.933384 2.45898e-17 0.401582 -0.915823 2.45898e-17 0.401582 -0.915823 2.71522e-17 0.443429 -0.896309 3.39541e-17 0.554512 -0.832176 3.39541e-17 0.554512 -0.832176 3.62701e-17 0.592335 -0.805692 3.15657e-17 0.515507 -0.856885 3.15657e-17 0.515507 -0.856885 3.62701e-17 0.592335 -0.805692 3.85087e-17 0.628895 -0.77749 3.85087e-17 0.628895 -0.77749 -6.74359e-18 -0.110131 0.993917 -9.54573e-18 -0.155894 0.987774 -9.54573e-18 -0.155894 0.987774 -1.10218e-18 -0.018 0.999838 -1.10218e-18 -0.018 0.999838 -3.92707e-18 -0.0641339 0.997941 -3.92707e-18 -0.0641339 0.997941 -6.74359e-18 -0.110131 0.993917 -1.72093e-17 -0.28105 0.959693 -1.99036e-17 -0.32505 0.945697 -1.99036e-17 -0.32505 0.945697 -1.17166e-17 -0.191347 0.981523 -1.17166e-17 -0.191347 0.981523 -1.44784e-17 -0.23645 0.971644 -1.44784e-17 -0.23645 0.971644 -1.72093e-17 -0.28105 0.959693 -3.62701e-17 -0.592335 0.805692 -3.85087e-17 -0.628895 0.77749 -3.85087e-17 -0.628895 0.77749 -3.15657e-17 -0.515507 0.856885 -3.15657e-17 -0.515507 0.856885 -3.39541e-17 -0.554512 0.832176 -3.39541e-17 -0.554512 0.832176 -3.62701e-17 -0.592335 0.805692 -2.45898e-17 -0.401582 0.915823 -2.45898e-17 -0.401582 0.915823 -2.71522e-17 -0.443429 0.896309 -2.1975e-17 -0.358879 0.933384 -2.1975e-17 -0.358879 0.933384 -2.71522e-17 -0.443429 0.896309 -2.96567e-17 -0.484331 0.874885 -2.96567e-17 -0.484331 0.874885 -5.6078e-17 -0.915823 0.401582 -5.71533e-17 -0.933384 0.358879 -5.71533e-17 -0.933384 0.358879 -5.35713e-17 -0.874885 0.484331 -5.35713e-17 -0.874885 0.484331 -5.48831e-17 -0.896309 0.443429 -5.48831e-17 -0.896309 0.443429 -5.6078e-17 -0.915823 0.401582 -5.87643e-17 -0.959693 0.28105 -5.87643e-17 -0.959693 0.28105 -5.9496e-17 -0.971644 0.23645 -5.79072e-17 -0.945697 0.32505 -5.79072e-17 -0.945697 0.32505 -5.9496e-17 -0.971644 0.23645 -6.01009e-17 -0.981523 0.191347 -6.01009e-17 -0.981523 0.191347 -4.61906e-17 -0.75435 0.656472 -4.42859e-17 -0.723243 0.690594 -4.42859e-17 -0.723243 0.690594 -4.01973e-17 -0.656472 0.75435 -4.22867e-17 -0.690594 0.723243 -4.22867e-17 -0.690594 0.723243 -4.01973e-17 -0.656472 0.75435 -4.61906e-17 -0.75435 0.656472 -4.93344e-17 -0.805692 0.592335 -4.93344e-17 -0.805692 0.592335 -5.09561e-17 -0.832176 0.554512 -4.76076e-17 -0.777491 0.628895 -4.76076e-17 -0.777491 0.628895 -5.09561e-17 -0.832176 0.554512 -5.24691e-17 -0.856885 0.515507 -5.24691e-17 -0.856885 0.515507 4.93344e-17 0.805692 0.592335 4.76076e-17 0.77749 0.628895 4.76076e-17 0.77749 0.628895 5.24691e-17 0.856885 0.515507 5.24691e-17 0.856885 0.515507 5.09561e-17 0.832176 0.554512 5.09561e-17 0.832176 0.554512 4.93344e-17 0.805692 0.592335 4.22867e-17 0.690594 0.723243 4.01973e-17 0.656472 0.75435 4.01973e-17 0.656472 0.75435 4.61906e-17 0.75435 0.656472 4.61906e-17 0.75435 0.656472 4.42859e-17 0.723243 0.690594 4.42859e-17 0.723243 0.690594 4.22867e-17 0.690594 0.723243 5.6078e-17 0.915823 0.401582 5.6078e-17 0.915823 0.401582 5.48831e-17 0.896309 0.443429 5.71533e-17 0.933384 0.358879 5.71533e-17 0.933384 0.358879 5.48831e-17 0.896309 0.443429 5.35713e-17 0.874885 0.484331 5.35713e-17 0.874885 0.484331 5.9496e-17 0.971644 0.23645 5.9496e-17 0.971644 0.23645 5.87643e-17 0.959693 0.28105 6.01009e-17 0.981523 0.191347 6.01009e-17 0.981523 0.191347 5.87643e-17 0.959693 0.28105 5.79072e-17 0.945697 0.32505 5.79072e-17 0.945697 0.32505 6.74359e-18 0.110131 0.993917 6.74359e-18 0.110131 0.993917 3.92706e-18 0.0641338 0.997941 9.54572e-18 0.155893 0.987774 9.54572e-18 0.155893 0.987774 3.92706e-18 0.0641338 0.997941 1.10218e-18 0.018 0.999838 1.10218e-18 0.018 0.999838 1.72093e-17 0.28105 0.959693 1.72093e-17 0.28105 0.959693 1.44784e-17 0.23645 0.971644 1.99036e-17 0.32505 0.945697 1.99036e-17 0.32505 0.945697 1.44784e-17 0.23645 0.971644 1.17166e-17 0.191347 0.981523 1.17166e-17 0.191347 0.981523 3.39541e-17 0.554512 0.832176 3.15657e-17 0.515507 0.856885 3.15657e-17 0.515507 0.856885 3.85087e-17 0.628895 0.777491 3.85087e-17 0.628895 0.777491 3.62701e-17 0.592335 0.805692 3.62701e-17 0.592335 0.805692 3.39541e-17 0.554512 0.832176 2.71522e-17 0.443429 0.896309 2.71522e-17 0.443429 0.896309 2.45898e-17 0.401582 0.915823 2.96567e-17 0.484331 0.874885 2.96567e-17 0.484331 0.874885 2.45898e-17 0.401582 0.915823 2.1975e-17 0.358879 0.933384 2.1975e-17 0.358879 0.933384 5.9496e-17 0.971644 -0.23645 6.01009e-17 0.981523 -0.191347 6.01009e-17 0.981523 -0.191347 5.79072e-17 0.945697 -0.32505 5.79072e-17 0.945697 -0.32505 5.87643e-17 0.959693 -0.28105 5.87643e-17 0.959693 -0.28105 5.9496e-17 0.971644 -0.23645 5.48831e-17 0.896309 -0.443429 5.48831e-17 0.896309 -0.443429 5.6078e-17 0.915823 -0.401582 5.35713e-17 0.874885 -0.484331 5.35713e-17 0.874885 -0.484331 5.6078e-17 0.915823 -0.401582 5.71533e-17 0.933384 -0.358879 5.71533e-17 0.933384 -0.358879 6.11063e-17 0.997941 -0.0641338 6.12224e-17 0.999838 -0.018 6.12224e-17 0.999838 -0.018 6.04837e-17 0.987774 -0.155893 6.04837e-17 0.987774 -0.155893 6.08599e-17 0.993917 -0.110131 6.08599e-17 0.993917 -0.110131 6.11063e-17 0.997941 -0.0641338 6.11063e-17 0.997941 0.0641339 6.11063e-17 0.997941 0.0641339 6.08599e-17 0.993917 0.110131 6.12224e-17 0.999838 0.018 6.12224e-17 0.999838 0.018 6.08599e-17 0.993917 0.110131 6.04837e-17 0.987774 0.155894 6.04837e-17 0.987774 0.155894 1 -6.12323e-17 0 1 -6.12323e-17 0 1 -6.12323e-17 0 1 -6.12323e-17 0 1 -6.12323e-17 0 1 -6.12323e-17 0 1 -6.12323e-17 0 1 -6.12323e-17 0 1 -6.12323e-17 0 1 -6.12323e-17 0 1 -6.12323e-17 0 1 -6.12323e-17 0 1 -6.12323e-17 0 1 -6.12323e-17 0 1 -6.12323e-17 0 1 -6.12323e-17 0 1 -6.12323e-17 0 1 -6.12323e-17 0 1 -6.12323e-17 0 1 -6.12323e-17 0 1 -6.12323e-17 0 1 -6.12323e-17 0 1 -6.12323e-17 0 1 -6.12323e-17 0 1 -6.12323e-17 0 1 -6.12323e-17 0 1 -6.12323e-17 0 1 -6.12323e-17 0 1 -6.12323e-17 0 1 -6.12323e-17 0 1 -6.12323e-17 0 1 -6.12323e-17 0 1 -6.12323e-17 0 1 -6.12323e-17 0 1 -6.12323e-17 0 1 -6.12323e-17 0 1 -6.12323e-17 0 1 -6.12323e-17 0 1 -6.12323e-17 0 1 -6.12323e-17 0 1 -6.12323e-17 0 1 -6.12323e-17 0 1 -6.12323e-17 0 1 -6.12323e-17 0 1 -6.12323e-17 0 1 -6.12323e-17 0 1 -6.12323e-17 0 1 -6.12323e-17 0 1 -6.12323e-17 0 1 -6.12323e-17 0 1 -6.12323e-17 0 1 -6.12323e-17 0 1 -6.12323e-17 0 1 -6.12323e-17 0 1 -6.12323e-17 0 1 -6.12323e-17 0 1 -6.12323e-17 0 1 -6.12323e-17 0 1 -6.12323e-17 0 1 -6.12323e-17 0 1 -6.12323e-17 0 1 -6.12323e-17 0 1 -6.12323e-17 0 1 -6.12323e-17 0 1 -6.12323e-17 0 1 -6.12323e-17 0 1 -6.12323e-17 0 1 -6.12323e-17 0 1 -6.12323e-17 0 1 -6.12323e-17 0 1 -6.12323e-17 0 1 -6.12323e-17 0 1 -6.12323e-17 0 1 -6.12323e-17 0 1 -6.12323e-17 0 1 -6.12323e-17 0 1 -6.12323e-17 0 1 -6.12323e-17 0 1 -6.12323e-17 0 1 -6.12323e-17 0 1 -6.12323e-17 0 1 -6.12323e-17 0 1 -6.12323e-17 0 1 -6.12323e-17 0 1 -6.12323e-17 0 1 -6.12323e-17 0 1 -6.12323e-17 0 1 -6.12323e-17 0 1 -6.12323e-17 0 1 -6.12323e-17 0 1 -6.12323e-17 0 1 -6.12323e-17 0 1 -6.12323e-17 0 1 -6.12323e-17 0 1 -6.12323e-17 0 1 -6.12323e-17 0 1 -6.12323e-17 0 1 -6.12323e-17 0 1 -6.12323e-17 0 1 -6.12323e-17 0 1 -6.12323e-17 0 1 -6.12323e-17 0 1 -6.12323e-17 0 1 -6.12323e-17 0 1 -6.12323e-17 0 1 -6.12323e-17 0 1 -6.12323e-17 0 1 -6.12323e-17 0 1 -6.12323e-17 0 1 -6.12323e-17 0 1 -6.12323e-17 0 1 -6.12323e-17 0 1 -6.12323e-17 0 1 -6.12323e-17 0 1 -6.12323e-17 0 1 -6.12323e-17 0 1 -6.12323e-17 0 1 -6.12323e-17 0 1 -6.12323e-17 0 1 -6.12323e-17 0 1 -6.12323e-17 0 1 -6.12323e-17 0 1 -6.12323e-17 0 1 -6.12323e-17 0 1 -6.12323e-17 0 1 -6.12323e-17 0 1 -6.12323e-17 0 1 -6.12323e-17 0 1 -6.12323e-17 0 1 -6.12323e-17 0 1 -6.12323e-17 0 1 -6.12323e-17 0 1 -6.12323e-17 0 1 -6.12323e-17 0 1 -6.12323e-17 0 1 -6.12323e-17 0 1 -6.12323e-17 0 1 -6.12323e-17 0 1 -6.12323e-17 0 1 -6.12323e-17 0 1 -6.12323e-17 0 1 -6.12323e-17 0 1 -6.12323e-17 0 1 -6.12323e-17 0 1 -6.12323e-17 0 1 -6.12323e-17 0 1 -6.12323e-17 0 1 -6.12323e-17 0 1 -6.12323e-17 0 1 -6.12323e-17 0 1 -6.12323e-17 0 1 -6.12323e-17 0 1 -6.12323e-17 0 1 -6.12323e-17 0 1 -6.12323e-17 0 1 -6.12323e-17 0 1 -6.12323e-17 0 1 -6.12323e-17 0 1 -6.12323e-17 0 1 -6.12323e-17 0 1 -6.12323e-17 0 1 -6.12323e-17 0 1 -6.12323e-17 0 1 -6.12323e-17 0 1 -6.12323e-17 0 1 -6.12323e-17 0 1 -6.12323e-17 0 1 -6.12323e-17 0 1 -6.12323e-17 0 1 -6.12323e-17 0 1 -6.12323e-17 0 1 -6.12323e-17 0 1 -6.12323e-17 0 1 -6.12323e-17 0 1 -6.12323e-17 0 1 -6.12323e-17 0 1 -6.12323e-17 0 1 -6.12323e-17 0 1 -6.12323e-17 0 1 -6.12323e-17 0 1 -6.12323e-17 0 1 -6.12323e-17 0 1 -6.12323e-17 0 1 -6.12323e-17 0 1 -6.12323e-17 0 1 -6.12323e-17 0 1 -6.12323e-17 0 1 -6.12323e-17 0 1 -6.12323e-17 0 1 -6.12323e-17 0 1 -6.12323e-17 0 1 -6.12323e-17 0 1 -6.12323e-17 0 1 -6.12323e-17 0 1 -6.12323e-17 0 1 -6.12323e-17 0 1 -6.12323e-17 0 1 -6.12323e-17 0 1 -6.12323e-17 0 1 -6.12323e-17 0 1 -6.12323e-17 0 1 -6.12323e-17 0 1 -6.12323e-17 0 1 -6.12323e-17 0 1 -6.12323e-17 0 1 -6.12323e-17 0 1 -6.12323e-17 0 1 -6.12323e-17 0 1 -6.12323e-17 0 1 -6.12323e-17 0 1 -6.12323e-17 0 1 -6.12323e-17 0 1 -6.12323e-17 0 1 -6.12323e-17 0 1 -6.12323e-17 0 1 -6.12323e-17 0 1 -6.12323e-17 0 1 -6.12323e-17 0 1 -6.12323e-17 0 1 -6.12323e-17 0 1 -6.12323e-17 0 1 -6.12323e-17 0 1 -6.12323e-17 0 1 -6.12323e-17 0 1 -6.12323e-17 0 1 -6.12323e-17 0 1 -6.12323e-17 0 1 -6.12323e-17 0 1 -6.12323e-17 0 1 -6.12323e-17 0 1 -6.12323e-17 0 1 -6.12323e-17 0 1 -6.12323e-17 0 1 -6.12323e-17 0 1 -6.12323e-17 0 1 -6.12323e-17 0 1 -6.12323e-17 0 1 -6.12323e-17 0 1 -6.12323e-17 0 1 -6.12323e-17 0 1 -6.12323e-17 0 1 -6.12323e-17 0 1 -6.12323e-17 0 1 -6.12323e-17 0 1 -6.12323e-17 0 1 -6.12323e-17 0 1 -6.12323e-17 0 1 -6.12323e-17 0 1 -6.12323e-17 0 1 -6.12323e-17 0 1 -6.12323e-17 0 1 -6.12323e-17 0 1 -6.12323e-17 0 1 -6.12323e-17 0 1 -6.12323e-17 0 1 -6.12323e-17 0 1 -6.12323e-17 0 1 -6.12323e-17 0 1 -6.12323e-17 0 1 -6.12323e-17 0 1 -6.12323e-17 0 1 -6.12323e-17 0 1 -6.12323e-17 0 1 -6.12323e-17 0 1 -6.12323e-17 0 1 -6.12323e-17 0 1 -6.12323e-17 0 1 -6.12323e-17 0 1 -6.12323e-17 0 1 -6.12323e-17 0 1 -6.12323e-17 0 1 -6.12323e-17 0 1 -6.12323e-17 0 1 -6.12323e-17 0 1 -6.12323e-17 0 1 -6.12323e-17 0 1 -6.12323e-17 0 1 -6.12323e-17 0 1 -6.12323e-17 0 1 -6.12323e-17 0 1 -6.12323e-17 0 1 -6.12323e-17 0 1 -6.12323e-17 0 1 -6.12323e-17 0 1 -6.12323e-17 0 1 -6.12323e-17 0 1 -6.12323e-17 0 1 -6.12323e-17 0 1 -6.12323e-17 0 1 -6.12323e-17 0 1 -6.12323e-17 0 1 -6.12323e-17 0 1 -6.12323e-17 0 1 -6.12323e-17 0 1 -6.12323e-17 0 1 -6.12323e-17 0 1 -6.12323e-17 0 1 -6.12323e-17 0 1 -6.12323e-17 0 1 -6.12323e-17 0 1 -6.12323e-17 0 1 -6.12323e-17 0 1 -6.12323e-17 0 1 -6.12323e-17 0 1 -6.12323e-17 0 1 -6.12323e-17 0 1 -6.12323e-17 0 1 -6.12323e-17 0 1 -6.12323e-17 0 1 -6.12323e-17 0 1 -6.12323e-17 0 1 -6.12323e-17 0 1 -6.12323e-17 0 1 -6.12323e-17 0 1 -6.12323e-17 0 1 -6.12323e-17 0 1 -6.12323e-17 0 1 -6.12323e-17 0 1 -6.12323e-17 0 1 -6.12323e-17 0 1 -6.12323e-17 0 1 -6.12323e-17 0 1 -6.12323e-17 0 1 -6.12323e-17 0 1 -6.12323e-17 0 1 -6.12323e-17 0 1 -6.12323e-17 0 1 -6.12323e-17 0 1 -6.12323e-17 0 1 -6.12323e-17 0 1 -6.12323e-17 0 1 -6.12323e-17 0 1 -6.12323e-17 0 1 -6.12323e-17 0 1 -6.12323e-17 0 1 -6.12323e-17 0 1 -6.12323e-17 0 1 -6.12323e-17 0 1 -6.12323e-17 0 1 -6.12323e-17 0 1 -6.12323e-17 0 1 -6.12323e-17 0 1 -6.12323e-17 0 1 -6.12323e-17 0 1 -6.12323e-17 0 1 -6.12323e-17 0 1 -6.12323e-17 0 1 -6.12323e-17 0 1 -6.12323e-17 0 1 -6.12323e-17 0 1 -6.12323e-17 0 1 -6.12323e-17 0 1 -6.12323e-17 0 1 -6.12323e-17 0 1 -6.12323e-17 0 1 -6.12323e-17 0 1 -6.12323e-17 0 1 -6.12323e-17 0 1 -6.12323e-17 0 1 -6.12323e-17 0 1 -6.12323e-17 0 1 -6.12323e-17 0 1 -6.12323e-17 0 1 -6.12323e-17 0 1 -6.12323e-17 0 1 -6.12323e-17 0 1 -6.12323e-17 0 1 -6.12323e-17 0 1 -6.12323e-17 0 1 -6.12323e-17 0 1 -6.12323e-17 0 1 -6.12323e-17 0 1 -6.12323e-17 0 1 -6.12323e-17 0 1 -6.12323e-17 0 1 -6.12323e-17 0 1 -6.12323e-17 0 1 -6.12323e-17 0 1 -6.12323e-17 0 1 -6.12323e-17 0 1 -6.12323e-17 0 1 -6.12323e-17 0 1 -6.12323e-17 0 1 -6.12323e-17 0 1 -6.12323e-17 0 1 -6.12323e-17 0 1 -6.12323e-17 0 1 -6.12323e-17 0 1 -6.12323e-17 0 1 -6.12323e-17 0 1 -6.12323e-17 0 1 -6.12323e-17 0 1 -6.12323e-17 0 1 -6.12323e-17 0 1 -6.12323e-17 0 1 -6.12323e-17 0 1 -6.12323e-17 0 1 -6.12323e-17 0 1 -6.12323e-17 0 1 -6.12323e-17 0 1 -6.12323e-17 0 1 -6.12323e-17 0 1 -6.12323e-17 0 1 -6.12323e-17 0 1 -6.12323e-17 0 1 -6.12323e-17 0 1 -6.12323e-17 0 1 -6.12323e-17 0 1 -6.12323e-17 0 1 -6.12323e-17 0 1 -6.12323e-17 0 1 -6.12323e-17 0 1 -6.12323e-17 0 1 -6.12323e-17 0 1 -6.12323e-17 0 1 -6.12323e-17 0 1 -6.12323e-17 0 1 -6.12323e-17 0 1 -6.12323e-17 0 1 -6.12323e-17 0 1 -6.12323e-17 0 1 -6.12323e-17 0 1 -6.12323e-17 0 1 -6.12323e-17 0 1 -6.12323e-17 0 1 -6.12323e-17 0 1 -6.12323e-17 0 1 -6.12323e-17 0 1 -6.12323e-17 0 1 -6.12323e-17 0 1 -6.12323e-17 0 1 -6.12323e-17 0 1 -6.12323e-17 0 1 -6.12323e-17 0 1 -6.12323e-17 0 1 -6.12323e-17 0 1 -6.12323e-17 0 1 -6.12323e-17 0 1 -6.12323e-17 0 1 -6.12323e-17 0 1 -6.12323e-17 0 1 -6.12323e-17 0 1 -6.12323e-17 0 1 -6.12323e-17 0 1 -6.12323e-17 0 1 -6.12323e-17 0 1 -6.12323e-17 0 1 -6.12323e-17 0 1 -6.12323e-17 0 1 -6.12323e-17 0 1 -6.12323e-17 0 1 -6.12323e-17 0 1 -6.12323e-17 0 1 -6.12323e-17 0 1 -6.12323e-17 0 1 -6.12323e-17 0 1 -6.12323e-17 0 1 -6.12323e-17 0 1 -6.12323e-17 0 1 -6.12323e-17 0 1 -6.12323e-17 0 1 -6.12323e-17 0 1 -6.12323e-17 0 1 -6.12323e-17 0 1 -6.12323e-17 0 1 -6.12323e-17 0 1 -6.12323e-17 0 1 -6.12323e-17 0 1 -6.12323e-17 0 1 -6.12323e-17 0 1 -6.12323e-17 0 1 -6.12323e-17 0 1 -6.12323e-17 0 1 -6.12323e-17 0 1 -6.12323e-17 0 1 -6.12323e-17 0 1 -6.12323e-17 0 1 -6.12323e-17 0 1 -6.12323e-17 0 1 -6.12323e-17 0 1 -6.12323e-17 0 1 -6.12323e-17 0 1 -6.12323e-17 0 1 -6.12323e-17 0 1 -6.12323e-17 0 1 -6.12323e-17 0 1 -6.12323e-17 0 1 -6.12323e-17 0 1 -6.12323e-17 0 1 -6.12323e-17 0 1 -6.12323e-17 0 1 -6.12323e-17 0 1 -6.12323e-17 0 1 -6.12323e-17 0 1 -6.12323e-17 0 1 -6.12323e-17 0 1 -6.12323e-17 0 1 -6.12323e-17 0 1 -6.12323e-17 0 1 -6.12323e-17 0 1 -6.12323e-17 0 1 -6.12323e-17 0 1 -6.12323e-17 0 1 -6.12323e-17 0 1 -6.12323e-17 0 1 -6.12323e-17 0 1 -6.12323e-17 0 1 -6.12323e-17 0 1 -6.12323e-17 0 1 -6.12323e-17 0 1 -6.12323e-17 0 1 -6.12323e-17 0 1 -6.12323e-17 0 1 -6.12323e-17 0 1 -6.12323e-17 0 1 -6.12323e-17 0 1 -6.12323e-17 0 1 -6.12323e-17 0 1 -6.12323e-17 0 1 -6.12323e-17 0 1 -6.12323e-17 0 1 -6.12323e-17 0 1 -6.12323e-17 0 1 -6.12323e-17 0 1 -6.12323e-17 0 1 -6.12323e-17 0 1 -6.12323e-17 0 1 -6.12323e-17 0 1 -6.12323e-17 0 1 -6.12323e-17 0 1 -6.12323e-17 0 1 -6.12323e-17 0 1 -6.12323e-17 0 1 -6.12323e-17 0 1 -6.12323e-17 0 1 -6.12323e-17 0 1 -6.12323e-17 0 1 -6.12323e-17 0 1 -6.12323e-17 0 1 -6.12323e-17 0 1 -6.12323e-17 0 1 -6.12323e-17 0 1 -6.12323e-17 0 1 -6.12323e-17 0 1 -6.12323e-17 0 1 -6.12323e-17 0 1 -6.12323e-17 0 1 -6.12323e-17 0 1 -6.12323e-17 0 1 -6.12323e-17 0 1 -6.12323e-17 0 1 -6.12323e-17 0 1 -6.12323e-17 0 1 -6.12323e-17 0 1 -6.12323e-17 0 1 -6.12323e-17 0 1 -6.12323e-17 0 1 -6.12323e-17 0 1 -6.12323e-17 0 1 -6.12323e-17 0 1 -6.12323e-17 0 1 -6.12323e-17 0 1 -6.12323e-17 0 1 -6.12323e-17 0 1 -6.12323e-17 0 1 -6.12323e-17 0 1 -6.12323e-17 0 1 -6.12323e-17 0 1 -6.12323e-17 0 1 -6.12323e-17 0 1 -6.12323e-17 0 1 -6.12323e-17 0 1 -6.12323e-17 0 1 -6.12323e-17 0 1 -6.12323e-17 0 1 -6.12323e-17 0 1 -6.12323e-17 0 1 -6.12323e-17 0 1 -6.12323e-17 0 1 -6.12323e-17 0 1 -6.12323e-17 0 1 -6.12323e-17 0 1 -6.12323e-17 0 1 -6.12323e-17 0 1 -6.12323e-17 0 1 -6.12323e-17 0 1 -6.12323e-17 0 1 -6.12323e-17 0 1 -6.12323e-17 0 1 -6.12323e-17 0 1 -6.12323e-17 0 1 -6.12323e-17 0 1 -6.12323e-17 0 1 -6.12323e-17 0 1 -6.12323e-17 0 1 -6.12323e-17 0 1 -6.12323e-17 0 1 -6.12323e-17 0 1 -6.12323e-17 0 1 -6.12323e-17 0 1 -6.12323e-17 0 1 -6.12323e-17 0 1 -6.12323e-17 0 1 -6.12323e-17 0 1 -6.12323e-17 0 1 -6.12323e-17 0 1 -6.12323e-17 0 1 -6.12323e-17 0 1 -6.12323e-17 0 1 -6.12323e-17 0 1 -6.12323e-17 0 1 -6.12323e-17 0 1 -6.12323e-17 0 1 -6.12323e-17 0 1 -6.12323e-17 0 1 -6.12323e-17 0 1 -6.12323e-17 0 1 -6.12323e-17 0 1 -6.12323e-17 0 1 -6.12323e-17 0 1 -6.12323e-17 0 1 -6.12323e-17 0 1 -6.12323e-17 0 1 -6.12323e-17 0 1 -6.12323e-17 0 1 -6.12323e-17 0 1 -6.12323e-17 0 1 -6.12323e-17 0 1 -6.12323e-17 0 1 -6.12323e-17 0 1 -6.12323e-17 0 1 -6.12323e-17 0 1 -6.12323e-17 0 1 -6.12323e-17 0 1 -6.12323e-17 0 1 -6.12323e-17 0 1 -6.12323e-17 0 1 -6.12323e-17 0 1 -6.12323e-17 0 1 -6.12323e-17 0 1 -6.12323e-17 0 1 -6.12323e-17 0 1 -6.12323e-17 0 1 -6.12323e-17 0 1 -6.12323e-17 0 1 -6.12323e-17 0 1 -6.12323e-17 0 1 -6.12323e-17 0 1 -6.12323e-17 0 1 -6.12323e-17 0 1 -6.12323e-17 0 1 -6.12323e-17 0 1 -6.12323e-17 0 1 -6.12323e-17 0 1 -6.12323e-17 0 1 -6.12323e-17 0 1 -6.12323e-17 0 1 -6.12323e-17 0 1 -6.12323e-17 0 1 -6.12323e-17 0 1 -6.12323e-17 0 1 -6.12323e-17 0 1 -6.12323e-17 0 1 -6.12323e-17 0 1 -6.12323e-17 0 1 -6.12323e-17 0 1 -6.12323e-17 0 1 -6.12323e-17 0 1 -6.12323e-17 0 1 -6.12323e-17 0 1 -6.12323e-17 0 1 -6.12323e-17 0 1 -6.12323e-17 0 1 -6.12323e-17 0 1 -6.12323e-17 0 1 -6.12323e-17 0 1 -6.12323e-17 0 1 -6.12323e-17 0 1 -6.12323e-17 0 1 -6.12323e-17 0 1 -6.12323e-17 0 1 -6.12323e-17 0 1 -6.12323e-17 0 1 -6.12323e-17 0 1 -6.12323e-17 0 1 -6.12323e-17 0 1 -6.12323e-17 0 1 -6.12323e-17 0 1 -6.12323e-17 0 1 -6.12323e-17 0 1 -6.12323e-17 0 1 -6.12323e-17 0 1 -6.12323e-17 0 1 -6.12323e-17 0 1 -6.12323e-17 0 1 -6.12323e-17 0 1 -6.12323e-17 0 1 -6.12323e-17 0 1 -6.12323e-17 0 1 -6.12323e-17 0 1 -6.12323e-17 0 1 -6.12323e-17 0 1 -6.12323e-17 0 1 -6.12323e-17 0 1 -6.12323e-17 0 1 -6.12323e-17 0 1 -6.12323e-17 0 1 -6.12323e-17 0 1 -6.12323e-17 0 1 -6.12323e-17 0 1 -6.12323e-17 0 1 -6.12323e-17 0 1 -6.12323e-17 0 1 -6.12323e-17 0 1 -6.12323e-17 0 1 -6.12323e-17 0 1 -6.12323e-17 0 1 -6.12323e-17 0 1 -6.12323e-17 0 1 -6.12323e-17 0 1 -6.12323e-17 0 1 -6.12323e-17 0 1 -6.12323e-17 0 1 -6.12323e-17 0 1 -6.12323e-17 0 1 -6.12323e-17 0 1 -6.12323e-17 0 1 -6.12323e-17 0 1 -6.12323e-17 0 1 -6.12323e-17 0 1 -6.12323e-17 0 1 -6.12323e-17 0 1 -6.12323e-17 0 1 -6.12323e-17 0 1 -6.12323e-17 0 1 -6.12323e-17 0 1 -6.12323e-17 0 1 -6.12323e-17 0 1 -6.12323e-17 0 1 -6.12323e-17 0 1 -6.12323e-17 0 1 -6.12323e-17 0 1 -6.12323e-17 0 1 -6.12323e-17 0 1 -6.12323e-17 0 1 -6.12323e-17 0 1 -6.12323e-17 0 1 -6.12323e-17 0 1 -6.12323e-17 0 1 -6.12323e-17 0 1 -6.12323e-17 0 1 -6.12323e-17 0 1 -6.12323e-17 0 1 -6.12323e-17 0 1 -6.12323e-17 0 1 -6.12323e-17 0 1 -6.12323e-17 0 1 -6.12323e-17 0 1 -6.12323e-17 0 1 -6.12323e-17 0 1 -6.12323e-17 0 1 -6.12323e-17 0 1 -6.12323e-17 0 1 -6.12323e-17 0 1 -6.12323e-17 0 1 -6.12323e-17 0 1 -6.12323e-17 0 1 -6.12323e-17 0 1 -6.12323e-17 0 1 -6.12323e-17 0 1 -6.12323e-17 0 1 -6.12323e-17 0 1 -6.12323e-17 0 1 -6.12323e-17 0 1 -6.12323e-17 0 1 -6.12323e-17 0 1 -6.12323e-17 0 1 -6.12323e-17 0 1 -6.12323e-17 0 1 -6.12323e-17 0 1 -6.12323e-17 0 1 -6.12323e-17 0 1 -6.12323e-17 0 1 -6.12323e-17 0 1 -6.12323e-17 0 1 -6.12323e-17 0 1 -6.12323e-17 0 1 -6.12323e-17 0 1 -6.12323e-17 0 1 -6.12323e-17 0 1 -6.12323e-17 0 1 -6.12323e-17 0 1 -6.12323e-17 0 1 -6.12323e-17 0 1 -6.12323e-17 0 1 -6.12323e-17 0 1 -6.12323e-17 0 1 -6.12323e-17 0 1 -6.12323e-17 0 1 -6.12323e-17 0 1 -6.12323e-17 0 1 -6.12323e-17 0 1 -6.12323e-17 0 1 -6.12323e-17 0 1 -6.12323e-17 0 1 -6.12323e-17 0 1 -6.12323e-17 0 1 -6.12323e-17 0 1 -6.12323e-17 0 1 -6.12323e-17 0 1 -6.12323e-17 0 1 -6.12323e-17 0 1 -6.12323e-17 0 1 -6.12323e-17 0 1 -6.12323e-17 0 1 -6.12323e-17 0 1 -6.12323e-17 0 1 -6.12323e-17 0 1 -6.12323e-17 0 1 -6.12323e-17 0 1 -6.12323e-17 0 1 -6.12323e-17 0 1 -6.12323e-17 0 1 -6.12323e-17 0 1 -6.12323e-17 0 1 -6.12323e-17 0 1 -6.12323e-17 0 1 -6.12323e-17 0 1 -6.12323e-17 0 1 -6.12323e-17 0 1 -6.12323e-17 0 1 -6.12323e-17 0 1 -6.12323e-17 0 1 -6.12323e-17 0 1 -6.12323e-17 0 1 -6.12323e-17 0 1 -6.12323e-17 0 1 -6.12323e-17 0 1 -6.12323e-17 0 1 -6.12323e-17 0 1 -6.12323e-17 0 1 -6.12323e-17 0 1 -6.12323e-17 0 1 -6.12323e-17 0 1 -6.12323e-17 0 1 -6.12323e-17 0 1 -6.12323e-17 0 1 -6.12323e-17 0 1 -6.12323e-17 0 1 -6.12323e-17 0 1 -6.12323e-17 0 1 -6.12323e-17 0 1 -6.12323e-17 0 1 -6.12323e-17 0 1 -6.12323e-17 0 1 -6.12323e-17 0 1 -6.12323e-17 0 1 -6.12323e-17 0 1 -6.12323e-17 0 1 -6.12323e-17 0 1 -6.12323e-17 0 1 -6.12323e-17 0 1 -6.12323e-17 0 1 -6.12323e-17 0 1 -6.12323e-17 0 1 -6.12323e-17 0 1 -6.12323e-17 0 1 -6.12323e-17 0 1 -6.12323e-17 0 1 -6.12323e-17 0 1 -6.12323e-17 0 1 -6.12323e-17 0 1 -6.12323e-17 0 1 -6.12323e-17 0 1 -6.12323e-17 0 1 -6.12323e-17 0 1 -6.12323e-17 0 1 -6.12323e-17 0 1 -6.12323e-17 0 1 -6.12323e-17 0 1 -6.12323e-17 0 1 -6.12323e-17 0 1 -6.12323e-17 0 1 -6.12323e-17 0 1 -6.12323e-17 0 1 -6.12323e-17 0 1 -6.12323e-17 0 1 -6.12323e-17 0 1 -6.12323e-17 0 1 -6.12323e-17 0 1 -6.12323e-17 0 1 -6.12323e-17 0 1 -6.12323e-17 0 1 -6.12323e-17 0 1 -6.12323e-17 0 1 -6.12323e-17 0 1 -6.12323e-17 0 1 -6.12323e-17 0 1 -6.12323e-17 0 1 -6.12323e-17 0 1 -6.12323e-17 0 1 -6.12323e-17 0 1 -6.12323e-17 0 1 -6.12323e-17 0 1 -6.12323e-17 0 1 -6.12323e-17 0 1 -6.12323e-17 0 1 -6.12323e-17 0 1 -6.12323e-17 0 1 -6.12323e-17 0 1 -6.12323e-17 0 1 -6.12323e-17 0 1 -6.12323e-17 0 1 -6.12323e-17 0 1 -6.12323e-17 0 1 -6.12323e-17 0 1 -6.12323e-17 0 1 -6.12323e-17 0 1 -6.12323e-17 0 1 -6.12323e-17 0 1 -6.12323e-17 0 1 -6.12323e-17 0 1 -6.12323e-17 0 1 -6.12323e-17 0 1 -6.12323e-17 0 1 -6.12323e-17 0 1 -6.12323e-17 0 1 -6.12323e-17 0 1 -6.12323e-17 0 1 -6.12323e-17 0 1 -6.12323e-17 0 1 -6.12323e-17 0 1 -6.12323e-17 0 1 -6.12323e-17 0 1 -6.12323e-17 0 1 -6.12323e-17 0 1 -6.12323e-17 0 1 -6.12323e-17 0 1 -6.12323e-17 0 1 -6.12323e-17 0 1 -6.12323e-17 0 1 -6.12323e-17 0 1 -6.12323e-17 0 1 -6.12323e-17 0 1 -6.12323e-17 0 1 -6.12323e-17 0 1 -6.12323e-17 0 1 -6.12323e-17 0 1 -6.12323e-17 0 1 -6.12323e-17 0 1 -6.12323e-17 0 1 -6.12323e-17 0 1 -6.12323e-17 0 1 -6.12323e-17 0 1 -6.12323e-17 0 1 -6.12323e-17 0 1 -6.12323e-17 0 1 -6.12323e-17 0 1 -6.12323e-17 0 1 -6.12323e-17 0 1 -6.12323e-17 0 1 -6.12323e-17 0 1 -6.12323e-17 0 1 -6.12323e-17 0 1 -6.12323e-17 0 1 -6.12323e-17 0 1 -6.12323e-17 0 1 -6.12323e-17 0 1 -6.12323e-17 0 1 -6.12323e-17 0 1 -6.12323e-17 0 1 -6.12323e-17 0 1 -6.12323e-17 0 1 -6.12323e-17 0 1 -6.12323e-17 0 1 -6.12323e-17 0 1 -6.12323e-17 0 1 -6.12323e-17 0 1 -6.12323e-17 0 1 -6.12323e-17 0 1 -6.12323e-17 0 1 -6.12323e-17 0 1 -6.12323e-17 0 1 -6.12323e-17 0 1 -6.12323e-17 0 1 -6.12323e-17 0 1 -6.12323e-17 0 1 -6.12323e-17 0 1 -6.12323e-17 0 1 -6.12323e-17 0 1 -6.12323e-17 0 1 -6.12323e-17 0 1 -6.12323e-17 0 1 -6.12323e-17 0 1 -6.12323e-17 0 1 -6.12323e-17 0 1 -6.12323e-17 0 1 -6.12323e-17 0 1 -6.12323e-17 0 1 -6.12323e-17 0 1 -6.12323e-17 0 1 -6.12323e-17 0 1 -6.12323e-17 0 1 -6.12323e-17 0 1 -6.12323e-17 0 1 -6.12323e-17 0 1 -6.12323e-17 0 1 -6.12323e-17 0 1 -6.12323e-17 0 1 -6.12323e-17 0 1 -6.12323e-17 0 1 -6.12323e-17 0 1 -6.12323e-17 0 1 -6.12323e-17 0 1 -6.12323e-17 0 1 -6.12323e-17 0 1 -6.12323e-17 0 1 -6.12323e-17 0 1 -6.12323e-17 0 1 -6.12323e-17 0 1 -6.12323e-17 0 1 -6.12323e-17 0 1 -6.12323e-17 0 1 -6.12323e-17 0 1 -6.12323e-17 0 1 -6.12323e-17 0 1 -6.12323e-17 0 1 -6.12323e-17 0 1 -6.12323e-17 0 1 -6.12323e-17 0 1 -6.12323e-17 0 1 -6.12323e-17 0 1 -6.12323e-17 0 1 -6.12323e-17 0 1 -6.12323e-17 0 1 -6.12323e-17 0 1 -6.12323e-17 0 1 -6.12323e-17 0 1 -6.12323e-17 0 1 -6.12323e-17 0 1 -6.12323e-17 0 1 -6.12323e-17 0 1 -6.12323e-17 0 1 -6.12323e-17 0 1 -6.12323e-17 0 1 -6.12323e-17 0 1 -6.12323e-17 0 1 -6.12323e-17 0 1 -6.12323e-17 0 1 -6.12323e-17 0 1 -6.12323e-17 0 1 -6.12323e-17 0 1 -6.12323e-17 0 1 -6.12323e-17 0 1 -6.12323e-17 0 1 -6.12323e-17 0 1 -6.12323e-17 0 1 -6.12323e-17 0 1 -6.12323e-17 0 1 -6.12323e-17 0 1 -6.12323e-17 0 1 -6.12323e-17 0 1 -6.12323e-17 0 1 -6.12323e-17 0 1 -6.12323e-17 0 1 -6.12323e-17 0 1 -6.12323e-17 0 1 -6.12323e-17 0 1 -6.12323e-17 0 1 -6.12323e-17 0 1 -6.12323e-17 0 1 -6.12323e-17 0 1 -6.12323e-17 0 1 -6.12323e-17 0 1 -6.12323e-17 0 1 -6.12323e-17 0 1 -6.12323e-17 0 1 -6.12323e-17 0 1 -6.12323e-17 0 1 -6.12323e-17 0 1 -6.12323e-17 0 1 -6.12323e-17 0 1 -6.12323e-17 0 1 -6.12323e-17 0 1 -6.12323e-17 0 1 -6.12323e-17 0 1 -6.12323e-17 0 1 -6.12323e-17 0 1 -6.12323e-17 0 1 -6.12323e-17 0 1 -6.12323e-17 0 1 -6.12323e-17 0 1 -6.12323e-17 0 1 -6.12323e-17 0 1 -6.12323e-17 0 1 -6.12323e-17 0 1 -6.12323e-17 0 1 -6.12323e-17 0 1 -6.12323e-17 0 1 -6.12323e-17 0 1 -6.12323e-17 0 1 -6.12323e-17 0 1 -6.12323e-17 0 1 -6.12323e-17 0 1 -6.12323e-17 0 1 -6.12323e-17 0 1 -6.12323e-17 0 1 -6.12323e-17 0 1 -6.12323e-17 0 1 -6.12323e-17 0 1 -6.12323e-17 0 1 -6.12323e-17 0 1 -6.12323e-17 0 1 -6.12323e-17 0 1 -6.12323e-17 0 1 -6.12323e-17 0 1 -6.12323e-17 0 1 -6.12323e-17 0 1 -6.12323e-17 0 1 -6.12323e-17 0 1 -6.12323e-17 0 1 -6.12323e-17 0 1 -6.12323e-17 0 1 -6.12323e-17 0 1 -6.12323e-17 0 1 -6.12323e-17 0 1 -6.12323e-17 0 1 -6.12323e-17 0 1 -6.12323e-17 0 1 -6.12323e-17 0 1 -6.12323e-17 0 1 -6.12323e-17 0 1 -6.12323e-17 0 1 -6.12323e-17 0 1 -6.12323e-17 0 1 -6.12323e-17 0 1 -6.12323e-17 0 1 -6.12323e-17 0 1 -6.12323e-17 0 1 -6.12323e-17 0 1 -6.12323e-17 0 1 -6.12323e-17 0 1 -6.12323e-17 0 1 -6.12323e-17 0 1 -6.12323e-17 0 1 -6.12323e-17 0 1 -6.12323e-17 0 1 -6.12323e-17 0 1 -6.12323e-17 0 1 -6.12323e-17 0 1 -6.12323e-17 0 1 -6.12323e-17 0 1 -6.12323e-17 0 1 -6.12323e-17 0 1 -6.12323e-17 0 1 -6.12323e-17 0 1 -6.12323e-17 0 1 -6.12323e-17 0 1 -6.12323e-17 0 1 -6.12323e-17 0 1 -6.12323e-17 0 1 -6.12323e-17 0 1 -6.12323e-17 0 1 -6.12323e-17 0 1 -6.12323e-17 0 1 -6.12323e-17 0 1 -6.12323e-17 0 1 -6.12323e-17 0 1 -6.12323e-17 0 1 -6.12323e-17 0 1 -6.12323e-17 0 1 -6.12323e-17 0 1 -6.12323e-17 0 1 -6.12323e-17 0 1 -6.12323e-17 0 1 -6.12323e-17 0 1 -6.12323e-17 0 1 -6.12323e-17 0 1 -6.12323e-17 0 1 -6.12323e-17 0 1 -6.12323e-17 0 1 -6.12323e-17 0 1 -6.12323e-17 0 1 -6.12323e-17 0 1 -6.12323e-17 0 1 -6.12323e-17 0 1 -6.12323e-17 0 1 -6.12323e-17 0 1 -6.12323e-17 0 1 -6.12323e-17 0 1 -6.12323e-17 0 1 -6.12323e-17 0 1 -6.12323e-17 0 1 -6.12323e-17 0 1 -6.12323e-17 0 1 -6.12323e-17 0 1 -6.12323e-17 0 1 -6.12323e-17 0 1 -6.12323e-17 0 1 -6.12323e-17 0 1 -6.12323e-17 0 1 -6.12323e-17 0 1 -6.12323e-17 0 1 -6.12323e-17 0 1 -6.12323e-17 0 1 -6.12323e-17 0 1 -6.12323e-17 0 1 -6.12323e-17 0 1 -6.12323e-17 0 1 -6.12323e-17 0 1 -6.12323e-17 0 1 -6.12323e-17 0 1 -6.12323e-17 0 1 -6.12323e-17 0 1 -6.12323e-17 0 1 -6.12323e-17 0 1 -6.12323e-17 0 1 -6.12323e-17 0 1 -6.12323e-17 0 1 -6.12323e-17 0 1 -6.12323e-17 0 1 -6.12323e-17 0 1 -6.12323e-17 0 1 -6.12323e-17 0 1 -6.12323e-17 0 1 -6.12323e-17 0 1 -6.12323e-17 0 1 -6.12323e-17 0 1 -6.12323e-17 0 1 -6.12323e-17 0 1 -6.12323e-17 0 1 -6.12323e-17 0 1 -6.12323e-17 0 1 -6.12323e-17 0 1 -6.12323e-17 0 1 -6.12323e-17 0 1 -6.12323e-17 0 1 -6.12323e-17 0 1 -6.12323e-17 0 1 -6.12323e-17 0 1 -6.12323e-17 0 1 -6.12323e-17 0 1 -6.12323e-17 0 1 -6.12323e-17 0 1 -6.12323e-17 0 1 -6.12323e-17 0 1 -6.12323e-17 0 1 -6.12323e-17 0 1 -6.12323e-17 0 1 -6.12323e-17 0 1 -6.12323e-17 0 1 -6.12323e-17 0 1 -6.12323e-17 0 1 -6.12323e-17 0 1 -6.12323e-17 0 1 -6.12323e-17 0 1 -6.12323e-17 0 1 -6.12323e-17 0 1 -6.12323e-17 0 1 -6.12323e-17 0 1 -6.12323e-17 0 1 -6.12323e-17 0 1 -6.12323e-17 0 1 -6.12323e-17 0 1 -6.12323e-17 0 1 -6.12323e-17 0 1 -6.12323e-17 0 1 -6.12323e-17 0 1 -6.12323e-17 0 1 -6.12323e-17 0 1 -6.12323e-17 0 1 -6.12323e-17 0 1 -6.12323e-17 0 1 -6.12323e-17 0 1 -6.12323e-17 0 1 -6.12323e-17 0 1 -6.12323e-17 0 1 -6.12323e-17 0 1 -6.12323e-17 0 1 -6.12323e-17 0 1 -6.12323e-17 0 1 -6.12323e-17 0 1 -6.12323e-17 0 1 -6.12323e-17 0 1 -6.12323e-17 0 1 -6.12323e-17 0 1 -6.12323e-17 0 1 -6.12323e-17 0 1 -6.12323e-17 0 1 -6.12323e-17 0 1 -6.12323e-17 0 1 -6.12323e-17 0 1 -6.12323e-17 0 1 -6.12323e-17 0 1 -6.12323e-17 0 1 -6.12323e-17 0 1 -6.12323e-17 0 1 -6.12323e-17 0 1 -6.12323e-17 0 1 -6.12323e-17 0 1 -6.12323e-17 0 1 -6.12323e-17 0 1 -6.12323e-17 0 1 -6.12323e-17 0 1 -6.12323e-17 0 1 -6.12323e-17 0 1 -6.12323e-17 0 1 -6.12323e-17 0 1 -6.12323e-17 0 1 -6.12323e-17 0 1 -6.12323e-17 0 1 -6.12323e-17 0 1 -6.12323e-17 0 1 -6.12323e-17 0 1 -6.12323e-17 0 1 -6.12323e-17 0 1 -6.12323e-17 0 1 -6.12323e-17 0 1 -6.12323e-17 0 1 -6.12323e-17 0 1 -6.12323e-17 0 1 -6.12323e-17 0 1 -6.12323e-17 0 1 -6.12323e-17 0 1 -6.12323e-17 0 1 -6.12323e-17 0 1 -6.12323e-17 0 1 -6.12323e-17 0 1 -6.12323e-17 0 1 -6.12323e-17 0 1 -6.12323e-17 0 1 -6.12323e-17 0 1 -6.12323e-17 0 1 -6.12323e-17 0 1 -6.12323e-17 0 1 -6.12323e-17 0 1 -6.12323e-17 0 1 -6.12323e-17 0 1 -6.12323e-17 0 1 -6.12323e-17 0 1 -6.12323e-17 0 1 -6.12323e-17 0 1 -6.12323e-17 0 1 -6.12323e-17 0 1 -6.12323e-17 0 1 -6.12323e-17 0 1 -6.12323e-17 0 1 -6.12323e-17 0 1 -6.12323e-17 0 1 -6.12323e-17 0 1 -6.12323e-17 0 1 -6.12323e-17 0 1 -6.12323e-17 0 1 -6.12323e-17 0 1 -6.12323e-17 0 1 -6.12323e-17 0 1 -6.12323e-17 0 1 -6.12323e-17 0 1 -6.12323e-17 0 1 -6.12323e-17 0 1 -6.12323e-17 0 1 -6.12323e-17 0 1 -6.12323e-17 0 1 -6.12323e-17 0 1 -6.12323e-17 0 1 -6.12323e-17 0 1 -6.12323e-17 0 1 -6.12323e-17 0 1 -6.12323e-17 0 1 -6.12323e-17 0 1 -6.12323e-17 0 1 -6.12323e-17 0 1 -6.12323e-17 0 1 -6.12323e-17 0 1 -6.12323e-17 0 1 -6.12323e-17 0 1 -6.12323e-17 0 1 -6.12323e-17 0 1 -6.12323e-17 0 1 -6.12323e-17 0 1 -6.12323e-17 0 1 -6.12323e-17 0 1 -6.12323e-17 0 1 -6.12323e-17 0 1 -6.12323e-17 0 1 -6.12323e-17 0 1 -6.12323e-17 0 1 -6.12323e-17 0 1 -6.12323e-17 0 1 -6.12323e-17 0 1 -6.12323e-17 0 1 -6.12323e-17 0 1 -6.12323e-17 0 1 -6.12323e-17 0 1 -6.12323e-17 0 1 -6.12323e-17 0 1 -6.12323e-17 0 1 -6.12323e-17 0 1 -6.12323e-17 0 1 -6.12323e-17 0 1 -6.12323e-17 0 1 -6.12323e-17 0 1 -6.12323e-17 0 1 -6.12323e-17 0 1 -6.12323e-17 0 1 -6.12323e-17 0 1 -6.12323e-17 0 1 -6.12323e-17 0 1 -6.12323e-17 0 1 -6.12323e-17 0 1 -6.12323e-17 0 1 -6.12323e-17 0 1 -6.12323e-17 0 1 -6.12323e-17 0 1 -6.12323e-17 0 1 -6.12323e-17 0 1 -6.12323e-17 0 1 -6.12323e-17 0 1 -6.12323e-17 0 1 -6.12323e-17 0 1 -6.12323e-17 0 1 -6.12323e-17 0 1 -6.12323e-17 0 1 -6.12323e-17 0 1 -6.12323e-17 0 1 -6.12323e-17 0 1 -6.12323e-17 0 1 -6.12323e-17 0 1 -6.12323e-17 0 1 -6.12323e-17 0 1 -6.12323e-17 0 1 -6.12323e-17 0 1 -6.12323e-17 0 1 -6.12323e-17 0 1 -6.12323e-17 0 1 -6.12323e-17 0 1 -6.12323e-17 0 1 -6.12323e-17 0 1 -6.12323e-17 0 1 -6.12323e-17 0 1 -6.12323e-17 0 1 -6.12323e-17 0 1 -6.12323e-17 0 1 -6.12323e-17 0 1 -6.12323e-17 0 1 -6.12323e-17 0 1 -6.12323e-17 0 1 -6.12323e-17 0 1 -6.12323e-17 0 1 -6.12323e-17 0 1 -6.12323e-17 0 1 -6.12323e-17 0 1 -6.12323e-17 0 1 -6.12323e-17 0 1 -6.12323e-17 0 1 -6.12323e-17 0 1 -6.12323e-17 0 1 -6.12323e-17 0 1 -6.12323e-17 0 1 -6.12323e-17 0 1 -6.12323e-17 0 1 -6.12323e-17 0 1 -6.12323e-17 0 1 -6.12323e-17 0 1 -6.12323e-17 0 1 -6.12323e-17 0 1 -6.12323e-17 0 1 -6.12323e-17 0 1 -6.12323e-17 0 1 -6.12323e-17 0 1 -6.12323e-17 0 1 -6.12323e-17 0 1 -6.12323e-17 0 1 -6.12323e-17 0 1 -6.12323e-17 0 1 -6.12323e-17 0 1 -6.12323e-17 0 1 -6.12323e-17 0 1 -6.12323e-17 0 1 -6.12323e-17 0 1 -6.12323e-17 0 1 -6.12323e-17 0 1 -6.12323e-17 0 1 -6.12323e-17 0 1 -6.12323e-17 0 1 -6.12323e-17 0 1 -6.12323e-17 0 1 -6.12323e-17 0 1 -6.12323e-17 0 1 -6.12323e-17 0 1 -6.12323e-17 0 1 -6.12323e-17 0 1 -6.12323e-17 0 1 -6.12323e-17 0 1 -6.12323e-17 0 1 -6.12323e-17 0 1 -6.12323e-17 0 1 -6.12323e-17 0 1 -6.12323e-17 0 1 -6.12323e-17 0 1 -6.12323e-17 0 1 -6.12323e-17 0 1 -6.12323e-17 0 1 -6.12323e-17 0 1 -6.12323e-17 0 1 -6.12323e-17 0 1 -6.12323e-17 0 1 -6.12323e-17 0 1 -6.12323e-17 0 1 -6.12323e-17 0 1 -6.12323e-17 0 1 -6.12323e-17 0 1 -6.12323e-17 0 1 -6.12323e-17 0 1 -6.12323e-17 0 1 -6.12323e-17 0 1 -6.12323e-17 0 1 -6.12323e-17 0 1 -6.12323e-17 0 1 -6.12323e-17 0 1 -6.12323e-17 0 1 -6.12323e-17 0 1 -6.12323e-17 0 1 -6.12323e-17 0 1 -6.12323e-17 0 1 -6.12323e-17 0 1 -6.12323e-17 0 1 -6.12323e-17 0 1 -6.12323e-17 0 1 -6.12323e-17 0 1 -6.12323e-17 0 1 -6.12323e-17 0 1 -6.12323e-17 0 1 -6.12323e-17 0 1 -6.12323e-17 0 1 -6.12323e-17 0 1 -6.12323e-17 0 1 -6.12323e-17 0 1 -6.12323e-17 0 1 -6.12323e-17 0 1 -6.12323e-17 0 1 -6.12323e-17 0 1 -6.12323e-17 0 1 -6.12323e-17 0 1 -6.12323e-17 0 1 -6.12323e-17 0 1 -6.12323e-17 0 1 -6.12323e-17 0 1 -6.12323e-17 0 1 -6.12323e-17 0 1 -6.12323e-17 0 1 -6.12323e-17 0 1 -6.12323e-17 0 1 -6.12323e-17 0 1 -6.12323e-17 0 1 -6.12323e-17 0 1 -6.12323e-17 0 1 -6.12323e-17 0 1 -6.12323e-17 0 1 -6.12323e-17 0 1 -6.12323e-17 0 1 -6.12323e-17 0 1 -6.12323e-17 0 1 -6.12323e-17 0 1 -6.12323e-17 0 1 -6.12323e-17 0 1 -6.12323e-17 0 1 -6.12323e-17 0 1 -6.12323e-17 0 1 -6.12323e-17 0 1 -6.12323e-17 0 1 -6.12323e-17 0 1 -6.12323e-17 0 1 -6.12323e-17 0 1 -6.12323e-17 0 1 -6.12323e-17 0 1 -6.12323e-17 0 1 -6.12323e-17 0 1 -6.12323e-17 0 1 -6.12323e-17 0 1 -6.12323e-17 0 1 -6.12323e-17 0 1 -6.12323e-17 0 1 -6.12323e-17 0 1 -6.12323e-17 0 1 -6.12323e-17 0 1 -6.12323e-17 0 1 -6.12323e-17 0 1 -6.12323e-17 0 1 -6.12323e-17 0 1 -6.12323e-17 0 1 -6.12323e-17 0 1 -6.12323e-17 0 1 -6.12323e-17 0 1 -6.12323e-17 0 1 -6.12323e-17 0 1 -6.12323e-17 0 1 -6.12323e-17 0 1 -6.12323e-17 0 1 -6.12323e-17 0 1 -6.12323e-17 0 1 -6.12323e-17 0 1 -6.12323e-17 0 1 -6.12323e-17 0 1 -6.12323e-17 0 1 -6.12323e-17 0 1 -6.12323e-17 0 1 -6.12323e-17 0 1 -6.12323e-17 0 1 -6.12323e-17 0 1 -6.12323e-17 0 1 -6.12323e-17 0 1 -6.12323e-17 0 1 -6.12323e-17 0 1 -6.12323e-17 0 1 -6.12323e-17 0 1 -6.12323e-17 0 1 -6.12323e-17 0 1 -6.12323e-17 0 1 -6.12323e-17 0 1 -6.12323e-17 0 1 -6.12323e-17 0 1 -6.12323e-17 0 1 -6.12323e-17 0 1 -6.12323e-17 0 1 -6.12323e-17 0 -6.12091e-17 -0.99962 0.0275544 -6.12091e-17 -0.99962 -0.0275543 -6.12091e-17 -0.99962 0.0275544 -5.3531e-24 -8.74228e-08 -1 3.37315e-18 0.0550877 -0.998482 -5.3531e-24 -8.74228e-08 -1 -6.10232e-17 -0.996584 0.0825794 -6.10232e-17 -0.996584 0.0825794 -6.0652e-17 -0.990522 0.137354 -6.0652e-17 -0.990522 0.137353 -6.00966e-17 -0.981451 0.191711 -6.00966e-17 -0.981451 0.191711 -5.93587e-17 -0.9694 0.245485 -5.93586e-17 -0.9694 0.245486 -5.84404e-17 -0.954405 0.298515 -5.84405e-17 -0.954405 0.298515 -5.73448e-17 -0.936511 0.350638 -5.73448e-17 -0.936511 0.350638 -5.6075e-17 -0.915773 0.401695 -5.6075e-17 -0.915773 0.401695 -5.46348e-17 -0.892254 0.451534 -5.46348e-17 -0.892254 0.451533 -5.30288e-17 -0.866025 0.5 -5.30288e-17 -0.866025 0.5 -5.12617e-17 -0.837166 0.546948 -5.12617e-17 -0.837166 0.546948 -4.93389e-17 -0.805765 0.592235 -4.93389e-17 -0.805765 0.592235 -4.72663e-17 -0.771917 0.635724 -4.72663e-17 -0.771917 0.635724 -4.50501e-17 -0.735724 0.677282 -4.50501e-17 -0.735724 0.677282 -4.26971e-17 -0.697297 0.716783 -4.26971e-17 -0.697297 0.716783 -4.02145e-17 -0.656752 0.754107 -4.02145e-17 -0.656752 0.754107 -3.76097e-17 -0.614213 0.789141 -3.76097e-17 -0.614213 0.78914 -3.48907e-17 -0.569808 0.821778 -3.48907e-17 -0.569808 0.821778 -3.20657e-17 -0.523673 0.851919 -3.20657e-17 -0.523673 0.851919 -2.91434e-17 -0.475947 0.879474 -2.91434e-17 -0.475948 0.879474 -2.61325e-17 -0.426777 0.904357 -2.61325e-17 -0.426776 0.904357 -2.30423e-17 -0.376309 0.926494 -2.30423e-17 -0.376309 0.926494 -1.98821e-17 -0.324699 0.945817 -1.98821e-17 -0.3247 0.945817 -1.66615e-17 -0.272103 0.962268 -1.66615e-17 -0.272103 0.962268 -1.33904e-17 -0.218681 0.975796 -1.33904e-17 -0.218681 0.975796 -1.00785e-17 -0.164595 0.986361 -1.00785e-17 -0.164595 0.986361 -6.73605e-18 -0.110008 0.993931 -6.73605e-18 -0.110008 0.993931 -3.37317e-18 -0.0550881 0.998482 -3.37317e-18 -0.0550881 0.998482 1.07062e-23 1.74846e-07 1 -1.84917e-23 -3.01992e-07 1 -6.12091e-17 -0.99962 -0.0275543 -6.10232e-17 -0.996584 -0.0825794 -6.10232e-17 -0.996584 -0.0825794 -6.0652e-17 -0.990522 -0.137354 -6.0652e-17 -0.990522 -0.137354 -6.00966e-17 -0.981451 -0.191711 -6.00966e-17 -0.981451 -0.191711 -5.93586e-17 -0.9694 -0.245486 -5.93586e-17 -0.9694 -0.245486 -5.84405e-17 -0.954405 -0.298515 -5.84404e-17 -0.954405 -0.298515 -5.73448e-17 -0.936511 -0.350638 -5.73448e-17 -0.936511 -0.350638 -5.6075e-17 -0.915773 -0.401695 -5.6075e-17 -0.915773 -0.401695 -5.46348e-17 -0.892254 -0.451533 -5.46348e-17 -0.892254 -0.451534 -5.30288e-17 -0.866025 -0.5 -5.30288e-17 -0.866025 -0.5 -5.12617e-17 -0.837167 -0.546948 -5.12617e-17 -0.837167 -0.546948 -4.93389e-17 -0.805765 -0.592235 -4.93389e-17 -0.805765 -0.592235 -4.72663e-17 -0.771917 -0.635724 -4.72663e-17 -0.771917 -0.635724 -4.50501e-17 -0.735724 -0.677282 -4.50501e-17 -0.735724 -0.677282 -4.26971e-17 -0.697297 -0.716782 -4.26971e-17 -0.697297 -0.716782 -4.02145e-17 -0.656752 -0.754107 -4.02145e-17 -0.656752 -0.754107 -3.76097e-17 -0.614213 -0.78914 -3.76097e-17 -0.614213 -0.78914 -3.48907e-17 -0.569808 -0.821778 -3.48907e-17 -0.569808 -0.821778 -3.20657e-17 -0.523673 -0.851919 -3.20657e-17 -0.523673 -0.85192 -2.91434e-17 -0.475947 -0.879474 -2.91434e-17 -0.475947 -0.879474 -2.61325e-17 -0.426776 -0.904357 -2.61325e-17 -0.426776 -0.904357 -2.30423e-17 -0.376309 -0.926494 -2.30423e-17 -0.376309 -0.926494 -1.98821e-17 -0.324699 -0.945817 -1.98821e-17 -0.324699 -0.945817 -1.66615e-17 -0.272104 -0.962268 -1.66615e-17 -0.272104 -0.962268 -1.33904e-17 -0.218681 -0.975796 -1.33904e-17 -0.218681 -0.975796 -1.00785e-17 -0.164595 -0.986361 -1.00785e-17 -0.164595 -0.986361 -6.73606e-18 -0.110008 -0.993931 -6.73606e-18 -0.110008 -0.993931 -3.37316e-18 -0.0550879 -0.998482 -3.37315e-18 -0.0550876 -0.998482 6.73606e-18 0.110008 -0.993931 6.73606e-18 0.110008 -0.993931 3.37315e-18 0.0550877 -0.998482 1.66615e-17 0.272104 -0.962268 1.66615e-17 0.272104 -0.962268 1.33903e-17 0.218681 -0.975796 1.00785e-17 0.164595 -0.986361 1.33904e-17 0.218681 -0.975796 1.00785e-17 0.164595 -0.986361 2.30423e-17 0.376309 -0.926494 2.61325e-17 0.426776 -0.904357 2.61325e-17 0.426776 -0.904357 1.98821e-17 0.324699 -0.945817 1.98821e-17 0.3247 -0.945817 2.30423e-17 0.376309 -0.926494 3.48907e-17 0.569808 -0.821778 3.20657e-17 0.523673 -0.851919 3.48907e-17 0.569808 -0.821778 3.20657e-17 0.523673 -0.851919 2.91434e-17 0.475947 -0.879474 2.91434e-17 0.475947 -0.879474 4.26971e-17 0.697297 -0.716783 4.26971e-17 0.697297 -0.716783 4.02145e-17 0.656752 -0.754106 3.76097e-17 0.614213 -0.789141 4.02145e-17 0.656752 -0.754107 3.76097e-17 0.614213 -0.78914 4.72663e-17 0.771917 -0.635724 4.93389e-17 0.805765 -0.592235 4.93389e-17 0.805765 -0.592235 4.50501e-17 0.735724 -0.677282 4.50501e-17 0.735724 -0.677282 4.72663e-17 0.771917 -0.635724 5.46348e-17 0.892254 -0.451533 5.30288e-17 0.866025 -0.5 5.46348e-17 0.892254 -0.451533 5.30288e-17 0.866026 -0.5 5.12617e-17 0.837166 -0.546948 5.12617e-17 0.837166 -0.546948 5.84404e-17 0.954405 -0.298515 5.84404e-17 0.954405 -0.298515 5.73448e-17 0.936511 -0.350637 5.60749e-17 0.915773 -0.401695 5.73448e-17 0.936511 -0.350637 5.60749e-17 0.915773 -0.401695 6.00966e-17 0.981451 -0.191711 6.0652e-17 0.990522 -0.137354 6.0652e-17 0.990522 -0.137354 5.93586e-17 0.9694 -0.245485 5.93586e-17 0.9694 -0.245485 6.00966e-17 0.981451 -0.191711 6.12091e-17 0.99962 0.0275544 6.12091e-17 0.99962 -0.0275544 6.12091e-17 0.99962 0.0275543 6.12091e-17 0.99962 -0.0275543 6.10232e-17 0.996584 -0.0825792 6.10232e-17 0.996584 -0.0825794 6.00966e-17 0.981452 0.191711 6.00966e-17 0.981452 0.191711 6.0652e-17 0.990522 0.137354 6.10232e-17 0.996584 0.0825794 6.0652e-17 0.990522 0.137353 6.10232e-17 0.996584 0.0825794 5.84405e-17 0.954405 0.298515 5.73448e-17 0.936511 0.350638 5.73448e-17 0.936511 0.350638 5.93586e-17 0.9694 0.245485 5.93586e-17 0.9694 0.245485 5.84404e-17 0.954405 0.298515 5.30288e-17 0.866025 0.5 5.46348e-17 0.892254 0.451533 5.30288e-17 0.866025 0.5 5.46348e-17 0.892254 0.451533 5.60749e-17 0.915773 0.401695 5.60749e-17 0.915773 0.401695 4.72663e-17 0.771917 0.635724 4.72663e-17 0.771917 0.635724 4.93389e-17 0.805765 0.592235 5.12617e-17 0.837166 0.546948 4.93389e-17 0.805765 0.592235 5.12617e-17 0.837166 0.546948 4.26971e-17 0.697297 0.716783 4.02145e-17 0.656752 0.754107 4.26971e-17 0.697297 0.716783 4.50501e-17 0.735724 0.677282 4.50501e-17 0.735724 0.677282 3.76097e-17 0.614213 0.789141 4.02145e-17 0.656752 0.754107 3.76097e-17 0.614213 0.789141 3.48907e-17 0.569808 0.821778 3.48907e-17 0.569808 0.821778 3.20657e-17 0.523673 0.851919 2.91434e-17 0.475947 0.879474 3.20657e-17 0.523673 0.851919 2.91434e-17 0.475947 0.879474 2.61325e-17 0.426776 0.904357 2.61325e-17 0.426776 0.904357 2.30423e-17 0.376309 0.926494 1.98821e-17 0.324699 0.945817 2.30423e-17 0.376309 0.926494 1.98821e-17 0.324699 0.945817 1.66615e-17 0.272103 0.962268 1.66615e-17 0.272103 0.962268 1.33904e-17 0.218681 0.975796 1.00785e-17 0.164595 0.986361 1.33904e-17 0.218681 0.975796 1.00785e-17 0.164595 0.986361 6.73606e-18 0.110008 0.993931 6.73606e-18 0.110008 0.993931 3.37315e-18 0.0550878 0.998482 3.37315e-18 0.0550878 0.998482 -1 6.12323e-17 0 -1 6.12323e-17 0 -1 6.12323e-17 0 -1 6.12323e-17 0 -1 6.12323e-17 0 -1 6.12323e-17 0 -1 6.12323e-17 0 -1 6.12323e-17 0 -1 6.12323e-17 0 -1 6.12323e-17 0 -1 6.12323e-17 0 -1 6.12323e-17 0 -1 6.12323e-17 0 -1 6.12323e-17 0 -1 6.12323e-17 0 -1 6.12323e-17 0 -1 6.12323e-17 0 -1 6.12323e-17 0 -1 6.12323e-17 0 -1 6.12323e-17 0 -1 6.12323e-17 0 -1 6.12323e-17 0 -1 6.12323e-17 0 -1 6.12323e-17 0 -1 6.12323e-17 0 -1 6.12323e-17 0 -1 6.12323e-17 0 -1 6.12323e-17 0 -1 6.12323e-17 0 -1 6.12323e-17 0 -1 6.12323e-17 0 -1 6.12323e-17 0 -1 6.12323e-17 0 -1 6.12323e-17 0 -1 6.12323e-17 0 -1 6.12323e-17 0 -1 6.12323e-17 0 -1 6.12323e-17 0 -1 6.12323e-17 0 -1 6.12323e-17 0 -1 6.12323e-17 0 -1 6.12323e-17 0 -1 6.12323e-17 0 -1 6.12323e-17 0 -1 6.12323e-17 0 -1 6.12323e-17 0 -1 6.12323e-17 0 -1 6.12323e-17 0 -1 6.12323e-17 0 -1 6.12323e-17 0 -1 6.12323e-17 0 -1 6.12323e-17 0 -1 6.12323e-17 0 -1 6.12323e-17 0 -1 6.12323e-17 0 -1 6.12323e-17 0 -1 6.12323e-17 0 -1 6.12323e-17 0 -1 6.12323e-17 0 -1 6.12323e-17 0 -1 6.12323e-17 0 -1 6.12323e-17 0 -1 6.12323e-17 0 -1 6.12323e-17 0 -1 6.12323e-17 0 -1 6.12323e-17 0 -1 6.12323e-17 0 -1 6.12323e-17 0 -1 6.12323e-17 0 -1 6.12323e-17 0 -1 6.12323e-17 0 -1 6.12323e-17 0 -1 6.12323e-17 0 -1 6.12323e-17 0 -1 6.12323e-17 0 -1 6.12323e-17 0 -1 6.12323e-17 0 -1 6.12323e-17 0 -1 6.12323e-17 0 -1 6.12323e-17 0 -1 6.12323e-17 0 -1 6.12323e-17 0 -1 6.12323e-17 0 -1 6.12323e-17 0 -1 6.12323e-17 0 -1 6.12323e-17 0 -1 6.12323e-17 0 -1 6.12323e-17 0 -1 6.12323e-17 0 -1 6.12323e-17 0 -1 6.12323e-17 0 -1 6.12323e-17 0 -1 6.12323e-17 0 -1 6.12323e-17 0 -1 6.12323e-17 0 -1 6.12323e-17 0 -1 6.12323e-17 0 -1 6.12323e-17 0 -1 6.12323e-17 0 -1 6.12323e-17 0 -1 6.12323e-17 0 -1 6.12323e-17 0 -1 6.12323e-17 0 -1 6.12323e-17 0 -1 6.12323e-17 0 -1 6.12323e-17 0 -1 6.12323e-17 0 -1 6.12323e-17 0 -1 6.12323e-17 0 -1 6.12323e-17 0 -1 6.12323e-17 0 -1 6.12323e-17 0 -1 6.12323e-17 0 -1 6.12323e-17 0 -1 6.12323e-17 0 -1 6.12323e-17 0 -1 6.12323e-17 0 -1 6.12323e-17 0 -1 6.12323e-17 0 -1 6.12323e-17 0 -1 6.12323e-17 0 -1 6.12323e-17 0 -1 6.12323e-17 0 -1 6.12323e-17 0 -1 6.12323e-17 0 -1 6.12323e-17 0 -1 6.12323e-17 0 -1 6.12323e-17 0 -1 6.12323e-17 0 -1 6.12323e-17 0 -1 6.12323e-17 0 -1 6.12323e-17 0 -1 6.12323e-17 0 -1 6.12323e-17 0 -1 6.12323e-17 0 -1 6.12323e-17 0 -1 6.12323e-17 0 -1 6.12323e-17 0 -1 6.12323e-17 0 -1 6.12323e-17 0 -1 6.12323e-17 0 -1 6.12323e-17 0 -1 6.12323e-17 0 -1 6.12323e-17 0 -1 6.12323e-17 0 -1 6.12323e-17 0 -1 6.12323e-17 0 -1 6.12323e-17 0 -1 6.12323e-17 0 -1 6.12323e-17 0 -1 6.12323e-17 0 -1 6.12323e-17 0 -1 6.12323e-17 0 -1 6.12323e-17 0 -1 6.12323e-17 0 -1 6.12323e-17 0 -1 6.12323e-17 0 -1 6.12323e-17 0 -1 6.12323e-17 0 -1 6.12323e-17 0 -1 6.12323e-17 0 -1 6.12323e-17 0 -1 6.12323e-17 0 -1 6.12323e-17 0 -1 6.12323e-17 0 -1 6.12323e-17 0 -1 6.12323e-17 0 -1 6.12323e-17 0 -1 6.12323e-17 0 -1 6.12323e-17 0 -1 6.12323e-17 0 -1 6.12323e-17 0 -1 6.12323e-17 0 -1 6.12323e-17 0 -1 6.12323e-17 0 -1 6.12323e-17 0 -1 6.12323e-17 0 -1 6.12323e-17 0 -1 6.12323e-17 0 -1 6.12323e-17 0 -1 6.12323e-17 0 -1 6.12323e-17 0 -1 6.12323e-17 0 -1 6.12323e-17 0 -1 6.12323e-17 0 -1 6.12323e-17 0 -1 6.12323e-17 0 -1 6.12323e-17 0 -1 6.12323e-17 0 -1 6.12323e-17 0 -1 6.12323e-17 0 -1 6.12323e-17 0 -1 6.12323e-17 0 -1 6.12323e-17 0 -1 6.12323e-17 0 -1 6.12323e-17 0 -1 6.12323e-17 0 -1 6.12323e-17 0 -1 6.12323e-17 0 -1 6.12323e-17 0 -1 6.12323e-17 0 -1 6.12323e-17 0 -1 6.12323e-17 0 -1 6.12323e-17 0 -1 6.12323e-17 0 -1 6.12323e-17 0 -1 6.12323e-17 0 -1 6.12323e-17 0 -1 6.12323e-17 0 -1 6.12323e-17 0 -1 6.12323e-17 0 -1 6.12323e-17 0 -1 6.12323e-17 0 -1 6.12323e-17 0 -1 6.12323e-17 0 -1 6.12323e-17 0 -1 6.12323e-17 0 -1 6.12323e-17 0 -1 6.12323e-17 0 -1 6.12323e-17 0 -1 6.12323e-17 0 -1 6.12323e-17 0 -1 6.12323e-17 0 -1 6.12323e-17 0 -1 6.12323e-17 0 -1 6.12323e-17 0 -1 6.12323e-17 0 -1 6.12323e-17 0 -1 6.12323e-17 0 -1 6.12323e-17 0 -1 6.12323e-17 0 -1 6.12323e-17 0 -1 6.12323e-17 0 -1 6.12323e-17 0 -1 6.12323e-17 0 -1 6.12323e-17 0 -1 6.12323e-17 0 -1 6.12323e-17 0 -1 6.12323e-17 0 -1 6.12323e-17 0 -1 6.12323e-17 0 -1 6.12323e-17 0 -1 6.12323e-17 0 -1 6.12323e-17 0 -1 6.12323e-17 0 -1 6.12323e-17 0 -1 6.12323e-17 0 -1 6.12323e-17 0 -1 6.12323e-17 0 -1 6.12323e-17 0 -1 6.12323e-17 0 -1 6.12323e-17 0 -1 6.12323e-17 0 -1 6.12323e-17 0 -1 6.12323e-17 0 -1 6.12323e-17 0 -1 6.12323e-17 0 -1 6.12323e-17 0 -1 6.12323e-17 0 -1 6.12323e-17 0 -1 6.12323e-17 0 -1 6.12323e-17 0 -1 6.12323e-17 0 -1 6.12323e-17 0 -1 6.12323e-17 0 -1 6.12323e-17 0 -1 6.12323e-17 0 -1 6.12323e-17 0 -1 6.12323e-17 0 -1 6.12323e-17 0 -1 6.12323e-17 0 -1 6.12323e-17 0 -1 6.12323e-17 0 -1 6.12323e-17 0 -1 6.12323e-17 0 -1 6.12323e-17 0 -1 6.12323e-17 0 -1 6.12323e-17 0 -1 6.12323e-17 0 -1 6.12323e-17 0 -1 6.12323e-17 0 -1 6.12323e-17 0 -1 6.12323e-17 0 -1 6.12323e-17 0 -1 6.12323e-17 0 -1 6.12323e-17 0 -1 6.12323e-17 0 -1 6.12323e-17 0 -1 6.12323e-17 0 -1 6.12323e-17 0 -1 6.12323e-17 0 -1 6.12323e-17 0 -1 6.12323e-17 0 -1 6.12323e-17 0 -1 6.12323e-17 0 -1 6.12323e-17 0 -1 6.12323e-17 0 -1 6.12323e-17 0 -1 6.12323e-17 0 -1 6.12323e-17 0 -1 6.12323e-17 0 -1 6.12323e-17 0 -1 6.12323e-17 0 -1 6.12323e-17 0 -1 6.12323e-17 0 -1 6.12323e-17 0 -1 6.12323e-17 0 -1 6.12323e-17 0 -1 6.12323e-17 0 -1 6.12323e-17 0 -1 6.12323e-17 0 -1 6.12323e-17 0 -1 6.12323e-17 0 -1 6.12323e-17 0 -1 6.12323e-17 0 -1 6.12323e-17 0 -1 6.12323e-17 0 -1 6.12323e-17 0 -1 6.12323e-17 0 -1 6.12323e-17 0 -1 6.12323e-17 0 -1 6.12323e-17 0 -1 6.12323e-17 0 -1 6.12323e-17 0 -1 6.12323e-17 0 -1 6.12323e-17 0 -1 6.12323e-17 0 -1 6.12323e-17 0 -1 6.12323e-17 0 -1 6.12323e-17 0 -1 6.12323e-17 0 -1 6.12323e-17 0 -1 6.12323e-17 0 -1 6.12323e-17 0 -1 6.12323e-17 0 -1 6.12323e-17 0 -1 6.12323e-17 0 -1 6.12323e-17 0 -1 6.12323e-17 0 -1 6.12323e-17 0 -1 6.12323e-17 0 -1 6.12323e-17 0 -1 6.12323e-17 0 -1 6.12323e-17 0 -1 6.12323e-17 0 -1 6.12323e-17 0 -1 6.12323e-17 0 -1 6.12323e-17 0 -1 6.12323e-17 0 -1 6.12323e-17 0 -1 6.12323e-17 0 -1 6.12323e-17 0 -1 6.12323e-17 0 -1 6.12323e-17 0 -1 6.12323e-17 0 -1 6.12323e-17 0 -1 6.12323e-17 0 -1 6.12323e-17 0 -1 6.12323e-17 0 -1 6.12323e-17 0 -1 6.12323e-17 0 -1 6.12323e-17 0 -1 6.12323e-17 0 -1 6.12323e-17 0 -1 6.12323e-17 0 -1 6.12323e-17 0 -1 6.12323e-17 0 -1 6.12323e-17 0 -1 6.12323e-17 0 -1 6.12323e-17 0 -1 6.12323e-17 0 -1 6.12323e-17 0 -1 6.12323e-17 0 -1 6.12323e-17 0 -1 6.12323e-17 0 -1 6.12323e-17 0 -1 6.12323e-17 0 -1 6.12323e-17 0 -1 6.12323e-17 0 -1 6.12323e-17 0 -1 6.12323e-17 0 -1 6.12323e-17 0 -1 6.12323e-17 0 -1 6.12323e-17 0 -1 6.12323e-17 0 -1 6.12323e-17 0 -1 6.12323e-17 0 -1 6.12323e-17 0 -1 6.12323e-17 0 -1 6.12323e-17 0 -1 6.12323e-17 0 -1 6.12323e-17 0 -1 6.12323e-17 0 -1 6.12323e-17 0 -1 6.12323e-17 0 -1 6.12323e-17 0 -1 6.12323e-17 0 -1 6.12323e-17 0 -1 6.12323e-17 0 -1 6.12323e-17 0 -1 6.12323e-17 0 -1 6.12323e-17 0 -1 6.12323e-17 0 -1 6.12323e-17 0 -1 6.12323e-17 0 -1 6.12323e-17 0 -1 6.12323e-17 0 -1 6.12323e-17 0 -1 6.12323e-17 0 -1 6.12323e-17 0 -1 6.12323e-17 0 -1 6.12323e-17 0 -1 6.12323e-17 0 -1 6.12323e-17 0 -1 6.12323e-17 0 -1 6.12323e-17 0 -1 6.12323e-17 0 -1 6.12323e-17 0 -1 6.12323e-17 0 -1 6.12323e-17 0 -1 6.12323e-17 0 -1 6.12323e-17 0 -1 6.12323e-17 0 -1 6.12323e-17 0 -1 6.12323e-17 0 -1 6.12323e-17 0 -1 6.12323e-17 0 -1 6.12323e-17 0 -1 6.12323e-17 0 -1 6.12323e-17 0 -1 6.12323e-17 0 -1 6.12323e-17 0 -1 6.12323e-17 0 -1 6.12323e-17 0 -1 6.12323e-17 0 -1 6.12323e-17 0 -1 6.12323e-17 0 -1 6.12323e-17 0 -1 6.12323e-17 0 -1 6.12323e-17 0 -1 6.12323e-17 0 -1 6.12323e-17 0 -1 6.12323e-17 0 -1 6.12323e-17 0 -1 6.12323e-17 0 -1 6.12323e-17 0 -1 6.12323e-17 0 -1 6.12323e-17 0 -1 6.12323e-17 0 -1 6.12323e-17 0 -1 6.12323e-17 0 -1 6.12323e-17 0 -1 6.12323e-17 0 -1 6.12323e-17 0 -1 6.12323e-17 0 -1 6.12323e-17 0 -1 6.12323e-17 0 -1 6.12323e-17 0 -1 6.12323e-17 0 -1 6.12323e-17 0 -1 6.12323e-17 0 -1 6.12323e-17 0 -1 6.12323e-17 0 -1 6.12323e-17 0 -1 6.12323e-17 0 -1 6.12323e-17 0 -1 6.12323e-17 0 -1 6.12323e-17 0 -1 6.12323e-17 0 -1 6.12323e-17 0 -1 6.12323e-17 0 -1 6.12323e-17 0 -1 6.12323e-17 0 -1 6.12323e-17 0 -1 6.12323e-17 0 -1 6.12323e-17 0 -1 6.12323e-17 0 -1 6.12323e-17 0 -1 6.12323e-17 0 -1 6.12323e-17 0 -1 6.12323e-17 0 -1 6.12323e-17 0 -1 6.12323e-17 0 -1 6.12323e-17 0 -1 6.12323e-17 0 -1 6.12323e-17 0 -1 6.12323e-17 0 -1 6.12323e-17 0 -1 6.12323e-17 0 -1 6.12323e-17 0 -1 6.12323e-17 0 -1 6.12323e-17 0 -1 6.12323e-17 0 -1 6.12323e-17 0 -1 6.12323e-17 0 -1 6.12323e-17 0 -1 6.12323e-17 0 -1 6.12323e-17 0 -1 6.12323e-17 0 -1 6.12323e-17 0 -1 6.12323e-17 0 -1 6.12323e-17 0 -1 6.12323e-17 0 -1 6.12323e-17 0 -1 6.12323e-17 0 -1 6.12323e-17 0 -1 6.12323e-17 0 -1 6.12323e-17 0 -1 6.12323e-17 0 -1 6.12323e-17 0 -1 6.12323e-17 0 -1 6.12323e-17 0 -1 6.12323e-17 0 -1 6.12323e-17 0 -1 6.12323e-17 0 -1 6.12323e-17 0 -1 6.12323e-17 0 -1 6.12323e-17 0 -1 6.12323e-17 0 -1 6.12323e-17 0 -1 6.12323e-17 0 -1 6.12323e-17 0 -1 6.12323e-17 0 -1 6.12323e-17 0 -1 6.12323e-17 0 -1 6.12323e-17 0 -1 6.12323e-17 0 -1 6.12323e-17 0 -1 6.12323e-17 0 -1 6.12323e-17 0 -1 6.12323e-17 0 -1 6.12323e-17 0 -1 6.12323e-17 0 -1 6.12323e-17 0 -1 6.12323e-17 0 -1 6.12323e-17 0 -1 6.12323e-17 0 -1 6.12323e-17 0 -1 6.12323e-17 0 -1 6.12323e-17 0 -1 6.12323e-17 0 -1 6.12323e-17 0 -1 6.12323e-17 0 -1 6.12323e-17 0 -1 6.12323e-17 0 -1 6.12323e-17 0 -1 6.12323e-17 0 -1 6.12323e-17 0 -1 6.12323e-17 0 -1 6.12323e-17 0 -1 6.12323e-17 0 -1 6.12323e-17 0 -1 6.12323e-17 0 -1 6.12323e-17 0 -1 6.12323e-17 0 -1 6.12323e-17 0 -1 6.12323e-17 0 -1 6.12323e-17 0 -1 6.12323e-17 0 -1 6.12323e-17 0 -1 6.12323e-17 0 -1 6.12323e-17 0 -1 6.12323e-17 0 -1 6.12323e-17 0 -1 6.12323e-17 0 -1 6.12323e-17 0 -1 6.12323e-17 0 -1 6.12323e-17 0 -1 6.12323e-17 0 -1 6.12323e-17 0 -1 6.12323e-17 0 -1 6.12323e-17 0 -1 6.12323e-17 0 -1 6.12323e-17 0 -1 6.12323e-17 0 -1 6.12323e-17 0 -1 6.12323e-17 0 -1 6.12323e-17 0 -1 6.12323e-17 0 -1 6.12323e-17 0 -1 6.12323e-17 0 -1 6.12323e-17 0 -1 6.12323e-17 0 -1 6.12323e-17 0 -1 6.12323e-17 0 -1 6.12323e-17 0 -1 6.12323e-17 0 -1 6.12323e-17 0 -1 6.12323e-17 0 -1 6.12323e-17 0 -1 6.12323e-17 0 -1 6.12323e-17 0 -1 6.12323e-17 0 -1 6.12323e-17 0 -1 6.12323e-17 0 -1 6.12323e-17 0 -1 6.12323e-17 0 -1 6.12323e-17 0 -1 6.12323e-17 0 -1 6.12323e-17 0 -1 6.12323e-17 0 -1 6.12323e-17 0 -1 6.12323e-17 0 -1 6.12323e-17 0 -1 6.12323e-17 0 -1 6.12323e-17 0 -1 6.12323e-17 0 -1 6.12323e-17 0 -1 6.12323e-17 0 -1 6.12323e-17 0 -1 6.12323e-17 0 -1 6.12323e-17 0 -1 6.12323e-17 0 -1 6.12323e-17 0 -1 6.12323e-17 0 -1 6.12323e-17 0 -1 6.12323e-17 0 -1 6.12323e-17 0 -1 6.12323e-17 0 -1 6.12323e-17 0 -1 6.12323e-17 0 -1 6.12323e-17 0 -1 6.12323e-17 0 -1 6.12323e-17 0 -1 6.12323e-17 0 -1 6.12323e-17 0 -1 6.12323e-17 0 -1 6.12323e-17 0 -1 6.12323e-17 0 -1 6.12323e-17 0 -1 6.12323e-17 0 -1 6.12323e-17 0 -1 6.12323e-17 0 -1 6.12323e-17 0 -1 6.12323e-17 0 -1 6.12323e-17 0 -1 6.12323e-17 0 -1 6.12323e-17 0 -1 6.12323e-17 0 -1 6.12323e-17 0 -1 6.12323e-17 0 -1 6.12323e-17 0 -1 6.12323e-17 0 -1 6.12323e-17 0 -1 6.12323e-17 0 -1 6.12323e-17 0 -1 6.12323e-17 0 -1 6.12323e-17 0 -1 6.12323e-17 0 -1 6.12323e-17 0 -1 6.12323e-17 0 -1 6.12323e-17 0 -1 6.12323e-17 0 -1 6.12323e-17 0 -1 6.12323e-17 0 -1 6.12323e-17 0 -1 6.12323e-17 0 -1 6.12323e-17 0 -1 6.12323e-17 0 -1 6.12323e-17 0 -1 6.12323e-17 0 -1 6.12323e-17 0 -1 6.12323e-17 0 -1 6.12323e-17 0 -1 6.12323e-17 0 -1 6.12323e-17 0 -1 6.12323e-17 0 -1 6.12323e-17 0 -1 6.12323e-17 0 -1 6.12323e-17 0 -1 6.12323e-17 0 -1 6.12323e-17 0 -1 6.12323e-17 0 -1 6.12323e-17 0 -1 6.12323e-17 0 -1 6.12323e-17 0 -1 6.12323e-17 0 -1 6.12323e-17 0 -1 6.12323e-17 0 -1 6.12323e-17 0 -1 6.12323e-17 0 -1 6.12323e-17 0 -1 6.12323e-17 0 -1 6.12323e-17 0 -1 6.12323e-17 0 -1 6.12323e-17 0 -1 6.12323e-17 0 -1 6.12323e-17 0 -1 6.12323e-17 0 -1 6.12323e-17 0 -1 6.12323e-17 0 -1 6.12323e-17 0 -1 6.12323e-17 0 -1 6.12323e-17 0 -1 6.12323e-17 0 -1 6.12323e-17 0 -1 6.12323e-17 0 -1 6.12323e-17 0 -1 6.12323e-17 0 -1 6.12323e-17 0 -1 6.12323e-17 0 -1 6.12323e-17 0 -1 6.12323e-17 0 -1 6.12323e-17 0 -1 6.12323e-17 0 -1 6.12323e-17 0 -1 6.12323e-17 0 -1 6.12323e-17 0 -1 6.12323e-17 0 -1 6.12323e-17 0 -1 6.12323e-17 0 -1 6.12323e-17 0 -1 6.12323e-17 0 -1 6.12323e-17 0 -1 6.12323e-17 0 -1 6.12323e-17 0 -1 6.12323e-17 0 -1 6.12323e-17 0 -1 6.12323e-17 0 -1 6.12323e-17 0 -1 6.12323e-17 0 -1 6.12323e-17 0 -1 6.12323e-17 0 -1 6.12323e-17 0 -1 6.12323e-17 0 -1 6.12323e-17 0 -1 6.12323e-17 0 -1 6.12323e-17 0 -1 6.12323e-17 0 -1 6.12323e-17 0 -1 6.12323e-17 0 -1 6.12323e-17 0 -1 6.12323e-17 0 -1 6.12323e-17 0 -1 6.12323e-17 0 -1 6.12323e-17 0 -1 6.12323e-17 0 -1 6.12323e-17 0 -1 6.12323e-17 0 -1 6.12323e-17 0 -1 6.12323e-17 0 -1 6.12323e-17 0 -1 6.12323e-17 0 -1 6.12323e-17 0 -1 6.12323e-17 0 -1 6.12323e-17 0 -1 6.12323e-17 0 -1 6.12323e-17 0 -1 6.12323e-17 0 -1 6.12323e-17 0 -1 6.12323e-17 0 -1 6.12323e-17 0 -1 6.12323e-17 0 -1 6.12323e-17 0 -1 6.12323e-17 0 -1 6.12323e-17 0 -1 6.12323e-17 0 -1 6.12323e-17 0 -1 6.12323e-17 0 -1 6.12323e-17 0 -1 6.12323e-17 0 -1 6.12323e-17 0 -1 6.12323e-17 0 -1 6.12323e-17 0 -1 6.12323e-17 0 -1 6.12323e-17 0 -1 6.12323e-17 0 -1 6.12323e-17 0 -1 6.12323e-17 0 -1 6.12323e-17 0 -1 6.12323e-17 0 -1 6.12323e-17 0 -1 6.12323e-17 0 -1 6.12323e-17 0 -1 6.12323e-17 0 -1 6.12323e-17 0 -1 6.12323e-17 0 -1 6.12323e-17 0 -1 6.12323e-17 0 -1 6.12323e-17 0 -1 6.12323e-17 0 -1 6.12323e-17 0 -1 6.12323e-17 0 -1 6.12323e-17 0 -1 6.12323e-17 0 -1 6.12323e-17 0 -1 6.12323e-17 0 -1 6.12323e-17 0 -1 6.12323e-17 0 -1 6.12323e-17 0 -1 6.12323e-17 0 -1 6.12323e-17 0 -1 6.12323e-17 0 -1 6.12323e-17 0 -1 6.12323e-17 0 -1 6.12323e-17 0 -1 6.12323e-17 0 -1 6.12323e-17 0 -1 6.12323e-17 0 -1 6.12323e-17 0 -1 6.12323e-17 0 -1 6.12323e-17 0 -1 6.12323e-17 0 -1 6.12323e-17 0 -1 6.12323e-17 0 -1 6.12323e-17 0 -1 6.12323e-17 0 -1 6.12323e-17 0 -1 6.12323e-17 0 -1 6.12323e-17 0 -1 6.12323e-17 0 -1 6.12323e-17 0 -1 6.12323e-17 0 -1 6.12323e-17 0 -1 6.12323e-17 0 -1 6.12323e-17 0 -1 6.12323e-17 0 -1 6.12323e-17 0 -1 6.12323e-17 0 -1 6.12323e-17 0 -1 6.12323e-17 0 -1 6.12323e-17 0 -1 6.12323e-17 0 -1 6.12323e-17 0 -1 6.12323e-17 0 -1 6.12323e-17 0 -1 6.12323e-17 0 -1 6.12323e-17 0 -1 6.12323e-17 0 -1 6.12323e-17 0 -1 6.12323e-17 0 -1 6.12323e-17 0 -1 6.12323e-17 0 -1 6.12323e-17 0 -1 6.12323e-17 0 -1 6.12323e-17 0 -1 6.12323e-17 0 -1 6.12323e-17 0 -1 6.12323e-17 0 -1 6.12323e-17 0 -1 6.12323e-17 0 -1 6.12323e-17 0 -1 6.12323e-17 0 -1 6.12323e-17 0 -1 6.12323e-17 0 -1 6.12323e-17 0 -1 6.12323e-17 0 -1 6.12323e-17 0 -1 6.12323e-17 0 -1 6.12323e-17 0 -1 6.12323e-17 0 -1 6.12323e-17 0 -1 6.12323e-17 0 -1 6.12323e-17 0 -1 6.12323e-17 0 -1 6.12323e-17 0 -1 6.12323e-17 0 -1 6.12323e-17 0 -1 6.12323e-17 0 -1 6.12323e-17 0 -1 6.12323e-17 0 -1 6.12323e-17 0 -1 6.12323e-17 0 -1 6.12323e-17 0 -1 6.12323e-17 0 -1 6.12323e-17 0 -1 6.12323e-17 0 -1 6.12323e-17 0 -1 6.12323e-17 0 -1 6.12323e-17 0 -1 6.12323e-17 0 -1 6.12323e-17 0 -1 6.12323e-17 0 -1 6.12323e-17 0 -1 6.12323e-17 0 -1 6.12323e-17 0 -1 6.12323e-17 0 -1 6.12323e-17 0 -1 6.12323e-17 0 -1 6.12323e-17 0 -1 6.12323e-17 0 -1 6.12323e-17 0 -1 6.12323e-17 0 -1 6.12323e-17 0 -1 6.12323e-17 0 -1 6.12323e-17 0 -1 6.12323e-17 0 -1 6.12323e-17 0 -1 6.12323e-17 0 -1 6.12323e-17 0 -1 6.12323e-17 0 -1 6.12323e-17 0 -1 6.12323e-17 0 -1 6.12323e-17 0 -1 6.12323e-17 0 -1 6.12323e-17 0 -1 6.12323e-17 0 -1 6.12323e-17 0 -1 6.12323e-17 0 -1 6.12323e-17 0 -1 6.12323e-17 0 -1 6.12323e-17 0 -1 6.12323e-17 0 -1 6.12323e-17 0 -1 6.12323e-17 0 -1 6.12323e-17 0 -1 6.12323e-17 0 -1 6.12323e-17 0 -1 6.12323e-17 0 -1 6.12323e-17 0 -1 6.12323e-17 0 -1 6.12323e-17 0 -1 6.12323e-17 0 -1 6.12323e-17 0 -1 6.12323e-17 0 -1 6.12323e-17 0 -1 6.12323e-17 0 -1 6.12323e-17 0 -1 6.12323e-17 0 -1 6.12323e-17 0 -1 6.12323e-17 0 -1 6.12323e-17 0 -1 6.12323e-17 0 -1 6.12323e-17 0 -1 6.12323e-17 0 -1 6.12323e-17 0 -1 6.12323e-17 0 -1 6.12323e-17 0 -1 6.12323e-17 0 -1 6.12323e-17 0 -1 6.12323e-17 0 -1 6.12323e-17 0 -1 6.12323e-17 0 -1 6.12323e-17 0 -1 6.12323e-17 0 -1 6.12323e-17 0 -1 6.12323e-17 0 -1 6.12323e-17 0 -1 6.12323e-17 0 -1 6.12323e-17 0 -1 6.12323e-17 0 -1 6.12323e-17 0 -1 6.12323e-17 0 -1 6.12323e-17 0 -1 6.12323e-17 0 -1 6.12323e-17 0 -1 6.12323e-17 0 -1 6.12323e-17 0 -1 6.12323e-17 0 -1 6.12323e-17 0 -1 6.12323e-17 0 -1 6.12323e-17 0 -1 6.12323e-17 0 -1 6.12323e-17 0 -1 6.12323e-17 0 -1 6.12323e-17 0 -1 6.12323e-17 0 -1 6.12323e-17 0 -1 6.12323e-17 0 -1 6.12323e-17 0 -1 6.12323e-17 0 -1 6.12323e-17 0 -1 6.12323e-17 0 -1 6.12323e-17 0 -1 6.12323e-17 0 -1 6.12323e-17 0 -1 6.12323e-17 0 -1 6.12323e-17 0 -1 6.12323e-17 0 -1 6.12323e-17 0 -1 6.12323e-17 0 -1 6.12323e-17 0 -1 6.12323e-17 0 -1 6.12323e-17 0 -1 6.12323e-17 0 -1 6.12323e-17 0 -1 6.12323e-17 0 -1 6.12323e-17 0 -1 6.12323e-17 0 -1 6.12323e-17 0 -1 6.12323e-17 0 -1 6.12323e-17 0 -1 6.12323e-17 0 -1 6.12323e-17 0 -1 6.12323e-17 0 -1 6.12323e-17 0 -1 6.12323e-17 0 -1 6.12323e-17 0 -1 6.12323e-17 0 -1 6.12323e-17 0 -1 6.12323e-17 0 -1 6.12323e-17 0 -1 6.12323e-17 0 -1 6.12323e-17 0 -1 6.12323e-17 0 -1 6.12323e-17 0 -1 6.12323e-17 0 -1 6.12323e-17 0 -1 6.12323e-17 0 -1 6.12323e-17 0 -1 6.12323e-17 0 -1 6.12323e-17 0 -1 6.12323e-17 0 -1 6.12323e-17 0 -1 6.12323e-17 0 -1 6.12323e-17 0 -1 6.12323e-17 0 -1 6.12323e-17 0 -1 6.12323e-17 0 -1 6.12323e-17 0 -1 6.12323e-17 0 -1 6.12323e-17 0 -1 6.12323e-17 0 -1 6.12323e-17 0 -1 6.12323e-17 0 -1 6.12323e-17 0 -1 6.12323e-17 0 -1 6.12323e-17 0 -1 6.12323e-17 0 -1 6.12323e-17 0 -1 6.12323e-17 0 -1 6.12323e-17 0 -1 6.12323e-17 0 -1 6.12323e-17 0 -1 6.12323e-17 0 -1 6.12323e-17 0 -1 6.12323e-17 0 -1 6.12323e-17 0 -1 6.12323e-17 0 -1 6.12323e-17 0 -1 6.12323e-17 0 -1 6.12323e-17 0 -1 6.12323e-17 0 -1 6.12323e-17 0 -1 6.12323e-17 0 -1 6.12323e-17 0 -1 6.12323e-17 0 -1 6.12323e-17 0 -1 6.12323e-17 0 -1 6.12323e-17 0 -1 6.12323e-17 0 -1 6.12323e-17 0 -1 6.12323e-17 0 -1 6.12323e-17 0 -1 6.12323e-17 0 -1 6.12323e-17 0 -1 6.12323e-17 0 -1 6.12323e-17 0 -1 6.12323e-17 0 -1 6.12323e-17 0 -1 6.12323e-17 0 -1 6.12323e-17 0 -1 6.12323e-17 0 -1 6.12323e-17 0 -1 6.12323e-17 0 -1 6.12323e-17 0 -1 6.12323e-17 0 -1 6.12323e-17 0 -1 6.12323e-17 0 -1 6.12323e-17 0 -1 6.12323e-17 0 -1 6.12323e-17 0 -1 6.12323e-17 0 -1 6.12323e-17 0 -1 6.12323e-17 0 -1 6.12323e-17 0 -1 6.12323e-17 0 -1 6.12323e-17 0 -1 6.12323e-17 0 -1 6.12323e-17 0 -1 6.12323e-17 0 -1 6.12323e-17 0 -1 6.12323e-17 0 -1 6.12323e-17 0 -1 6.12323e-17 0 -1 6.12323e-17 0 -1 6.12323e-17 0 -1 6.12323e-17 0 -1 6.12323e-17 0 -1 6.12323e-17 0 -1 6.12323e-17 0 -1 6.12323e-17 0 -1 6.12323e-17 0 -1 6.12323e-17 0 -1 6.12323e-17 0 -1 6.12323e-17 0 -1 6.12323e-17 0 -1 6.12323e-17 0 -1 6.12323e-17 0 -1 6.12323e-17 0 -1 6.12323e-17 0 -1 6.12323e-17 0 -1 6.12323e-17 0 -1 6.12323e-17 0 -1 6.12323e-17 0 -1 6.12323e-17 0 -1 6.12323e-17 0 -1 6.12323e-17 0 -1 6.12323e-17 0 -1 6.12323e-17 0 -1 6.12323e-17 0 -1 6.12323e-17 0 -1 6.12323e-17 0 -1 6.12323e-17 0 -1 6.12323e-17 0 -1 6.12323e-17 0 -1 6.12323e-17 0 -1 6.12323e-17 0 -1 6.12323e-17 0 -1 6.12323e-17 0 -1 6.12323e-17 0 -1 6.12323e-17 0 -1 6.12323e-17 0 -1 6.12323e-17 0 -1 6.12323e-17 0 -1 6.12323e-17 0 -1 6.12323e-17 0 -1 6.12323e-17 0 -1 6.12323e-17 0 -1 6.12323e-17 0 -1 6.12323e-17 0 -1 6.12323e-17 0 -1 6.12323e-17 0 -1 6.12323e-17 0 -1 6.12323e-17 0 -1 6.12323e-17 0 -1 6.12323e-17 0 -1 6.12323e-17 0 -1 6.12323e-17 0 -1 6.12323e-17 0 -1 6.12323e-17 0 -1 6.12323e-17 0 -1 6.12323e-17 0 -1 6.12323e-17 0 -1 6.12323e-17 0 -1 6.12323e-17 0 -1 6.12323e-17 0 -1 6.12323e-17 0 -1 6.12323e-17 0 -1 6.12323e-17 0 -1 6.12323e-17 0 -1 6.12323e-17 0 -1 6.12323e-17 0 -1 6.12323e-17 0 -1 6.12323e-17 0 -1 6.12323e-17 0 -1 6.12323e-17 0 -1 6.12323e-17 0 -1 6.12323e-17 0 -1 6.12323e-17 0 -1 6.12323e-17 0 -1 6.12323e-17 0 -1 6.12323e-17 0 -1 6.12323e-17 0 -1 6.12323e-17 0 -1 6.12323e-17 0 -1 6.12323e-17 0 -1 6.12323e-17 0 -1 6.12323e-17 0 -1 6.12323e-17 0 -1 6.12323e-17 0 -1 6.12323e-17 0 -1 6.12323e-17 0 -1 6.12323e-17 0 -1 6.12323e-17 0 -1 6.12323e-17 0 -1 6.12323e-17 0 -1 6.12323e-17 0 -1 6.12323e-17 0 -1 6.12323e-17 0 -1 6.12323e-17 0 -1 6.12323e-17 0 -1 6.12323e-17 0 -1 6.12323e-17 0 -1 6.12323e-17 0 -1 6.12323e-17 0 -1 6.12323e-17 0 -1 6.12323e-17 0 -1 6.12323e-17 0 -1 6.12323e-17 0 -1 6.12323e-17 0 -1 6.12323e-17 0 -1 6.12323e-17 0 -1 6.12323e-17 0 -1 6.12323e-17 0 -1 6.12323e-17 0 -1 6.12323e-17 0 -1 6.12323e-17 0 -1 6.12323e-17 0 -1 6.12323e-17 0 -1 6.12323e-17 0 -1 6.12323e-17 0 -1 6.12323e-17 0 -1 6.12323e-17 0 -1 6.12323e-17 0 -1 6.12323e-17 0 -1 6.12323e-17 0 -1 6.12323e-17 0 -1 6.12323e-17 0 -1 6.12323e-17 0 -1 6.12323e-17 0 -1 6.12323e-17 0 -1 6.12323e-17 0 -1 6.12323e-17 0 -1 6.12323e-17 0 -1 6.12323e-17 0 -1 6.12323e-17 0 -1 6.12323e-17 0 -1 6.12323e-17 0 -1 6.12323e-17 0 -1 6.12323e-17 0 -1 6.12323e-17 0 -1 6.12323e-17 0 -1 6.12323e-17 0 -1 6.12323e-17 0 -1 6.12323e-17 0 -1 6.12323e-17 0 -1 6.12323e-17 0 -1 6.12323e-17 0 -1 6.12323e-17 0 -1 6.12323e-17 0 -1 6.12323e-17 0 -1 6.12323e-17 0 -1 6.12323e-17 0 -1 6.12323e-17 0 -1 6.12323e-17 0 -1 6.12323e-17 0 -1 6.12323e-17 0 -1 6.12323e-17 0 -1 6.12323e-17 0 -1 6.12323e-17 0 -1 6.12323e-17 0 -1 6.12323e-17 0 -1 6.12323e-17 0 -1 6.12323e-17 0 -1 6.12323e-17 0 -1 6.12323e-17 0 -1 6.12323e-17 0 -1 6.12323e-17 0 -1 6.12323e-17 0 -1 6.12323e-17 0 -1 6.12323e-17 0 -1 6.12323e-17 0 -1 6.12323e-17 0 -1 6.12323e-17 0 -1 6.12323e-17 0 -1 6.12323e-17 0 -1 6.12323e-17 0 -1 6.12323e-17 0 -1 6.12323e-17 0 -1 6.12323e-17 0 -1 6.12323e-17 0 -1 6.12323e-17 0 -1 6.12323e-17 0 -1 6.12323e-17 0 -1 6.12323e-17 0 -1 6.12323e-17 0 -1 6.12323e-17 0 -1 6.12323e-17 0 -1 6.12323e-17 0 -1 6.12323e-17 0 -1 6.12323e-17 0 -1 6.12323e-17 0 -1 6.12323e-17 0 -1 6.12323e-17 0 -1 6.12323e-17 0 -1 6.12323e-17 0 -1 6.12323e-17 0 -1 6.12323e-17 0 -1 6.12323e-17 0 -1 6.12323e-17 0 -1 6.12323e-17 0 -1 6.12323e-17 0 -1 6.12323e-17 0 -1 6.12323e-17 0 -1 6.12323e-17 0 -1 6.12323e-17 0 -1 6.12323e-17 0 -1 6.12323e-17 0 -1 6.12323e-17 0 -1 6.12323e-17 0 -1 6.12323e-17 0 -1 6.12323e-17 0 -1 6.12323e-17 0 -1 6.12323e-17 0 -1 6.12323e-17 0 -1 6.12323e-17 0 -1 6.12323e-17 0 -1 6.12323e-17 0 -1 6.12323e-17 0 -1 6.12323e-17 0 -1 6.12323e-17 0 -1 6.12323e-17 0 -1 6.12323e-17 0 -1 6.12323e-17 0 -1 6.12323e-17 0 -1 6.12323e-17 0 -1 6.12323e-17 0 -1 6.12323e-17 0 -1 6.12323e-17 0 -1 6.12323e-17 0 -1 6.12323e-17 0 -1 6.12323e-17 0 -1 6.12323e-17 0 -1 6.12323e-17 0 -1 6.12323e-17 0 -1 6.12323e-17 0 -1 6.12323e-17 0 -1 6.12323e-17 0 -1 6.12323e-17 0 -1 6.12323e-17 0 -1 6.12323e-17 0 -1 6.12323e-17 0 -1 6.12323e-17 0 -1 6.12323e-17 0 -1 6.12323e-17 0 -1 6.12323e-17 0 -1 6.12323e-17 0 -1 6.12323e-17 0 -1 6.12323e-17 0 -1 6.12323e-17 0 -1 6.12323e-17 0 -1 6.12323e-17 0 -1 6.12323e-17 0 -1 6.12323e-17 0 -1 6.12323e-17 0 -1 6.12323e-17 0 -1 6.12323e-17 0 -1 6.12323e-17 0 -1 6.12323e-17 0 -1 6.12323e-17 0 -1 6.12323e-17 0 -1 6.12323e-17 0 -1 6.12323e-17 0 -1 6.12323e-17 0 -1 6.12323e-17 0 -1 6.12323e-17 0 -1 6.12323e-17 0 -1 6.12323e-17 0 -1 6.12323e-17 0 -1 6.12323e-17 0 -1 6.12323e-17 0 -1 6.12323e-17 0 -1 6.12323e-17 0 -1 6.12323e-17 0 -1 6.12323e-17 0 -1 6.12323e-17 0 -1 6.12323e-17 0 -1 6.12323e-17 0 -1 6.12323e-17 0 -1 6.12323e-17 0 -1 6.12323e-17 0 -1 6.12323e-17 0 -1 6.12323e-17 0 -1 6.12323e-17 0 -1 6.12323e-17 0 -1 6.12323e-17 0 -1 6.12323e-17 0 -1 6.12323e-17 0 -1 6.12323e-17 0 -1 6.12323e-17 0 -1 6.12323e-17 0 -1 6.12323e-17 0 -1 6.12323e-17 0 -1 6.12323e-17 0 -1 6.12323e-17 0 -1 6.12323e-17 0 -1 6.12323e-17 0 -1 6.12323e-17 0 -1 6.12323e-17 0 -1 6.12323e-17 0 -1 6.12323e-17 0 -1 6.12323e-17 0 -1 6.12323e-17 0 -1 6.12323e-17 0 -1 6.12323e-17 0 -1 6.12323e-17 0 -1 6.12323e-17 0 -1 6.12323e-17 0 -1 6.12323e-17 0 -1 6.12323e-17 0 -1 6.12323e-17 0 -1 6.12323e-17 0 -1 6.12323e-17 0 -1 6.12323e-17 0 -1 6.12323e-17 0 -1 6.12323e-17 0 -1 6.12323e-17 0 -1 6.12323e-17 0 -1 6.12323e-17 0 -1 6.12323e-17 0 -1 6.12323e-17 0 -1 6.12323e-17 0 -1 6.12323e-17 0 -1 6.12323e-17 0 -1 6.12323e-17 0 -1 6.12323e-17 0 -1 6.12323e-17 0 -1 6.12323e-17 0 -1 6.12323e-17 0 -1 6.12323e-17 0 -1 6.12323e-17 0 -1 6.12323e-17 0 -1 6.12323e-17 0 -1 6.12323e-17 0 -1 6.12323e-17 0 -1 6.12323e-17 0 -1 6.12323e-17 0 -1 6.12323e-17 0 -1 6.12323e-17 0 -1 6.12323e-17 0 -1 6.12323e-17 0 -1 6.12323e-17 0 -1 6.12323e-17 0 -1 6.12323e-17 0 -1 6.12323e-17 0 -1 6.12323e-17 0 -1 6.12323e-17 0 -1 6.12323e-17 0 -1 6.12323e-17 0 -1 6.12323e-17 0 -1 6.12323e-17 0 -1 6.12323e-17 0 -1 6.12323e-17 0 -1 6.12323e-17 0 -1 6.12323e-17 0 -1 6.12323e-17 0 -1 6.12323e-17 0 -1 6.12323e-17 0 -1 6.12323e-17 0 -1 6.12323e-17 0 -1 6.12323e-17 0 -1 6.12323e-17 0 -1 6.12323e-17 0 -1 6.12323e-17 0 -1 6.12323e-17 0 -1 6.12323e-17 0 -1 6.12323e-17 0 -1 6.12323e-17 0 -1 6.12323e-17 0 -1 6.12323e-17 0 -1 6.12323e-17 0 -1 6.12323e-17 0 -1 6.12323e-17 0 -1 6.12323e-17 0 -1 6.12323e-17 0 -1 6.12323e-17 0 -1 6.12323e-17 0 -1 6.12323e-17 0 -1 6.12323e-17 0 -1 6.12323e-17 0 -1 6.12323e-17 0 -1 6.12323e-17 0 -1 6.12323e-17 0 -1 6.12323e-17 0 -1 6.12323e-17 0 -1 6.12323e-17 0 -1 6.12323e-17 0 -1 6.12323e-17 0 -1 6.12323e-17 0 -1 6.12323e-17 0 -1 6.12323e-17 0 -1 6.12323e-17 0 -1 6.12323e-17 0 -1 6.12323e-17 0 -1 6.12323e-17 0 -1 6.12323e-17 0 -1 6.12323e-17 0 -1 6.12323e-17 0 -1 6.12323e-17 0 -1 6.12323e-17 0 -1 6.12323e-17 0 -1 6.12323e-17 0 -1 6.12323e-17 0 -1 6.12323e-17 0 -1 6.12323e-17 0 -1 6.12323e-17 0 -1 6.12323e-17 0 -1 6.12323e-17 0 -1 6.12323e-17 0 -1 6.12323e-17 0 -1 6.12323e-17 0 -1 6.12323e-17 0 -1 6.12323e-17 0 -1 6.12323e-17 0 -1 6.12323e-17 0 -1 6.12323e-17 0 -1 6.12323e-17 0 -1 6.12323e-17 0 -1 6.12323e-17 0 -1 6.12323e-17 0 -1 6.12323e-17 0 -1 6.12323e-17 0 -1 6.12323e-17 0 -1 6.12323e-17 0 -1 6.12323e-17 0 -1 6.12323e-17 0 -1 6.12323e-17 0 -1 6.12323e-17 0 -1 6.12323e-17 0 -1 6.12323e-17 0 -1 6.12323e-17 0 -1 6.12323e-17 0 -1 6.12323e-17 0 -1 6.12323e-17 0 -1 6.12323e-17 0 -1 6.12323e-17 0 -1 6.12323e-17 0 -1 6.12323e-17 0 -1 6.12323e-17 0 -1 6.12323e-17 0 -1 6.12323e-17 0 -1 6.12323e-17 0 -1 6.12323e-17 0 -1 6.12323e-17 0 -1 6.12323e-17 0 -1 6.12323e-17 0 -1 6.12323e-17 0 -1 6.12323e-17 0 -1 6.12323e-17 0 -1 6.12323e-17 0 -1 6.12323e-17 0 -1 6.12323e-17 0 -1 6.12323e-17 0 -1 6.12323e-17 0 -1 6.12323e-17 0 -1 6.12323e-17 0 -1 6.12323e-17 0 -1 6.12323e-17 0 -1 6.12323e-17 0 -1 6.12323e-17 0 -1 6.12323e-17 0 -1 6.12323e-17 0 -1 6.12323e-17 0 -1 6.12323e-17 0 -1 6.12323e-17 0 -1 6.12323e-17 0 -1 6.12323e-17 0 -1 6.12323e-17 0 -1 6.12323e-17 0 -1 6.12323e-17 0 -1 6.12323e-17 0 -1 6.12323e-17 0 -1 6.12323e-17 0 -1 6.12323e-17 0 -1 6.12323e-17 0 -1 6.12323e-17 0 -1 6.12323e-17 0 -1 6.12323e-17 0 -1 6.12323e-17 0 -1 6.12323e-17 0 -1 6.12323e-17 0 -1 6.12323e-17 0 -1 6.12323e-17 0 -1 6.12323e-17 0 -1 6.12323e-17 0 -1 6.12323e-17 0 -1 6.12323e-17 0 -1 6.12323e-17 0 -1 6.12323e-17 0 -1 6.12323e-17 0 -1 6.12323e-17 0 -1 6.12323e-17 0 -1 6.12323e-17 0 -1 6.12323e-17 0 -1 6.12323e-17 0 -1 6.12323e-17 0 -1 6.12323e-17 0 -1 6.12323e-17 0 -1 6.12323e-17 0 -1 6.12323e-17 0 -1 6.12323e-17 0 -1 6.12323e-17 0 -1 6.12323e-17 0 -1 6.12323e-17 0 -1 6.12323e-17 0 -1 6.12323e-17 0 -1 6.12323e-17 0 -1 6.12323e-17 0 -1 6.12323e-17 0 -1 6.12323e-17 0 -1 6.12323e-17 0 -1 6.12323e-17 0 -1 6.12323e-17 0 -1 6.12323e-17 0 -1 6.12323e-17 0 -1 6.12323e-17 0 -1 6.12323e-17 0 -1 6.12323e-17 0 -1 6.12323e-17 0 -1 6.12323e-17 0 -1 6.12323e-17 0 -1 6.12323e-17 0 -1 6.12323e-17 0 -1 6.12323e-17 0 -1 6.12323e-17 0 -1 6.12323e-17 0 -1 6.12323e-17 0 -1 6.12323e-17 0 -1 6.12323e-17 0 -1 6.12323e-17 0 -1 6.12323e-17 0 -1 6.12323e-17 0 -1 6.12323e-17 0 -1 6.12323e-17 0 -1 6.12323e-17 0 -1 6.12323e-17 0 -1 6.12323e-17 0 -1 6.12323e-17 0 -1 6.12323e-17 0 -1 6.12323e-17 0 -1 6.12323e-17 0 -1 6.12323e-17 0 -1 6.12323e-17 0 -1 6.12323e-17 0 -1 6.12323e-17 0 -1 6.12323e-17 0 -1 6.12323e-17 0 -1 6.12323e-17 0 -1 6.12323e-17 0 -1 6.12323e-17 0 -1 6.12323e-17 0 -1 6.12323e-17 0 -1 6.12323e-17 0 -1 6.12323e-17 0 -1 6.12323e-17 0 0 0 -1 0 0 -1 0 0 -1 0 0 -1 -3.1326e-17 -0.511593 -0.859228 -2.31163e-17 -0.377518 -0.926002 -3.1326e-17 -0.511593 -0.859228 -2.31163e-17 -0.377518 -0.926002 -1.43879e-17 -0.234972 -0.972002 -5.33674e-18 -0.0871556 -0.996195 -1.43879e-17 -0.234972 -0.972002 -5.33674e-18 -0.0871556 -0.996195 -3.8833e-17 -0.634191 -0.773177 -3.8833e-17 -0.634191 -0.773177 -4.54687e-17 -0.742561 -0.669779 -4.54687e-17 -0.742561 -0.669779 -5.10844e-17 -0.834271 -0.551355 -5.10844e-17 -0.834271 -0.551355 -5.55539e-17 -0.907264 -0.420561 -5.55539e-17 -0.907264 -0.420561 -5.33675e-18 -0.0871557 -0.996195 -5.33675e-18 -0.0871557 -0.996195 -5.33675e-18 -0.0871557 -0.996195 -5.33675e-18 -0.0871557 -0.996195 5.78963e-17 0.945519 -0.325568 5.78963e-17 0.945519 -0.325568 6.03926e-17 0.986286 -0.165048 6.12323e-17 1 -7.82554e-08 6.12323e-17 1 1.60163e-07 6.03926e-17 0.986286 -0.165048 4.82517e-17 0.788011 -0.615661 4.1368e-17 0.67559 -0.737277 4.1368e-17 0.67559 -0.737277 4.82517e-17 0.788011 -0.615661 5.3812e-17 0.878817 -0.477159 5.3812e-17 0.878817 -0.477159 1.48134e-17 0.241922 -0.970296 1.48134e-17 0.241922 -0.970296 2.44163e-17 0.398749 -0.91706 2.44163e-17 0.398749 -0.91706 3.33495e-17 0.544639 -0.838671 3.33495e-17 0.544639 -0.838671 4.80424e-18 0.0784591 -0.996917 4.80424e-18 0.0784591 -0.996917 -5.33675e-18 -0.0871557 -0.996195 -5.33675e-18 -0.0871557 -0.996195 6.12323e-17 1 0 6.12323e-17 1 0 6.12323e-17 1 0 6.12323e-17 1 0 3.33495e-17 0.544639 0.838671 4.1368e-17 0.67559 0.737277 3.33495e-17 0.544639 0.838671 2.44163e-17 0.398749 0.91706 2.44163e-17 0.398749 0.91706 1.48134e-17 0.241922 0.970296 1.48134e-17 0.241922 0.970296 4.80424e-18 0.0784592 0.996917 4.80424e-18 0.0784592 0.996917 -5.33675e-18 -0.0871557 0.996195 -5.33676e-18 -0.0871559 0.996195 4.1368e-17 0.67559 0.737277 4.82517e-17 0.788011 0.615662 4.82517e-17 0.788011 0.615662 5.3812e-17 0.878817 0.477159 5.78963e-17 0.945519 0.325568 5.3812e-17 0.878817 0.477159 6.03926e-17 0.986286 0.165048 5.78963e-17 0.945519 0.325568 6.03926e-17 0.986286 0.165048 6.12323e-17 1 1.46823e-08 6.12323e-17 1 1.46823e-08 -5.33675e-18 -0.0871557 0.996195 -5.33675e-18 -0.0871557 0.996195 -5.33675e-18 -0.0871557 0.996195 -5.33675e-18 -0.0871557 0.996195 -4.54687e-17 -0.742561 0.669779 -4.54687e-17 -0.742561 0.669779 -5.10844e-17 -0.834271 0.551355 -5.55539e-17 -0.907264 0.420561 -5.55539e-17 -0.907264 0.420561 -5.10844e-17 -0.834271 0.551355 -3.1326e-17 -0.511593 0.859228 -2.31163e-17 -0.377518 0.926002 -2.31163e-17 -0.377518 0.926002 -3.1326e-17 -0.511593 0.859228 -3.8833e-17 -0.634191 0.773176 -3.8833e-17 -0.634191 0.773176 -1.43879e-17 -0.234973 0.972002 -1.43879e-17 -0.234973 0.972002 -5.33675e-18 -0.0871558 0.996195 -5.33675e-18 -0.0871558 0.996195 0 0 1 0 0 1 0 0 1 0 0 1 -1.06329e-17 -0.173648 -0.984808 -1.06329e-17 -0.173648 -0.984808 -1.06329e-17 -0.173648 -0.984808 -1.06329e-17 -0.173648 -0.984808 -3.99862e-17 -0.653024 -0.757337 -3.26112e-17 -0.532581 -0.846379 -3.99862e-17 -0.653024 -0.757337 -3.26112e-17 -0.532581 -0.846379 -2.45045e-17 -0.400189 -0.916433 -1.58481e-17 -0.258819 -0.965926 -2.45045e-17 -0.400189 -0.916433 -1.58481e-17 -0.258819 -0.965926 -4.64641e-17 -0.758817 -0.651304 -4.64641e-17 -0.758817 -0.651304 -5.18996e-17 -0.847585 -0.530659 -5.18996e-17 -0.847585 -0.530659 -5.61708e-17 -0.917338 -0.398109 -5.61708e-17 -0.917338 -0.398109 -5.91817e-17 -0.966511 -0.256627 -5.91817e-17 -0.966511 -0.256627 -1.58481e-17 -0.258819 -0.965926 -1.58481e-17 -0.258819 -0.965926 -1.58481e-17 -0.258819 -0.965926 -1.58481e-17 -0.258819 -0.965926 5.3555e-17 0.87462 -0.48481 5.3555e-17 0.87462 -0.484809 5.77201e-17 0.942641 -0.333807 6.03021e-17 0.984808 -0.173648 6.03021e-17 0.984808 -0.173648 5.77201e-17 0.942641 -0.333807 4.09724e-17 0.669131 -0.743145 3.29001e-17 0.5373 -0.843391 3.29001e-17 0.5373 -0.843391 4.09724e-17 0.669131 -0.743145 4.79209e-17 0.782608 -0.622515 4.79209e-17 0.782608 -0.622515 4.27136e-18 0.0697565 -0.997564 4.27136e-18 0.0697565 -0.997564 1.42944e-17 0.233445 -0.97237 1.42944e-17 0.233445 -0.97237 2.39254e-17 0.390731 -0.920505 2.39254e-17 0.390731 -0.920505 -5.86886e-18 -0.0958457 -0.995396 -5.86886e-18 -0.0958457 -0.995396 -1.58481e-17 -0.258819 -0.965926 -1.58481e-17 -0.258819 -0.965926 6.03021e-17 0.984808 -0.173648 6.03021e-17 0.984808 -0.173648 6.03021e-17 0.984808 -0.173648 6.03021e-17 0.984808 -0.173648 4.17604e-17 0.681998 0.731354 4.85789e-17 0.793353 0.608761 4.17604e-17 0.681998 0.731354 3.37964e-17 0.551937 0.833886 3.37964e-17 0.551937 0.833886 2.49054e-17 0.406737 0.913545 2.49054e-17 0.406737 0.913545 1.53314e-17 0.25038 0.968148 1.53314e-17 0.25038 0.968148 5.33675e-18 0.0871558 0.996195 5.33674e-18 0.0871556 0.996195 4.85789e-17 0.793353 0.608761 5.40649e-17 0.882948 0.469472 5.40649e-17 0.882948 0.469472 5.80681e-17 0.948324 0.317305 6.04785e-17 0.987688 0.156435 5.80681e-17 0.948324 0.317305 6.123e-17 0.999962 -0.0087265 6.04785e-17 0.987688 0.156435 6.123e-17 0.999962 -0.0087265 6.03021e-17 0.984808 -0.173648 6.03021e-17 0.984808 -0.173648 5.33675e-18 0.0871557 0.996195 5.33675e-18 0.0871557 0.996195 5.33675e-18 0.0871557 0.996195 5.33675e-18 0.0871557 0.996195 1.06329e-17 0.173648 0.984808 1.06329e-17 0.173648 0.984808 1.06329e-17 0.173648 0.984808 1.06329e-17 0.173648 0.984808 -3.76563e-17 -0.614974 0.788548 -3.76563e-17 -0.614974 0.788548 -4.44458e-17 -0.725855 0.687848 -5.02382e-17 -0.820451 0.571716 -5.02382e-17 -0.820451 0.571716 -4.44458e-17 -0.725855 0.687848 -2.17141e-17 -0.354618 0.935011 -1.2919e-17 -0.210984 0.97749 -1.2919e-17 -0.210984 0.97749 -2.17141e-17 -0.354618 0.935011 -3.00219e-17 -0.490296 0.871556 -3.00219e-17 -0.490296 0.871556 -3.83415e-18 -0.0626164 0.998038 -3.83415e-18 -0.0626164 0.998038 5.33675e-18 0.0871557 0.996195 5.33675e-18 0.0871557 0.996195 -3.06162e-17 -0.5 -0.866025 -3.06162e-17 -0.5 -0.866025 -3.06162e-17 -0.5 -0.866025 -3.06162e-17 -0.5 -0.866025 -5.34354e-17 -0.872666 -0.488317 -4.83699e-17 -0.789941 -0.613183 -5.34354e-17 -0.872666 -0.488317 -4.83699e-17 -0.789941 -0.613183 -4.22193e-17 -0.689493 -0.724292 -3.51214e-17 -0.573576 -0.819152 -4.22193e-17 -0.689493 -0.724292 -3.51214e-17 -0.573576 -0.819152 -5.73021e-17 -0.935814 -0.352495 -5.73021e-17 -0.935814 -0.352495 -5.98831e-17 -0.977966 -0.208765 -5.98831e-17 -0.977966 -0.208765 -6.11207e-17 -0.998177 -0.0603517 -6.11207e-17 -0.998177 -0.0603517 -6.09871e-17 -0.995994 0.0894158 -6.09871e-17 -0.995994 0.0894158 -3.51214e-17 -0.573576 -0.819152 -3.51214e-17 -0.573576 -0.819152 -3.51214e-17 -0.573576 -0.819152 -3.51214e-17 -0.573576 -0.819152 4.0172e-17 0.656059 -0.75471 4.0172e-17 0.656059 -0.754709 4.72484e-17 0.771625 -0.636078 5.30288e-17 0.866025 -0.5 5.30288e-17 0.866026 -0.5 4.72484e-17 0.771625 -0.636078 2.2938e-17 0.374607 -0.927184 1.32531e-17 0.216439 -0.976296 1.32531e-17 0.21644 -0.976296 2.2938e-17 0.374607 -0.927184 3.19938e-17 0.522498 -0.85264 3.19938e-17 0.522499 -0.85264 -1.68779e-17 -0.275637 -0.961262 -1.68779e-17 -0.275637 -0.961262 -6.93169e-18 -0.113203 -0.993572 -6.93169e-18 -0.113203 -0.993572 3.20466e-18 0.052336 -0.99863 3.20466e-18 0.052336 -0.99863 -2.63612e-17 -0.430511 -0.902585 -2.63612e-17 -0.430511 -0.902585 -3.51214e-17 -0.573576 -0.819152 -3.51214e-17 -0.573576 -0.819152 5.30288e-17 0.866025 -0.5 5.30288e-17 0.866025 -0.5 5.30288e-17 0.866025 -0.5 5.30288e-17 0.866025 -0.5 5.45584e-17 0.891006 0.453991 5.83983e-17 0.953717 0.300706 5.45584e-17 0.891006 0.453991 4.9222e-17 0.803857 0.594823 4.9222e-17 0.803857 0.594823 4.25356e-17 0.694658 0.71934 4.25356e-17 0.694658 0.71934 3.46824e-17 0.566406 0.824126 3.46824e-17 0.566406 0.824126 2.58779e-17 0.422618 0.906308 2.58779e-17 0.422618 0.906308 5.83983e-17 0.953717 0.300706 6.06364e-17 0.990268 0.139173 6.06364e-17 0.990268 0.139173 6.12114e-17 0.999657 -0.0261769 6.01073e-17 0.981627 -0.190809 6.12114e-17 0.999657 -0.0261769 5.73546e-17 0.936672 -0.350207 6.01073e-17 0.981627 -0.190809 5.73546e-17 0.936672 -0.350207 5.30288e-17 0.866025 -0.5 5.30288e-17 0.866025 -0.5 2.58779e-17 0.422618 0.906308 2.58779e-17 0.422618 0.906308 2.58779e-17 0.422618 0.906308 2.58779e-17 0.422618 0.906308 3.06162e-17 0.5 0.866025 3.06162e-17 0.5 0.866025 3.06162e-17 0.5 0.866025 3.06162e-17 0.5 0.866025 -1.8871e-17 -0.308187 0.951326 -1.8871e-17 -0.308187 0.951326 -2.736e-17 -0.446823 0.894623 -3.52352e-17 -0.575434 0.817848 -3.52352e-17 -0.575434 0.817848 -2.736e-17 -0.446822 0.894623 -8.22886e-19 -0.0134388 0.99991 8.33135e-18 0.136061 0.9907 8.33135e-18 0.136061 0.9907 -8.22886e-19 -0.0134388 0.99991 -9.95866e-18 -0.162637 0.986686 -9.95866e-18 -0.162637 0.986686 1.72987e-17 0.282509 0.959265 1.72987e-17 0.282509 0.959265 2.58779e-17 0.422618 0.906308 2.58779e-17 0.422618 0.906308 -2.09427e-17 -0.34202 -0.939693 -2.09427e-17 -0.34202 -0.939693 -2.09427e-17 -0.34202 -0.939693 -2.09427e-17 -0.34202 -0.939693 -4.74314e-17 -0.774613 -0.632435 -4.11152e-17 -0.671462 -0.741039 -4.74314e-17 -0.774613 -0.632435 -4.11152e-17 -0.671462 -0.741039 -3.38766e-17 -0.553246 -0.833018 -2.58779e-17 -0.422618 -0.906308 -3.38766e-17 -0.553246 -0.833018 -2.58779e-17 -0.422618 -0.906308 -5.26835e-17 -0.860386 -0.509642 -5.26835e-17 -0.860386 -0.509642 -5.67536e-17 -0.926857 -0.375416 -5.67536e-17 -0.926857 -0.375416 -5.95505e-17 -0.972533 -0.232766 -5.95505e-17 -0.972533 -0.232766 -6.10113e-17 -0.99639 -0.0848952 -6.10113e-17 -0.99639 -0.0848952 -2.58779e-17 -0.422618 -0.906308 -2.58779e-17 -0.422618 -0.906308 -2.58779e-17 -0.422618 -0.906308 -2.58779e-17 -0.422618 -0.906308 4.75865e-17 0.777146 -0.629321 4.75865e-17 0.777146 -0.62932 5.32939e-17 0.870356 -0.492424 5.75396e-17 0.939693 -0.34202 5.75396e-17 0.939693 -0.34202 5.32939e-17 0.870356 -0.492424 3.24482e-17 0.529919 -0.848048 2.34326e-17 0.382683 -0.92388 2.34326e-17 0.382684 -0.92388 3.24482e-17 0.529919 -0.848048 4.05738e-17 0.66262 -0.748956 4.05738e-17 0.66262 -0.748956 -6.40052e-18 -0.104528 -0.994522 -6.40052e-18 -0.104528 -0.994522 3.73815e-18 0.0610486 -0.998135 3.73815e-18 0.0610486 -0.998135 1.37743e-17 0.224951 -0.97437 1.37743e-17 0.224951 -0.97437 -1.63636e-17 -0.267238 -0.96363 -1.63636e-17 -0.267238 -0.96363 -2.58779e-17 -0.422618 -0.906308 -2.58779e-17 -0.422618 -0.906308 5.75396e-17 0.939693 -0.34202 5.75396e-17 0.939693 -0.34202 5.75396e-17 0.939693 -0.34202 5.75396e-17 0.939693 -0.34202 4.89023e-17 0.798635 0.601815 5.43138e-17 0.887011 0.461748 4.89023e-17 0.798635 0.601815 4.21496e-17 0.688355 0.725374 4.21496e-17 0.688354 0.725374 3.42407e-17 0.559193 0.829038 3.42407e-17 0.559193 0.829037 2.53926e-17 0.414693 0.909961 2.53926e-17 0.414693 0.909961 1.58481e-17 0.258819 0.965926 1.58481e-17 0.258819 0.965926 5.43137e-17 0.887011 0.461749 5.82354e-17 0.951056 0.309017 5.82354e-17 0.951056 0.309017 6.05598e-17 0.989016 0.147809 6.1223e-17 0.999848 -0.0174524 6.05598e-17 0.989016 0.147809 6.0207e-17 0.983255 -0.182235 6.1223e-17 0.999848 -0.0174524 6.0207e-17 0.983255 -0.182235 5.75396e-17 0.939693 -0.34202 5.75396e-17 0.939693 -0.34202 1.58481e-17 0.258819 0.965926 1.58481e-17 0.258819 0.965926 1.58481e-17 0.258819 0.965926 1.58481e-17 0.258819 0.965926 2.09427e-17 0.34202 0.939693 2.09427e-17 0.34202 0.939693 2.09427e-17 0.34202 0.939693 2.09427e-17 0.34202 0.939693 -2.86997e-17 -0.468701 0.883357 -2.86997e-17 -0.468701 0.883357 -3.64568e-17 -0.595384 0.803441 -4.33959e-17 -0.708709 0.7055 -4.33959e-17 -0.708709 0.7055 -3.64567e-17 -0.595384 0.803441 -1.14423e-17 -0.186867 0.982385 -2.32922e-18 -0.0380391 0.999276 -2.32922e-18 -0.0380391 0.999276 -1.14423e-17 -0.186867 0.982385 -2.02987e-17 -0.331503 0.943454 -2.02987e-17 -0.331503 0.943454 6.83612e-18 0.111642 0.993748 6.83612e-18 0.111642 0.993748 1.58481e-17 0.258819 0.965926 1.58481e-17 0.258819 0.965926 5.30288e-17 0.866025 -0.5 5.30288e-17 0.866025 -0.5 5.30288e-17 0.866025 -0.5 5.30288e-17 0.866025 -0.5 2.99008e-17 0.488317 -0.872666 3.75466e-17 0.613183 -0.789941 2.99008e-17 0.488317 -0.872666 3.75466e-17 0.613183 -0.789941 4.43501e-17 0.724292 -0.689493 5.01586e-17 0.819152 -0.573576 4.43501e-17 0.724292 -0.689493 5.01586e-17 0.819152 -0.573576 2.15841e-17 0.352495 -0.935814 2.15841e-17 0.352495 -0.935814 1.27832e-17 0.208765 -0.977966 1.27832e-17 0.208765 -0.977966 3.69548e-18 0.0603517 -0.998177 3.69548e-18 0.0603517 -0.998177 -5.47514e-18 -0.0894158 -0.995994 -5.47514e-18 -0.0894158 -0.995994 5.01586e-17 0.819152 -0.573576 5.01586e-17 0.819152 -0.573576 5.01586e-17 0.819152 -0.573576 5.01586e-17 0.819152 -0.573576 4.62126e-17 0.75471 0.656059 4.62126e-17 0.754709 0.656059 3.89486e-17 0.636078 0.771625 3.06162e-17 0.5 0.866025 3.06162e-17 0.5 0.866026 3.89486e-17 0.636078 0.771625 5.67736e-17 0.927184 0.374607 5.97809e-17 0.976296 0.216439 5.97809e-17 0.976296 0.21644 5.67736e-17 0.927184 0.374607 5.22092e-17 0.85264 0.522498 5.22091e-17 0.85264 0.522499 5.88603e-17 0.961262 -0.275637 5.88603e-17 0.961262 -0.275637 6.08387e-17 0.993572 -0.113203 6.08387e-17 0.993572 -0.113203 6.11484e-17 0.99863 0.052336 6.11484e-17 0.99863 0.052336 5.52674e-17 0.902585 -0.430511 5.52674e-17 0.902585 -0.430511 5.01586e-17 0.819152 -0.573576 5.01586e-17 0.819152 -0.573576 3.06162e-17 0.5 0.866025 3.06162e-17 0.5 0.866025 3.06162e-17 0.5 0.866025 3.06162e-17 0.5 0.866025 -2.77989e-17 -0.453991 0.891006 -1.84129e-17 -0.300706 0.953717 -2.77989e-17 -0.453991 0.891006 -3.64224e-17 -0.594823 0.803857 -3.64224e-17 -0.594823 0.803857 -4.40469e-17 -0.71934 0.694658 -4.40469e-17 -0.71934 0.694658 -5.04632e-17 -0.824126 0.566406 -5.04632e-17 -0.824126 0.566406 -5.54953e-17 -0.906308 0.422618 -5.54954e-17 -0.906308 0.422618 -1.84129e-17 -0.300706 0.953717 -8.5219e-18 -0.139173 0.990268 -8.5219e-18 -0.139173 0.990268 1.60287e-18 0.0261769 0.999657 1.16837e-17 0.190809 0.981627 1.60287e-18 0.0261769 0.999657 2.1444e-17 0.350207 0.936672 1.16837e-17 0.190809 0.981627 2.1444e-17 0.350207 0.936672 3.06162e-17 0.5 0.866025 3.06162e-17 0.5 0.866025 -5.54953e-17 -0.906308 0.422618 -5.54953e-17 -0.906308 0.422618 -5.54953e-17 -0.906308 0.422618 -5.54953e-17 -0.906308 0.422618 -5.30288e-17 -0.866025 0.5 -5.30288e-17 -0.866025 0.5 -5.30288e-17 -0.866025 0.5 -5.30288e-17 -0.866025 0.5 -5.82519e-17 -0.951326 -0.308187 -5.82519e-17 -0.951326 -0.308187 -5.47798e-17 -0.894623 -0.446823 -5.00788e-17 -0.817848 -0.575434 -5.00788e-17 -0.817848 -0.575434 -5.47798e-17 -0.894623 -0.446822 -6.12268e-17 -0.99991 -0.0134388 -6.06629e-17 -0.9907 0.136061 -6.06629e-17 -0.9907 0.136061 -6.12268e-17 -0.99991 -0.0134388 -6.04171e-17 -0.986686 -0.162637 -6.04171e-17 -0.986686 -0.162637 -5.8738e-17 -0.959265 0.282509 -5.8738e-17 -0.959265 0.282509 -5.54953e-17 -0.906308 0.422618 -5.54953e-17 -0.906308 0.422618 4.69067e-17 0.766044 -0.642788 4.69067e-17 0.766044 -0.642788 4.69067e-17 0.766044 -0.642788 4.69067e-17 0.766044 -0.642788 2.01676e-17 0.329361 -0.944204 2.85769e-17 0.466695 -0.884418 2.01676e-17 0.329361 -0.944204 2.85769e-17 0.466695 -0.884418 3.6345e-17 0.593559 -0.80479 4.32978e-17 0.707107 -0.707107 3.6345e-17 0.593559 -0.80479 4.32978e-17 0.707107 -0.707107 1.13058e-17 0.184638 -0.982807 1.13058e-17 0.184638 -0.982807 2.19038e-18 0.0357716 -0.99936 2.19038e-18 0.0357716 -0.99936 -6.97417e-18 -0.113897 -0.993493 -6.97417e-18 -0.113897 -0.993493 -1.59823e-17 -0.26101 -0.965336 -1.59823e-17 -0.26101 -0.965336 4.32978e-17 0.707107 -0.707107 4.32978e-17 0.707107 -0.707107 4.32978e-17 0.707107 -0.707107 4.32978e-17 0.707107 -0.707107 5.24864e-17 0.857167 0.515038 5.24864e-17 0.857167 0.515038 4.65614e-17 0.760406 0.649448 3.93594e-17 0.642788 0.766044 3.93594e-17 0.642788 0.766045 4.65614e-17 0.760406 0.649448 5.98943e-17 0.978148 0.207912 6.11741e-17 0.999048 0.0436192 6.11741e-17 0.999048 0.0436195 5.98943e-17 0.978148 0.207912 5.69716e-17 0.930418 0.366501 5.69716e-17 0.930418 0.366501 5.50353e-17 0.898794 -0.438371 5.50353e-17 0.898794 -0.438371 5.87108e-17 0.95882 -0.284015 5.87108e-17 0.95882 -0.284015 6.07759e-17 0.992546 -0.121869 6.07759e-17 0.992546 -0.121869 4.98502e-17 0.814116 -0.580703 4.98502e-17 0.814116 -0.580703 4.32978e-17 0.707107 -0.707107 4.32978e-17 0.707107 -0.707107 3.93594e-17 0.642788 0.766044 3.93594e-17 0.642788 0.766044 3.93594e-17 0.642788 0.766044 3.93594e-17 0.642788 0.766044 -1.79026e-17 -0.292372 0.956305 -7.99241e-18 -0.130526 0.991445 -1.79026e-17 -0.292372 0.956305 -2.73217e-17 -0.446198 0.894934 -2.73217e-17 -0.446198 0.894934 -3.59915e-17 -0.587785 0.809017 -3.59915e-17 -0.587785 0.809017 -4.3674e-17 -0.71325 0.700909 -4.3674e-17 -0.71325 0.700909 -5.01586e-17 -0.819152 0.573577 -5.01586e-17 -0.819152 0.573576 -7.99243e-18 -0.130526 0.991445 2.13697e-18 0.0348994 0.999391 2.13697e-18 0.0348994 0.999391 1.22078e-17 0.199368 0.979925 2.19437e-17 0.358368 0.93358 1.22078e-17 0.199368 0.979925 3.10778e-17 0.507538 0.861629 2.19437e-17 0.358368 0.93358 3.10778e-17 0.507538 0.861629 3.93594e-17 0.642788 0.766044 3.93594e-17 0.642788 0.766044 -5.01586e-17 -0.819152 0.573576 -5.01586e-17 -0.819152 0.573576 -5.01586e-17 -0.819152 0.573576 -5.01586e-17 -0.819152 0.573576 -4.69067e-17 -0.766044 0.642788 -4.69067e-17 -0.766044 0.642788 -4.69067e-17 -0.766044 0.642788 -4.69067e-17 -0.766044 0.642788 -6.06438e-17 -0.990389 -0.138309 -6.06438e-17 -0.990389 -0.138309 -5.86986e-17 -0.958621 -0.284685 -5.54365e-17 -0.905346 -0.424674 -5.54365e-17 -0.905346 -0.424674 -5.86986e-17 -0.958621 -0.284685 -6.04395e-17 -0.987052 0.160398 -5.82946e-17 -0.952023 0.306028 -5.82946e-17 -0.952023 0.306028 -6.04395e-17 -0.987052 0.160398 -6.12285e-17 -0.999938 0.0111697 -6.12285e-17 -0.999938 0.0111697 -5.48418e-17 -0.895634 0.444791 -5.48418e-17 -0.895634 0.444791 -5.01586e-17 -0.819152 0.573576 -5.01586e-17 -0.819152 0.573576 5.75396e-17 0.939693 -0.34202 5.75396e-17 0.939693 -0.34202 5.75396e-17 0.939693 -0.34202 5.75396e-17 0.939693 -0.34202 3.87255e-17 0.632435 -0.774613 4.53756e-17 0.741039 -0.671462 3.87255e-17 0.632435 -0.774613 4.53756e-17 0.741039 -0.671462 5.10076e-17 0.833018 -0.553246 5.54953e-17 0.906308 -0.422618 5.10076e-17 0.833018 -0.553246 5.54953e-17 0.906308 -0.422618 3.12066e-17 0.509642 -0.860386 3.12066e-17 0.509642 -0.860386 2.29876e-17 0.375416 -0.926857 2.29876e-17 0.375416 -0.926857 1.42528e-17 0.232766 -0.972533 1.42528e-17 0.232766 -0.972533 5.19833e-18 0.0848952 -0.99639 5.19833e-18 0.0848952 -0.99639 5.54953e-17 0.906308 -0.422618 5.54953e-17 0.906308 -0.422618 5.54953e-17 0.906308 -0.422618 5.54953e-17 0.906308 -0.422618 3.85348e-17 0.629321 0.777146 3.85348e-17 0.62932 0.777146 3.01523e-17 0.492424 0.870356 2.09427e-17 0.34202 0.939693 2.09427e-17 0.34202 0.939693 3.01523e-17 0.492424 0.870356 5.1928e-17 0.848048 0.529919 5.65713e-17 0.92388 0.382683 5.65713e-17 0.92388 0.382684 5.1928e-17 0.848048 0.529919 4.58603e-17 0.748956 0.66262 4.58603e-17 0.748956 0.66262 6.08969e-17 0.994522 -0.104528 6.08969e-17 0.994522 -0.104528 6.11181e-17 0.998135 0.0610486 6.11181e-17 0.998135 0.0610486 5.9663e-17 0.97437 0.224951 5.9663e-17 0.97437 0.224951 5.90053e-17 0.96363 -0.267238 5.90053e-17 0.96363 -0.267238 5.54953e-17 0.906308 -0.422618 5.54953e-17 0.906308 -0.422618 2.09427e-17 0.34202 0.939693 2.09427e-17 0.34202 0.939693 2.09427e-17 0.34202 0.939693 2.09427e-17 0.34202 0.939693 -3.68505e-17 -0.601815 0.798635 -2.82739e-17 -0.461748 0.887011 -3.68505e-17 -0.601815 0.798635 -4.44164e-17 -0.725374 0.688355 -4.44164e-17 -0.725374 0.688354 -5.07639e-17 -0.829038 0.559193 -5.07639e-17 -0.829037 0.559193 -5.57191e-17 -0.909961 0.414693 -5.57191e-17 -0.909961 0.414693 -5.91459e-17 -0.965926 0.258819 -5.91459e-17 -0.965926 0.258819 -2.8274e-17 -0.461749 0.887011 -1.89218e-17 -0.309017 0.951056 -1.89218e-17 -0.309017 0.951056 -9.05072e-18 -0.147809 0.989016 1.06865e-18 0.0174524 0.999848 -9.05072e-18 -0.147809 0.989016 1.11587e-17 0.182235 0.983255 1.06865e-18 0.0174524 0.999848 1.11587e-17 0.182235 0.983255 2.09427e-17 0.34202 0.939693 2.09427e-17 0.34202 0.939693 -5.91459e-17 -0.965926 0.258819 -5.91459e-17 -0.965926 0.258819 -5.91459e-17 -0.965926 0.258819 -5.91459e-17 -0.965926 0.258819 -5.75396e-17 -0.939693 0.34202 -5.75396e-17 -0.939693 0.34202 -5.75396e-17 -0.939693 0.34202 -5.75396e-17 -0.939693 0.34202 -5.409e-17 -0.883357 -0.468701 -5.409e-17 -0.883357 -0.468701 -4.91966e-17 -0.803441 -0.595384 -4.31994e-17 -0.7055 -0.708709 -4.31994e-17 -0.7055 -0.708709 -4.91966e-17 -0.803441 -0.595384 -6.01537e-17 -0.982385 -0.186867 -6.1188e-17 -0.999276 -0.0380391 -6.1188e-17 -0.999276 -0.0380391 -6.01537e-17 -0.982385 -0.186867 -5.77699e-17 -0.943454 -0.331503 -5.77699e-17 -0.943454 -0.331503 -6.08495e-17 -0.993748 0.111642 -6.08495e-17 -0.993748 0.111642 -5.91459e-17 -0.965926 0.258819 -5.91459e-17 -0.965926 0.258819 6.03021e-17 0.984808 -0.173648 6.03021e-17 0.984808 -0.173648 6.03021e-17 0.984808 -0.173648 6.03021e-17 0.984808 -0.173648 4.63735e-17 0.757337 -0.653024 5.18258e-17 0.846379 -0.532581 4.63735e-17 0.757337 -0.653024 5.18258e-17 0.846379 -0.532581 5.61153e-17 0.916433 -0.400189 5.91459e-17 0.965926 -0.258819 5.61153e-17 0.916433 -0.400189 5.91459e-17 0.965926 -0.258819 3.98809e-17 0.651304 -0.758817 3.98809e-17 0.651304 -0.758817 3.24935e-17 0.530659 -0.847585 3.24935e-17 0.530659 -0.847585 2.43771e-17 0.398109 -0.917338 2.43771e-17 0.398109 -0.917338 1.57139e-17 0.256627 -0.966511 1.57139e-17 0.256627 -0.966511 5.91459e-17 0.965926 -0.258819 5.91459e-17 0.965926 -0.258819 5.91459e-17 0.965926 -0.258819 5.91459e-17 0.965926 -0.258819 2.9686e-17 0.48481 0.87462 2.9686e-17 0.484809 0.87462 2.04398e-17 0.333807 0.942641 1.06329e-17 0.173648 0.984808 1.06329e-17 0.173648 0.984808 2.04398e-17 0.333807 0.942641 4.55045e-17 0.743145 0.669131 5.16428e-17 0.843391 0.5373 5.16428e-17 0.843391 0.5373 4.55045e-17 0.743145 0.669131 3.8118e-17 0.622515 0.782608 3.8118e-17 0.622515 0.782608 6.10832e-17 0.997564 0.0697565 6.10832e-17 0.997564 0.0697565 5.95405e-17 0.97237 0.233445 5.95405e-17 0.97237 0.233445 5.63647e-17 0.920505 0.390731 5.63647e-17 0.920505 0.390731 6.09504e-17 0.995396 -0.0958457 6.09504e-17 0.995396 -0.0958457 5.91459e-17 0.965926 -0.258819 5.91459e-17 0.965926 -0.258819 1.06329e-17 0.173648 0.984808 1.06329e-17 0.173648 0.984808 1.06329e-17 0.173648 0.984808 1.06329e-17 0.173648 0.984808 -4.47825e-17 -0.731354 0.681998 -3.72759e-17 -0.608761 0.793353 -4.47825e-17 -0.731354 0.681998 -5.10608e-17 -0.833886 0.551937 -5.10608e-17 -0.833886 0.551937 -5.59385e-17 -0.913545 0.406737 -5.59385e-17 -0.913545 0.406737 -5.92819e-17 -0.968148 0.25038 -5.92819e-17 -0.968148 0.25038 -6.09993e-17 -0.996195 0.0871558 -6.09993e-17 -0.996195 0.0871556 -3.72759e-17 -0.608761 0.793353 -2.87468e-17 -0.469472 0.882948 -2.87468e-17 -0.469472 0.882948 -1.94293e-17 -0.317305 0.948324 -9.57885e-18 -0.156435 0.987688 -1.94293e-17 -0.317305 0.948324 5.34344e-19 0.0087265 0.999962 -9.57885e-18 -0.156435 0.987688 5.34344e-19 0.0087265 0.999962 1.06329e-17 0.173648 0.984808 1.06329e-17 0.173648 0.984808 -6.09993e-17 -0.996195 0.0871557 -6.09993e-17 -0.996195 0.0871557 -6.09993e-17 -0.996195 0.0871557 -6.09993e-17 -0.996195 0.0871557 -6.03021e-17 -0.984808 0.173648 -6.03021e-17 -0.984808 0.173648 -6.03021e-17 -0.984808 0.173648 -6.03021e-17 -0.984808 0.173648 -4.82846e-17 -0.788548 -0.614974 -4.82846e-17 -0.788548 -0.614974 -4.21185e-17 -0.687848 -0.725855 -3.50075e-17 -0.571716 -0.820451 -3.50075e-17 -0.571716 -0.820451 -4.21185e-17 -0.687848 -0.725855 -5.72529e-17 -0.935011 -0.354618 -5.9854e-17 -0.97749 -0.210984 -5.9854e-17 -0.97749 -0.210984 -5.72529e-17 -0.935011 -0.354618 -5.33674e-17 -0.871556 -0.490296 -5.33674e-17 -0.871556 -0.490296 -6.11122e-17 -0.998038 -0.0626164 -6.11122e-17 -0.998038 -0.0626164 -6.09993e-17 -0.996195 0.0871557 -6.09993e-17 -0.996195 0.0871557 1.06329e-17 0.173648 -0.984808 1.06329e-17 0.173648 -0.984808 1.06329e-17 0.173648 -0.984808 1.06329e-17 0.173648 -0.984808 -2.17141e-17 -0.354617 -0.935012 -1.2919e-17 -0.210984 -0.97749 -2.17141e-17 -0.354617 -0.935012 -1.2919e-17 -0.210984 -0.97749 -3.83414e-18 -0.0626162 -0.998038 5.33676e-18 0.0871558 -0.996195 -3.83415e-18 -0.0626165 -0.998038 5.33676e-18 0.0871558 -0.996195 -3.00219e-17 -0.490295 -0.871556 -3.00219e-17 -0.490295 -0.871556 -3.76563e-17 -0.614974 -0.788548 -3.76563e-17 -0.614974 -0.788548 -4.44458e-17 -0.725855 -0.687848 -4.44458e-17 -0.725855 -0.687848 -5.02382e-17 -0.820451 -0.571716 -5.02382e-17 -0.820451 -0.571716 5.33675e-18 0.0871557 -0.996195 5.33675e-18 0.0871557 -0.996195 5.33675e-18 0.0871557 -0.996195 5.33675e-18 0.0871557 -0.996195 6.04785e-17 0.987688 -0.156435 6.04785e-17 0.987688 -0.156434 6.123e-17 0.999962 0.00872644 6.03021e-17 0.984808 0.173648 6.03021e-17 0.984808 0.173648 6.123e-17 0.999962 0.00872644 5.40649e-17 0.882948 -0.469471 4.85789e-17 0.793353 -0.608762 4.85789e-17 0.793353 -0.608761 5.40649e-17 0.882948 -0.469471 5.80681e-17 0.948324 -0.317305 5.80681e-17 0.948324 -0.317305 2.49054e-17 0.406737 -0.913545 2.49054e-17 0.406737 -0.913545 3.37964e-17 0.551937 -0.833886 3.37964e-17 0.551937 -0.833886 4.17604e-17 0.681998 -0.731354 4.17604e-17 0.681998 -0.731354 1.53314e-17 0.25038 -0.968148 1.53314e-17 0.25038 -0.968148 5.33675e-18 0.0871558 -0.996195 5.33675e-18 0.0871558 -0.996195 6.03021e-17 0.984808 0.173648 6.03021e-17 0.984808 0.173648 6.03021e-17 0.984808 0.173648 6.03021e-17 0.984808 0.173648 2.39254e-17 0.390731 0.920505 3.29001e-17 0.5373 0.843391 2.39254e-17 0.390731 0.920505 1.42944e-17 0.233445 0.97237 1.42944e-17 0.233445 0.97237 4.27134e-18 0.0697564 0.997564 4.27136e-18 0.0697566 0.997564 -5.86885e-18 -0.0958457 0.995396 -5.86885e-18 -0.0958457 0.995396 -1.58481e-17 -0.258819 0.965926 -1.58481e-17 -0.258819 0.965926 3.29001e-17 0.5373 0.843391 4.09724e-17 0.669131 0.743145 4.09724e-17 0.669131 0.743145 4.79209e-17 0.782608 0.622515 5.3555e-17 0.87462 0.48481 4.79209e-17 0.782608 0.622515 5.77201e-17 0.942641 0.333807 5.3555e-17 0.87462 0.48481 5.77201e-17 0.942641 0.333807 6.03021e-17 0.984808 0.173648 6.03021e-17 0.984808 0.173648 -1.58481e-17 -0.258819 0.965926 -1.58481e-17 -0.258819 0.965926 -1.58481e-17 -0.258819 0.965926 -1.58481e-17 -0.258819 0.965926 -1.06329e-17 -0.173648 0.984808 -1.06329e-17 -0.173648 0.984808 -1.06329e-17 -0.173648 0.984808 -1.06329e-17 -0.173648 0.984808 -5.18996e-17 -0.847585 0.530659 -5.18996e-17 -0.847585 0.530659 -5.61708e-17 -0.917338 0.398109 -5.91817e-17 -0.966511 0.256627 -5.91817e-17 -0.966511 0.256627 -5.61708e-17 -0.917338 0.398109 -3.99862e-17 -0.653024 0.757337 -3.26112e-17 -0.532581 0.846379 -3.26112e-17 -0.532581 0.846379 -3.99862e-17 -0.653024 0.757337 -4.64641e-17 -0.758817 0.651304 -4.64641e-17 -0.758817 0.651304 -2.45045e-17 -0.400189 0.916433 -2.45045e-17 -0.400189 0.916433 -1.58481e-17 -0.258819 0.965926 -1.58481e-17 -0.258819 0.965926 2.09427e-17 0.34202 -0.939693 2.09427e-17 0.34202 -0.939693 2.09427e-17 0.34202 -0.939693 2.09427e-17 0.34202 -0.939693 -1.14423e-17 -0.186867 -0.982385 -2.32921e-18 -0.0380389 -0.999276 -1.14423e-17 -0.186867 -0.982385 -2.32921e-18 -0.0380389 -0.999276 6.83613e-18 0.111642 -0.993748 1.58481e-17 0.258819 -0.965926 6.83611e-18 0.111642 -0.993748 1.58481e-17 0.258819 -0.965926 -2.02987e-17 -0.331503 -0.943454 -2.02987e-17 -0.331503 -0.943454 -2.86997e-17 -0.468701 -0.883357 -2.86997e-17 -0.468701 -0.883357 -3.64567e-17 -0.595384 -0.803441 -3.64567e-17 -0.595384 -0.803441 -4.33959e-17 -0.708709 -0.705501 -4.33959e-17 -0.708709 -0.705501 1.58481e-17 0.258819 -0.965926 1.58481e-17 0.258819 -0.965926 1.58481e-17 0.258819 -0.965926 1.58481e-17 0.258819 -0.965926 6.1223e-17 0.999848 0.0174523 6.1223e-17 0.999848 0.0174525 6.0207e-17 0.983255 0.182235 5.75396e-17 0.939693 0.34202 5.75396e-17 0.939693 0.34202 6.0207e-17 0.983255 0.182235 5.82354e-17 0.951057 -0.309017 5.43137e-17 0.887011 -0.461749 5.43138e-17 0.887011 -0.461749 5.82354e-17 0.951057 -0.309017 6.05598e-17 0.989016 -0.14781 6.05598e-17 0.989016 -0.147809 3.42407e-17 0.559193 -0.829038 3.42407e-17 0.559193 -0.829038 4.21496e-17 0.688355 -0.725374 4.21496e-17 0.688355 -0.725374 4.89023e-17 0.798636 -0.601815 4.89023e-17 0.798636 -0.601815 2.53926e-17 0.414693 -0.909961 2.53926e-17 0.414693 -0.909961 1.58481e-17 0.258819 -0.965926 1.58481e-17 0.258819 -0.965926 5.75396e-17 0.939693 0.34202 5.75396e-17 0.939693 0.34202 5.75396e-17 0.939693 0.34202 5.75396e-17 0.939693 0.34202 1.37743e-17 0.224951 0.97437 2.34326e-17 0.382684 0.92388 1.37743e-17 0.224951 0.97437 3.73815e-18 0.0610487 0.998135 3.73814e-18 0.0610484 0.998135 -6.40053e-18 -0.104529 0.994522 -6.40052e-18 -0.104528 0.994522 -1.63636e-17 -0.267238 0.96363 -1.63636e-17 -0.267238 0.96363 -2.58779e-17 -0.422618 0.906308 -2.58779e-17 -0.422618 0.906308 2.34326e-17 0.382683 0.92388 3.24482e-17 0.529919 0.848048 3.24482e-17 0.529919 0.848048 4.05738e-17 0.66262 0.748956 4.75865e-17 0.777146 0.62932 4.05738e-17 0.66262 0.748956 5.32939e-17 0.870356 0.492424 4.75865e-17 0.777146 0.62932 5.32939e-17 0.870356 0.492424 5.75396e-17 0.939693 0.34202 5.75396e-17 0.939693 0.34202 -2.58779e-17 -0.422618 0.906308 -2.58779e-17 -0.422618 0.906308 -2.58779e-17 -0.422618 0.906308 -2.58779e-17 -0.422618 0.906308 -2.09427e-17 -0.34202 0.939693 -2.09427e-17 -0.34202 0.939693 -2.09427e-17 -0.34202 0.939693 -2.09427e-17 -0.34202 0.939693 -5.67536e-17 -0.926857 0.375415 -5.67536e-17 -0.926857 0.375415 -5.95505e-17 -0.972533 0.232766 -6.10113e-17 -0.99639 0.084895 -6.10113e-17 -0.99639 0.084895 -5.95505e-17 -0.972533 0.232767 -4.74314e-17 -0.774614 0.632435 -4.11152e-17 -0.671462 0.741039 -4.11152e-17 -0.671462 0.741039 -4.74314e-17 -0.774614 0.632435 -5.26835e-17 -0.860386 0.509642 -5.26835e-17 -0.860386 0.509642 -3.38766e-17 -0.553246 0.833018 -3.38766e-17 -0.553246 0.833018 -2.58779e-17 -0.422618 0.906308 -2.58779e-17 -0.422618 0.906308 3.93594e-17 0.642788 -0.766044 3.93594e-17 0.642788 -0.766044 3.93594e-17 0.642788 -0.766044 3.93594e-17 0.642788 -0.766044 9.82155e-18 0.160398 -0.987052 1.87388e-17 0.306028 -0.952023 9.82155e-18 0.160398 -0.987052 1.87388e-17 0.306028 -0.952023 2.72356e-17 0.444792 -0.895634 3.51214e-17 0.573577 -0.819152 2.72356e-17 0.444792 -0.895634 3.51214e-17 0.573577 -0.819152 6.8396e-19 0.0111699 -0.999938 6.8396e-19 0.0111699 -0.999938 -8.46898e-18 -0.138309 -0.990389 -8.46898e-18 -0.138309 -0.990389 -1.74319e-17 -0.284685 -0.958621 -1.74319e-17 -0.284685 -0.958621 -2.60038e-17 -0.424674 -0.905347 -2.60038e-17 -0.424674 -0.905347 3.51214e-17 0.573576 -0.819152 3.51214e-17 0.573576 -0.819152 3.51214e-17 0.573576 -0.819152 3.51214e-17 0.573576 -0.819152 5.71653e-17 0.93358 0.358368 5.71653e-17 0.93358 0.358368 5.27596e-17 0.861629 0.507538 4.69067e-17 0.766044 0.642788 4.69067e-17 0.766044 0.642788 5.27596e-17 0.861629 0.507538 6.1195e-17 0.999391 0.0348996 6.07085e-17 0.991445 -0.130526 6.07085e-17 0.991445 -0.130526 6.1195e-17 0.999391 0.0348996 6.00031e-17 0.979925 0.199368 6.00031e-17 0.979925 0.199368 4.9538e-17 0.809017 -0.587785 4.9538e-17 0.809017 -0.587785 5.47989e-17 0.894934 -0.446198 5.47989e-17 0.894934 -0.446198 5.85568e-17 0.956305 -0.292372 5.85568e-17 0.956305 -0.292372 4.29183e-17 0.700909 -0.71325 4.29183e-17 0.700909 -0.71325 3.51214e-17 0.573576 -0.819152 3.51214e-17 0.573576 -0.819152 4.69067e-17 0.766044 0.642788 4.69067e-17 0.766044 0.642788 4.69067e-17 0.766044 0.642788 4.69067e-17 0.766044 0.642788 -7.46235e-18 -0.121869 0.992546 2.67091e-18 0.0436193 0.999048 -7.46235e-18 -0.121869 0.992546 -1.73909e-17 -0.284015 0.95882 -1.73909e-17 -0.284015 0.95882 -2.68425e-17 -0.438371 0.898794 -2.68425e-17 -0.438371 0.898794 -3.55578e-17 -0.580703 0.814116 -3.55578e-17 -0.580703 0.814116 -4.32978e-17 -0.707107 0.707107 -4.32978e-17 -0.707107 0.707107 2.67091e-18 0.0436193 0.999048 1.27309e-17 0.207912 0.978148 1.27309e-17 0.207912 0.978148 2.24417e-17 0.366501 0.930418 3.1537e-17 0.515038 0.857167 2.24417e-17 0.366501 0.930418 3.97672e-17 0.649448 0.760406 3.1537e-17 0.515038 0.857167 3.97672e-17 0.649448 0.760406 4.69067e-17 0.766044 0.642788 4.69067e-17 0.766044 0.642788 -4.32978e-17 -0.707107 0.707107 -4.32978e-17 -0.707107 0.707107 -4.32978e-17 -0.707107 0.707107 -4.32978e-17 -0.707107 0.707107 -3.93594e-17 -0.642788 0.766044 -3.93594e-17 -0.642788 0.766044 -3.93594e-17 -0.642788 0.766044 -3.93594e-17 -0.642788 0.766044 -6.11932e-17 -0.99936 0.0357715 -6.11932e-17 -0.99936 0.0357715 -6.08339e-17 -0.993493 -0.113897 -5.91098e-17 -0.965336 -0.26101 -5.91098e-17 -0.965336 -0.26101 -6.08339e-17 -0.993493 -0.113897 -5.78158e-17 -0.944204 0.329361 -5.4155e-17 -0.884418 0.466695 -5.4155e-17 -0.884418 0.466695 -5.78158e-17 -0.944204 0.329361 -6.01796e-17 -0.982807 0.184637 -6.01796e-17 -0.982807 0.184637 -4.92792e-17 -0.80479 0.593559 -4.92792e-17 -0.80479 0.593559 -4.32978e-17 -0.707107 0.707107 -4.32978e-17 -0.707107 0.707107 3.06162e-17 0.5 -0.866025 3.06162e-17 0.5 -0.866025 3.06162e-17 0.5 -0.866025 3.06162e-17 0.5 -0.866025 -8.22876e-19 -0.0134386 -0.99991 8.33136e-18 0.136061 -0.9907 -8.22876e-19 -0.0134386 -0.99991 8.33136e-18 0.136061 -0.9907 1.72987e-17 0.282509 -0.959265 2.58779e-17 0.422618 -0.906308 1.72987e-17 0.282509 -0.959265 2.58779e-17 0.422618 -0.906308 -9.95865e-18 -0.162637 -0.986686 -9.95865e-18 -0.162637 -0.986686 -1.8871e-17 -0.308187 -0.951326 -1.8871e-17 -0.308187 -0.951326 -2.736e-17 -0.446822 -0.894623 -2.736e-17 -0.446822 -0.894623 -3.52351e-17 -0.575434 -0.817849 -3.52351e-17 -0.575434 -0.817849 2.58779e-17 0.422618 -0.906308 2.58779e-17 0.422618 -0.906308 2.58779e-17 0.422618 -0.906308 2.58779e-17 0.422618 -0.906308 6.01073e-17 0.981627 0.190809 6.01073e-17 0.981627 0.190809 5.73546e-17 0.936672 0.350207 5.30288e-17 0.866025 0.5 5.30288e-17 0.866025 0.5 5.73546e-17 0.936672 0.350207 6.06364e-17 0.990268 -0.139173 5.83983e-17 0.953717 -0.300706 5.83983e-17 0.953717 -0.300706 6.06364e-17 0.990268 -0.139173 6.12114e-17 0.999657 0.0261768 6.12114e-17 0.999657 0.0261771 4.25356e-17 0.694658 -0.71934 4.25356e-17 0.694658 -0.71934 4.9222e-17 0.803857 -0.594823 4.9222e-17 0.803857 -0.594823 5.45584e-17 0.891007 -0.45399 5.45584e-17 0.891007 -0.45399 3.46824e-17 0.566406 -0.824126 3.46824e-17 0.566406 -0.824126 2.58779e-17 0.422618 -0.906308 2.58779e-17 0.422618 -0.906308 5.30288e-17 0.866025 0.5 5.30288e-17 0.866025 0.5 5.30288e-17 0.866025 0.5 5.30288e-17 0.866025 0.5 3.20465e-18 0.0523358 0.99863 1.32531e-17 0.21644 0.976296 3.20465e-18 0.0523358 0.99863 -6.93169e-18 -0.113203 0.993572 -6.93171e-18 -0.113203 0.993572 -1.68779e-17 -0.275637 0.961262 -1.68779e-17 -0.275637 0.961262 -2.63612e-17 -0.430511 0.902585 -2.63612e-17 -0.430511 0.902585 -3.51214e-17 -0.573576 0.819152 -3.51214e-17 -0.573577 0.819152 1.32531e-17 0.21644 0.976296 2.2938e-17 0.374607 0.927184 2.2938e-17 0.374607 0.927184 3.19938e-17 0.522498 0.85264 4.0172e-17 0.656059 0.75471 3.19938e-17 0.522498 0.85264 4.72484e-17 0.771625 0.636078 4.0172e-17 0.656059 0.75471 4.72484e-17 0.771625 0.636078 5.30288e-17 0.866025 0.5 5.30288e-17 0.866025 0.5 -3.51214e-17 -0.573576 0.819152 -3.51214e-17 -0.573576 0.819152 -3.51214e-17 -0.573576 0.819152 -3.51214e-17 -0.573576 0.819152 -3.06162e-17 -0.5 0.866025 -3.06162e-17 -0.5 0.866025 -3.06162e-17 -0.5 0.866025 -3.06162e-17 -0.5 0.866025 -5.98831e-17 -0.977966 0.208765 -5.98831e-17 -0.977966 0.208765 -6.11207e-17 -0.998177 0.0603515 -6.09871e-17 -0.995994 -0.089416 -6.09871e-17 -0.995994 -0.089416 -6.11207e-17 -0.998177 0.0603518 -5.34354e-17 -0.872667 0.488317 -4.83699e-17 -0.789941 0.613183 -4.83699e-17 -0.789941 0.613183 -5.34354e-17 -0.872667 0.488317 -5.73021e-17 -0.935814 0.352495 -5.73021e-17 -0.935814 0.352495 -4.22193e-17 -0.689493 0.724292 -4.22193e-17 -0.689493 0.724292 -3.51214e-17 -0.573577 0.819152 -3.51214e-17 -0.573577 0.819152 3.93594e-17 0.642788 0.766044 3.93594e-17 0.642788 0.766044 3.93594e-17 0.642788 0.766044 3.93594e-17 0.642788 0.766044 5.78158e-17 0.944204 0.329361 5.4155e-17 0.884418 0.466695 5.78158e-17 0.944204 0.329361 5.4155e-17 0.884418 0.466695 4.92792e-17 0.80479 0.593559 4.32978e-17 0.707107 0.707107 4.92792e-17 0.80479 0.593559 4.32978e-17 0.707107 0.707107 6.01796e-17 0.982807 0.184638 6.01796e-17 0.982807 0.184638 6.11931e-17 0.99936 0.0357716 6.11931e-17 0.99936 0.0357716 6.08339e-17 0.993493 -0.113897 6.08339e-17 0.993493 -0.113897 5.91098e-17 0.965336 -0.26101 5.91098e-17 0.965336 -0.26101 4.32978e-17 0.707107 0.707107 4.32978e-17 0.707107 0.707107 4.32978e-17 0.707107 0.707107 4.32978e-17 0.707107 0.707107 -3.1537e-17 -0.515038 0.857167 -3.1537e-17 -0.515038 0.857167 -3.97672e-17 -0.649448 0.760406 -4.69067e-17 -0.766044 0.642788 -4.69067e-17 -0.766045 0.642788 -3.97672e-17 -0.649448 0.760406 -1.27309e-17 -0.207912 0.978148 -2.67091e-18 -0.0436192 0.999048 -2.67092e-18 -0.0436195 0.999048 -1.27309e-17 -0.207912 0.978148 -2.24417e-17 -0.366501 0.930418 -2.24417e-17 -0.366501 0.930418 2.68425e-17 0.438371 0.898794 2.68425e-17 0.438371 0.898794 1.73909e-17 0.284015 0.95882 1.73909e-17 0.284015 0.95882 7.46234e-18 0.121869 0.992546 7.46234e-18 0.121869 0.992546 3.55578e-17 0.580703 0.814116 3.55578e-17 0.580703 0.814116 4.32978e-17 0.707107 0.707107 4.32978e-17 0.707107 0.707107 -4.69067e-17 -0.766044 0.642788 -4.69067e-17 -0.766044 0.642788 -4.69067e-17 -0.766044 0.642788 -4.69067e-17 -0.766044 0.642788 -5.85568e-17 -0.956305 -0.292372 -6.07085e-17 -0.991445 -0.130526 -5.85568e-17 -0.956305 -0.292372 -5.47989e-17 -0.894934 -0.446198 -5.47989e-17 -0.894934 -0.446198 -4.9538e-17 -0.809017 -0.587785 -4.9538e-17 -0.809017 -0.587785 -4.29183e-17 -0.700909 -0.71325 -4.29183e-17 -0.700909 -0.71325 -3.51214e-17 -0.573577 -0.819152 -3.51214e-17 -0.573576 -0.819152 -6.07085e-17 -0.991445 -0.130526 -6.1195e-17 -0.999391 0.0348994 -6.1195e-17 -0.999391 0.0348994 -6.00031e-17 -0.979925 0.199368 -5.71653e-17 -0.93358 0.358368 -6.00031e-17 -0.979925 0.199368 -5.27596e-17 -0.861629 0.507538 -5.71653e-17 -0.93358 0.358368 -5.27596e-17 -0.861629 0.507538 -4.69067e-17 -0.766044 0.642788 -4.69067e-17 -0.766044 0.642788 -3.51214e-17 -0.573576 -0.819152 -3.51214e-17 -0.573576 -0.819152 -3.51214e-17 -0.573576 -0.819152 -3.51214e-17 -0.573576 -0.819152 -3.93594e-17 -0.642788 -0.766044 -3.93594e-17 -0.642788 -0.766044 -3.93594e-17 -0.642788 -0.766044 -3.93594e-17 -0.642788 -0.766044 8.46899e-18 0.138309 -0.990389 8.46899e-18 0.138309 -0.990389 1.74319e-17 0.284685 -0.958621 2.60038e-17 0.424674 -0.905346 2.60038e-17 0.424674 -0.905346 1.74319e-17 0.284685 -0.958621 -9.82154e-18 -0.160398 -0.987052 -1.87388e-17 -0.306028 -0.952023 -1.87388e-17 -0.306028 -0.952023 -9.82154e-18 -0.160398 -0.987052 -6.83949e-19 -0.0111697 -0.999938 -6.83949e-19 -0.0111697 -0.999938 -2.72356e-17 -0.444791 -0.895634 -2.72356e-17 -0.444791 -0.895634 -3.51214e-17 -0.573576 -0.819152 -3.51214e-17 -0.573576 -0.819152 4.69067e-17 0.766044 0.642788 4.69067e-17 0.766044 0.642788 4.69067e-17 0.766044 0.642788 4.69067e-17 0.766044 0.642788 6.04395e-17 0.987052 0.160398 5.82946e-17 0.952023 0.306028 6.04395e-17 0.987052 0.160398 5.82946e-17 0.952023 0.306028 5.48418e-17 0.895634 0.444792 5.01586e-17 0.819152 0.573577 5.48418e-17 0.895634 0.444792 5.01586e-17 0.819152 0.573577 6.12285e-17 0.999938 0.0111699 6.12285e-17 0.999938 0.0111699 6.06438e-17 0.990389 -0.138309 6.06438e-17 0.990389 -0.138309 5.86986e-17 0.958621 -0.284685 5.86986e-17 0.958621 -0.284685 5.54365e-17 0.905347 -0.424674 5.54365e-17 0.905347 -0.424674 5.01586e-17 0.819152 0.573576 5.01586e-17 0.819152 0.573576 5.01586e-17 0.819152 0.573576 5.01586e-17 0.819152 0.573576 -2.19437e-17 -0.358368 0.93358 -2.19437e-17 -0.358368 0.93358 -3.10778e-17 -0.507538 0.861629 -3.93594e-17 -0.642788 0.766044 -3.93594e-17 -0.642788 0.766044 -3.10778e-17 -0.507538 0.861629 -2.13698e-18 -0.0348996 0.999391 7.99242e-18 0.130526 0.991445 7.99242e-18 0.130526 0.991445 -2.13698e-18 -0.0348996 0.999391 -1.22078e-17 -0.199368 0.979925 -1.22078e-17 -0.199368 0.979925 3.59915e-17 0.587785 0.809017 3.59915e-17 0.587785 0.809017 2.73217e-17 0.446198 0.894934 2.73217e-17 0.446198 0.894934 1.79026e-17 0.292372 0.956305 1.79026e-17 0.292372 0.956305 4.3674e-17 0.71325 0.700909 4.3674e-17 0.71325 0.700909 5.01586e-17 0.819152 0.573576 5.01586e-17 0.819152 0.573576 -3.93594e-17 -0.642788 0.766044 -3.93594e-17 -0.642788 0.766044 -3.93594e-17 -0.642788 0.766044 -3.93594e-17 -0.642788 0.766044 -6.07759e-17 -0.992546 -0.121869 -6.11741e-17 -0.999048 0.0436193 -6.07759e-17 -0.992546 -0.121869 -5.87108e-17 -0.95882 -0.284015 -5.87108e-17 -0.95882 -0.284015 -5.50353e-17 -0.898794 -0.438371 -5.50353e-17 -0.898794 -0.438371 -4.98502e-17 -0.814116 -0.580703 -4.98502e-17 -0.814116 -0.580703 -4.32978e-17 -0.707107 -0.707107 -4.32978e-17 -0.707107 -0.707107 -6.11741e-17 -0.999048 0.0436193 -5.98943e-17 -0.978148 0.207912 -5.98943e-17 -0.978148 0.207912 -5.69716e-17 -0.930418 0.366501 -5.24864e-17 -0.857167 0.515038 -5.69716e-17 -0.930418 0.366501 -4.65614e-17 -0.760406 0.649448 -5.24864e-17 -0.857167 0.515038 -4.65614e-17 -0.760406 0.649448 -3.93594e-17 -0.642788 0.766044 -3.93594e-17 -0.642788 0.766044 -4.32978e-17 -0.707107 -0.707107 -4.32978e-17 -0.707107 -0.707107 -4.32978e-17 -0.707107 -0.707107 -4.32978e-17 -0.707107 -0.707107 -4.69067e-17 -0.766044 -0.642788 -4.69067e-17 -0.766044 -0.642788 -4.69067e-17 -0.766044 -0.642788 -4.69067e-17 -0.766044 -0.642788 -2.19037e-18 -0.0357715 -0.99936 -2.19037e-18 -0.0357715 -0.99936 6.97418e-18 0.113897 -0.993493 1.59823e-17 0.26101 -0.965336 1.59823e-17 0.26101 -0.965336 6.97417e-18 0.113897 -0.993493 -2.01675e-17 -0.329361 -0.944204 -2.85768e-17 -0.466695 -0.884418 -2.85768e-17 -0.466695 -0.884418 -2.01675e-17 -0.329361 -0.944204 -1.13058e-17 -0.184637 -0.982807 -1.13058e-17 -0.184637 -0.982807 -3.6345e-17 -0.593559 -0.80479 -3.6345e-17 -0.593559 -0.80479 -4.32978e-17 -0.707107 -0.707107 -4.32978e-17 -0.707107 -0.707107 2.09427e-17 0.34202 0.939693 2.09427e-17 0.34202 0.939693 2.09427e-17 0.34202 0.939693 2.09427e-17 0.34202 0.939693 4.74314e-17 0.774613 0.632435 4.11152e-17 0.671462 0.741039 4.74314e-17 0.774613 0.632435 4.11152e-17 0.671462 0.741039 3.38766e-17 0.553246 0.833018 2.58779e-17 0.422618 0.906308 3.38766e-17 0.553246 0.833018 2.58779e-17 0.422618 0.906308 5.26835e-17 0.860386 0.509642 5.26835e-17 0.860386 0.509642 5.67536e-17 0.926857 0.375416 5.67536e-17 0.926857 0.375416 5.95505e-17 0.972533 0.232766 5.95505e-17 0.972533 0.232766 6.10113e-17 0.99639 0.0848952 6.10113e-17 0.99639 0.0848952 2.58779e-17 0.422618 0.906308 2.58779e-17 0.422618 0.906308 2.58779e-17 0.422618 0.906308 2.58779e-17 0.422618 0.906308 -4.75865e-17 -0.777146 0.629321 -4.75865e-17 -0.777146 0.62932 -5.32939e-17 -0.870356 0.492424 -5.75396e-17 -0.939693 0.34202 -5.75396e-17 -0.939693 0.34202 -5.32939e-17 -0.870356 0.492424 -3.24482e-17 -0.529919 0.848048 -2.34326e-17 -0.382683 0.92388 -2.34326e-17 -0.382684 0.92388 -3.24482e-17 -0.529919 0.848048 -4.05738e-17 -0.66262 0.748956 -4.05738e-17 -0.66262 0.748956 6.40052e-18 0.104528 0.994522 6.40052e-18 0.104528 0.994522 -3.73815e-18 -0.0610486 0.998135 -3.73815e-18 -0.0610486 0.998135 -1.37743e-17 -0.224951 0.97437 -1.37743e-17 -0.224951 0.97437 1.63636e-17 0.267238 0.96363 1.63636e-17 0.267238 0.96363 2.58779e-17 0.422618 0.906308 2.58779e-17 0.422618 0.906308 -5.75396e-17 -0.939693 0.34202 -5.75396e-17 -0.939693 0.34202 -5.75396e-17 -0.939693 0.34202 -5.75396e-17 -0.939693 0.34202 -4.89023e-17 -0.798635 -0.601815 -5.43138e-17 -0.887011 -0.461748 -4.89023e-17 -0.798635 -0.601815 -4.21496e-17 -0.688355 -0.725374 -4.21496e-17 -0.688354 -0.725374 -3.42407e-17 -0.559193 -0.829038 -3.42407e-17 -0.559193 -0.829037 -2.53926e-17 -0.414693 -0.909961 -2.53926e-17 -0.414693 -0.909961 -1.58481e-17 -0.258819 -0.965926 -1.58481e-17 -0.258819 -0.965926 -5.43137e-17 -0.887011 -0.461749 -5.82354e-17 -0.951056 -0.309017 -5.82354e-17 -0.951056 -0.309017 -6.05598e-17 -0.989016 -0.147809 -6.1223e-17 -0.999848 0.0174524 -6.05598e-17 -0.989016 -0.147809 -6.0207e-17 -0.983255 0.182235 -6.1223e-17 -0.999848 0.0174524 -6.0207e-17 -0.983255 0.182235 -5.75396e-17 -0.939693 0.34202 -5.75396e-17 -0.939693 0.34202 -1.58481e-17 -0.258819 -0.965926 -1.58481e-17 -0.258819 -0.965926 -1.58481e-17 -0.258819 -0.965926 -1.58481e-17 -0.258819 -0.965926 -2.09427e-17 -0.34202 -0.939693 -2.09427e-17 -0.34202 -0.939693 -2.09427e-17 -0.34202 -0.939693 -2.09427e-17 -0.34202 -0.939693 2.86997e-17 0.468701 -0.883357 2.86997e-17 0.468701 -0.883357 3.64568e-17 0.595384 -0.803441 4.33959e-17 0.708709 -0.7055 4.33959e-17 0.708709 -0.7055 3.64567e-17 0.595384 -0.803441 1.14423e-17 0.186867 -0.982385 2.32922e-18 0.0380391 -0.999276 2.32922e-18 0.0380391 -0.999276 1.14423e-17 0.186867 -0.982385 2.02987e-17 0.331503 -0.943454 2.02987e-17 0.331503 -0.943454 -6.83612e-18 -0.111642 -0.993748 -6.83612e-18 -0.111642 -0.993748 -1.58481e-17 -0.258819 -0.965926 -1.58481e-17 -0.258819 -0.965926 3.06162e-17 0.5 0.866025 3.06162e-17 0.5 0.866025 3.06162e-17 0.5 0.866025 3.06162e-17 0.5 0.866025 5.34354e-17 0.872666 0.488317 4.83699e-17 0.789941 0.613183 5.34354e-17 0.872666 0.488317 4.83699e-17 0.789941 0.613183 4.22193e-17 0.689493 0.724292 3.51214e-17 0.573576 0.819152 4.22193e-17 0.689493 0.724292 3.51214e-17 0.573576 0.819152 5.73021e-17 0.935814 0.352495 5.73021e-17 0.935814 0.352495 5.98831e-17 0.977966 0.208765 5.98831e-17 0.977966 0.208765 6.11207e-17 0.998177 0.0603517 6.11207e-17 0.998177 0.0603517 6.09871e-17 0.995994 -0.0894158 6.09871e-17 0.995994 -0.0894158 3.51214e-17 0.573576 0.819152 3.51214e-17 0.573576 0.819152 3.51214e-17 0.573576 0.819152 3.51214e-17 0.573576 0.819152 -4.0172e-17 -0.656059 0.75471 -4.0172e-17 -0.656059 0.754709 -4.72484e-17 -0.771625 0.636078 -5.30288e-17 -0.866025 0.5 -5.30288e-17 -0.866026 0.5 -4.72484e-17 -0.771625 0.636078 -2.2938e-17 -0.374607 0.927184 -1.32531e-17 -0.216439 0.976296 -1.32531e-17 -0.21644 0.976296 -2.2938e-17 -0.374607 0.927184 -3.19938e-17 -0.522498 0.85264 -3.19938e-17 -0.522499 0.85264 1.68779e-17 0.275637 0.961262 1.68779e-17 0.275637 0.961262 6.93169e-18 0.113203 0.993572 6.93169e-18 0.113203 0.993572 -3.20466e-18 -0.052336 0.99863 -3.20466e-18 -0.052336 0.99863 2.63612e-17 0.430511 0.902585 2.63612e-17 0.430511 0.902585 3.51214e-17 0.573576 0.819152 3.51214e-17 0.573576 0.819152 -5.30288e-17 -0.866025 0.5 -5.30288e-17 -0.866025 0.5 -5.30288e-17 -0.866025 0.5 -5.30288e-17 -0.866025 0.5 -5.45584e-17 -0.891006 -0.453991 -5.83983e-17 -0.953717 -0.300706 -5.45584e-17 -0.891006 -0.453991 -4.9222e-17 -0.803857 -0.594823 -4.9222e-17 -0.803857 -0.594823 -4.25356e-17 -0.694658 -0.71934 -4.25356e-17 -0.694658 -0.71934 -3.46824e-17 -0.566406 -0.824126 -3.46824e-17 -0.566406 -0.824126 -2.58779e-17 -0.422618 -0.906308 -2.58779e-17 -0.422618 -0.906308 -5.83983e-17 -0.953717 -0.300706 -6.06364e-17 -0.990268 -0.139173 -6.06364e-17 -0.990268 -0.139173 -6.12114e-17 -0.999657 0.0261769 -6.01073e-17 -0.981627 0.190809 -6.12114e-17 -0.999657 0.0261769 -5.73546e-17 -0.936672 0.350207 -6.01073e-17 -0.981627 0.190809 -5.73546e-17 -0.936672 0.350207 -5.30288e-17 -0.866025 0.5 -5.30288e-17 -0.866025 0.5 -2.58779e-17 -0.422618 -0.906308 -2.58779e-17 -0.422618 -0.906308 -2.58779e-17 -0.422618 -0.906308 -2.58779e-17 -0.422618 -0.906308 -3.06162e-17 -0.5 -0.866025 -3.06162e-17 -0.5 -0.866025 -3.06162e-17 -0.5 -0.866025 -3.06162e-17 -0.5 -0.866025 1.8871e-17 0.308187 -0.951326 1.8871e-17 0.308187 -0.951326 2.736e-17 0.446823 -0.894623 3.52352e-17 0.575434 -0.817848 3.52352e-17 0.575434 -0.817848 2.736e-17 0.446822 -0.894623 8.22886e-19 0.0134388 -0.99991 -8.33135e-18 -0.136061 -0.9907 -8.33135e-18 -0.136061 -0.9907 8.22886e-19 0.0134388 -0.99991 9.95866e-18 0.162637 -0.986686 9.95866e-18 0.162637 -0.986686 -1.72987e-17 -0.282509 -0.959265 -1.72987e-17 -0.282509 -0.959265 -2.58779e-17 -0.422618 -0.906308 -2.58779e-17 -0.422618 -0.906308 5.75396e-17 0.939693 0.34202 5.75396e-17 0.939693 0.34202 5.75396e-17 0.939693 0.34202 5.75396e-17 0.939693 0.34202 6.01537e-17 0.982385 -0.186867 6.1188e-17 0.999276 -0.0380389 6.01537e-17 0.982385 -0.186867 6.1188e-17 0.999276 -0.0380389 6.08495e-17 0.993748 0.111642 5.91459e-17 0.965926 0.258819 6.08495e-17 0.993748 0.111642 5.91459e-17 0.965926 0.258819 5.77699e-17 0.943454 -0.331503 5.77699e-17 0.943454 -0.331503 5.409e-17 0.883357 -0.468701 5.409e-17 0.883357 -0.468701 4.91966e-17 0.803441 -0.595384 4.91966e-17 0.803441 -0.595384 4.31995e-17 0.705501 -0.708709 4.31995e-17 0.705501 -0.708709 5.91459e-17 0.965926 0.258819 5.91459e-17 0.965926 0.258819 5.91459e-17 0.965926 0.258819 5.91459e-17 0.965926 0.258819 -1.06864e-18 -0.0174523 0.999848 -1.06866e-18 -0.0174525 0.999848 -1.11587e-17 -0.182235 0.983255 -2.09427e-17 -0.34202 0.939693 -2.09427e-17 -0.34202 0.939693 -1.11587e-17 -0.182235 0.983255 1.89218e-17 0.309017 0.951057 2.8274e-17 0.461749 0.887011 2.82739e-17 0.461749 0.887011 1.89218e-17 0.309017 0.951057 9.05072e-18 0.14781 0.989016 9.05071e-18 0.147809 0.989016 5.07639e-17 0.829038 0.559193 5.07639e-17 0.829038 0.559193 4.44164e-17 0.725374 0.688355 4.44164e-17 0.725374 0.688355 3.68505e-17 0.601815 0.798636 3.68505e-17 0.601815 0.798636 5.57191e-17 0.909961 0.414693 5.57191e-17 0.909961 0.414693 5.91459e-17 0.965926 0.258819 5.91459e-17 0.965926 0.258819 -2.09427e-17 -0.34202 0.939693 -2.09427e-17 -0.34202 0.939693 -2.09427e-17 -0.34202 0.939693 -2.09427e-17 -0.34202 0.939693 -5.9663e-17 -0.97437 0.224951 -5.65713e-17 -0.92388 0.382684 -5.9663e-17 -0.97437 0.224951 -6.11181e-17 -0.998135 0.0610487 -6.11181e-17 -0.998135 0.0610484 -6.08969e-17 -0.994522 -0.104529 -6.08969e-17 -0.994522 -0.104528 -5.90053e-17 -0.96363 -0.267238 -5.90053e-17 -0.96363 -0.267238 -5.54953e-17 -0.906308 -0.422618 -5.54953e-17 -0.906308 -0.422618 -5.65713e-17 -0.92388 0.382683 -5.1928e-17 -0.848048 0.529919 -5.1928e-17 -0.848048 0.529919 -4.58603e-17 -0.748956 0.66262 -3.85348e-17 -0.62932 0.777146 -4.58603e-17 -0.748956 0.66262 -3.01522e-17 -0.492424 0.870356 -3.85348e-17 -0.62932 0.777146 -3.01522e-17 -0.492424 0.870356 -2.09427e-17 -0.34202 0.939693 -2.09427e-17 -0.34202 0.939693 -5.54953e-17 -0.906308 -0.422618 -5.54953e-17 -0.906308 -0.422618 -5.54953e-17 -0.906308 -0.422618 -5.54953e-17 -0.906308 -0.422618 -5.75396e-17 -0.939693 -0.34202 -5.75396e-17 -0.939693 -0.34202 -5.75396e-17 -0.939693 -0.34202 -5.75396e-17 -0.939693 -0.34202 -2.29876e-17 -0.375415 -0.926857 -2.29876e-17 -0.375415 -0.926857 -1.42528e-17 -0.232766 -0.972533 -5.19832e-18 -0.084895 -0.99639 -5.19832e-18 -0.084895 -0.99639 -1.42528e-17 -0.232767 -0.972533 -3.87255e-17 -0.632435 -0.774614 -4.53755e-17 -0.741039 -0.671462 -4.53755e-17 -0.741039 -0.671462 -3.87255e-17 -0.632435 -0.774614 -3.12066e-17 -0.509642 -0.860386 -3.12066e-17 -0.509642 -0.860386 -5.10076e-17 -0.833018 -0.553246 -5.10076e-17 -0.833018 -0.553246 -5.54953e-17 -0.906308 -0.422618 -5.54953e-17 -0.906308 -0.422618 5.30288e-17 0.866025 0.5 5.30288e-17 0.866025 0.5 5.30288e-17 0.866025 0.5 5.30288e-17 0.866025 0.5 6.12268e-17 0.99991 -0.0134386 6.06629e-17 0.9907 0.136061 6.12268e-17 0.99991 -0.0134386 6.06629e-17 0.9907 0.136061 5.8738e-17 0.959265 0.282509 5.54953e-17 0.906308 0.422618 5.8738e-17 0.959265 0.282509 5.54953e-17 0.906308 0.422618 6.04171e-17 0.986686 -0.162637 6.04171e-17 0.986686 -0.162637 5.82519e-17 0.951326 -0.308187 5.82519e-17 0.951326 -0.308187 5.47798e-17 0.894623 -0.446822 5.47798e-17 0.894623 -0.446822 5.00788e-17 0.817849 -0.575434 5.00788e-17 0.817849 -0.575434 5.54953e-17 0.906308 0.422618 5.54953e-17 0.906308 0.422618 5.54953e-17 0.906308 0.422618 5.54953e-17 0.906308 0.422618 -1.16837e-17 -0.190809 0.981627 -1.16837e-17 -0.190809 0.981627 -2.1444e-17 -0.350207 0.936672 -3.06162e-17 -0.5 0.866025 -3.06162e-17 -0.5 0.866025 -2.1444e-17 -0.350207 0.936672 8.52189e-18 0.139173 0.990268 1.84129e-17 0.300706 0.953717 1.84129e-17 0.300706 0.953717 8.52189e-18 0.139173 0.990268 -1.60287e-18 -0.0261768 0.999657 -1.60288e-18 -0.0261771 0.999657 4.40469e-17 0.71934 0.694658 4.40469e-17 0.71934 0.694658 3.64224e-17 0.594823 0.803857 3.64224e-17 0.594823 0.803857 2.77989e-17 0.45399 0.891007 2.77989e-17 0.45399 0.891007 5.04632e-17 0.824126 0.566406 5.04632e-17 0.824126 0.566406 5.54953e-17 0.906308 0.422618 5.54953e-17 0.906308 0.422618 -3.06162e-17 -0.5 0.866025 -3.06162e-17 -0.5 0.866025 -3.06162e-17 -0.5 0.866025 -3.06162e-17 -0.5 0.866025 -6.11484e-17 -0.99863 0.0523358 -5.97809e-17 -0.976296 0.21644 -6.11484e-17 -0.99863 0.0523358 -6.08387e-17 -0.993572 -0.113203 -6.08387e-17 -0.993572 -0.113203 -5.88603e-17 -0.961262 -0.275637 -5.88603e-17 -0.961262 -0.275637 -5.52674e-17 -0.902585 -0.430511 -5.52674e-17 -0.902585 -0.430511 -5.01586e-17 -0.819152 -0.573576 -5.01586e-17 -0.819152 -0.573577 -5.97809e-17 -0.976296 0.21644 -5.67736e-17 -0.927184 0.374607 -5.67736e-17 -0.927184 0.374607 -5.22092e-17 -0.85264 0.522498 -4.62126e-17 -0.75471 0.656059 -5.22092e-17 -0.85264 0.522498 -3.89486e-17 -0.636078 0.771625 -4.62126e-17 -0.75471 0.656059 -3.89486e-17 -0.636078 0.771625 -3.06162e-17 -0.5 0.866025 -3.06162e-17 -0.5 0.866025 -5.01586e-17 -0.819152 -0.573576 -5.01586e-17 -0.819152 -0.573576 -5.01586e-17 -0.819152 -0.573576 -5.01586e-17 -0.819152 -0.573576 -5.30288e-17 -0.866025 -0.5 -5.30288e-17 -0.866025 -0.5 -5.30288e-17 -0.866025 -0.5 -5.30288e-17 -0.866025 -0.5 -1.27832e-17 -0.208765 -0.977966 -1.27832e-17 -0.208765 -0.977966 -3.69546e-18 -0.0603515 -0.998177 5.47515e-18 0.089416 -0.995994 5.47515e-18 0.089416 -0.995994 -3.69548e-18 -0.0603518 -0.998177 -2.99008e-17 -0.488317 -0.872667 -3.75466e-17 -0.613183 -0.789941 -3.75466e-17 -0.613183 -0.789941 -2.99008e-17 -0.488317 -0.872667 -2.15841e-17 -0.352495 -0.935814 -2.15841e-17 -0.352495 -0.935814 -4.43501e-17 -0.724292 -0.689493 -4.43501e-17 -0.724292 -0.689493 -5.01586e-17 -0.819152 -0.573577 -5.01586e-17 -0.819152 -0.573577 6.03021e-17 0.984808 0.173648 6.03021e-17 0.984808 0.173648 6.03021e-17 0.984808 0.173648 6.03021e-17 0.984808 0.173648 5.72529e-17 0.935012 -0.354617 5.9854e-17 0.97749 -0.210984 5.72529e-17 0.935012 -0.354617 5.9854e-17 0.97749 -0.210984 6.11122e-17 0.998038 -0.0626162 6.09993e-17 0.996195 0.0871558 6.11122e-17 0.998038 -0.0626165 6.09993e-17 0.996195 0.0871558 5.33674e-17 0.871556 -0.490295 5.33674e-17 0.871556 -0.490295 4.82846e-17 0.788548 -0.614974 4.82846e-17 0.788548 -0.614974 4.21185e-17 0.687848 -0.725855 4.21185e-17 0.687848 -0.725855 3.50075e-17 0.571716 -0.820451 3.50075e-17 0.571716 -0.820451 6.09993e-17 0.996195 0.0871557 6.09993e-17 0.996195 0.0871557 6.09993e-17 0.996195 0.0871557 6.09993e-17 0.996195 0.0871557 9.57885e-18 0.156435 0.987688 9.57884e-18 0.156434 0.987688 -5.3434e-19 -0.00872644 0.999962 -1.06329e-17 -0.173648 0.984808 -1.06329e-17 -0.173648 0.984808 -5.3434e-19 -0.00872644 0.999962 2.87468e-17 0.469471 0.882948 3.72759e-17 0.608762 0.793353 3.72759e-17 0.608761 0.793353 2.87468e-17 0.469471 0.882948 1.94293e-17 0.317305 0.948324 1.94293e-17 0.317305 0.948324 5.59385e-17 0.913545 0.406737 5.59385e-17 0.913545 0.406737 5.10608e-17 0.833886 0.551937 5.10608e-17 0.833886 0.551937 4.47825e-17 0.731354 0.681998 4.47825e-17 0.731354 0.681998 5.92819e-17 0.968148 0.25038 5.92819e-17 0.968148 0.25038 6.09993e-17 0.996195 0.0871558 6.09993e-17 0.996195 0.0871558 -1.06329e-17 -0.173648 0.984808 -1.06329e-17 -0.173648 0.984808 -1.06329e-17 -0.173648 0.984808 -1.06329e-17 -0.173648 0.984808 -5.63647e-17 -0.920505 0.390731 -5.16428e-17 -0.843391 0.5373 -5.63647e-17 -0.920505 0.390731 -5.95405e-17 -0.97237 0.233445 -5.95405e-17 -0.97237 0.233445 -6.10832e-17 -0.997564 0.0697564 -6.10832e-17 -0.997564 0.0697566 -6.09504e-17 -0.995396 -0.0958457 -6.09504e-17 -0.995396 -0.0958457 -5.91459e-17 -0.965926 -0.258819 -5.91459e-17 -0.965926 -0.258819 -5.16428e-17 -0.843391 0.5373 -4.55045e-17 -0.743145 0.669131 -4.55045e-17 -0.743145 0.669131 -3.8118e-17 -0.622515 0.782608 -2.9686e-17 -0.48481 0.87462 -3.8118e-17 -0.622515 0.782608 -2.04398e-17 -0.333807 0.942641 -2.9686e-17 -0.48481 0.87462 -2.04398e-17 -0.333807 0.942641 -1.06329e-17 -0.173648 0.984808 -1.06329e-17 -0.173648 0.984808 -5.91459e-17 -0.965926 -0.258819 -5.91459e-17 -0.965926 -0.258819 -5.91459e-17 -0.965926 -0.258819 -5.91459e-17 -0.965926 -0.258819 -6.03021e-17 -0.984808 -0.173648 -6.03021e-17 -0.984808 -0.173648 -6.03021e-17 -0.984808 -0.173648 -6.03021e-17 -0.984808 -0.173648 -3.24935e-17 -0.530659 -0.847585 -3.24935e-17 -0.530659 -0.847585 -2.43771e-17 -0.398109 -0.917338 -1.57138e-17 -0.256627 -0.966511 -1.57138e-17 -0.256627 -0.966511 -2.43771e-17 -0.398109 -0.917338 -4.63735e-17 -0.757337 -0.653024 -5.18258e-17 -0.846379 -0.532581 -5.18258e-17 -0.846379 -0.532581 -4.63735e-17 -0.757337 -0.653024 -3.98809e-17 -0.651304 -0.758817 -3.98809e-17 -0.651304 -0.758817 -5.61153e-17 -0.916433 -0.400189 -5.61153e-17 -0.916433 -0.400189 -5.91459e-17 -0.965926 -0.258819 -5.91459e-17 -0.965926 -0.258819 6.12323e-17 1 2.55106e-16 6.12323e-17 1 2.55106e-16 6.12323e-17 1 2.55106e-16 6.12323e-17 1 2.55106e-16 5.26125e-17 0.859228 -0.511593 5.67013e-17 0.926002 -0.377518 5.26125e-17 0.859228 -0.511593 5.67013e-17 0.926002 -0.377518 5.9518e-17 0.972002 -0.234972 6.09993e-17 0.996195 -0.0871556 5.9518e-17 0.972002 -0.234972 6.09993e-17 0.996195 -0.0871556 4.73434e-17 0.773177 -0.634191 4.73434e-17 0.773177 -0.634191 4.10121e-17 0.669779 -0.742561 4.10121e-17 0.669779 -0.742561 3.37607e-17 0.551355 -0.834271 3.37607e-17 0.551355 -0.834271 2.57519e-17 0.420561 -0.907264 2.57519e-17 0.420561 -0.907264 6.09993e-17 0.996195 -0.0871557 6.09993e-17 0.996195 -0.0871557 6.09993e-17 0.996195 -0.0871557 6.09993e-17 0.996195 -0.0871557 1.99353e-17 0.325568 0.945519 1.99353e-17 0.325568 0.945519 1.01063e-17 0.165048 0.986286 4.79176e-24 7.82554e-08 1 -9.80717e-24 -1.60163e-07 1 1.01063e-17 0.165048 0.986286 3.76984e-17 0.615661 0.788011 4.51452e-17 0.737277 0.67559 4.51452e-17 0.737277 0.67559 3.76984e-17 0.615661 0.788011 2.92176e-17 0.477159 0.878817 2.92175e-17 0.477159 0.878817 5.94135e-17 0.970296 0.241922 5.94135e-17 0.970296 0.241922 5.61537e-17 0.91706 0.398749 5.61537e-17 0.91706 0.398749 5.13538e-17 0.838671 0.544639 5.13538e-17 0.838671 0.544639 6.10436e-17 0.996917 0.0784591 6.10436e-17 0.996917 0.0784591 6.09993e-17 0.996195 -0.0871557 6.09993e-17 0.996195 -0.0871557 0 0 1 0 0 1 0 0 1 0 0 1 -5.13538e-17 -0.838671 0.544639 -4.51452e-17 -0.737277 0.67559 -5.13538e-17 -0.838671 0.544639 -5.61537e-17 -0.91706 0.398749 -5.61537e-17 -0.91706 0.398749 -5.94135e-17 -0.970296 0.241922 -5.94135e-17 -0.970296 0.241922 -6.10436e-17 -0.996917 0.0784592 -6.10436e-17 -0.996917 0.0784592 -6.09993e-17 -0.996195 -0.0871557 -6.09993e-17 -0.996195 -0.0871559 -4.51452e-17 -0.737277 0.67559 -3.76984e-17 -0.615662 0.788011 -3.76984e-17 -0.615662 0.788011 -2.92176e-17 -0.477159 0.878817 -1.99353e-17 -0.325568 0.945519 -2.92176e-17 -0.477159 0.878817 -1.01063e-17 -0.165048 0.986286 -1.99353e-17 -0.325568 0.945519 -1.01063e-17 -0.165048 0.986286 -8.99034e-25 -1.46823e-08 1 -8.99034e-25 -1.46823e-08 1 -6.09993e-17 -0.996195 -0.0871557 -6.09993e-17 -0.996195 -0.0871557 -6.09993e-17 -0.996195 -0.0871557 -6.09993e-17 -0.996195 -0.0871557 -6.12323e-17 -1 -2.55106e-16 -6.12323e-17 -1 -2.55106e-16 -6.12323e-17 -1 -2.55106e-16 -6.12323e-17 -1 -2.55106e-16 -4.10121e-17 -0.669779 -0.742561 -4.10121e-17 -0.669779 -0.742561 -3.37607e-17 -0.551355 -0.834271 -2.57519e-17 -0.420561 -0.907264 -2.57519e-17 -0.420561 -0.907264 -3.37607e-17 -0.551355 -0.834271 -5.26125e-17 -0.859228 -0.511593 -5.67013e-17 -0.926002 -0.377518 -5.67013e-17 -0.926002 -0.377518 -5.26125e-17 -0.859228 -0.511593 -4.73434e-17 -0.773176 -0.634191 -4.73434e-17 -0.773176 -0.634191 -5.9518e-17 -0.972002 -0.234973 -5.9518e-17 -0.972002 -0.234973 -6.09993e-17 -0.996195 -0.0871558 -6.09993e-17 -0.996195 -0.0871558 -5.30288e-17 -0.866025 -0.5 -5.30288e-17 -0.866025 -0.5 -5.30288e-17 -0.866025 -0.5 -5.30288e-17 -0.866025 -0.5 -6.12268e-17 -0.99991 0.0134386 -6.06629e-17 -0.9907 -0.136061 -6.12268e-17 -0.99991 0.0134386 -6.06629e-17 -0.9907 -0.136061 -5.8738e-17 -0.959265 -0.282509 -5.54953e-17 -0.906308 -0.422618 -5.8738e-17 -0.959265 -0.282509 -5.54953e-17 -0.906308 -0.422618 -6.04171e-17 -0.986686 0.162637 -6.04171e-17 -0.986686 0.162637 -5.82519e-17 -0.951326 0.308187 -5.82519e-17 -0.951326 0.308187 -5.47798e-17 -0.894623 0.446822 -5.47798e-17 -0.894623 0.446822 -5.00788e-17 -0.817849 0.575434 -5.00788e-17 -0.817849 0.575434 -5.54953e-17 -0.906308 -0.422618 -5.54953e-17 -0.906308 -0.422618 -5.54953e-17 -0.906308 -0.422618 -5.54953e-17 -0.906308 -0.422618 1.16837e-17 0.190809 -0.981627 1.16837e-17 0.190809 -0.981627 2.1444e-17 0.350207 -0.936672 3.06162e-17 0.5 -0.866025 3.06162e-17 0.5 -0.866025 2.1444e-17 0.350207 -0.936672 -8.52189e-18 -0.139173 -0.990268 -1.84129e-17 -0.300706 -0.953717 -1.84129e-17 -0.300706 -0.953717 -8.52189e-18 -0.139173 -0.990268 1.60287e-18 0.0261768 -0.999657 1.60288e-18 0.0261771 -0.999657 -4.40469e-17 -0.71934 -0.694658 -4.40469e-17 -0.71934 -0.694658 -3.64224e-17 -0.594823 -0.803857 -3.64224e-17 -0.594823 -0.803857 -2.77989e-17 -0.45399 -0.891007 -2.77989e-17 -0.45399 -0.891007 -5.04632e-17 -0.824126 -0.566406 -5.04632e-17 -0.824126 -0.566406 -5.54953e-17 -0.906308 -0.422618 -5.54953e-17 -0.906308 -0.422618 3.06162e-17 0.5 -0.866025 3.06162e-17 0.5 -0.866025 3.06162e-17 0.5 -0.866025 3.06162e-17 0.5 -0.866025 6.11484e-17 0.99863 -0.0523358 5.97809e-17 0.976296 -0.21644 6.11484e-17 0.99863 -0.0523358 6.08387e-17 0.993572 0.113203 6.08387e-17 0.993572 0.113203 5.88603e-17 0.961262 0.275637 5.88603e-17 0.961262 0.275637 5.52674e-17 0.902585 0.430511 5.52674e-17 0.902585 0.430511 5.01586e-17 0.819152 0.573576 5.01586e-17 0.819152 0.573577 5.97809e-17 0.976296 -0.21644 5.67736e-17 0.927184 -0.374607 5.67736e-17 0.927184 -0.374607 5.22092e-17 0.85264 -0.522498 4.62126e-17 0.75471 -0.656059 5.22092e-17 0.85264 -0.522498 3.89486e-17 0.636078 -0.771625 4.62126e-17 0.75471 -0.656059 3.89486e-17 0.636078 -0.771625 3.06162e-17 0.5 -0.866025 3.06162e-17 0.5 -0.866025 5.01586e-17 0.819152 0.573576 5.01586e-17 0.819152 0.573576 5.01586e-17 0.819152 0.573576 5.01586e-17 0.819152 0.573576 5.30288e-17 0.866025 0.5 5.30288e-17 0.866025 0.5 5.30288e-17 0.866025 0.5 5.30288e-17 0.866025 0.5 1.27832e-17 0.208765 0.977966 1.27832e-17 0.208765 0.977966 3.69546e-18 0.0603515 0.998177 -5.47515e-18 -0.089416 0.995994 -5.47515e-18 -0.089416 0.995994 3.69548e-18 0.0603518 0.998177 2.99008e-17 0.488317 0.872667 3.75466e-17 0.613183 0.789941 3.75466e-17 0.613183 0.789941 2.99008e-17 0.488317 0.872667 2.15841e-17 0.352495 0.935814 2.15841e-17 0.352495 0.935814 4.43501e-17 0.724292 0.689493 4.43501e-17 0.724292 0.689493 5.01586e-17 0.819152 0.573577 5.01586e-17 0.819152 0.573577 -5.75396e-17 -0.939693 -0.34202 -5.75396e-17 -0.939693 -0.34202 -5.75396e-17 -0.939693 -0.34202 -5.75396e-17 -0.939693 -0.34202 -6.01537e-17 -0.982385 0.186867 -6.1188e-17 -0.999276 0.0380389 -6.01537e-17 -0.982385 0.186867 -6.1188e-17 -0.999276 0.0380389 -6.08495e-17 -0.993748 -0.111642 -5.91459e-17 -0.965926 -0.258819 -6.08495e-17 -0.993748 -0.111642 -5.91459e-17 -0.965926 -0.258819 -5.77699e-17 -0.943454 0.331503 -5.77699e-17 -0.943454 0.331503 -5.409e-17 -0.883357 0.468701 -5.409e-17 -0.883357 0.468701 -4.91966e-17 -0.803441 0.595384 -4.91966e-17 -0.803441 0.595384 -4.31995e-17 -0.705501 0.708709 -4.31995e-17 -0.705501 0.708709 -5.91459e-17 -0.965926 -0.258819 -5.91459e-17 -0.965926 -0.258819 -5.91459e-17 -0.965926 -0.258819 -5.91459e-17 -0.965926 -0.258819 1.06864e-18 0.0174523 -0.999848 1.06866e-18 0.0174525 -0.999848 1.11587e-17 0.182235 -0.983255 2.09427e-17 0.34202 -0.939693 2.09427e-17 0.34202 -0.939693 1.11587e-17 0.182235 -0.983255 -1.89218e-17 -0.309017 -0.951057 -2.8274e-17 -0.461749 -0.887011 -2.82739e-17 -0.461749 -0.887011 -1.89218e-17 -0.309017 -0.951057 -9.05072e-18 -0.14781 -0.989016 -9.05071e-18 -0.147809 -0.989016 -5.07639e-17 -0.829038 -0.559193 -5.07639e-17 -0.829038 -0.559193 -4.44164e-17 -0.725374 -0.688355 -4.44164e-17 -0.725374 -0.688355 -3.68505e-17 -0.601815 -0.798636 -3.68505e-17 -0.601815 -0.798636 -5.57191e-17 -0.909961 -0.414693 -5.57191e-17 -0.909961 -0.414693 -5.91459e-17 -0.965926 -0.258819 -5.91459e-17 -0.965926 -0.258819 2.09427e-17 0.34202 -0.939693 2.09427e-17 0.34202 -0.939693 2.09427e-17 0.34202 -0.939693 2.09427e-17 0.34202 -0.939693 5.9663e-17 0.97437 -0.224951 5.65713e-17 0.92388 -0.382684 5.9663e-17 0.97437 -0.224951 6.11181e-17 0.998135 -0.0610487 6.11181e-17 0.998135 -0.0610484 6.08969e-17 0.994522 0.104529 6.08969e-17 0.994522 0.104528 5.90053e-17 0.96363 0.267238 5.90053e-17 0.96363 0.267238 5.54953e-17 0.906308 0.422618 5.54953e-17 0.906308 0.422618 5.65713e-17 0.92388 -0.382683 5.1928e-17 0.848048 -0.529919 5.1928e-17 0.848048 -0.529919 4.58603e-17 0.748956 -0.66262 3.85348e-17 0.62932 -0.777146 4.58603e-17 0.748956 -0.66262 3.01522e-17 0.492424 -0.870356 3.85348e-17 0.62932 -0.777146 3.01522e-17 0.492424 -0.870356 2.09427e-17 0.34202 -0.939693 2.09427e-17 0.34202 -0.939693 5.54953e-17 0.906308 0.422618 5.54953e-17 0.906308 0.422618 5.54953e-17 0.906308 0.422618 5.54953e-17 0.906308 0.422618 5.75396e-17 0.939693 0.34202 5.75396e-17 0.939693 0.34202 5.75396e-17 0.939693 0.34202 5.75396e-17 0.939693 0.34202 2.29876e-17 0.375415 0.926857 2.29876e-17 0.375415 0.926857 1.42528e-17 0.232766 0.972533 5.19832e-18 0.084895 0.99639 5.19832e-18 0.084895 0.99639 1.42528e-17 0.232767 0.972533 3.87255e-17 0.632435 0.774614 4.53755e-17 0.741039 0.671462 4.53755e-17 0.741039 0.671462 3.87255e-17 0.632435 0.774614 3.12066e-17 0.509642 0.860386 3.12066e-17 0.509642 0.860386 5.10076e-17 0.833018 0.553246 5.10076e-17 0.833018 0.553246 5.54953e-17 0.906308 0.422618 5.54953e-17 0.906308 0.422618 -3.93594e-17 -0.642788 -0.766044 -3.93594e-17 -0.642788 -0.766044 -3.93594e-17 -0.642788 -0.766044 -3.93594e-17 -0.642788 -0.766044 -5.78158e-17 -0.944204 -0.329361 -5.4155e-17 -0.884418 -0.466695 -5.78158e-17 -0.944204 -0.329361 -5.4155e-17 -0.884418 -0.466695 -4.92792e-17 -0.80479 -0.593559 -4.32978e-17 -0.707107 -0.707107 -4.92792e-17 -0.80479 -0.593559 -4.32978e-17 -0.707107 -0.707107 -6.01796e-17 -0.982807 -0.184638 -6.01796e-17 -0.982807 -0.184638 -6.11931e-17 -0.99936 -0.0357716 -6.11931e-17 -0.99936 -0.0357716 -6.08339e-17 -0.993493 0.113897 -6.08339e-17 -0.993493 0.113897 -5.91098e-17 -0.965336 0.26101 -5.91098e-17 -0.965336 0.26101 -4.32978e-17 -0.707107 -0.707107 -4.32978e-17 -0.707107 -0.707107 -4.32978e-17 -0.707107 -0.707107 -4.32978e-17 -0.707107 -0.707107 3.1537e-17 0.515038 -0.857167 3.1537e-17 0.515038 -0.857167 3.97672e-17 0.649448 -0.760406 4.69067e-17 0.766044 -0.642788 4.69067e-17 0.766045 -0.642788 3.97672e-17 0.649448 -0.760406 1.27309e-17 0.207912 -0.978148 2.67091e-18 0.0436192 -0.999048 2.67092e-18 0.0436195 -0.999048 1.27309e-17 0.207912 -0.978148 2.24417e-17 0.366501 -0.930418 2.24417e-17 0.366501 -0.930418 -2.68425e-17 -0.438371 -0.898794 -2.68425e-17 -0.438371 -0.898794 -1.73909e-17 -0.284015 -0.95882 -1.73909e-17 -0.284015 -0.95882 -7.46234e-18 -0.121869 -0.992546 -7.46234e-18 -0.121869 -0.992546 -3.55578e-17 -0.580703 -0.814116 -3.55578e-17 -0.580703 -0.814116 -4.32978e-17 -0.707107 -0.707107 -4.32978e-17 -0.707107 -0.707107 4.69067e-17 0.766044 -0.642788 4.69067e-17 0.766044 -0.642788 4.69067e-17 0.766044 -0.642788 4.69067e-17 0.766044 -0.642788 5.85568e-17 0.956305 0.292372 6.07085e-17 0.991445 0.130526 5.85568e-17 0.956305 0.292372 5.47989e-17 0.894934 0.446198 5.47989e-17 0.894934 0.446198 4.9538e-17 0.809017 0.587785 4.9538e-17 0.809017 0.587785 4.29183e-17 0.700909 0.71325 4.29183e-17 0.700909 0.71325 3.51214e-17 0.573577 0.819152 3.51214e-17 0.573576 0.819152 6.07085e-17 0.991445 0.130526 6.1195e-17 0.999391 -0.0348994 6.1195e-17 0.999391 -0.0348994 6.00031e-17 0.979925 -0.199368 5.71653e-17 0.93358 -0.358368 6.00031e-17 0.979925 -0.199368 5.27596e-17 0.861629 -0.507538 5.71653e-17 0.93358 -0.358368 5.27596e-17 0.861629 -0.507538 4.69067e-17 0.766044 -0.642788 4.69067e-17 0.766044 -0.642788 3.51214e-17 0.573576 0.819152 3.51214e-17 0.573576 0.819152 3.51214e-17 0.573576 0.819152 3.51214e-17 0.573576 0.819152 3.93594e-17 0.642788 0.766044 3.93594e-17 0.642788 0.766044 3.93594e-17 0.642788 0.766044 3.93594e-17 0.642788 0.766044 -8.46899e-18 -0.138309 0.990389 -8.46899e-18 -0.138309 0.990389 -1.74319e-17 -0.284685 0.958621 -2.60038e-17 -0.424674 0.905346 -2.60038e-17 -0.424674 0.905346 -1.74319e-17 -0.284685 0.958621 9.82154e-18 0.160398 0.987052 1.87388e-17 0.306028 0.952023 1.87388e-17 0.306028 0.952023 9.82154e-18 0.160398 0.987052 6.83949e-19 0.0111697 0.999938 6.83949e-19 0.0111697 0.999938 2.72356e-17 0.444791 0.895634 2.72356e-17 0.444791 0.895634 3.51214e-17 0.573576 0.819152 3.51214e-17 0.573576 0.819152 -4.69067e-17 -0.766044 -0.642788 -4.69067e-17 -0.766044 -0.642788 -4.69067e-17 -0.766044 -0.642788 -4.69067e-17 -0.766044 -0.642788 -6.04395e-17 -0.987052 -0.160398 -5.82946e-17 -0.952023 -0.306028 -6.04395e-17 -0.987052 -0.160398 -5.82946e-17 -0.952023 -0.306028 -5.48418e-17 -0.895634 -0.444792 -5.01586e-17 -0.819152 -0.573577 -5.48418e-17 -0.895634 -0.444792 -5.01586e-17 -0.819152 -0.573577 -6.12285e-17 -0.999938 -0.0111699 -6.12285e-17 -0.999938 -0.0111699 -6.06438e-17 -0.990389 0.138309 -6.06438e-17 -0.990389 0.138309 -5.86986e-17 -0.958621 0.284685 -5.86986e-17 -0.958621 0.284685 -5.54365e-17 -0.905347 0.424674 -5.54365e-17 -0.905347 0.424674 -5.01586e-17 -0.819152 -0.573576 -5.01586e-17 -0.819152 -0.573576 -5.01586e-17 -0.819152 -0.573576 -5.01586e-17 -0.819152 -0.573576 2.19437e-17 0.358368 -0.93358 2.19437e-17 0.358368 -0.93358 3.10778e-17 0.507538 -0.861629 3.93594e-17 0.642788 -0.766044 3.93594e-17 0.642788 -0.766044 3.10778e-17 0.507538 -0.861629 2.13698e-18 0.0348996 -0.999391 -7.99242e-18 -0.130526 -0.991445 -7.99242e-18 -0.130526 -0.991445 2.13698e-18 0.0348996 -0.999391 1.22078e-17 0.199368 -0.979925 1.22078e-17 0.199368 -0.979925 -3.59915e-17 -0.587785 -0.809017 -3.59915e-17 -0.587785 -0.809017 -2.73217e-17 -0.446198 -0.894934 -2.73217e-17 -0.446198 -0.894934 -1.79026e-17 -0.292372 -0.956305 -1.79026e-17 -0.292372 -0.956305 -4.3674e-17 -0.71325 -0.700909 -4.3674e-17 -0.71325 -0.700909 -5.01586e-17 -0.819152 -0.573576 -5.01586e-17 -0.819152 -0.573576 3.93594e-17 0.642788 -0.766044 3.93594e-17 0.642788 -0.766044 3.93594e-17 0.642788 -0.766044 3.93594e-17 0.642788 -0.766044 6.07759e-17 0.992546 0.121869 6.11741e-17 0.999048 -0.0436193 6.07759e-17 0.992546 0.121869 5.87108e-17 0.95882 0.284015 5.87108e-17 0.95882 0.284015 5.50353e-17 0.898794 0.438371 5.50353e-17 0.898794 0.438371 4.98502e-17 0.814116 0.580703 4.98502e-17 0.814116 0.580703 4.32978e-17 0.707107 0.707107 4.32978e-17 0.707107 0.707107 6.11741e-17 0.999048 -0.0436193 5.98943e-17 0.978148 -0.207912 5.98943e-17 0.978148 -0.207912 5.69716e-17 0.930418 -0.366501 5.24864e-17 0.857167 -0.515038 5.69716e-17 0.930418 -0.366501 4.65614e-17 0.760406 -0.649448 5.24864e-17 0.857167 -0.515038 4.65614e-17 0.760406 -0.649448 3.93594e-17 0.642788 -0.766044 3.93594e-17 0.642788 -0.766044 4.32978e-17 0.707107 0.707107 4.32978e-17 0.707107 0.707107 4.32978e-17 0.707107 0.707107 4.32978e-17 0.707107 0.707107 4.69067e-17 0.766044 0.642788 4.69067e-17 0.766044 0.642788 4.69067e-17 0.766044 0.642788 4.69067e-17 0.766044 0.642788 2.19037e-18 0.0357715 0.99936 2.19037e-18 0.0357715 0.99936 -6.97418e-18 -0.113897 0.993493 -1.59823e-17 -0.26101 0.965336 -1.59823e-17 -0.26101 0.965336 -6.97417e-18 -0.113897 0.993493 2.01675e-17 0.329361 0.944204 2.85768e-17 0.466695 0.884418 2.85768e-17 0.466695 0.884418 2.01675e-17 0.329361 0.944204 1.13058e-17 0.184637 0.982807 1.13058e-17 0.184637 0.982807 3.6345e-17 0.593559 0.80479 3.6345e-17 0.593559 0.80479 4.32978e-17 0.707107 0.707107 4.32978e-17 0.707107 0.707107 -6.03021e-17 -0.984808 -0.173648 -6.03021e-17 -0.984808 -0.173648 -6.03021e-17 -0.984808 -0.173648 -6.03021e-17 -0.984808 -0.173648 -5.72529e-17 -0.935012 0.354617 -5.9854e-17 -0.97749 0.210984 -5.72529e-17 -0.935012 0.354617 -5.9854e-17 -0.97749 0.210984 -6.11122e-17 -0.998038 0.0626162 -6.09993e-17 -0.996195 -0.0871558 -6.11122e-17 -0.998038 0.0626165 -6.09993e-17 -0.996195 -0.0871558 -5.33674e-17 -0.871556 0.490295 -5.33674e-17 -0.871556 0.490295 -4.82846e-17 -0.788548 0.614974 -4.82846e-17 -0.788548 0.614974 -4.21185e-17 -0.687848 0.725855 -4.21185e-17 -0.687848 0.725855 -3.50075e-17 -0.571716 0.820451 -3.50075e-17 -0.571716 0.820451 -6.09993e-17 -0.996195 -0.0871557 -6.09993e-17 -0.996195 -0.0871557 -6.09993e-17 -0.996195 -0.0871557 -6.09993e-17 -0.996195 -0.0871557 -9.57885e-18 -0.156435 -0.987688 -9.57884e-18 -0.156434 -0.987688 5.3434e-19 0.00872644 -0.999962 1.06329e-17 0.173648 -0.984808 1.06329e-17 0.173648 -0.984808 5.3434e-19 0.00872644 -0.999962 -2.87468e-17 -0.469471 -0.882948 -3.72759e-17 -0.608762 -0.793353 -3.72759e-17 -0.608761 -0.793353 -2.87468e-17 -0.469471 -0.882948 -1.94293e-17 -0.317305 -0.948324 -1.94293e-17 -0.317305 -0.948324 -5.59385e-17 -0.913545 -0.406737 -5.59385e-17 -0.913545 -0.406737 -5.10608e-17 -0.833886 -0.551937 -5.10608e-17 -0.833886 -0.551937 -4.47825e-17 -0.731354 -0.681998 -4.47825e-17 -0.731354 -0.681998 -5.92819e-17 -0.968148 -0.25038 -5.92819e-17 -0.968148 -0.25038 -6.09993e-17 -0.996195 -0.0871558 -6.09993e-17 -0.996195 -0.0871558 1.06329e-17 0.173648 -0.984808 1.06329e-17 0.173648 -0.984808 1.06329e-17 0.173648 -0.984808 1.06329e-17 0.173648 -0.984808 5.63647e-17 0.920505 -0.390731 5.16428e-17 0.843391 -0.5373 5.63647e-17 0.920505 -0.390731 5.95405e-17 0.97237 -0.233445 5.95405e-17 0.97237 -0.233445 6.10832e-17 0.997564 -0.0697564 6.10832e-17 0.997564 -0.0697566 6.09504e-17 0.995396 0.0958457 6.09504e-17 0.995396 0.0958457 5.91459e-17 0.965926 0.258819 5.91459e-17 0.965926 0.258819 5.16428e-17 0.843391 -0.5373 4.55045e-17 0.743145 -0.669131 4.55045e-17 0.743145 -0.669131 3.8118e-17 0.622515 -0.782608 2.9686e-17 0.48481 -0.87462 3.8118e-17 0.622515 -0.782608 2.04398e-17 0.333807 -0.942641 2.9686e-17 0.48481 -0.87462 2.04398e-17 0.333807 -0.942641 1.06329e-17 0.173648 -0.984808 1.06329e-17 0.173648 -0.984808 5.91459e-17 0.965926 0.258819 5.91459e-17 0.965926 0.258819 5.91459e-17 0.965926 0.258819 5.91459e-17 0.965926 0.258819 6.03021e-17 0.984808 0.173648 6.03021e-17 0.984808 0.173648 6.03021e-17 0.984808 0.173648 6.03021e-17 0.984808 0.173648 3.24935e-17 0.530659 0.847585 3.24935e-17 0.530659 0.847585 2.43771e-17 0.398109 0.917338 1.57138e-17 0.256627 0.966511 1.57138e-17 0.256627 0.966511 2.43771e-17 0.398109 0.917338 4.63735e-17 0.757337 0.653024 5.18258e-17 0.846379 0.532581 5.18258e-17 0.846379 0.532581 4.63735e-17 0.757337 0.653024 3.98809e-17 0.651304 0.758817 3.98809e-17 0.651304 0.758817 5.61153e-17 0.916433 0.400189 5.61153e-17 0.916433 0.400189 5.91459e-17 0.965926 0.258819 5.91459e-17 0.965926 0.258819 -6.12323e-17 -1 -5.10213e-16 -6.12323e-17 -1 -5.10213e-16 -6.12323e-17 -1 -5.10213e-16 -6.12323e-17 -1 -5.10213e-16 -5.26125e-17 -0.859228 0.511593 -5.67013e-17 -0.926002 0.377518 -5.26125e-17 -0.859228 0.511593 -5.67013e-17 -0.926002 0.377518 -5.9518e-17 -0.972002 0.234972 -6.09993e-17 -0.996195 0.0871556 -5.9518e-17 -0.972002 0.234972 -6.09993e-17 -0.996195 0.0871556 -4.73434e-17 -0.773177 0.634191 -4.73434e-17 -0.773177 0.634191 -4.10121e-17 -0.669779 0.742561 -4.10121e-17 -0.669779 0.742561 -3.37607e-17 -0.551355 0.834271 -3.37607e-17 -0.551355 0.834271 -2.57519e-17 -0.420561 0.907264 -2.57519e-17 -0.420561 0.907264 -6.09993e-17 -0.996195 0.0871557 -6.09993e-17 -0.996195 0.0871557 -6.09993e-17 -0.996195 0.0871557 -6.09993e-17 -0.996195 0.0871557 -1.99353e-17 -0.325568 -0.945519 -1.99353e-17 -0.325568 -0.945519 -1.01063e-17 -0.165048 -0.986286 -4.79176e-24 -7.82554e-08 -1 9.80717e-24 1.60163e-07 -1 -1.01063e-17 -0.165048 -0.986286 -3.76984e-17 -0.615661 -0.788011 -4.51452e-17 -0.737277 -0.67559 -4.51452e-17 -0.737277 -0.67559 -3.76984e-17 -0.615661 -0.788011 -2.92176e-17 -0.477159 -0.878817 -2.92175e-17 -0.477159 -0.878817 -5.94135e-17 -0.970296 -0.241922 -5.94135e-17 -0.970296 -0.241922 -5.61537e-17 -0.91706 -0.398749 -5.61537e-17 -0.91706 -0.398749 -5.13538e-17 -0.838671 -0.544639 -5.13538e-17 -0.838671 -0.544639 -6.10436e-17 -0.996917 -0.0784591 -6.10436e-17 -0.996917 -0.0784591 -6.09993e-17 -0.996195 0.0871557 -6.09993e-17 -0.996195 0.0871557 0 0 -1 0 0 -1 0 0 -1 0 0 -1 5.13538e-17 0.838671 -0.544639 4.51452e-17 0.737277 -0.67559 5.13538e-17 0.838671 -0.544639 5.61537e-17 0.91706 -0.398749 5.61537e-17 0.91706 -0.398749 5.94135e-17 0.970296 -0.241922 5.94135e-17 0.970296 -0.241922 6.10436e-17 0.996917 -0.0784592 6.10436e-17 0.996917 -0.0784592 6.09993e-17 0.996195 0.0871557 6.09993e-17 0.996195 0.0871559 4.51452e-17 0.737277 -0.67559 3.76984e-17 0.615662 -0.788011 3.76984e-17 0.615662 -0.788011 2.92176e-17 0.477159 -0.878817 1.99353e-17 0.325568 -0.945519 2.92176e-17 0.477159 -0.878817 1.01063e-17 0.165048 -0.986286 1.99353e-17 0.325568 -0.945519 1.01063e-17 0.165048 -0.986286 8.99034e-25 1.46823e-08 -1 8.99034e-25 1.46823e-08 -1 6.09993e-17 0.996195 0.0871557 6.09993e-17 0.996195 0.0871557 6.09993e-17 0.996195 0.0871557 6.09993e-17 0.996195 0.0871557 6.12323e-17 1 2.55106e-16 6.12323e-17 1 2.55106e-16 6.12323e-17 1 2.55106e-16 6.12323e-17 1 2.55106e-16 4.10121e-17 0.669779 0.742561 4.10121e-17 0.669779 0.742561 3.37607e-17 0.551355 0.834271 2.57519e-17 0.420561 0.907264 2.57519e-17 0.420561 0.907264 3.37607e-17 0.551355 0.834271 5.26125e-17 0.859228 0.511593 5.67013e-17 0.926002 0.377518 5.67013e-17 0.926002 0.377518 5.26125e-17 0.859228 0.511593 4.73434e-17 0.773176 0.634191 4.73434e-17 0.773176 0.634191 5.9518e-17 0.972002 0.234973 5.9518e-17 0.972002 0.234973 6.09993e-17 0.996195 0.0871558 6.09993e-17 0.996195 0.0871558 -6.03021e-17 -0.984808 0.173648 -6.03021e-17 -0.984808 0.173648 -6.03021e-17 -0.984808 0.173648 -6.03021e-17 -0.984808 0.173648 -4.63735e-17 -0.757337 0.653024 -5.18258e-17 -0.846379 0.532581 -4.63735e-17 -0.757337 0.653024 -5.18258e-17 -0.846379 0.532581 -5.61153e-17 -0.916433 0.400189 -5.91459e-17 -0.965926 0.258819 -5.61153e-17 -0.916433 0.400189 -5.91459e-17 -0.965926 0.258819 -3.98809e-17 -0.651304 0.758817 -3.98809e-17 -0.651304 0.758817 -3.24935e-17 -0.530659 0.847585 -3.24935e-17 -0.530659 0.847585 -2.43771e-17 -0.398109 0.917338 -2.43771e-17 -0.398109 0.917338 -1.57139e-17 -0.256627 0.966511 -1.57139e-17 -0.256627 0.966511 -5.91459e-17 -0.965926 0.258819 -5.91459e-17 -0.965926 0.258819 -5.91459e-17 -0.965926 0.258819 -5.91459e-17 -0.965926 0.258819 -2.9686e-17 -0.48481 -0.87462 -2.9686e-17 -0.484809 -0.87462 -2.04398e-17 -0.333807 -0.942641 -1.06329e-17 -0.173648 -0.984808 -1.06329e-17 -0.173648 -0.984808 -2.04398e-17 -0.333807 -0.942641 -4.55045e-17 -0.743145 -0.669131 -5.16428e-17 -0.843391 -0.5373 -5.16428e-17 -0.843391 -0.5373 -4.55045e-17 -0.743145 -0.669131 -3.8118e-17 -0.622515 -0.782608 -3.8118e-17 -0.622515 -0.782608 -6.10832e-17 -0.997564 -0.0697565 -6.10832e-17 -0.997564 -0.0697565 -5.95405e-17 -0.97237 -0.233445 -5.95405e-17 -0.97237 -0.233445 -5.63647e-17 -0.920505 -0.390731 -5.63647e-17 -0.920505 -0.390731 -6.09504e-17 -0.995396 0.0958457 -6.09504e-17 -0.995396 0.0958457 -5.91459e-17 -0.965926 0.258819 -5.91459e-17 -0.965926 0.258819 -1.06329e-17 -0.173648 -0.984808 -1.06329e-17 -0.173648 -0.984808 -1.06329e-17 -0.173648 -0.984808 -1.06329e-17 -0.173648 -0.984808 4.47825e-17 0.731354 -0.681998 3.72759e-17 0.608761 -0.793353 4.47825e-17 0.731354 -0.681998 5.10608e-17 0.833886 -0.551937 5.10608e-17 0.833886 -0.551937 5.59385e-17 0.913545 -0.406737 5.59385e-17 0.913545 -0.406737 5.92819e-17 0.968148 -0.25038 5.92819e-17 0.968148 -0.25038 6.09993e-17 0.996195 -0.0871558 6.09993e-17 0.996195 -0.0871556 3.72759e-17 0.608761 -0.793353 2.87468e-17 0.469472 -0.882948 2.87468e-17 0.469472 -0.882948 1.94293e-17 0.317305 -0.948324 9.57885e-18 0.156435 -0.987688 1.94293e-17 0.317305 -0.948324 -5.34344e-19 -0.0087265 -0.999962 9.57885e-18 0.156435 -0.987688 -5.34344e-19 -0.0087265 -0.999962 -1.06329e-17 -0.173648 -0.984808 -1.06329e-17 -0.173648 -0.984808 6.09993e-17 0.996195 -0.0871557 6.09993e-17 0.996195 -0.0871557 6.09993e-17 0.996195 -0.0871557 6.09993e-17 0.996195 -0.0871557 6.03021e-17 0.984808 -0.173648 6.03021e-17 0.984808 -0.173648 6.03021e-17 0.984808 -0.173648 6.03021e-17 0.984808 -0.173648 4.82846e-17 0.788548 0.614974 4.82846e-17 0.788548 0.614974 4.21185e-17 0.687848 0.725855 3.50075e-17 0.571716 0.820451 3.50075e-17 0.571716 0.820451 4.21185e-17 0.687848 0.725855 5.72529e-17 0.935011 0.354618 5.9854e-17 0.97749 0.210984 5.9854e-17 0.97749 0.210984 5.72529e-17 0.935011 0.354618 5.33674e-17 0.871556 0.490296 5.33674e-17 0.871556 0.490296 6.11122e-17 0.998038 0.0626164 6.11122e-17 0.998038 0.0626164 6.09993e-17 0.996195 -0.0871557 6.09993e-17 0.996195 -0.0871557 -5.75396e-17 -0.939693 0.34202 -5.75396e-17 -0.939693 0.34202 -5.75396e-17 -0.939693 0.34202 -5.75396e-17 -0.939693 0.34202 -3.87255e-17 -0.632435 0.774613 -4.53756e-17 -0.741039 0.671462 -3.87255e-17 -0.632435 0.774613 -4.53756e-17 -0.741039 0.671462 -5.10076e-17 -0.833018 0.553246 -5.54953e-17 -0.906308 0.422618 -5.10076e-17 -0.833018 0.553246 -5.54953e-17 -0.906308 0.422618 -3.12066e-17 -0.509642 0.860386 -3.12066e-17 -0.509642 0.860386 -2.29876e-17 -0.375416 0.926857 -2.29876e-17 -0.375416 0.926857 -1.42528e-17 -0.232766 0.972533 -1.42528e-17 -0.232766 0.972533 -5.19833e-18 -0.0848952 0.99639 -5.19833e-18 -0.0848952 0.99639 -5.54953e-17 -0.906308 0.422618 -5.54953e-17 -0.906308 0.422618 -5.54953e-17 -0.906308 0.422618 -5.54953e-17 -0.906308 0.422618 -3.85348e-17 -0.629321 -0.777146 -3.85348e-17 -0.62932 -0.777146 -3.01523e-17 -0.492424 -0.870356 -2.09427e-17 -0.34202 -0.939693 -2.09427e-17 -0.34202 -0.939693 -3.01523e-17 -0.492424 -0.870356 -5.1928e-17 -0.848048 -0.529919 -5.65713e-17 -0.92388 -0.382683 -5.65713e-17 -0.92388 -0.382684 -5.1928e-17 -0.848048 -0.529919 -4.58603e-17 -0.748956 -0.66262 -4.58603e-17 -0.748956 -0.66262 -6.08969e-17 -0.994522 0.104528 -6.08969e-17 -0.994522 0.104528 -6.11181e-17 -0.998135 -0.0610486 -6.11181e-17 -0.998135 -0.0610486 -5.9663e-17 -0.97437 -0.224951 -5.9663e-17 -0.97437 -0.224951 -5.90053e-17 -0.96363 0.267238 -5.90053e-17 -0.96363 0.267238 -5.54953e-17 -0.906308 0.422618 -5.54953e-17 -0.906308 0.422618 -2.09427e-17 -0.34202 -0.939693 -2.09427e-17 -0.34202 -0.939693 -2.09427e-17 -0.34202 -0.939693 -2.09427e-17 -0.34202 -0.939693 3.68505e-17 0.601815 -0.798635 2.82739e-17 0.461748 -0.887011 3.68505e-17 0.601815 -0.798635 4.44164e-17 0.725374 -0.688355 4.44164e-17 0.725374 -0.688354 5.07639e-17 0.829038 -0.559193 5.07639e-17 0.829037 -0.559193 5.57191e-17 0.909961 -0.414693 5.57191e-17 0.909961 -0.414693 5.91459e-17 0.965926 -0.258819 5.91459e-17 0.965926 -0.258819 2.8274e-17 0.461749 -0.887011 1.89218e-17 0.309017 -0.951056 1.89218e-17 0.309017 -0.951056 9.05072e-18 0.147809 -0.989016 -1.06865e-18 -0.0174524 -0.999848 9.05072e-18 0.147809 -0.989016 -1.11587e-17 -0.182235 -0.983255 -1.06865e-18 -0.0174524 -0.999848 -1.11587e-17 -0.182235 -0.983255 -2.09427e-17 -0.34202 -0.939693 -2.09427e-17 -0.34202 -0.939693 5.91459e-17 0.965926 -0.258819 5.91459e-17 0.965926 -0.258819 5.91459e-17 0.965926 -0.258819 5.91459e-17 0.965926 -0.258819 5.75396e-17 0.939693 -0.34202 5.75396e-17 0.939693 -0.34202 5.75396e-17 0.939693 -0.34202 5.75396e-17 0.939693 -0.34202 5.409e-17 0.883357 0.468701 5.409e-17 0.883357 0.468701 4.91966e-17 0.803441 0.595384 4.31994e-17 0.7055 0.708709 4.31994e-17 0.7055 0.708709 4.91966e-17 0.803441 0.595384 6.01537e-17 0.982385 0.186867 6.1188e-17 0.999276 0.0380391 6.1188e-17 0.999276 0.0380391 6.01537e-17 0.982385 0.186867 5.77699e-17 0.943454 0.331503 5.77699e-17 0.943454 0.331503 6.08495e-17 0.993748 -0.111642 6.08495e-17 0.993748 -0.111642 5.91459e-17 0.965926 -0.258819 5.91459e-17 0.965926 -0.258819 1.06329e-17 0.173648 0.984808 1.06329e-17 0.173648 0.984808 1.06329e-17 0.173648 0.984808 1.06329e-17 0.173648 0.984808 3.99862e-17 0.653024 0.757337 3.26112e-17 0.532581 0.846379 3.99862e-17 0.653024 0.757337 3.26112e-17 0.532581 0.846379 2.45045e-17 0.400189 0.916433 1.58481e-17 0.258819 0.965926 2.45045e-17 0.400189 0.916433 1.58481e-17 0.258819 0.965926 4.64641e-17 0.758817 0.651304 4.64641e-17 0.758817 0.651304 5.18996e-17 0.847585 0.530659 5.18996e-17 0.847585 0.530659 5.61708e-17 0.917338 0.398109 5.61708e-17 0.917338 0.398109 5.91817e-17 0.966511 0.256627 5.91817e-17 0.966511 0.256627 1.58481e-17 0.258819 0.965926 1.58481e-17 0.258819 0.965926 1.58481e-17 0.258819 0.965926 1.58481e-17 0.258819 0.965926 -5.3555e-17 -0.87462 0.48481 -5.3555e-17 -0.87462 0.484809 -5.77201e-17 -0.942641 0.333807 -6.03021e-17 -0.984808 0.173648 -6.03021e-17 -0.984808 0.173648 -5.77201e-17 -0.942641 0.333807 -4.09724e-17 -0.669131 0.743145 -3.29001e-17 -0.5373 0.843391 -3.29001e-17 -0.5373 0.843391 -4.09724e-17 -0.669131 0.743145 -4.79209e-17 -0.782608 0.622515 -4.79209e-17 -0.782608 0.622515 -4.27136e-18 -0.0697565 0.997564 -4.27136e-18 -0.0697565 0.997564 -1.42944e-17 -0.233445 0.97237 -1.42944e-17 -0.233445 0.97237 -2.39254e-17 -0.390731 0.920505 -2.39254e-17 -0.390731 0.920505 5.86886e-18 0.0958457 0.995396 5.86886e-18 0.0958457 0.995396 1.58481e-17 0.258819 0.965926 1.58481e-17 0.258819 0.965926 -6.03021e-17 -0.984808 0.173648 -6.03021e-17 -0.984808 0.173648 -6.03021e-17 -0.984808 0.173648 -6.03021e-17 -0.984808 0.173648 -4.17604e-17 -0.681998 -0.731354 -4.85789e-17 -0.793353 -0.608761 -4.17604e-17 -0.681998 -0.731354 -3.37964e-17 -0.551937 -0.833886 -3.37964e-17 -0.551937 -0.833886 -2.49054e-17 -0.406737 -0.913545 -2.49054e-17 -0.406737 -0.913545 -1.53314e-17 -0.25038 -0.968148 -1.53314e-17 -0.25038 -0.968148 -5.33675e-18 -0.0871558 -0.996195 -5.33674e-18 -0.0871556 -0.996195 -4.85789e-17 -0.793353 -0.608761 -5.40649e-17 -0.882948 -0.469472 -5.40649e-17 -0.882948 -0.469472 -5.80681e-17 -0.948324 -0.317305 -6.04785e-17 -0.987688 -0.156435 -5.80681e-17 -0.948324 -0.317305 -6.123e-17 -0.999962 0.0087265 -6.04785e-17 -0.987688 -0.156435 -6.123e-17 -0.999962 0.0087265 -6.03021e-17 -0.984808 0.173648 -6.03021e-17 -0.984808 0.173648 -5.33675e-18 -0.0871557 -0.996195 -5.33675e-18 -0.0871557 -0.996195 -5.33675e-18 -0.0871557 -0.996195 -5.33675e-18 -0.0871557 -0.996195 -1.06329e-17 -0.173648 -0.984808 -1.06329e-17 -0.173648 -0.984808 -1.06329e-17 -0.173648 -0.984808 -1.06329e-17 -0.173648 -0.984808 3.76563e-17 0.614974 -0.788548 3.76563e-17 0.614974 -0.788548 4.44458e-17 0.725855 -0.687848 5.02382e-17 0.820451 -0.571716 5.02382e-17 0.820451 -0.571716 4.44458e-17 0.725855 -0.687848 2.17141e-17 0.354618 -0.935011 1.2919e-17 0.210984 -0.97749 1.2919e-17 0.210984 -0.97749 2.17141e-17 0.354618 -0.935011 3.00219e-17 0.490296 -0.871556 3.00219e-17 0.490296 -0.871556 3.83415e-18 0.0626164 -0.998038 3.83415e-18 0.0626164 -0.998038 -5.33675e-18 -0.0871557 -0.996195 -5.33675e-18 -0.0871557 -0.996195 -1.56208e-32 -2.55106e-16 1 -1.56208e-32 -2.55106e-16 1 -1.56208e-32 -2.55106e-16 1 -1.56208e-32 -2.55106e-16 1 3.1326e-17 0.511593 0.859228 2.31163e-17 0.377518 0.926002 3.1326e-17 0.511593 0.859228 2.31163e-17 0.377518 0.926002 1.43879e-17 0.234972 0.972002 5.33674e-18 0.0871556 0.996195 1.43879e-17 0.234972 0.972002 5.33674e-18 0.0871556 0.996195 3.8833e-17 0.634191 0.773177 3.8833e-17 0.634191 0.773177 4.54687e-17 0.742561 0.669779 4.54687e-17 0.742561 0.669779 5.10844e-17 0.834271 0.551355 5.10844e-17 0.834271 0.551355 5.55539e-17 0.907264 0.420561 5.55539e-17 0.907264 0.420561 5.33675e-18 0.0871557 0.996195 5.33675e-18 0.0871557 0.996195 5.33675e-18 0.0871557 0.996195 5.33675e-18 0.0871557 0.996195 -5.78963e-17 -0.945519 0.325568 -5.78963e-17 -0.945519 0.325568 -6.03926e-17 -0.986286 0.165048 -6.12323e-17 -1 7.82554e-08 -6.12323e-17 -1 -1.60163e-07 -6.03926e-17 -0.986286 0.165048 -4.82517e-17 -0.788011 0.615661 -4.1368e-17 -0.67559 0.737277 -4.1368e-17 -0.67559 0.737277 -4.82517e-17 -0.788011 0.615661 -5.3812e-17 -0.878817 0.477159 -5.3812e-17 -0.878817 0.477159 -1.48134e-17 -0.241922 0.970296 -1.48134e-17 -0.241922 0.970296 -2.44163e-17 -0.398749 0.91706 -2.44163e-17 -0.398749 0.91706 -3.33495e-17 -0.544639 0.838671 -3.33495e-17 -0.544639 0.838671 -4.80424e-18 -0.0784591 0.996917 -4.80424e-18 -0.0784591 0.996917 5.33675e-18 0.0871557 0.996195 5.33675e-18 0.0871557 0.996195 -6.12323e-17 -1 -0 -6.12323e-17 -1 -0 -6.12323e-17 -1 -0 -6.12323e-17 -1 -0 -3.33495e-17 -0.544639 -0.838671 -4.1368e-17 -0.67559 -0.737277 -3.33495e-17 -0.544639 -0.838671 -2.44163e-17 -0.398749 -0.91706 -2.44163e-17 -0.398749 -0.91706 -1.48134e-17 -0.241922 -0.970296 -1.48134e-17 -0.241922 -0.970296 -4.80424e-18 -0.0784592 -0.996917 -4.80424e-18 -0.0784592 -0.996917 5.33675e-18 0.0871557 -0.996195 5.33676e-18 0.0871559 -0.996195 -4.1368e-17 -0.67559 -0.737277 -4.82517e-17 -0.788011 -0.615662 -4.82517e-17 -0.788011 -0.615662 -5.3812e-17 -0.878817 -0.477159 -5.78963e-17 -0.945519 -0.325568 -5.3812e-17 -0.878817 -0.477159 -6.03926e-17 -0.986286 -0.165048 -5.78963e-17 -0.945519 -0.325568 -6.03926e-17 -0.986286 -0.165048 -6.12323e-17 -1 -1.46823e-08 -6.12323e-17 -1 -1.46823e-08 5.33675e-18 0.0871557 -0.996195 5.33675e-18 0.0871557 -0.996195 5.33675e-18 0.0871557 -0.996195 5.33675e-18 0.0871557 -0.996195 0 0 -1 0 0 -1 0 0 -1 0 0 -1 4.54687e-17 0.742561 -0.669779 4.54687e-17 0.742561 -0.669779 5.10844e-17 0.834271 -0.551355 5.55539e-17 0.907264 -0.420561 5.55539e-17 0.907264 -0.420561 5.10844e-17 0.834271 -0.551355 3.1326e-17 0.511593 -0.859228 2.31163e-17 0.377518 -0.926002 2.31163e-17 0.377518 -0.926002 3.1326e-17 0.511593 -0.859228 3.8833e-17 0.634191 -0.773176 3.8833e-17 0.634191 -0.773176 1.43879e-17 0.234973 -0.972002 1.43879e-17 0.234973 -0.972002 5.33675e-18 0.0871558 -0.996195 5.33675e-18 0.0871558 -0.996195 -1.06329e-17 -0.173648 0.984808 -1.06329e-17 -0.173648 0.984808 -1.06329e-17 -0.173648 0.984808 -1.06329e-17 -0.173648 0.984808 2.17141e-17 0.354617 0.935012 1.2919e-17 0.210984 0.97749 2.17141e-17 0.354617 0.935012 1.2919e-17 0.210984 0.97749 3.83414e-18 0.0626162 0.998038 -5.33676e-18 -0.0871558 0.996195 3.83415e-18 0.0626165 0.998038 -5.33676e-18 -0.0871558 0.996195 3.00219e-17 0.490295 0.871556 3.00219e-17 0.490295 0.871556 3.76563e-17 0.614974 0.788548 3.76563e-17 0.614974 0.788548 4.44458e-17 0.725855 0.687848 4.44458e-17 0.725855 0.687848 5.02382e-17 0.820451 0.571716 5.02382e-17 0.820451 0.571716 -5.33675e-18 -0.0871557 0.996195 -5.33675e-18 -0.0871557 0.996195 -5.33675e-18 -0.0871557 0.996195 -5.33675e-18 -0.0871557 0.996195 -6.04785e-17 -0.987688 0.156435 -6.04785e-17 -0.987688 0.156434 -6.123e-17 -0.999962 -0.00872644 -6.03021e-17 -0.984808 -0.173648 -6.03021e-17 -0.984808 -0.173648 -6.123e-17 -0.999962 -0.00872644 -5.40649e-17 -0.882948 0.469471 -4.85789e-17 -0.793353 0.608762 -4.85789e-17 -0.793353 0.608761 -5.40649e-17 -0.882948 0.469471 -5.80681e-17 -0.948324 0.317305 -5.80681e-17 -0.948324 0.317305 -2.49054e-17 -0.406737 0.913545 -2.49054e-17 -0.406737 0.913545 -3.37964e-17 -0.551937 0.833886 -3.37964e-17 -0.551937 0.833886 -4.17604e-17 -0.681998 0.731354 -4.17604e-17 -0.681998 0.731354 -1.53314e-17 -0.25038 0.968148 -1.53314e-17 -0.25038 0.968148 -5.33675e-18 -0.0871558 0.996195 -5.33675e-18 -0.0871558 0.996195 -6.03021e-17 -0.984808 -0.173648 -6.03021e-17 -0.984808 -0.173648 -6.03021e-17 -0.984808 -0.173648 -6.03021e-17 -0.984808 -0.173648 -2.39254e-17 -0.390731 -0.920505 -3.29001e-17 -0.5373 -0.843391 -2.39254e-17 -0.390731 -0.920505 -1.42944e-17 -0.233445 -0.97237 -1.42944e-17 -0.233445 -0.97237 -4.27134e-18 -0.0697564 -0.997564 -4.27136e-18 -0.0697566 -0.997564 5.86885e-18 0.0958457 -0.995396 5.86885e-18 0.0958457 -0.995396 1.58481e-17 0.258819 -0.965926 1.58481e-17 0.258819 -0.965926 -3.29001e-17 -0.5373 -0.843391 -4.09724e-17 -0.669131 -0.743145 -4.09724e-17 -0.669131 -0.743145 -4.79209e-17 -0.782608 -0.622515 -5.3555e-17 -0.87462 -0.48481 -4.79209e-17 -0.782608 -0.622515 -5.77201e-17 -0.942641 -0.333807 -5.3555e-17 -0.87462 -0.48481 -5.77201e-17 -0.942641 -0.333807 -6.03021e-17 -0.984808 -0.173648 -6.03021e-17 -0.984808 -0.173648 1.58481e-17 0.258819 -0.965926 1.58481e-17 0.258819 -0.965926 1.58481e-17 0.258819 -0.965926 1.58481e-17 0.258819 -0.965926 1.06329e-17 0.173648 -0.984808 1.06329e-17 0.173648 -0.984808 1.06329e-17 0.173648 -0.984808 1.06329e-17 0.173648 -0.984808 5.18996e-17 0.847585 -0.530659 5.18996e-17 0.847585 -0.530659 5.61708e-17 0.917338 -0.398109 5.91817e-17 0.966511 -0.256627 5.91817e-17 0.966511 -0.256627 5.61708e-17 0.917338 -0.398109 3.99862e-17 0.653024 -0.757337 3.26112e-17 0.532581 -0.846379 3.26112e-17 0.532581 -0.846379 3.99862e-17 0.653024 -0.757337 4.64641e-17 0.758817 -0.651304 4.64641e-17 0.758817 -0.651304 2.45045e-17 0.400189 -0.916433 2.45045e-17 0.400189 -0.916433 1.58481e-17 0.258819 -0.965926 1.58481e-17 0.258819 -0.965926 -2.09427e-17 -0.34202 0.939693 -2.09427e-17 -0.34202 0.939693 -2.09427e-17 -0.34202 0.939693 -2.09427e-17 -0.34202 0.939693 1.14423e-17 0.186867 0.982385 2.32921e-18 0.0380389 0.999276 1.14423e-17 0.186867 0.982385 2.32921e-18 0.0380389 0.999276 -6.83613e-18 -0.111642 0.993748 -1.58481e-17 -0.258819 0.965926 -6.83611e-18 -0.111642 0.993748 -1.58481e-17 -0.258819 0.965926 2.02987e-17 0.331503 0.943454 2.02987e-17 0.331503 0.943454 2.86997e-17 0.468701 0.883357 2.86997e-17 0.468701 0.883357 3.64567e-17 0.595384 0.803441 3.64567e-17 0.595384 0.803441 4.33959e-17 0.708709 0.705501 4.33959e-17 0.708709 0.705501 -1.58481e-17 -0.258819 0.965926 -1.58481e-17 -0.258819 0.965926 -1.58481e-17 -0.258819 0.965926 -1.58481e-17 -0.258819 0.965926 -6.1223e-17 -0.999848 -0.0174523 -6.1223e-17 -0.999848 -0.0174525 -6.0207e-17 -0.983255 -0.182235 -5.75396e-17 -0.939693 -0.34202 -5.75396e-17 -0.939693 -0.34202 -6.0207e-17 -0.983255 -0.182235 -5.82354e-17 -0.951057 0.309017 -5.43137e-17 -0.887011 0.461749 -5.43138e-17 -0.887011 0.461749 -5.82354e-17 -0.951057 0.309017 -6.05598e-17 -0.989016 0.14781 -6.05598e-17 -0.989016 0.147809 -3.42407e-17 -0.559193 0.829038 -3.42407e-17 -0.559193 0.829038 -4.21496e-17 -0.688355 0.725374 -4.21496e-17 -0.688355 0.725374 -4.89023e-17 -0.798636 0.601815 -4.89023e-17 -0.798636 0.601815 -2.53926e-17 -0.414693 0.909961 -2.53926e-17 -0.414693 0.909961 -1.58481e-17 -0.258819 0.965926 -1.58481e-17 -0.258819 0.965926 -5.75396e-17 -0.939693 -0.34202 -5.75396e-17 -0.939693 -0.34202 -5.75396e-17 -0.939693 -0.34202 -5.75396e-17 -0.939693 -0.34202 -1.37743e-17 -0.224951 -0.97437 -2.34326e-17 -0.382684 -0.92388 -1.37743e-17 -0.224951 -0.97437 -3.73815e-18 -0.0610487 -0.998135 -3.73814e-18 -0.0610484 -0.998135 6.40053e-18 0.104529 -0.994522 6.40052e-18 0.104528 -0.994522 1.63636e-17 0.267238 -0.96363 1.63636e-17 0.267238 -0.96363 2.58779e-17 0.422618 -0.906308 2.58779e-17 0.422618 -0.906308 -2.34326e-17 -0.382683 -0.92388 -3.24482e-17 -0.529919 -0.848048 -3.24482e-17 -0.529919 -0.848048 -4.05738e-17 -0.66262 -0.748956 -4.75865e-17 -0.777146 -0.62932 -4.05738e-17 -0.66262 -0.748956 -5.32939e-17 -0.870356 -0.492424 -4.75865e-17 -0.777146 -0.62932 -5.32939e-17 -0.870356 -0.492424 -5.75396e-17 -0.939693 -0.34202 -5.75396e-17 -0.939693 -0.34202 2.58779e-17 0.422618 -0.906308 2.58779e-17 0.422618 -0.906308 2.58779e-17 0.422618 -0.906308 2.58779e-17 0.422618 -0.906308 2.09427e-17 0.34202 -0.939693 2.09427e-17 0.34202 -0.939693 2.09427e-17 0.34202 -0.939693 2.09427e-17 0.34202 -0.939693 5.67536e-17 0.926857 -0.375415 5.67536e-17 0.926857 -0.375415 5.95505e-17 0.972533 -0.232766 6.10113e-17 0.99639 -0.084895 6.10113e-17 0.99639 -0.084895 5.95505e-17 0.972533 -0.232767 4.74314e-17 0.774614 -0.632435 4.11152e-17 0.671462 -0.741039 4.11152e-17 0.671462 -0.741039 4.74314e-17 0.774614 -0.632435 5.26835e-17 0.860386 -0.509642 5.26835e-17 0.860386 -0.509642 3.38766e-17 0.553246 -0.833018 3.38766e-17 0.553246 -0.833018 2.58779e-17 0.422618 -0.906308 2.58779e-17 0.422618 -0.906308 -4.69067e-17 -0.766044 0.642788 -4.69067e-17 -0.766044 0.642788 -4.69067e-17 -0.766044 0.642788 -4.69067e-17 -0.766044 0.642788 -2.01676e-17 -0.329361 0.944204 -2.85769e-17 -0.466695 0.884418 -2.01676e-17 -0.329361 0.944204 -2.85769e-17 -0.466695 0.884418 -3.6345e-17 -0.593559 0.80479 -4.32978e-17 -0.707107 0.707107 -3.6345e-17 -0.593559 0.80479 -4.32978e-17 -0.707107 0.707107 -1.13058e-17 -0.184638 0.982807 -1.13058e-17 -0.184638 0.982807 -2.19038e-18 -0.0357716 0.99936 -2.19038e-18 -0.0357716 0.99936 6.97417e-18 0.113897 0.993493 6.97417e-18 0.113897 0.993493 1.59823e-17 0.26101 0.965336 1.59823e-17 0.26101 0.965336 -4.32978e-17 -0.707107 0.707107 -4.32978e-17 -0.707107 0.707107 -4.32978e-17 -0.707107 0.707107 -4.32978e-17 -0.707107 0.707107 -5.24864e-17 -0.857167 -0.515038 -5.24864e-17 -0.857167 -0.515038 -4.65614e-17 -0.760406 -0.649448 -3.93594e-17 -0.642788 -0.766044 -3.93594e-17 -0.642788 -0.766045 -4.65614e-17 -0.760406 -0.649448 -5.98943e-17 -0.978148 -0.207912 -6.11741e-17 -0.999048 -0.0436192 -6.11741e-17 -0.999048 -0.0436195 -5.98943e-17 -0.978148 -0.207912 -5.69716e-17 -0.930418 -0.366501 -5.69716e-17 -0.930418 -0.366501 -5.50353e-17 -0.898794 0.438371 -5.50353e-17 -0.898794 0.438371 -5.87108e-17 -0.95882 0.284015 -5.87108e-17 -0.95882 0.284015 -6.07759e-17 -0.992546 0.121869 -6.07759e-17 -0.992546 0.121869 -4.98502e-17 -0.814116 0.580703 -4.98502e-17 -0.814116 0.580703 -4.32978e-17 -0.707107 0.707107 -4.32978e-17 -0.707107 0.707107 -3.93594e-17 -0.642788 -0.766044 -3.93594e-17 -0.642788 -0.766044 -3.93594e-17 -0.642788 -0.766044 -3.93594e-17 -0.642788 -0.766044 1.79026e-17 0.292372 -0.956305 7.99241e-18 0.130526 -0.991445 1.79026e-17 0.292372 -0.956305 2.73217e-17 0.446198 -0.894934 2.73217e-17 0.446198 -0.894934 3.59915e-17 0.587785 -0.809017 3.59915e-17 0.587785 -0.809017 4.3674e-17 0.71325 -0.700909 4.3674e-17 0.71325 -0.700909 5.01586e-17 0.819152 -0.573577 5.01586e-17 0.819152 -0.573576 7.99243e-18 0.130526 -0.991445 -2.13697e-18 -0.0348994 -0.999391 -2.13697e-18 -0.0348994 -0.999391 -1.22078e-17 -0.199368 -0.979925 -2.19437e-17 -0.358368 -0.93358 -1.22078e-17 -0.199368 -0.979925 -3.10778e-17 -0.507538 -0.861629 -2.19437e-17 -0.358368 -0.93358 -3.10778e-17 -0.507538 -0.861629 -3.93594e-17 -0.642788 -0.766044 -3.93594e-17 -0.642788 -0.766044 5.01586e-17 0.819152 -0.573576 5.01586e-17 0.819152 -0.573576 5.01586e-17 0.819152 -0.573576 5.01586e-17 0.819152 -0.573576 4.69067e-17 0.766044 -0.642788 4.69067e-17 0.766044 -0.642788 4.69067e-17 0.766044 -0.642788 4.69067e-17 0.766044 -0.642788 6.06438e-17 0.990389 0.138309 6.06438e-17 0.990389 0.138309 5.86986e-17 0.958621 0.284685 5.54365e-17 0.905346 0.424674 5.54365e-17 0.905346 0.424674 5.86986e-17 0.958621 0.284685 6.04395e-17 0.987052 -0.160398 5.82946e-17 0.952023 -0.306028 5.82946e-17 0.952023 -0.306028 6.04395e-17 0.987052 -0.160398 6.12285e-17 0.999938 -0.0111697 6.12285e-17 0.999938 -0.0111697 5.48418e-17 0.895634 -0.444791 5.48418e-17 0.895634 -0.444791 5.01586e-17 0.819152 -0.573576 5.01586e-17 0.819152 -0.573576 -5.30288e-17 -0.866025 0.5 -5.30288e-17 -0.866025 0.5 -5.30288e-17 -0.866025 0.5 -5.30288e-17 -0.866025 0.5 -2.99008e-17 -0.488317 0.872666 -3.75466e-17 -0.613183 0.789941 -2.99008e-17 -0.488317 0.872666 -3.75466e-17 -0.613183 0.789941 -4.43501e-17 -0.724292 0.689493 -5.01586e-17 -0.819152 0.573576 -4.43501e-17 -0.724292 0.689493 -5.01586e-17 -0.819152 0.573576 -2.15841e-17 -0.352495 0.935814 -2.15841e-17 -0.352495 0.935814 -1.27832e-17 -0.208765 0.977966 -1.27832e-17 -0.208765 0.977966 -3.69548e-18 -0.0603517 0.998177 -3.69548e-18 -0.0603517 0.998177 5.47514e-18 0.0894158 0.995994 5.47514e-18 0.0894158 0.995994 -5.01586e-17 -0.819152 0.573576 -5.01586e-17 -0.819152 0.573576 -5.01586e-17 -0.819152 0.573576 -5.01586e-17 -0.819152 0.573576 -4.62126e-17 -0.75471 -0.656059 -4.62126e-17 -0.754709 -0.656059 -3.89486e-17 -0.636078 -0.771625 -3.06162e-17 -0.5 -0.866025 -3.06162e-17 -0.5 -0.866026 -3.89486e-17 -0.636078 -0.771625 -5.67736e-17 -0.927184 -0.374607 -5.97809e-17 -0.976296 -0.216439 -5.97809e-17 -0.976296 -0.21644 -5.67736e-17 -0.927184 -0.374607 -5.22092e-17 -0.85264 -0.522498 -5.22091e-17 -0.85264 -0.522499 -5.88603e-17 -0.961262 0.275637 -5.88603e-17 -0.961262 0.275637 -6.08387e-17 -0.993572 0.113203 -6.08387e-17 -0.993572 0.113203 -6.11484e-17 -0.99863 -0.052336 -6.11484e-17 -0.99863 -0.052336 -5.52674e-17 -0.902585 0.430511 -5.52674e-17 -0.902585 0.430511 -5.01586e-17 -0.819152 0.573576 -5.01586e-17 -0.819152 0.573576 -3.06162e-17 -0.5 -0.866025 -3.06162e-17 -0.5 -0.866025 -3.06162e-17 -0.5 -0.866025 -3.06162e-17 -0.5 -0.866025 2.77989e-17 0.453991 -0.891006 1.84129e-17 0.300706 -0.953717 2.77989e-17 0.453991 -0.891006 3.64224e-17 0.594823 -0.803857 3.64224e-17 0.594823 -0.803857 4.40469e-17 0.71934 -0.694658 4.40469e-17 0.71934 -0.694658 5.04632e-17 0.824126 -0.566406 5.04632e-17 0.824126 -0.566406 5.54953e-17 0.906308 -0.422618 5.54954e-17 0.906308 -0.422618 1.84129e-17 0.300706 -0.953717 8.5219e-18 0.139173 -0.990268 8.5219e-18 0.139173 -0.990268 -1.60287e-18 -0.0261769 -0.999657 -1.16837e-17 -0.190809 -0.981627 -1.60287e-18 -0.0261769 -0.999657 -2.1444e-17 -0.350207 -0.936672 -1.16837e-17 -0.190809 -0.981627 -2.1444e-17 -0.350207 -0.936672 -3.06162e-17 -0.5 -0.866025 -3.06162e-17 -0.5 -0.866025 5.54953e-17 0.906308 -0.422618 5.54953e-17 0.906308 -0.422618 5.54953e-17 0.906308 -0.422618 5.54953e-17 0.906308 -0.422618 5.30288e-17 0.866025 -0.5 5.30288e-17 0.866025 -0.5 5.30288e-17 0.866025 -0.5 5.30288e-17 0.866025 -0.5 5.82519e-17 0.951326 0.308187 5.82519e-17 0.951326 0.308187 5.47798e-17 0.894623 0.446823 5.00788e-17 0.817848 0.575434 5.00788e-17 0.817848 0.575434 5.47798e-17 0.894623 0.446822 6.12268e-17 0.99991 0.0134388 6.06629e-17 0.9907 -0.136061 6.06629e-17 0.9907 -0.136061 6.12268e-17 0.99991 0.0134388 6.04171e-17 0.986686 0.162637 6.04171e-17 0.986686 0.162637 5.8738e-17 0.959265 -0.282509 5.8738e-17 0.959265 -0.282509 5.54953e-17 0.906308 -0.422618 5.54953e-17 0.906308 -0.422618 -3.06162e-17 -0.5 0.866025 -3.06162e-17 -0.5 0.866025 -3.06162e-17 -0.5 0.866025 -3.06162e-17 -0.5 0.866025 8.22876e-19 0.0134386 0.99991 -8.33136e-18 -0.136061 0.9907 8.22876e-19 0.0134386 0.99991 -8.33136e-18 -0.136061 0.9907 -1.72987e-17 -0.282509 0.959265 -2.58779e-17 -0.422618 0.906308 -1.72987e-17 -0.282509 0.959265 -2.58779e-17 -0.422618 0.906308 9.95865e-18 0.162637 0.986686 9.95865e-18 0.162637 0.986686 1.8871e-17 0.308187 0.951326 1.8871e-17 0.308187 0.951326 2.736e-17 0.446822 0.894623 2.736e-17 0.446822 0.894623 3.52351e-17 0.575434 0.817849 3.52351e-17 0.575434 0.817849 -2.58779e-17 -0.422618 0.906308 -2.58779e-17 -0.422618 0.906308 -2.58779e-17 -0.422618 0.906308 -2.58779e-17 -0.422618 0.906308 -6.01073e-17 -0.981627 -0.190809 -6.01073e-17 -0.981627 -0.190809 -5.73546e-17 -0.936672 -0.350207 -5.30288e-17 -0.866025 -0.5 -5.30288e-17 -0.866025 -0.5 -5.73546e-17 -0.936672 -0.350207 -6.06364e-17 -0.990268 0.139173 -5.83983e-17 -0.953717 0.300706 -5.83983e-17 -0.953717 0.300706 -6.06364e-17 -0.990268 0.139173 -6.12114e-17 -0.999657 -0.0261768 -6.12114e-17 -0.999657 -0.0261771 -4.25356e-17 -0.694658 0.71934 -4.25356e-17 -0.694658 0.71934 -4.9222e-17 -0.803857 0.594823 -4.9222e-17 -0.803857 0.594823 -5.45584e-17 -0.891007 0.45399 -5.45584e-17 -0.891007 0.45399 -3.46824e-17 -0.566406 0.824126 -3.46824e-17 -0.566406 0.824126 -2.58779e-17 -0.422618 0.906308 -2.58779e-17 -0.422618 0.906308 -5.30288e-17 -0.866025 -0.5 -5.30288e-17 -0.866025 -0.5 -5.30288e-17 -0.866025 -0.5 -5.30288e-17 -0.866025 -0.5 -3.20465e-18 -0.0523358 -0.99863 -1.32531e-17 -0.21644 -0.976296 -3.20465e-18 -0.0523358 -0.99863 6.93169e-18 0.113203 -0.993572 6.93171e-18 0.113203 -0.993572 1.68779e-17 0.275637 -0.961262 1.68779e-17 0.275637 -0.961262 2.63612e-17 0.430511 -0.902585 2.63612e-17 0.430511 -0.902585 3.51214e-17 0.573576 -0.819152 3.51214e-17 0.573577 -0.819152 -1.32531e-17 -0.21644 -0.976296 -2.2938e-17 -0.374607 -0.927184 -2.2938e-17 -0.374607 -0.927184 -3.19938e-17 -0.522498 -0.85264 -4.0172e-17 -0.656059 -0.75471 -3.19938e-17 -0.522498 -0.85264 -4.72484e-17 -0.771625 -0.636078 -4.0172e-17 -0.656059 -0.75471 -4.72484e-17 -0.771625 -0.636078 -5.30288e-17 -0.866025 -0.5 -5.30288e-17 -0.866025 -0.5 3.51214e-17 0.573576 -0.819152 3.51214e-17 0.573576 -0.819152 3.51214e-17 0.573576 -0.819152 3.51214e-17 0.573576 -0.819152 3.06162e-17 0.5 -0.866025 3.06162e-17 0.5 -0.866025 3.06162e-17 0.5 -0.866025 3.06162e-17 0.5 -0.866025 5.98831e-17 0.977966 -0.208765 5.98831e-17 0.977966 -0.208765 6.11207e-17 0.998177 -0.0603515 6.09871e-17 0.995994 0.089416 6.09871e-17 0.995994 0.089416 6.11207e-17 0.998177 -0.0603518 5.34354e-17 0.872667 -0.488317 4.83699e-17 0.789941 -0.613183 4.83699e-17 0.789941 -0.613183 5.34354e-17 0.872667 -0.488317 5.73021e-17 0.935814 -0.352495 5.73021e-17 0.935814 -0.352495 4.22193e-17 0.689493 -0.724292 4.22193e-17 0.689493 -0.724292 3.51214e-17 0.573577 -0.819152 3.51214e-17 0.573577 -0.819152 -3.93594e-17 -0.642788 0.766044 -3.93594e-17 -0.642788 0.766044 -3.93594e-17 -0.642788 0.766044 -3.93594e-17 -0.642788 0.766044 -9.82155e-18 -0.160398 0.987052 -1.87388e-17 -0.306028 0.952023 -9.82155e-18 -0.160398 0.987052 -1.87388e-17 -0.306028 0.952023 -2.72356e-17 -0.444792 0.895634 -3.51214e-17 -0.573577 0.819152 -2.72356e-17 -0.444792 0.895634 -3.51214e-17 -0.573577 0.819152 -6.8396e-19 -0.0111699 0.999938 -6.8396e-19 -0.0111699 0.999938 8.46898e-18 0.138309 0.990389 8.46898e-18 0.138309 0.990389 1.74319e-17 0.284685 0.958621 1.74319e-17 0.284685 0.958621 2.60038e-17 0.424674 0.905347 2.60038e-17 0.424674 0.905347 -3.51214e-17 -0.573576 0.819152 -3.51214e-17 -0.573576 0.819152 -3.51214e-17 -0.573576 0.819152 -3.51214e-17 -0.573576 0.819152 -5.71653e-17 -0.93358 -0.358368 -5.71653e-17 -0.93358 -0.358368 -5.27596e-17 -0.861629 -0.507538 -4.69067e-17 -0.766044 -0.642788 -4.69067e-17 -0.766044 -0.642788 -5.27596e-17 -0.861629 -0.507538 -6.1195e-17 -0.999391 -0.0348996 -6.07085e-17 -0.991445 0.130526 -6.07085e-17 -0.991445 0.130526 -6.1195e-17 -0.999391 -0.0348996 -6.00031e-17 -0.979925 -0.199368 -6.00031e-17 -0.979925 -0.199368 -4.9538e-17 -0.809017 0.587785 -4.9538e-17 -0.809017 0.587785 -5.47989e-17 -0.894934 0.446198 -5.47989e-17 -0.894934 0.446198 -5.85568e-17 -0.956305 0.292372 -5.85568e-17 -0.956305 0.292372 -4.29183e-17 -0.700909 0.71325 -4.29183e-17 -0.700909 0.71325 -3.51214e-17 -0.573576 0.819152 -3.51214e-17 -0.573576 0.819152 -4.69067e-17 -0.766044 -0.642788 -4.69067e-17 -0.766044 -0.642788 -4.69067e-17 -0.766044 -0.642788 -4.69067e-17 -0.766044 -0.642788 7.46235e-18 0.121869 -0.992546 -2.67091e-18 -0.0436193 -0.999048 7.46235e-18 0.121869 -0.992546 1.73909e-17 0.284015 -0.95882 1.73909e-17 0.284015 -0.95882 2.68425e-17 0.438371 -0.898794 2.68425e-17 0.438371 -0.898794 3.55578e-17 0.580703 -0.814116 3.55578e-17 0.580703 -0.814116 4.32978e-17 0.707107 -0.707107 4.32978e-17 0.707107 -0.707107 -2.67091e-18 -0.0436193 -0.999048 -1.27309e-17 -0.207912 -0.978148 -1.27309e-17 -0.207912 -0.978148 -2.24417e-17 -0.366501 -0.930418 -3.1537e-17 -0.515038 -0.857167 -2.24417e-17 -0.366501 -0.930418 -3.97672e-17 -0.649448 -0.760406 -3.1537e-17 -0.515038 -0.857167 -3.97672e-17 -0.649448 -0.760406 -4.69067e-17 -0.766044 -0.642788 -4.69067e-17 -0.766044 -0.642788 4.32978e-17 0.707107 -0.707107 4.32978e-17 0.707107 -0.707107 4.32978e-17 0.707107 -0.707107 4.32978e-17 0.707107 -0.707107 3.93594e-17 0.642788 -0.766044 3.93594e-17 0.642788 -0.766044 3.93594e-17 0.642788 -0.766044 3.93594e-17 0.642788 -0.766044 6.11932e-17 0.99936 -0.0357715 6.11932e-17 0.99936 -0.0357715 6.08339e-17 0.993493 0.113897 5.91098e-17 0.965336 0.26101 5.91098e-17 0.965336 0.26101 6.08339e-17 0.993493 0.113897 5.78158e-17 0.944204 -0.329361 5.4155e-17 0.884418 -0.466695 5.4155e-17 0.884418 -0.466695 5.78158e-17 0.944204 -0.329361 6.01796e-17 0.982807 -0.184637 6.01796e-17 0.982807 -0.184637 4.92792e-17 0.80479 -0.593559 4.92792e-17 0.80479 -0.593559 4.32978e-17 0.707107 -0.707107 4.32978e-17 0.707107 -0.707107</float_array>
          <technique_common>
            <accessor count="7224" source="#ID7" stride="3">
              <param name="X" type="float"/>
              <param name="Y" type="float"/>
              <param name="Z" type="float"/>
            </accessor>
          </technique_common>
        </source>
        <vertices id="ID8">
          <input semantic="POSITION" source="#ID4"/>
          <input semantic="NORMAL" source="#ID6"/>
        </vertices>
        <triangles count="6504" material="ID9">
          <input offset="0" semantic="VERTEX" source="#ID8"/>
          <p>0 2 1 3 5 4 6 5 3 4 5 1 0 7 2 1 2 4 8 10 9 11 8 9 11 9 12 8 13 10 10 13 14 13 15 14 16 18 17 19 21 20 22 23 21 16 23 22 19 22 21 17 23 16 24 26 25 27 24 25 27 25 28 24 29 26 26 29 30 29 31 30 32 34 33 35 32 33 35 33 36 32 37 34 34 37 38 37 39 38 40 42 41 43 40 41 43 41 44 40 45 42 42 45 46 45 47 46 48 50 49 51 48 49 51 49 52 48 53 50 50 53 54 53 55 54 56 58 57 59 56 57 59 57 60 56 61 58 58 61 62 61 63 62 64 66 65 67 69 68 70 71 69 64 71 70 67 70 69 65 71 64 72 74 73 75 77 76 78 79 77 72 79 78 75 78 77 73 79 72 80 82 81 83 85 84 86 87 85 80 87 86 83 86 85 81 87 80 88 90 89 91 93 92 94 95 93 88 95 94 91 94 93 89 95 88 96 98 97 99 101 100 102 103 101 96 103 102 99 102 101 97 103 96 104 106 105 107 109 108 110 111 109 104 111 110 107 110 109 105 111 104 112 114 113 115 117 116 118 119 117 112 119 118 115 118 117 113 119 112 120 122 121 123 120 121 123 121 124 120 125 122 122 125 126 125 127 126 128 130 129 131 133 132 134 135 133 128 135 134 131 134 133 129 135 128 136 138 137 139 141 140 142 143 141 136 143 142 139 142 141 137 143 136 144 146 145 147 149 148 150 151 149 144 151 150 147 150 149 145 151 144 152 154 153 155 152 153 155 153 156 152 157 154 154 157 158 157 159 158 160 162 161 163 165 164 166 167 165 160 167 166 163 166 165 161 167 160 168 170 169 171 168 169 171 169 172 168 173 170 170 173 174 173 175 174 176 178 177 179 181 180 182 181 179 180 181 177 176 183 178 177 178 180 184 186 185 187 184 185 187 185 188 184 189 186 186 189 190 189 191 190 192 194 193 195 197 196 198 199 197 192 199 198 195 198 197 193 199 192 200 202 201 203 205 204 206 207 205 200 207 206 203 206 205 201 207 200 208 210 209 211 208 209 211 209 212 208 213 210 210 213 214 213 215 214 216 218 217 219 216 217 219 217 220 216 221 218 218 221 222 221 223 222 224 226 225 227 224 225 227 225 228 224 229 226 226 229 230 229 231 230 232 234 233 235 232 233 235 233 236 232 237 234 234 237 238 237 239 238 240 242 241 243 245 244 246 247 245 240 247 246 243 246 245 241 247 240 248 250 249 251 248 249 251 249 252 248 253 250 250 253 254 253 255 254 256 258 257 259 261 260 262 263 261 256 263 262 259 262 261 257 263 256 264 266 265 267 264 265 267 265 268 264 269 266 266 269 270 269 271 270 272 274 273 275 277 276 278 279 277 272 279 278 275 278 277 273 279 272 280 282 281 283 280 281 283 281 284 280 285 282 282 285 286 285 287 286 288 290 289 291 293 292 294 296 295 297 299 298 300 302 301 303 305 304 306 308 307 309 311 310 312 314 313 315 317 316 318 320 319 321 323 322 324 326 325 327 329 328 330 332 331 318 319 310 333 335 334 320 302 319 336 337 300 338 340 339 341 343 342 292 293 344 325 326 345 346 348 347 349 351 350 352 354 353 353 350 355 356 358 357 343 305 303 359 361 360 362 364 363 316 365 315 366 368 367 369 370 315 371 373 372 374 371 372 375 377 376 378 380 379 381 383 382 384 386 385 387 385 386 377 389 388 390 392 391 393 377 388 394 396 395 397 399 398 400 395 401 402 289 290 403 405 404 406 408 407 409 411 410 412 414 413 415 417 416 418 420 419 421 423 422 424 426 425 427 429 428 430 432 431 433 435 434 430 436 432 437 439 438 440 442 441 436 444 443 444 436 430 445 447 446 448 450 449 450 448 451 452 454 453 455 457 456 458 447 445 457 459 456 460 462 461 463 465 464 463 464 466 467 469 468 459 471 470 472 465 473 474 476 475 477 479 478 480 482 481 468 484 483 485 487 486 488 490 489 491 493 492 494 496 495 492 498 497 491 499 493 500 502 501 503 505 504 504 505 506 507 509 508 510 512 511 507 513 509 512 514 511 515 482 480 516 469 467 513 518 517 460 519 462 519 520 462 512 521 514 522 524 523 458 526 525 370 288 315 527 529 528 453 530 452 531 337 532 366 534 533 366 533 368 369 315 365 535 532 536 537 539 538 325 344 540 344 325 292 541 325 542 540 324 325 542 325 543 543 325 345 544 546 545 353 548 547 549 551 550 552 554 553 552 537 538 555 334 556 310 335 309 335 557 309 310 311 318 320 558 302 558 559 302 559 560 302 341 305 343 561 563 562 564 304 565 304 564 303 564 565 566 561 562 567 566 565 568 568 569 566 570 572 571 573 574 315 289 315 288 571 575 570 375 576 377 577 579 578 580 582 581 583 585 584 586 587 399 588 590 589 591 593 592 380 294 594 577 595 579 579 595 596 389 377 576 597 599 598 573 600 574 573 575 601 575 573 570 573 603 602 601 603 573 602 600 573 317 574 569 317 315 574 568 317 569 567 302 560 563 342 562 341 342 563 561 567 560 302 567 301 300 301 336 300 337 531 531 532 535 536 604 535 535 604 379 605 533 534 379 604 606 607 367 368 608 367 607 609 605 534 609 611 610 608 607 612 612 613 608 614 616 615 597 598 377 616 617 615 584 618 582 427 377 393 429 427 393 619 586 399 590 620 451 621 623 622 624 623 625 408 626 407 627 399 397 627 619 399 628 407 626 629 630 379 597 614 631 614 597 616 597 633 632 631 633 597 632 599 597 376 598 613 376 377 598 612 376 613 629 606 634 605 609 610 634 611 629 610 611 634 379 606 629 379 630 378 379 380 594 594 294 295 296 635 295 295 635 583 578 636 577 583 635 637 638 596 595 639 636 578 640 638 641 636 639 642 642 644 643 644 642 639 645 647 646 644 398 643 648 650 649 646 651 645 422 653 652 441 399 587 440 441 587 654 620 590 655 438 656 623 624 524 524 522 623 657 461 658 433 659 435 660 590 588 660 654 590 661 435 659 650 399 649 649 647 662 647 649 646 649 664 663 662 664 649 663 648 649 398 650 643 650 398 399 665 583 666 637 667 666 596 638 640 667 641 666 640 641 667 583 637 666 583 665 585 584 585 618 584 582 580 580 581 421 421 581 668 406 669 408 421 668 670 669 406 671 672 628 626 672 674 673 669 671 675 675 677 676 677 675 671 678 680 679 681 682 674 683 678 679 684 652 685 686 688 687 448 590 451 689 691 690 692 694 693 695 696 692 461 657 460 522 523 697 698 514 521 699 623 621 700 701 687 701 700 702 625 623 699 703 705 704 415 590 417 417 680 706 680 417 679 417 708 707 706 708 417 707 416 417 589 415 676 415 589 590 677 589 676 681 709 421 628 672 673 673 674 682 421 670 681 682 681 670 421 709 423 422 423 653 652 653 685 652 684 710 710 684 711 434 712 433 710 711 713 712 434 714 715 661 659 715 593 716 712 714 717 717 719 718 719 717 714 720 722 721 723 705 703 724 655 725 726 728 727 729 730 461 731 733 732 734 736 735 737 736 738 521 739 698 740 742 741 743 461 730 744 746 745 746 744 747 658 461 743 720 623 722 722 704 748 704 722 703 722 750 749 748 750 722 749 721 722 622 720 718 720 622 623 719 622 718 592 437 710 661 715 716 716 593 591 710 713 592 591 592 713 438 710 437 438 439 656 655 656 725 655 724 751 751 724 752 751 752 753 687 688 700 754 701 702 755 754 756 702 756 754 756 757 755 758 688 686 757 759 755 760 762 761 763 696 695 764 766 765 765 766 767 768 769 737 770 771 521 772 774 773 775 776 741 517 518 777 778 780 779 781 506 782 783 521 771 784 785 773 785 784 786 739 521 783 762 461 761 761 767 787 767 761 765 761 789 788 787 789 761 788 760 761 729 762 759 762 729 461 757 729 759 689 751 753 758 690 691 686 690 758 691 689 753 692 751 694 751 689 694 692 693 695 727 728 763 696 763 728 726 790 728 735 792 791 746 747 731 745 793 744 793 745 794 747 733 731 732 733 795 732 795 796 792 797 791 798 800 799 801 803 802 798 804 800 805 518 806 807 806 518 808 810 809 811 782 812 778 814 813 782 815 781 816 818 817 492 493 498 819 742 820 810 822 821 810 821 809 777 518 805 803 521 802 804 802 800 823 768 824 802 826 825 804 826 802 827 801 802 825 827 802 770 803 796 803 770 521 735 728 790 770 796 795 797 794 791 793 794 797 735 790 792 736 728 735 736 734 738 736 737 769 769 768 823 824 828 823 823 828 741 741 828 829 785 786 830 773 774 784 830 832 831 786 832 830 772 834 833 831 832 835 835 836 831 837 839 838 840 842 841 839 843 838 507 518 513 844 498 845 846 847 502 498 848 497 849 851 850 477 853 852 475 476 854 855 782 811 854 476 856 815 782 855 842 518 841 837 841 839 857 820 858 841 860 859 837 860 841 861 840 841 859 861 841 842 807 518 842 836 807 775 829 862 807 836 835 774 772 833 862 834 775 833 834 862 741 829 775 741 776 740 741 742 819 819 820 857 858 863 857 857 863 780 780 863 864 865 808 809 822 866 821 867 808 865 868 866 822 868 870 869 867 865 871 872 874 873 871 875 867 876 878 877 873 874 782 878 879 877 817 880 816 505 782 506 881 883 882 884 885 851 488 489 886 887 888 490 889 888 887 890 498 844 890 848 498 891 880 817 892 893 780 876 873 878 894 895 813 873 897 896 876 897 873 898 872 873 896 898 873 812 782 874 874 875 812 892 864 899 812 875 871 866 868 869 899 870 892 869 870 899 780 864 892 780 893 779 778 779 814 778 813 895 894 900 895 895 900 501 501 900 901 854 856 902 903 474 475 904 905 903 474 903 905 905 904 906 907 908 902 904 909 906 910 912 911 498 913 845 912 914 911 915 917 916 918 919 489 920 922 921 888 489 490 923 925 924 926 928 927 929 489 919 917 930 916 931 916 930 886 489 929 913 933 932 910 913 912 934 935 847 913 937 936 910 937 913 938 933 913 936 938 913 932 845 913 939 501 940 845 932 909 941 901 908 909 932 906 902 856 907 908 907 941 501 901 940 901 941 940 501 939 500 502 500 846 502 847 935 935 934 942 942 934 943 942 943 944 880 891 945 946 818 816 947 948 946 818 946 948 948 947 949 950 951 945 951 952 944 947 953 949 954 918 489 955 882 883 956 958 957 959 924 960 961 962 485 486 481 485 963 964 484 964 965 484 966 968 967 969 970 473 971 485 962 495 973 972 974 972 973 487 485 971 954 976 975 881 954 883 977 849 978 954 980 979 881 980 954 981 976 954 979 981 954 975 918 954 918 975 953 982 884 942 953 975 949 945 891 950 951 950 952 942 944 982 944 952 982 851 942 884 851 885 850 849 850 978 849 977 983 983 977 984 983 984 922 985 917 915 986 931 930 956 987 986 931 986 987 987 956 957 915 988 985 485 989 961 990 992 991 991 992 993 482 485 481 994 483 484 995 969 473 996 998 997 472 473 999 1000 471 1001 457 471 459 1002 1004 1003 1002 925 1005 928 1007 1006 926 1007 928 994 484 965 989 1009 1008 993 989 991 479 1010 478 989 1012 1011 993 1012 989 1013 1009 989 1011 1013 989 1008 961 989 961 1008 958 1014 983 922 958 1008 957 921 988 920 985 988 921 922 920 1014 477 983 853 983 1014 853 477 852 479 960 924 1010 478 1010 924 959 1015 924 1016 496 1017 974 973 1018 972 494 495 1019 1018 1020 974 1018 1019 1021 1015 1016 1022 1019 1020 1020 1023 1022 1024 1026 1025 484 1027 963 1025 1028 1024 469 484 468 1029 1031 1030 1001 471 1032 1033 1035 1034 470 471 1036 445 526 458 1037 1039 1038 1037 967 1040 1041 996 997 970 999 473 1041 1042 996 1027 1044 1043 1028 1027 1024 1045 1004 1046 1027 1048 1047 1028 1048 1027 1049 1044 1027 1047 1049 1027 1043 963 1027 963 1043 1023 1050 924 1015 1023 1043 1022 1017 1021 1016 496 494 1017 1015 1021 1050 924 1050 923 925 923 1005 925 1002 1003 1003 1004 1045 1046 1051 1045 1051 1052 1045 1045 1052 967 927 1053 926 1007 1054 1006 1055 1053 927 1054 1056 1006 1056 1058 1057 1059 1053 1055 1055 1060 1059 1061 1063 1062 473 1064 995 1063 1065 1062 463 473 465 1066 1068 1067 1069 1071 1070 1072 1074 1073 525 526 1075 1076 530 453 1077 1079 1078 1078 1081 1080 1033 1034 1082 1000 1036 471 1083 1082 1034 1064 1085 1084 1061 1064 1063 1086 1039 1087 1064 1089 1088 1061 1089 1064 1090 1085 1064 1088 1090 1064 1084 995 1064 995 1084 1060 1091 966 1052 1060 1084 1059 1056 1054 1058 1052 1057 1091 1057 1058 1091 967 1052 966 967 968 1040 967 1037 1038 1038 1039 1086 1087 1092 1086 1086 1092 1081 1081 1092 1093 1042 1095 1094 1095 1042 1041 1096 1094 1095 998 1097 997 1097 1099 1098 1100 1094 1096 1096 1101 1100 1102 1104 1103 471 1105 1032 1104 1106 1103 1073 1107 1072 1108 1109 526 1110 1112 1111 1113 1115 1114 1116 452 1117 454 452 1116 530 1076 1118 1119 526 1109 1120 1121 1071 1119 1075 526 1122 1107 1073 1105 1124 1123 1102 1105 1104 1125 1126 1079 1105 1128 1127 1102 1128 1105 1129 1124 1105 1127 1129 1105 1130 1131 1081 1123 1032 1105 1032 1123 1101 1132 1130 1093 1101 1123 1100 1097 998 1099 1093 1098 1132 1098 1099 1132 1081 1093 1130 1081 1131 1080 1078 1080 1077 1078 1079 1126 1125 1133 1126 1126 1133 1070 1070 1133 1029 1082 1083 1134 1135 1035 1033 1136 1137 1135 1035 1135 1137 1137 1136 1138 1139 1031 1134 1136 1140 1138 1141 1108 526 1142 1067 1068 1143 1145 1144 1146 1147 452 1148 1150 1149 1151 1153 1152 1154 444 1155 443 444 1154 1156 1158 1157 1159 1160 1158 1117 452 1147 1113 1162 1161 1163 1165 1164 1166 1164 1165 1141 1168 1167 1066 1141 1068 1169 1170 1121 1141 1172 1171 1066 1172 1141 1173 1168 1141 1171 1173 1141 1167 1108 1141 1108 1167 1140 1174 1175 1070 1140 1167 1138 1134 1083 1139 1031 1139 1030 1070 1029 1174 1029 1030 1174 1070 1175 1069 1071 1069 1120 1071 1121 1170 1170 1169 1115 1115 1169 1176 1115 1176 1112 1107 1122 1177 1178 1074 1072 1179 1180 1178 1074 1178 1180 1180 1179 1181 1182 1111 1177 1179 1183 1181 452 1184 1146 1185 1187 1186 1186 1187 1188 1189 1191 1190 1192 1193 444 1194 1196 1195 1197 1189 1198 1158 1156 1159 424 1200 1199 1201 1202 1160 1155 444 1193 1191 1151 1203 1204 1205 1195 1205 1204 1206 1184 1208 1207 1188 1184 1186 1209 1161 1210 1184 1212 1211 1188 1212 1184 1213 1208 1184 1211 1213 1184 1207 1146 1184 1146 1207 1183 1214 1115 1215 1183 1207 1181 1177 1122 1182 1111 1182 1110 1115 1112 1215 1112 1110 1215 1115 1214 1114 1113 1114 1162 1161 1162 1210 1161 1209 1145 1145 1209 1144 1164 1149 1163 1150 1163 1149 1216 1166 1165 1217 1218 1216 1166 1216 1218 1219 1218 1217 1219 1217 1220 1221 1143 1222 444 1223 1192 1224 1226 1225 1227 1229 1228 1227 1228 1230 1157 1158 1231 1232 1231 1158 1233 1235 1234 1236 424 425 1237 424 1236 1238 1202 1201 1239 1241 1240 1241 1197 1242 1235 1244 1243 1235 1243 1234 1223 1246 1245 1230 1223 1227 1203 1190 1191 1223 1248 1247 1230 1248 1223 1249 1246 1223 1247 1249 1223 1245 1192 1223 1192 1245 1220 1250 1145 1143 1220 1245 1219 1222 1148 1221 1150 1148 1222 1143 1221 1250 1151 1145 1153 1145 1250 1153 1151 1152 1203 1190 1251 1189 1189 1253 1252 1251 1253 1189 1254 1256 1255 1205 1206 1257 1195 1196 1204 1257 1259 1258 1206 1259 1257 1254 1255 1260 1258 1259 1261 1261 1262 1258 1158 1264 1263 1265 1267 1266 1266 1268 1265 1199 426 424 1202 1158 1160 1269 1271 1270 1272 1274 1273 1275 1277 1276 1278 1277 1279 418 1281 1280 1282 1284 1283 1285 1286 1282 1269 1287 1271 1271 1287 1288 1264 1289 1263 1268 1264 1265 1290 1240 1291 1264 1293 1292 1268 1293 1264 1294 1289 1264 1292 1294 1264 1232 1158 1263 1263 1262 1232 1260 1189 1252 1232 1262 1261 1256 1194 1255 1196 1194 1256 1254 1260 1252 1189 1260 1198 1197 1198 1242 1197 1241 1239 1239 1240 1290 1285 1290 1295 1291 1295 1290 1296 1285 1295 1297 1243 1244 1298 1233 1234 1299 1233 1298 1300 1297 1244 1300 1302 1301 1299 1298 1303 1303 1304 1299 424 1226 1224 1305 1307 1306 1306 1307 1308 1309 424 1237 1310 1309 1237 1311 1281 418 1312 1314 1313 1310 1315 1309 1316 1280 1317 1318 1319 404 419 1320 418 1321 1273 1322 1275 1279 1277 1320 1311 418 1323 1324 1285 1305 1226 1307 1325 1284 1326 1226 1328 1327 1305 1328 1226 1329 1225 1226 1327 1329 1226 1200 424 1224 1224 1304 1200 1323 1296 1330 1200 1304 1303 1297 1300 1301 1330 1302 1323 1301 1302 1330 1285 1296 1323 1285 1324 1286 1285 1282 1283 1283 1284 1325 1272 1325 1331 1326 1331 1325 1332 1272 1331 1270 1333 1269 1334 1333 1270 1335 1337 1336 1333 1334 1338 1338 1340 1339 1340 1338 1334 1341 1343 1342 1332 1345 1344 1346 1348 1347 1341 1342 1349 1316 418 1280 1350 1352 1351 1353 1354 1312 1354 1355 1312 1356 1358 1357 1317 1359 1316 1313 1360 1312 1361 410 1362 405 1318 404 1360 1353 1312 1347 418 1346 1343 1346 1342 1363 1364 1321 1346 1366 1365 1343 1366 1346 1367 1348 1346 1365 1367 1346 1347 420 418 1368 1272 1344 1347 1339 420 420 1339 1340 1288 1337 1335 1287 1337 1288 1345 1336 1344 1335 1336 1345 1272 1332 1344 1272 1368 1274 1273 1274 1322 1273 1321 1364 1369 409 1363 1364 1363 409 1370 409 1369 1276 1371 1275 1371 1276 1372 1373 1375 1374 1371 1372 1376 1376 1378 1377 1378 1376 1372 1379 1381 1380 1382 1383 1375 1384 1379 1380 1312 414 412 1355 1385 1312 1386 1388 1387 1389 1391 1390 1392 1385 1355 395 396 1393 395 1393 1394 1394 1395 395 1392 1396 1385 394 395 400 1357 1398 1397 1399 1400 1387 1400 1399 1401 1402 1403 1361 1404 1406 1405 414 1381 1407 1381 414 1380 414 1409 1408 1407 1409 414 1408 413 414 1382 1410 409 412 1314 1312 412 1377 1314 1314 1377 1378 1278 1373 1374 1279 1373 1278 1374 1375 1383 409 1370 1382 1383 1382 1370 409 1410 411 410 411 1362 1361 1362 1402 1411 1412 1403 1361 1403 1412 1413 1412 1411 403 1414 405 1414 403 1415 1416 1352 1417 1414 1415 1418 1418 1420 1419 1420 1418 1415 1404 1421 1406 1422 1424 1423 395 1424 1422 385 1426 1425 384 385 1427 1428 1430 1429 1431 1433 1432 1434 1395 1394 1435 1437 1436 1434 1438 1395 1427 385 1425 1439 391 1440 1441 1443 1442 1443 1441 1444 1445 1446 1397 1424 1405 1447 1405 1424 1404 1424 1449 1448 1447 1449 1424 1448 1423 1424 1351 1356 1412 1422 401 395 1422 1419 401 401 1419 1420 1319 1416 1417 1318 1416 1319 1417 1352 1350 1412 1413 1351 1350 1351 1413 1357 1412 1356 1357 1358 1398 1397 1398 1445 1450 1451 1446 1397 1446 1451 1452 1451 1450 1401 1453 1400 1453 1401 1454 1388 1399 1387 1453 1454 1455 1456 1457 1455 1456 1455 1454 1458 1460 1459 1460 385 1459 1461 1463 1462 1464 1461 1462 1465 1467 1466 387 1468 385 1469 1470 1465 1471 1473 1472 387 1474 1468 1465 1476 1475 1474 1477 1468 1469 1465 1466 1472 1435 1478 1479 1481 1480 1481 1479 1482 1439 1440 1483 1459 1464 1484 1464 1459 1461 1459 1486 1485 1484 1486 1459 1485 1458 1459 1389 1451 1452 1460 1426 385 1460 1457 1426 1426 1457 1456 1487 1386 1390 1487 1388 1386 1487 1390 1391 1391 1389 1452 391 1451 390 1451 1389 390 391 392 1440 1430 1428 1483 1439 1483 1428 1429 1488 1428 1489 1437 1490 1491 1441 1442 1432 1444 1431 1444 1432 1443 1433 1431 1492 1433 1492 1493 1490 1494 1489 1495 1497 1496 1498 1465 1499 1499 1500 1498 1470 1476 1465 1495 1501 1497 1502 382 383 1503 1505 1504 1506 1465 1475 1475 1507 1506 383 381 1508 1507 1509 1506 1510 1512 1511 1512 1503 1513 298 1514 297 1515 298 299 1516 1517 1471 1499 1501 1518 1501 1499 1497 1499 1520 1519 1518 1520 1499 1519 1500 1499 1437 1428 1488 1498 1467 1465 1498 1493 1467 1467 1493 1492 1494 1491 1521 1442 1521 1491 1494 1521 1489 1437 1488 1490 1435 1428 1437 1435 1436 1478 1435 1472 1473 1473 1471 1517 1503 1517 1522 1516 1522 1517 1523 1503 1522 1524 1479 1480 1525 1482 1526 1482 1525 1481 1525 1526 1527 1528 1530 1529 1527 1526 1531 1532 1533 383 1531 1534 1527 1535 1537 1536 1538 1533 1532 1539 1540 383 1537 1541 1536 1542 1544 1543 383 1508 1539 383 1540 1545 1546 374 372 1540 1547 1545 1547 1548 1545 1549 1542 1550 1551 1553 1552 1554 1555 1549 1553 1556 1552 1557 1558 1511 1532 1535 1559 1535 1532 1537 1532 1561 1560 1559 1561 1532 1560 1538 1532 1505 1523 1562 1533 1502 383 1533 1534 1502 1502 1534 1531 1524 1528 1529 1480 1528 1524 1562 1530 1505 1529 1530 1562 1503 1523 1505 1503 1504 1513 1503 1512 1510 1510 1511 1558 1542 1558 1563 1557 1563 1558 1564 1542 1563 1565 297 1514 1566 1515 299 1567 1515 1566 1568 1570 1569 1567 1566 1571 1572 1574 1573 1571 1575 1567 1576 1578 1577 1573 1574 372 1553 1551 1579 1578 1580 1577 1581 372 373 1582 1584 1583 372 1586 1585 1586 372 1581 1586 1587 1585 1587 1588 1585 1589 314 312 1582 1591 1590 1592 1591 1593 1594 1596 1595 1555 1598 1597 1599 1601 1600 1573 1576 1602 1576 1573 1578 1573 1604 1603 1602 1604 1573 1603 1572 1573 1544 1564 1605 1546 372 1574 1574 1575 1546 1546 1575 1571 1565 1568 1569 1514 1568 1565 1605 1570 1544 1569 1570 1605 1542 1564 1544 1542 1543 1550 1549 1550 1554 1549 1555 1597 1593 1597 1606 1598 1606 1597 1607 1593 1606 1551 1608 1579 1609 1579 1608 1610 1612 1611 1609 1608 1601 1601 1599 1609 1613 1615 1614 1616 1607 1611 312 1617 1589 1618 1595 1596 1614 1619 1613 1594 1620 1596 1621 312 313 312 1623 1622 1623 312 1624 1623 1625 1622 1625 1626 1622 1624 312 1621 1627 1628 364 1629 1631 1630 1629 1632 1631 1633 1635 1634 1617 1637 1636 1617 1615 1638 1615 1617 1614 1617 1640 1639 1638 1640 1617 1639 1637 1617 1600 1589 1636 1636 1589 1617 1641 1593 1642 1600 1636 1599 1610 1556 1612 1552 1556 1610 1611 1612 1616 1593 1607 1642 1607 1616 1642 1593 1641 1592 1591 1592 1590 1591 1582 1583 1643 1644 1584 1583 1584 1644 1645 1644 1643 1594 1646 1620 1647 1620 1646 1648 1650 1649 1647 1646 1635 1635 1633 1647 1651 1630 1631 1652 1645 1649 1653 527 528 1654 1656 1655 1657 362 1658 1631 1632 1659 1655 1660 1654 1631 1662 1661 1662 1631 1663 1662 1664 1661 1664 1665 1661 1663 1631 1659 1654 1660 1666 1667 1669 1668 1670 1667 1671 1672 1674 1673 1651 1676 1675 1651 529 1677 529 1651 528 1651 1679 1678 1677 1679 1651 1678 1676 1651 1634 1630 1675 1675 1630 1651 1680 1627 1644 1634 1675 1633 1648 1618 1650 1595 1618 1648 1649 1650 1652 1644 1645 1680 1645 1652 1680 364 1644 1627 364 1628 363 362 363 1658 1681 1682 1657 362 1657 1682 361 1682 1681 1660 1683 1666 1684 1666 1683 1655 1656 1685 1684 1683 1672 1672 1673 1684 308 1686 307 1687 1670 1671 1688 1690 1689 1691 1693 1692 1689 1690 1694 308 1696 1695 306 1696 308 308 1698 1697 1695 1699 308 1698 1700 1697 1700 1701 1697 1699 1698 308 1702 1704 1703 1704 1702 1705 1706 1708 1707 1709 1711 1710 1686 1713 1712 1686 1694 1714 1694 1686 1689 1686 1716 1715 1714 1716 1686 1715 1713 1686 1674 307 1712 1712 307 1686 1717 1682 361 1674 1712 1673 360 1685 1718 1656 1718 1685 360 1718 359 361 359 1717 1667 1682 1669 1682 1717 1669 1667 1668 1671 1691 1692 1687 1670 1687 1692 1693 1706 1692 1719 1708 1720 1721 1703 1704 1722 1705 1723 1702 1723 1705 1722 1723 1724 1725 1726 1724 1726 1722 1724 1727 1728 328 1729 1731 1730 1732 1711 1709 1730 1731 1733 1734 1692 1735 1730 1737 1736 1733 1737 1730 1730 1739 1738 1736 1740 1730 1739 1741 1738 1741 1742 1738 1740 1739 1730 329 1734 1743 1744 357 358 1744 358 1745 1746 1748 1747 1729 1750 1749 1729 1732 1751 1732 1729 1711 1729 1753 1752 1751 1753 1729 1752 1750 1729 1725 1731 1749 1749 1731 1729 1754 1692 1706 1725 1749 1726 1719 1720 1721 1703 1721 1720 1719 1707 1708 1706 1707 1754 1692 1754 1735 1734 1735 1743 1734 329 327 327 328 1728 1728 1756 1755 1727 1756 1728 1757 1728 1755 1758 1760 1759 1759 356 1761 357 1761 356 1758 1759 1761 1760 1758 1762 1763 1765 1764 1766 1768 1767 331 1770 1769 1746 1771 1748 1767 1772 1766 1746 1774 1773 1747 1774 1746 1746 1776 1775 1773 1777 1746 1776 1778 1775 1778 1779 1775 1777 1776 1746 1757 1781 1780 332 1757 1782 323 1769 1783 1784 1786 1785 1771 1788 1787 1771 1768 1789 1768 1771 1767 1771 1791 1790 1789 1791 1771 1790 1788 1771 1762 1748 1787 1787 1748 1771 1792 1781 1755 1762 1787 1760 1764 1745 1763 1744 1745 1764 1755 1765 1792 1765 1763 1792 1757 1755 1781 1757 1780 1782 1757 332 330 330 331 1769 1793 1795 1794 1770 1783 1769 1796 323 1783 339 1797 338 1794 1797 339 340 338 1798 1795 1797 1794 1799 1801 1800 1793 1802 1795 1802 1793 1803 1804 1806 1805 1785 1786 1807 1786 1809 1808 1784 1809 1786 1786 1811 1810 1808 1812 1786 1811 1813 1810 1813 1814 1810 1812 1811 1786 1815 1817 1816 1818 1817 1815 1819 321 1820 1821 1823 1822 1807 1825 1824 1807 1818 1826 1818 1807 1817 1807 1828 1827 1826 1828 1807 1827 1825 1807 1829 1830 323 1803 1785 1824 1824 1785 1807 1831 1829 1796 1803 1824 1802 1801 1798 1800 340 1798 1801 1796 1799 1831 1799 1800 1831 323 1796 1829 323 1830 322 321 322 1820 351 349 1819 321 1819 349 1832 1833 546 350 353 349 545 1835 1834 1834 544 545 544 1832 546 1835 1806 1804 1804 1834 1835 1833 1837 1836 551 549 1838 1806 1839 1805 1840 1805 1839 1840 1842 1841 1843 1845 1844 1823 1847 1846 1821 1847 1823 1823 1849 1848 1846 1850 1823 1849 1851 1848 1851 1852 1848 1850 1849 1823 1822 1823 1842 347 1853 346 1843 1844 1854 1855 1857 1856 554 1838 1858 1842 1854 1859 1854 1842 1843 1842 1861 1860 1859 1861 1842 1860 1841 1842 1839 1822 1840 1840 1822 1842 1862 1864 1863 1836 1865 355 1833 1832 1837 1836 1837 1865 353 355 548 355 1865 548 353 547 352 1866 354 1867 354 352 1867 1868 354 1866 539 1868 1866 1864 550 1863 539 537 1868 550 551 1863 1862 1870 1869 1871 1872 557 1869 1870 1873 1872 1874 1853 1873 1870 1875 1853 1874 346 1876 1873 1875 1877 1878 1876 1879 1881 1880 1856 1883 1882 1857 1883 1856 1856 1885 1884 1882 1886 1856 1885 1887 1884 1887 1888 1884 1886 1885 1856 1855 1856 1877 1889 541 1890 1879 1880 1891 1877 1891 1892 1891 1877 1879 1877 1894 1893 1892 1894 1877 1893 1878 1877 1875 1855 1876 1876 1855 1877 1895 1897 1896 1872 1871 1874 1869 1864 1862 1838 549 1858 554 1858 553 1898 537 552 552 553 1898 1899 1900 537 1899 537 1898 1871 557 335 556 1900 555 1900 556 537 555 1901 334 335 1902 1871 1901 333 334 335 333 1902 1903 1904 348 347 348 1904 1903 1906 1905 1905 1904 1903 1906 1896 1897 1906 1897 1905 1896 1907 1895 1895 1907 543 543 1907 542 1908 541 1909 541 542 1909 541 1910 1890 541 1908 1910 1911 1912 1889 541 1889 1912 1912 1911 1913 1914 1916 1915 1917 1919 1918 1916 1921 1920 1921 1916 1914 1922 1920 1923 1921 1923 1920 1924 1925 1922 1922 1923 1924 1925 1927 1926 1927 1925 1924 1928 1926 1929 1927 1929 1926 1930 1931 1928 1928 1929 1930 1931 1933 1932 1933 1931 1930 1934 1932 1935 1933 1935 1932 1936 1937 1934 1934 1935 1936 1937 1939 1938 1939 1937 1936 1940 1938 1941 1939 1941 1938 1942 1943 1940 1940 1941 1942 1943 1945 1944 1945 1943 1942 1946 1944 1947 1945 1947 1944 1948 1949 1946 1946 1947 1948 1949 1951 1950 1951 1949 1948 1952 1950 1953 1951 1953 1950 1954 1955 1952 1952 1953 1954 1955 1957 1956 1957 1955 1954 1958 1956 1959 1957 1959 1956 1960 1961 1958 1958 1959 1960 1961 1963 1962 1963 1961 1960 1964 1962 1965 1963 1965 1962 1966 1967 1964 1964 1965 1966 1967 1969 1968 1969 1967 1966 1970 1968 1971 1969 1971 1968 1972 1973 1970 1970 1971 1972 1974 1973 1972 1974 1975 1973 1914 1915 1976 1977 1976 1978 1915 1978 1976 1979 1980 1977 1977 1978 1979 1980 1982 1981 1982 1980 1979 1983 1981 1984 1982 1984 1981 1985 1986 1983 1983 1984 1985 1986 1988 1987 1988 1986 1985 1989 1987 1990 1988 1990 1987 1991 1992 1989 1989 1990 1991 1992 1994 1993 1994 1992 1991 1995 1993 1996 1994 1996 1993 1997 1998 1995 1995 1996 1997 1998 2000 1999 2000 1998 1997 2001 1999 2002 2000 2002 1999 2003 2004 2001 2001 2002 2003 2004 2006 2005 2006 2004 2003 2007 2005 2008 2006 2008 2005 2009 2010 2007 2007 2008 2009 2010 2012 2011 2012 2010 2009 2013 2011 2014 2012 2014 2011 2015 2016 2013 2013 2014 2015 2016 2018 2017 2018 2016 2015 2019 2017 2020 2018 2020 2017 2021 2022 2019 2019 2020 2021 2022 2024 2023 2024 2022 2021 2025 2023 2026 2024 2026 2023 2027 2028 2025 2025 2026 2027 2028 2030 2029 2030 2028 2027 2030 1919 2029 2031 2033 2032 2029 1919 1917 2034 2036 2035 2037 2039 2038 2040 2042 2041 2043 2045 2044 2046 2048 2047 2049 2051 2050 2052 2054 2053 2055 2057 2056 2058 2060 2059 2061 2063 2062 2064 2066 2065 2067 2069 2068 2070 2072 2071 2073 2075 2074 2076 2078 2077 2079 2081 2080 2082 2084 2083 2085 2087 2086 2088 2090 2089 2091 2093 2092 2094 2096 2095 2097 2099 2098 2100 2102 2101 2103 2105 2104 2106 2108 2107 2109 2111 2110 2112 2114 2113 2115 2114 2116 2117 2118 2113 2112 2113 2118 2117 2120 2119 2119 2118 2117 2121 2120 2122 2120 2121 2119 2123 2124 2122 2121 2122 2124 2123 2126 2125 2125 2124 2123 2127 2126 2128 2126 2127 2125 2129 2130 2128 2127 2128 2130 2129 2132 2131 2131 2130 2129 2133 2132 2134 2132 2133 2131 2135 2136 2134 2133 2134 2136 2135 2138 2137 2137 2136 2135 2139 2138 2140 2138 2139 2137 1975 2141 2140 2139 2140 2141 1974 2141 1975 2115 2116 2106 2116 2114 2112 2108 2110 2107 2106 2107 2115 2109 2102 2111 2108 2109 2110 2100 2101 2103 2111 2102 2100 2104 2105 2095 2103 2101 2105 2099 2096 2094 2096 2104 2095 2088 2097 2098 2098 2099 2094 2090 2092 2089 2088 2089 2097 2091 2084 2093 2090 2091 2092 2082 2083 2085 2093 2084 2082 2086 2087 2077 2085 2083 2087 2081 2078 2076 2078 2086 2077 2070 2079 2080 2080 2081 2076 2072 2074 2071 2070 2071 2079 2073 2066 2075 2072 2073 2074 2064 2065 2067 2075 2066 2064 2068 2069 2059 2067 2065 2069 2063 2060 2058 2060 2068 2059 2052 2061 2062 2062 2063 2058 2054 2056 2053 2052 2053 2061 2055 2048 2057 2054 2055 2056 2046 2047 2049 2057 2048 2046 2050 2051 2041 2049 2047 2051 2045 2042 2040 2042 2050 2041 2034 2043 2044 2044 2045 2040 2036 2038 2035 2034 2035 2043 2037 2031 2039 2036 2037 2038 2032 2033 1918 2039 2031 2032 1917 1918 2033 2142 2144 2143 2145 2147 2146 2148 2150 2149 2151 2153 2152 2154 2156 2155 2157 2159 2158 2158 2161 2160 2162 2164 2163 2165 2167 2166 2168 2170 2169 2171 2157 2172 2173 2175 2174 2176 2178 2177 2179 2181 2180 2182 2184 2183 2185 2187 2186 2188 2167 2165 2189 2181 2179 2166 2167 2190 2191 2193 2192 2175 2194 2174 2192 2195 2191 2196 2198 2197 2176 2200 2199 2201 2203 2202 2204 2206 2205 2207 2208 2180 2176 2210 2209 2211 2213 2212 2214 2216 2215 2217 2219 2218 2220 2221 2164 2222 2224 2223 2225 2227 2226 2228 2229 2191 2230 2232 2231 2233 2191 2229 2234 2236 2235 2144 2237 2143 2228 2191 2238 2151 2239 2153 2240 2242 2241 2243 2245 2244 2246 2248 2247 2249 2247 2250 2228 2238 2251 2252 2254 2253 2255 2257 2256 2258 2260 2259 2143 2262 2261 2263 2265 2264 2266 2262 2143 2267 2269 2268 2270 2272 2271 2273 2271 2272 2274 2276 2275 2277 2279 2278 2280 2251 2238 2281 2283 2282 2284 2286 2285 2287 2289 2288 2282 2290 2281 2291 2293 2292 2294 2296 2295 2297 2299 2298 2299 2300 2298 2301 2303 2302 2304 2305 2275 2306 2308 2307 2309 2311 2310 2312 2313 2297 2314 2316 2315 2317 2319 2318 2302 2303 2319 2320 2322 2321 2323 2325 2324 2326 2328 2327 2329 2331 2330 2332 2334 2333 2320 2321 2328 2335 2337 2336 2338 2340 2339 2341 2343 2342 2344 2346 2345 2347 2349 2348 2350 2352 2351 2338 2339 2353 2354 2356 2355 2357 2359 2358 2360 2356 2354 2361 2363 2362 2337 2335 2364 2365 2353 2366 2364 2335 2367 2356 2360 2368 2369 2371 2370 2372 2374 2373 2375 2377 2376 2378 2380 2379 2381 2383 2382 2384 2373 2374 2385 2387 2386 2388 2390 2389 2329 2392 2391 2393 2227 2394 2189 2160 2395 2396 2398 2397 2399 2401 2400 2399 2198 2196 2402 2403 2145 2180 2208 2147 2147 2208 2404 2180 2181 2207 2179 2160 2189 2395 2160 2405 2405 2160 2406 2188 2165 2407 2408 2410 2409 2166 2190 2411 2412 2188 2407 2216 2412 2215 2407 2215 2412 2413 2171 2414 2410 2408 2415 2416 2191 2417 2418 2420 2419 2421 2419 2420 2393 2226 2227 2193 2191 2233 2422 2424 2423 2425 2427 2426 2378 2428 2380 2429 2431 2430 2432 2391 2392 2433 2434 2290 2273 2436 2435 2437 2439 2438 2423 2350 2422 2440 2358 2359 2441 2442 2289 2244 2443 2148 2257 2255 2444 2255 2445 2444 2261 2142 2143 2446 2448 2447 2416 2417 2449 2416 2450 2421 2421 2420 2416 2416 2452 2451 2450 2416 2451 2452 2416 2449 2195 2214 2417 2195 2417 2191 2216 2214 2195 2415 2406 2160 2409 2410 2411 2190 2409 2411 2408 2406 2415 2160 2161 2415 2158 2159 2161 2158 2172 2157 2172 2414 2171 2413 2414 2453 2414 2245 2453 2454 2225 2226 2245 2455 2453 2456 2393 2394 2457 2456 2394 2458 2225 2454 2458 2460 2459 2457 2461 2456 2461 2457 2462 2463 2465 2464 2446 2143 2448 2464 2465 2466 2286 2269 2467 2308 2266 2143 2306 2266 2308 2468 2275 2305 2314 2384 2469 2470 2472 2471 2473 2474 2471 2292 2293 2475 2476 2274 2275 2476 2275 2468 2477 2475 2293 2478 2245 2479 2446 2480 2463 2463 2464 2446 2446 2482 2481 2480 2446 2481 2482 2446 2447 2237 2462 2448 2237 2448 2143 2461 2462 2237 2478 2483 2455 2454 2460 2458 2483 2478 2459 2460 2483 2459 2245 2478 2455 2245 2243 2479 2245 2443 2244 2443 2150 2148 2149 2150 2484 2150 2284 2484 2256 2257 2485 2284 2486 2484 2487 2444 2445 2488 2256 2485 2489 2490 2487 2485 2491 2488 2491 2493 2492 2492 2488 2491 2494 2496 2495 2492 2493 2276 2497 2499 2498 2496 2494 2500 2309 2502 2501 2381 2304 2275 2382 2304 2381 2503 2314 2469 2504 2505 2386 2471 2371 2473 2371 2471 2370 2506 2507 2336 2389 2390 2508 2509 2316 2314 2509 2314 2503 2510 2508 2390 2498 2499 2275 2499 2511 2495 2495 2496 2499 2499 2513 2512 2511 2499 2512 2513 2499 2497 2276 2493 2498 2498 2275 2276 2514 2515 2284 2486 2515 2516 2445 2489 2487 2516 2515 2490 2489 2516 2490 2284 2515 2486 2284 2285 2514 2286 2467 2285 2286 2268 2269 2268 2310 2267 2310 2517 2267 2291 2292 2518 2310 2519 2517 2518 2520 2291 2521 2475 2477 2521 2523 2522 2518 2524 2520 2524 2526 2525 2525 2520 2524 2527 2529 2528 2530 2522 2531 2532 2529 2527 2533 2534 2502 2535 2537 2536 2373 2384 2314 2538 2540 2539 2541 2543 2542 2544 2541 2545 2336 2337 2506 2370 2546 2369 2547 2368 2360 2548 2470 2471 2549 2537 2550 2550 2551 2549 2474 2548 2471 2552 2554 2553 2294 2295 2314 2295 2555 2528 2528 2529 2295 2295 2557 2556 2555 2295 2556 2557 2295 2296 2315 2526 2294 2294 2314 2315 2525 2526 2315 2530 2310 2558 2477 2523 2521 2523 2531 2522 2310 2530 2519 2531 2519 2530 2310 2311 2558 2309 2501 2311 2502 2534 2501 2502 2559 2533 2559 2560 2533 2388 2389 2561 2559 2562 2560 2561 2563 2388 2564 2508 2510 2564 2565 2324 2561 2566 2563 2566 2568 2567 2567 2563 2566 2569 2571 2570 2572 2552 2553 2573 2574 2504 2575 2577 2576 2578 2336 2579 2580 2582 2581 2583 2585 2584 2586 2587 2584 2368 2547 2588 2589 2591 2590 2592 2579 2336 2593 2595 2594 2594 2596 2593 2507 2592 2336 2569 2570 2471 2570 2597 2554 2554 2552 2570 2570 2599 2598 2597 2570 2598 2599 2570 2571 2472 2568 2569 2569 2471 2472 2567 2568 2472 2325 2559 2387 2510 2565 2564 2565 2323 2324 2559 2325 2562 2323 2562 2325 2386 2387 2559 2386 2505 2385 2504 2574 2505 2504 2600 2573 2600 2601 2573 2600 2602 2601 2537 2549 2536 2603 2551 2550 2604 2605 2603 2551 2603 2605 2605 2604 2606 2607 2535 2536 2606 2604 2608 2609 2611 2610 2612 2544 2545 2613 2615 2614 2615 2616 2614 2617 2586 2618 2619 2368 2620 2621 2623 2622 2624 2591 2625 2366 2626 2365 2627 2629 2628 2630 2631 2357 2632 2620 2368 2633 2623 2634 2634 2635 2633 2588 2632 2368 2610 2611 2336 2611 2636 2616 2616 2615 2611 2611 2638 2637 2636 2611 2637 2638 2611 2609 2578 2608 2610 2610 2336 2578 2606 2608 2578 2538 2602 2600 2607 2539 2540 2535 2607 2540 2539 2602 2538 2541 2542 2600 2600 2542 2538 2541 2544 2543 2577 2612 2576 2545 2576 2612 2575 2576 2639 2585 2641 2640 2594 2580 2596 2595 2593 2642 2642 2643 2595 2596 2580 2581 2582 2644 2581 2582 2645 2644 2640 2641 2646 2647 2649 2648 2650 2652 2651 2647 2648 2653 2654 2655 2365 2656 2365 2655 2657 2659 2658 2660 2661 2631 2627 2663 2662 2631 2630 2664 2665 2667 2666 2350 2351 2422 2668 2669 2590 2658 2671 2670 2658 2659 2671 2626 2654 2365 2651 2652 2368 2653 2648 2652 2672 2673 2617 2652 2675 2674 2653 2652 2674 2676 2652 2650 2675 2652 2676 2619 2645 2651 2651 2368 2619 2585 2639 2576 2619 2644 2645 2646 2641 2643 2642 2646 2643 2585 2640 2639 2584 2585 2576 2584 2587 2583 2584 2618 2586 2618 2672 2617 2673 2672 2677 2672 2591 2677 2591 2678 2677 2634 2679 2635 2623 2633 2622 2679 2681 2680 2635 2679 2680 2621 2683 2682 2681 2684 2680 2684 2681 2685 2686 2688 2687 2689 2691 2690 2687 2688 2692 2338 2353 2365 2693 2694 2351 2695 2361 2696 2351 2352 2697 2698 2700 2699 2349 2702 2701 2426 2703 2425 2704 2660 2631 2703 2705 2425 2664 2704 2631 2690 2691 2365 2686 2687 2691 2706 2707 2669 2691 2709 2708 2686 2691 2708 2710 2691 2689 2709 2691 2710 2690 2365 2656 2690 2656 2685 2624 2711 2678 2656 2684 2685 2622 2683 2621 2711 2624 2682 2683 2711 2682 2591 2624 2678 2591 2589 2625 2591 2668 2590 2668 2706 2669 2707 2706 2712 2706 2628 2712 2628 2713 2712 2714 2659 2657 2670 2671 2715 2716 2714 2657 2717 2670 2715 2717 2719 2718 2716 2720 2714 2721 2723 2722 2720 2716 2724 2725 2727 2726 2723 2631 2722 2726 2727 2728 2667 2665 2729 2359 2357 2631 2730 2732 2731 2733 2699 2734 2345 2735 2344 2736 2346 2737 2738 2736 2737 2739 2693 2351 2739 2351 2697 2740 2667 2729 2741 2628 2742 2725 2726 2723 2743 2663 2744 2723 2746 2745 2725 2723 2745 2747 2723 2721 2746 2723 2747 2661 2722 2631 2722 2661 2724 2741 2748 2713 2661 2720 2724 2715 2719 2717 2748 2741 2718 2719 2748 2718 2628 2741 2713 2628 2629 2742 2627 2662 2629 2627 2744 2663 2743 2744 2749 2744 2362 2749 2362 2750 2749 2703 2751 2705 2752 2426 2427 2753 2752 2754 2427 2754 2752 2754 2755 2753 2756 2751 2757 2753 2755 2758 2759 2761 2760 2351 2694 2762 2760 2761 2763 2764 2766 2765 2767 2344 2768 2769 2771 2770 2737 2346 2344 2772 2774 2773 2775 2777 2776 2778 2768 2344 2765 2766 2779 2780 2779 2766 2735 2778 2344 2762 2782 2781 2759 2760 2762 2783 2696 2784 2762 2786 2785 2759 2762 2785 2787 2762 2781 2786 2762 2787 2782 2762 2694 2788 2789 2362 2694 2758 2782 2790 2757 2750 2758 2755 2782 2751 2756 2705 2757 2790 2756 2362 2789 2750 2750 2789 2790 2362 2363 2788 2361 2695 2363 2361 2784 2696 2784 2791 2783 2791 2792 2783 2791 2793 2792 2729 2794 2740 2795 2665 2666 2796 2795 2797 2666 2797 2795 2797 2798 2796 2799 2794 2800 2800 2793 2801 2796 2798 2802 2803 2344 2767 2804 2731 2732 2805 2807 2806 2808 2809 2774 2810 2332 2811 2334 2332 2379 2812 2326 2813 2813 2326 2814 2815 2817 2816 2818 2330 2819 2820 2811 2332 2377 2822 2821 2823 2821 2822 2333 2820 2332 2803 2825 2824 2730 2731 2803 2826 2827 2698 2803 2829 2828 2730 2803 2828 2830 2803 2824 2829 2803 2830 2825 2803 2767 2767 2802 2825 2831 2791 2733 2802 2798 2825 2794 2799 2740 2800 2801 2799 2791 2831 2793 2793 2831 2801 2699 2733 2791 2699 2700 2734 2698 2827 2700 2698 2832 2826 2832 2833 2826 2832 2770 2833 2834 2764 2765 2835 2779 2780 2805 2835 2836 2780 2836 2835 2836 2807 2805 2764 2834 2837 2332 2810 2838 2839 2841 2840 2841 2842 2840 2378 2379 2332 2843 2326 2327 2844 2330 2818 2845 2847 2846 2331 2848 2330 2849 2850 2317 2302 2319 2317 2851 2853 2852 2851 2854 2773 2776 2856 2855 2775 2776 2855 2843 2814 2326 2838 2858 2857 2842 2841 2838 2347 2348 2859 2838 2861 2860 2842 2838 2860 2862 2838 2857 2861 2838 2862 2858 2838 2810 2810 2806 2858 2863 2770 2832 2806 2807 2858 2771 2769 2837 2834 2771 2837 2770 2863 2769 2349 2701 2832 2832 2701 2863 2349 2347 2702 2809 2859 2774 2348 2774 2859 2808 2774 2864 2865 2866 2376 2823 2867 2821 2822 2377 2375 2868 2869 2867 2823 2868 2867 2870 2865 2864 2871 2869 2868 2869 2871 2872 2873 2875 2874 2326 2812 2876 2875 2873 2877 2320 2328 2326 2878 2880 2879 2850 2881 2317 2882 2884 2883 2318 2885 2317 2299 2297 2313 2886 2888 2887 2886 2889 2817 2890 2847 2845 2819 2330 2848 2890 2845 2891 2876 2893 2892 2877 2873 2876 2894 2895 2852 2876 2897 2896 2877 2876 2896 2898 2876 2892 2897 2876 2898 2893 2876 2812 2812 2872 2893 2899 2864 2774 2872 2871 2893 2866 2865 2870 2376 2866 2375 2864 2899 2870 2774 2772 2899 2773 2854 2772 2773 2853 2851 2853 2894 2852 2895 2894 2900 2900 2894 2901 2894 2817 2901 2777 2775 2902 2855 2856 2903 2904 2777 2902 2903 2856 2905 2905 2907 2906 2908 2904 2902 2904 2908 2909 2910 2912 2911 2330 2844 2913 2911 2912 2914 2392 2329 2330 2915 2917 2916 2918 2920 2919 2921 2923 2922 2312 2924 2313 2281 2290 2434 2925 2927 2926 2927 2929 2928 2882 2930 2884 2849 2317 2885 2931 2884 2930 2913 2933 2932 2910 2911 2913 2934 2935 2887 2913 2937 2936 2910 2913 2936 2938 2913 2932 2937 2913 2938 2933 2913 2844 2844 2909 2933 2939 2901 2815 2909 2908 2933 2905 2906 2903 2901 2939 2907 2907 2939 2906 2817 2815 2901 2817 2889 2816 2817 2888 2886 2888 2934 2887 2935 2934 2940 2934 2928 2940 2928 2941 2940 2891 2943 2942 2942 2890 2891 2944 2942 2943 2846 2847 2945 2945 2947 2946 2948 2944 2943 2944 2948 2949 2950 2952 2951 2317 2881 2953 2951 2952 2954 2923 2921 2955 2956 2313 2957 2958 2960 2959 2961 2963 2962 2964 2965 2434 2433 2964 2434 2441 2289 2287 2966 2957 2313 2967 2919 2968 2966 2313 2924 2969 2923 2955 2953 2971 2970 2950 2951 2953 2972 2926 2973 2953 2975 2974 2950 2953 2974 2976 2953 2970 2975 2953 2976 2977 2928 2978 2971 2953 2881 2881 2949 2971 2979 2941 2977 2949 2948 2971 2945 2946 2846 2941 2979 2947 2947 2979 2946 2928 2977 2941 2928 2929 2978 2927 2925 2929 2927 2973 2926 2972 2973 2980 2973 2920 2980 2920 2878 2980 2930 2981 2931 2982 2882 2883 2983 2982 2984 2883 2984 2982 2984 2985 2983 2986 2981 2879 2983 2985 2987 2988 2313 2956 2989 2916 2917 2990 2992 2991 2993 2434 2994 2995 2997 2996 2998 3000 2999 3001 3002 2287 2288 3001 2287 2435 3004 3003 2441 3005 2442 2965 2994 2434 2961 3007 3006 3008 3010 3009 3011 3009 3010 2988 3013 3012 2915 2916 2988 3014 2968 3015 2988 3017 3016 2915 2988 3016 3018 2988 3012 3017 2988 3018 3013 2988 2956 2956 2987 3013 3019 2920 3020 2987 2985 3013 2981 2986 2931 2879 2880 2986 2920 3019 2878 2878 3019 2880 2920 2918 3020 2919 2967 2918 2919 3015 2968 3015 2962 3014 2962 3021 3014 2962 2959 3021 2955 3022 2969 3023 2921 2922 3024 3023 3025 2922 3025 3023 3025 3026 3024 3027 3022 2960 3024 3026 3028 2434 2993 3029 3030 3032 3031 3032 3033 3031 3034 3036 3035 3037 2287 3038 3039 3041 3040 3042 3043 3034 2435 2436 3004 3044 3045 2277 3044 2277 3046 3002 3038 2287 3035 3047 2998 3048 3041 3049 3049 3050 3048 3029 3052 3051 3033 3032 3029 3053 3054 3007 3029 3056 3055 3033 3029 3055 3057 3029 3051 3056 3029 3057 3052 3029 2993 2993 3028 3052 3058 3059 2962 3028 3026 3052 3022 3027 2969 2960 2958 3027 2962 3059 2959 2959 3059 2958 2962 2963 3058 2961 3006 2963 3007 3054 3006 3007 2991 3053 2991 2992 3053 3010 3008 2997 2996 2997 3008 3060 3009 3011 3061 3060 3062 3011 3062 3060 3063 3061 3062 3063 3064 3061 3065 3066 2990 2287 3037 3067 3068 3070 3069 3071 3073 3072 3071 3074 3073 3003 3075 2435 3076 2435 3075 3077 3079 3078 3046 2277 3080 3081 3083 3082 3084 3086 3085 3087 3089 3088 3088 3090 3042 3078 3092 3091 3078 3079 3092 3067 3094 3093 3074 3071 3067 3047 3035 3036 3067 3096 3095 3074 3067 3095 3097 3067 3093 3096 3067 3097 3094 3067 3037 3037 3064 3094 3098 2990 2991 3064 3063 3094 3066 3065 2995 2996 3066 2995 2990 3098 3065 2998 2999 2991 2991 2999 3098 2998 3047 3000 3036 3034 3099 3034 3101 3100 3099 3034 3100 3102 3104 3103 3049 3105 3050 3041 3048 3040 3105 3107 3106 3050 3105 3106 3102 3108 3104 3107 3109 3106 3109 3107 3110 2435 3112 3111 3113 3115 3114 3115 3113 3116 2279 2277 3045 2271 2273 2435 3117 3119 3118 3120 3121 2437 3122 3123 3081 3124 3126 3125 3127 3129 3128 3130 3132 3131 3133 3130 3134 3117 3118 3135 3118 3136 3135 3111 3112 3137 3116 3113 3111 3138 3139 3089 3111 3141 3140 3116 3111 3140 3142 3111 3137 3141 3111 3142 3076 3112 2435 3112 3076 3110 3108 3101 3034 3076 3109 3110 3103 3104 3039 3040 3103 3039 3102 3101 3108 3034 3043 3108 3042 3090 3043 3042 3087 3088 3087 3138 3089 3133 3143 3138 3139 3138 3143 3144 3143 3133 3145 3091 3092 3146 3079 3077 3147 3146 3077 3148 3091 3145 3148 3150 3149 3147 3151 3146 3151 3147 3152 2277 3068 3069 3153 3155 3154 3155 3156 3154 3128 3080 2277 3129 3080 3128 3157 3081 3123 3158 3160 3159 3161 3163 3162 3158 3165 3164 3162 3167 3166 3083 3081 3168 3169 3170 3085 2439 2437 3121 3168 3081 3157 3171 3133 3172 3153 3154 3069 3173 3174 3131 3069 3176 3175 3153 3069 3175 3177 3069 3070 3176 3069 3177 2278 3068 2277 3068 2278 3152 3171 3178 3144 2278 3151 3152 3145 3150 3148 3178 3171 3149 3150 3178 3149 3133 3171 3144 3133 3134 3172 3133 3132 3130 3132 3173 3131 3086 3179 3173 3174 3173 3179 3180 3179 3086 3119 3117 3181 3182 3119 3181 3183 3185 3184 3181 3186 3182 3186 3188 3187 3187 3182 3186 3189 3191 3190 3180 3193 3192 3194 3196 3195 3189 3197 3191 3198 3122 3081 3199 3122 3198 3200 3158 3164 2247 3202 3201 3199 3198 3203 3204 3205 3165 3160 3158 3206 3207 3208 2263 3167 3162 3163 3206 3158 3200 3196 3194 3081 3190 3191 3194 3209 3169 3210 3194 3212 3211 3190 3194 3211 3213 3194 3195 3212 3194 3213 3196 3081 3082 3214 3193 3086 3196 3082 3188 3082 3187 3188 3136 3183 3184 3135 3136 3184 3192 3193 3185 3183 3192 3185 3086 3193 3180 3086 3084 3214 3085 3170 3084 3085 3210 3169 3215 3209 2264 3210 2264 3209 3216 3215 2264 2438 2439 3217 3217 3218 2438 3219 3221 3220 3217 3222 3218 3222 3224 3223 3223 3218 3222 3225 3227 3226 3228 3220 3229 3230 3227 3225 3158 3125 3126 3165 3158 3204 3231 3233 3232 3234 3236 3235 2250 2247 3237 3237 2247 2248 3238 3240 3239 3205 3204 3241 2249 3202 2247 2254 3243 3242 3244 3233 3245 3245 3246 3244 3247 3207 3248 3249 3251 3250 3126 3252 3226 3226 3227 3126 3126 3254 3253 3252 3126 3253 3254 3126 3124 3228 2264 3255 3125 3158 3159 3125 3159 3224 3159 3223 3224 3120 3221 3219 3121 3120 3219 3221 3229 3220 2264 3228 3216 3229 3216 3228 2264 2265 3255 2263 3208 2265 3207 3247 3208 3256 3248 3257 3207 3257 3248 3258 3256 3257 3166 3167 3259 3259 3260 3166 3261 3262 2260 3259 3263 3260 3263 3265 3264 3264 3260 3263 3249 3250 3266 3267 3269 3268 2247 3267 3268 3270 3272 3271 3273 3270 3274 3275 3277 3276 2248 2246 3278 3270 3279 3274 3270 3280 3279 3281 2151 3282 3278 2246 3283 3273 3272 3270 3284 3285 3238 3286 3288 3287 3287 3289 3286 3290 3243 3291 3268 3292 3251 3251 3249 3268 3268 3294 3293 3292 3268 3293 3294 3268 3269 2258 3257 2252 3267 2247 3201 3267 3201 3265 3201 3264 3265 3161 3262 3261 3163 3161 3261 3262 2259 2260 3257 2258 3258 2259 3258 2258 2254 2252 3257 2254 3242 2253 3243 3290 3242 3295 3291 3296 3243 3296 3291 3297 3295 3296 3246 3245 3298 3298 3299 3246 3232 3233 3244 3298 3300 3299 3301 3300 3302 3301 3299 3300 3303 3305 3304 3304 3305 3270 3306 3308 3307 3309 3308 3306 3310 3280 3270 3311 3313 3312 3280 3310 3314 2151 2152 3315 3316 3318 3317 3314 3310 3319 3315 3282 2151 3313 3320 2155 3321 3323 3322 3322 3324 3321 3284 3325 3285 3305 3326 3309 3309 3306 3305 3305 3328 3327 3326 3305 3327 3328 3305 3303 3234 3297 3296 3304 3270 3271 3304 3271 3302 3271 3301 3302 3329 3236 3231 3329 3231 3232 3329 3235 3236 3235 3297 3234 3238 3239 3296 3296 3239 3234 3238 3285 3240 2241 3325 2240 3284 2240 3325 2242 2240 3330 3331 3332 2156 3333 3288 3286 3275 3276 3289 3289 3287 3275 3277 3334 3276 3277 3335 3334 3332 3331 3336 3337 3339 3338 3340 3341 2151 3341 3340 3342 3343 2239 2151 3337 3338 3344 3345 3317 3318 3346 3347 3318 3318 3348 3345 2239 3343 3349 3348 3318 3347 3349 3343 3350 3351 3353 3352 3352 3354 2429 2235 3356 3355 2235 2236 3356 3357 3311 3358 3341 3359 3344 3344 3338 3341 3341 3361 3360 3359 3341 3360 3361 3341 3342 2156 3330 2240 3340 2151 3281 3340 3281 3335 3281 3334 3335 3336 3362 3333 3288 3333 3362 3336 3331 3362 2156 3332 3330 2155 2156 2240 2155 3320 2154 2155 3312 3313 3312 3358 3311 2429 3363 3358 3357 3358 3363 3364 3363 2429 3365 3323 3321 3366 3367 3324 3324 3322 3366 3366 3368 3367 3369 3371 3370 3368 3372 3367 3373 3318 3374 3372 3368 3375 3376 3378 3377 3379 3373 3374 3380 3382 3381 3377 3378 3383 3384 3346 3318 3385 3387 3386 3388 3390 3389 3382 3389 3391 3346 3384 3392 3392 3384 3393 3394 3396 3395 3385 3398 3397 3399 2168 2169 3397 3387 3385 3400 3399 2169 3401 3353 3402 3373 3403 3376 3376 3377 3373 3373 3405 3404 3403 3373 3404 3405 3373 3379 2430 3406 3364 3374 3318 3316 3374 3316 3375 3316 3372 3375 3365 3371 3369 3323 3365 3369 3406 2430 3370 3371 3406 3370 2429 2430 3364 2429 3354 2431 2429 3351 3352 3351 3402 3353 3382 3407 3402 3401 3402 3407 3408 3407 3382 3409 3355 3356 3410 2236 2234 3411 3410 2234 3412 3414 3413 3411 3415 3410 3416 3418 3417 3415 3411 3419 3420 3422 3421 3418 3385 3417 3423 3424 3385 3421 3422 3425 2231 3426 2230 3385 3424 3398 3427 3429 3428 3430 3423 3385 3423 3430 3431 3431 3430 3432 2232 2230 3433 3434 3436 3435 3437 3429 3395 3435 3436 3438 3388 3440 3439 3441 3443 3442 3418 3444 3420 3420 3421 3418 3418 3446 3445 3444 3418 3445 3446 3418 3416 3380 3447 3408 3386 3417 3385 3417 3386 3419 3386 3415 3419 3409 3414 3412 3355 3409 3412 3447 3380 3413 3414 3447 3413 3382 3380 3408 3382 3391 3381 3389 3390 3391 3389 3440 3388 3427 3448 3440 3439 3440 3448 3449 3448 3427 3399 3400 3450 3451 3450 3400 3452 3454 3453 3451 3442 3450 3442 3451 3441 3455 3457 3456 3458 3454 3449 2230 3426 3459 3460 3434 3435 3457 3455 3461 3462 3463 2230 3464 3466 3465 2230 3463 3433 3467 3462 2230 3462 3467 3468 3468 3467 3469 3470 3472 3471 2217 3473 2219 2222 3475 3474 3470 3471 3476 3477 3479 3478 3459 3481 3480 3459 3482 3456 3456 3457 3459 3459 3484 3483 3482 3459 3483 3484 3459 3480 3443 3481 3426 3481 3459 3426 3485 3486 3427 3443 3441 3481 3452 3453 2170 2168 3452 2170 3454 3458 3453 3427 3486 3449 3449 3486 3458 3427 3428 3485 3429 3437 3428 3429 3394 3395 3487 3396 3488 3394 3488 3396 3489 3487 3488 3434 3460 3490 3491 3490 3460 3492 3494 3493 3491 3478 3490 3478 3491 3477 3495 2219 3473 3496 3494 3489 3497 3465 3466 3498 2218 2219 3499 3500 3475 3501 3502 2219 3470 3503 3472 2219 3502 3498 3504 3501 2219 3501 3504 3505 3505 3504 3506 2184 3508 3507 3509 3511 3510 3512 3514 3513 3514 3512 3515 3516 3518 3517 3495 3520 3519 3495 3521 3464 3464 3465 3495 3495 3523 3522 3521 3495 3522 3523 3495 3519 3479 3520 3473 3520 3495 3473 3524 3488 2223 3479 3477 3520 3492 3493 3438 3436 3492 3438 3494 3496 3493 3488 3524 3489 3489 3524 3496 2222 2223 3488 2222 3474 2224 3475 3500 3474 3525 3499 3526 3475 3526 3499 3510 3525 3526 3472 3503 3527 3528 3527 3503 3471 3529 3476 3528 3516 3527 3516 3528 3518 3512 3513 3530 3531 2221 2220 3532 3534 3533 3535 3537 3536 3534 3538 3533 3539 3540 3512 3541 3515 3512 3512 3540 3541 3542 3539 3512 3539 3542 3543 3543 3542 3544 3545 3546 2183 3536 3547 3535 3548 3550 3549 3530 3552 3551 3530 3553 3538 3538 3534 3530 3530 3555 3554 3553 3530 3554 3555 3530 3551 3517 3552 3513 3552 3530 3513 3556 3510 3526 3517 3518 3552 3511 3557 3529 3476 3529 3557 3511 3509 3557 3510 3556 3509 2164 2162 3526 3526 2162 3556 2164 2221 2163 3507 3531 2184 2220 2184 3531 3508 2184 3558 3559 3561 3560 3562 3536 3537 3563 3564 3547 3535 3547 3564 3563 3565 3564 3566 3560 3558 3567 3565 3563 3568 3570 3569 3565 3567 3571 3572 3574 3573 3548 3549 3575 3550 3548 3576 3574 3572 3577 3578 3548 3579 3578 3576 3548 3580 3579 3548 3581 3580 3548 3580 3581 3582 3582 3581 3583 3584 3586 3585 3569 3545 3587 2211 2212 3588 3589 2212 2213 3575 3591 3590 3575 3592 3577 3577 3572 3575 3575 3594 3593 3592 3575 3593 3594 3575 3590 3571 3591 3549 3591 3575 3549 3595 3558 2184 3571 3567 3591 3559 3562 3561 3537 3561 3562 3559 3560 3566 3558 3595 3566 2184 2182 3595 2183 3546 2182 2183 3587 3545 3587 3568 3569 3568 3597 3596 3570 3568 3596 3598 3597 3568 3599 3601 3600 3600 3602 3588 2211 3588 3602 3601 3602 3600 3599 3603 3601 3604 3606 3605 3585 3586 3607 3608 3610 3609 3611 3610 3608 3612 3584 3585 3613 3598 3614 3615 3585 3616 3615 3612 3585 3617 3616 3585 3618 3617 3585 3617 3618 3619 3619 3618 3620 3621 3623 3622 3624 3625 3598 3626 2186 3624 3627 3628 2173 3629 3621 3622 3607 3631 3630 3607 3632 3609 3609 3610 3607 3607 3634 3633 3632 3607 3633 3634 3607 3630 3603 3631 3586 3631 3607 3586 3635 3597 3613 3603 3599 3631 3606 3604 3589 2213 3606 3589 3597 3635 3605 3605 3635 3604 3598 3613 3597 3598 3625 3614 3598 3626 3624 3626 2185 2186 3636 3637 2185 2187 2185 3637 3638 3637 3636 3639 3627 3640 2173 3628 2175 2194 3641 2174 3639 3628 3627 3640 3642 3639 3643 3645 3644 3646 3648 3647 3646 3649 3648 3623 3650 3622 3651 3622 3652 3651 3629 3622 3653 3652 3622 3654 3653 3622 3653 3654 3655 3655 3654 3656 3657 3659 3658 3660 3661 3636 3662 3663 3660 2201 2205 3664 3658 3665 3657 3650 3667 3666 3650 3668 3647 3647 3648 3650 3650 3670 3669 3668 3650 3669 3670 3650 3666 3671 3636 3672 3642 3667 3623 3667 3650 3623 3673 3638 3671 3642 3640 3667 3645 3643 3641 2194 3645 3641 3638 3673 3644 3644 3673 3643 3636 3671 3638 3636 3661 3672 3660 3663 3661 3674 3662 3675 3660 3675 3662 2209 3674 3675 2209 3675 2176 2202 3677 3676 3677 2202 2203 2203 2201 3664 3678 3676 3679 3679 3676 3677 3680 3681 3678 3678 3679 3680 3681 3680 3682 2396 2397 3683 3684 3686 3685 3659 3687 3658 3688 3658 3689 3688 3665 3658 3690 3689 3658 3691 3690 3658 3690 3691 3692 3692 3691 3693 3694 3696 3695 3684 3697 3686 2400 3698 3683 3699 3701 3700 3694 3695 3702 3703 3687 3682 3687 3704 3685 3685 3686 3687 3687 3706 3705 3704 3687 3705 3706 3687 3703 3681 3682 3659 3682 3687 3659 3707 3709 3708 2204 2210 3710 2205 2206 3664 2204 3710 2206 2176 2199 2210 2210 2199 3710 2176 2177 2200 3711 3712 2178 2178 3712 2177 3713 3711 2178 2197 3711 3713 3708 3709 2398 2197 3713 2196 2398 3709 2397 3707 3715 3714 3716 2404 3717 3714 3715 3718 3717 3701 3699 3719 3700 3701 3714 3718 3720 3721 3720 3718 3722 3724 3723 3724 3722 3725 3726 3695 3727 3726 3702 3695 3695 3728 3727 3729 3728 3695 3728 3729 3730 3730 3729 3731 3695 3696 3732 3733 3735 3734 3736 3700 3719 3721 3737 3732 3732 3738 3723 3723 3724 3732 3732 3740 3739 3738 3732 3739 3740 3732 3737 3720 3721 3696 3721 3732 3696 3741 3743 3742 3717 3699 3716 3715 3707 3708 3683 3698 2396 2400 2401 3698 3744 2399 2196 2399 3744 2401 3745 2196 3746 3745 3744 2196 3716 2147 2404 2403 2402 3746 3746 2196 2403 2402 2145 3747 2147 3716 3748 3747 2145 2146 2147 3748 2146 3749 3736 3750 3719 3750 3736 3749 3752 3751 3752 3749 3750 3751 3742 3743 3751 3752 3742 3743 3741 3753 3741 3754 3753 3754 3735 3753 3755 3734 3756 3755 3733 3734 3757 3734 3758 3759 3756 3734 3758 3760 3757 3759 3734 3757 3760 3758 3761 3734 3735 3762 3735 3754 3762 3762 3763 2343 2342 2343 3763 3764 3765 3762 3762 3765 3763 3766 3767 3762 3762 3767 3764 3754 3766 3762 3768 3770 3769 3769 3771 3768 3772 3774 3773 3775 3776 3773 3773 3774 3775 3777 3776 3778 3775 3778 3776 3777 3778 3779 3774 3772 3780 3772 3781 3780 3782 3781 3783 3781 3782 3780 3783 3785 3784 3784 3782 3783 3784 3785 3786 3785 3787 3786 3788 3790 3789 3789 3791 3788 3792 3794 3793 3795 3797 3796 3798 3800 3799 3801 3803 3802 3804 3806 3805 3807 3809 3808 3805 3811 3810 3810 3804 3805 3812 3813 3811 3810 3811 3813 3804 3807 3806 3807 3808 3806 3800 3809 3799 3808 3809 3800 3798 3801 3802 3799 3801 3798 3803 3792 3793 3803 3793 3802 3795 3794 3797 3797 3794 3792 3814 3816 3815 3815 3817 3814 3818 3820 3819 3821 3818 3822 3818 3821 3820 3822 3824 3823 3823 3821 3822 3825 3826 3824 3823 3824 3826 3825 3828 3827 3825 3827 3826 3829 3819 3820 3830 3819 3829 3831 3832 3830 3830 3829 3831 3833 3832 3834 3831 3834 3832 3833 3836 3835 3836 3833 3834 3837 3838 3835 3835 3836 3837 3837 3839 3838 3840 3842 3841 3842 3840 3843 3844 3846 3845 3847 3849 3848 3850 3852 3851 3853 3855 3854 3856 3858 3857 3857 3852 3856 3851 3852 3857 3856 3859 3858 3851 3853 3850 3845 3854 3855 3854 3850 3853 3846 3844 3849 3845 3855 3844 3849 3847 3846 3860 3862 3861 3862 3860 3863 3864 3866 3865 3865 3867 3864 3868 3870 3869 3871 3872 3869 3869 3870 3871 3873 3872 3874 3871 3874 3872 3873 3874 3875 3870 3868 3876 3868 3877 3876 3878 3877 3879 3877 3878 3876 3879 3881 3880 3880 3878 3879 3880 3881 3882 3881 3883 3882 3884 3886 3885 3885 3887 3884 3888 3890 3889 3891 3893 3892 3894 3896 3895 3897 3899 3898 3900 3902 3901 3903 3905 3904 3901 3907 3906 3906 3900 3901 3908 3909 3907 3906 3907 3909 3900 3903 3902 3903 3904 3902 3896 3905 3895 3904 3905 3896 3894 3897 3898 3895 3897 3894 3899 3888 3889 3899 3889 3898 3891 3890 3893 3893 3890 3888 3910 3912 3911 3911 3913 3910 3914 3916 3915 3917 3914 3918 3914 3917 3916 3918 3920 3919 3919 3917 3918 3921 3922 3920 3919 3920 3922 3921 3924 3923 3921 3923 3922 3925 3915 3916 3926 3915 3925 3927 3928 3926 3926 3925 3927 3929 3928 3930 3927 3930 3928 3929 3932 3931 3932 3929 3930 3933 3934 3931 3931 3932 3933 3933 3935 3934 3936 3938 3937 3938 3936 3939 3940 3942 3941 3942 3940 3943 3944 3946 3945 3947 3949 3948 3950 3952 3951 3953 3955 3954 3956 3958 3957 3957 3952 3956 3951 3952 3957 3956 3959 3958 3951 3953 3950 3945 3954 3955 3954 3950 3953 3946 3944 3949 3945 3955 3944 3949 3947 3946 3960 3962 3961 3961 3963 3960 3964 3966 3965 3967 3968 3965 3965 3966 3967 3969 3968 3970 3967 3970 3968 3969 3970 3971 3966 3964 3972 3964 3973 3972 3974 3973 3975 3973 3974 3972 3975 3977 3976 3976 3974 3975 3976 3977 3978 3977 3979 3978 3980 3982 3981 3981 3983 3980 3984 3986 3985 3987 3989 3988 3990 3992 3991 3993 3995 3994 3996 3998 3997 3999 4001 4000 3997 4003 4002 4002 3996 3997 4004 4005 4003 4002 4003 4005 3996 3999 3998 3999 4000 3998 3992 4001 3991 4000 4001 3992 3990 3993 3994 3991 3993 3990 3995 3984 3985 3995 3985 3994 3987 3986 3989 3989 3986 3984 4006 4008 4007 4007 4009 4006 4010 4012 4011 4013 4010 4014 4010 4013 4012 4014 4016 4015 4015 4013 4014 4017 4018 4016 4015 4016 4018 4017 4020 4019 4017 4019 4018 4021 4011 4012 4022 4011 4021 4023 4024 4022 4022 4021 4023 4025 4024 4026 4023 4026 4024 4025 4028 4027 4028 4025 4026 4029 4030 4027 4027 4028 4029 4029 4031 4030 4032 4034 4033 4034 4032 4035 4036 4038 4037 4038 4036 4039 4040 4042 4041 4043 4045 4044 4046 4048 4047 4049 4051 4050 4052 4054 4053 4053 4048 4052 4047 4048 4053 4052 4055 4054 4047 4049 4046 4041 4050 4051 4050 4046 4049 4042 4040 4045 4041 4051 4040 4045 4043 4042 4056 4058 4057 4057 4059 4056 4060 4062 4061 4063 4064 4061 4061 4062 4063 4065 4064 4066 4063 4066 4064 4065 4066 4067 4062 4060 4068 4060 4069 4068 4070 4069 4071 4069 4070 4068 4071 4073 4072 4072 4070 4071 4072 4073 4074 4073 4075 4074 4076 4078 4077 4077 4079 4076 4080 4082 4081 4083 4085 4084 4086 4088 4087 4089 4091 4090 4092 4094 4093 4095 4097 4096 4093 4099 4098 4098 4092 4093 4100 4101 4099 4098 4099 4101 4092 4095 4094 4095 4096 4094 4088 4097 4087 4096 4097 4088 4086 4089 4090 4087 4089 4086 4091 4080 4081 4091 4081 4090 4083 4082 4085 4085 4082 4080 4102 4104 4103 4103 4105 4102 4106 4108 4107 4109 4106 4110 4106 4109 4108 4110 4112 4111 4111 4109 4110 4113 4114 4112 4111 4112 4114 4113 4116 4115 4113 4115 4114 4117 4107 4108 4118 4107 4117 4119 4120 4118 4118 4117 4119 4121 4120 4122 4119 4122 4120 4121 4124 4123 4124 4121 4122 4125 4126 4123 4123 4124 4125 4125 4127 4126 4128 4130 4129 4130 4128 4131 4132 4134 4133 4134 4132 4135 4136 4138 4137 4139 4141 4140 4142 4144 4143 4145 4147 4146 4148 4150 4149 4149 4144 4148 4143 4144 4149 4148 4151 4150 4143 4145 4142 4137 4146 4147 4146 4142 4145 4138 4136 4141 4137 4147 4136 4141 4139 4138 4152 4154 4153 4153 4155 4152 4156 4158 4157 4159 4160 4157 4157 4158 4159 4161 4160 4162 4159 4162 4160 4161 4162 4163 4158 4156 4164 4156 4165 4164 4166 4165 4167 4165 4166 4164 4167 4169 4168 4168 4166 4167 4168 4169 4170 4169 4171 4170 4172 4174 4173 4173 4175 4172 4176 4178 4177 4179 4181 4180 4182 4184 4183 4185 4187 4186 4188 4190 4189 4191 4193 4192 4189 4195 4194 4194 4188 4189 4196 4197 4195 4194 4195 4197 4188 4191 4190 4191 4192 4190 4184 4193 4183 4192 4193 4184 4182 4185 4186 4183 4185 4182 4187 4176 4177 4187 4177 4186 4179 4178 4181 4181 4178 4176 4198 4200 4199 4199 4201 4198 4202 4204 4203 4205 4202 4206 4202 4205 4204 4206 4208 4207 4207 4205 4206 4209 4210 4208 4207 4208 4210 4209 4212 4211 4209 4211 4210 4213 4203 4204 4214 4203 4213 4215 4216 4214 4214 4213 4215 4217 4216 4218 4215 4218 4216 4217 4220 4219 4220 4217 4218 4221 4222 4219 4219 4220 4221 4221 4223 4222 4224 4226 4225 4226 4224 4227 4228 4230 4229 4230 4228 4231 4232 4234 4233 4235 4237 4236 4238 4240 4239 4241 4243 4242 4244 4246 4245 4245 4240 4244 4239 4240 4245 4244 4247 4246 4239 4241 4238 4233 4242 4243 4242 4238 4241 4234 4232 4237 4233 4243 4232 4237 4235 4234 4248 4250 4249 4249 4251 4248 4252 4254 4253 4255 4256 4253 4253 4254 4255 4257 4256 4258 4255 4258 4256 4257 4258 4259 4254 4252 4260 4252 4261 4260 4262 4261 4263 4261 4262 4260 4263 4265 4264 4264 4262 4263 4264 4265 4266 4265 4267 4266 4268 4270 4269 4269 4271 4268 4272 4274 4273 4275 4277 4276 4278 4280 4279 4281 4283 4282 4284 4286 4285 4287 4289 4288 4285 4291 4290 4290 4284 4285 4292 4293 4291 4290 4291 4293 4284 4287 4286 4287 4288 4286 4280 4289 4279 4288 4289 4280 4278 4281 4282 4279 4281 4278 4283 4272 4273 4283 4273 4282 4275 4274 4277 4277 4274 4272 4294 4296 4295 4295 4297 4294 4298 4300 4299 4301 4298 4302 4298 4301 4300 4302 4304 4303 4303 4301 4302 4305 4306 4304 4303 4304 4306 4305 4308 4307 4305 4307 4306 4309 4299 4300 4310 4299 4309 4311 4312 4310 4310 4309 4311 4313 4312 4314 4311 4314 4312 4313 4316 4315 4316 4313 4314 4317 4318 4315 4315 4316 4317 4317 4319 4318 4320 4322 4321 4322 4320 4323 4324 4326 4325 4326 4324 4327 4328 4330 4329 4331 4333 4332 4334 4336 4335 4337 4339 4338 4340 4342 4341 4341 4336 4340 4335 4336 4341 4340 4343 4342 4335 4337 4334 4329 4338 4339 4338 4334 4337 4330 4328 4333 4329 4339 4328 4333 4331 4330 4344 4346 4345 4345 4347 4344 4348 4350 4349 4351 4352 4349 4349 4350 4351 4353 4352 4354 4351 4354 4352 4353 4354 4355 4350 4348 4356 4348 4357 4356 4358 4357 4359 4357 4358 4356 4359 4361 4360 4360 4358 4359 4360 4361 4362 4361 4363 4362 4364 4366 4365 4365 4367 4364 4368 4370 4369 4371 4373 4372 4374 4376 4375 4377 4379 4378 4380 4382 4381 4383 4385 4384 4381 4387 4386 4386 4380 4381 4388 4389 4387 4386 4387 4389 4380 4383 4382 4383 4384 4382 4376 4385 4375 4384 4385 4376 4374 4377 4378 4375 4377 4374 4379 4368 4369 4379 4369 4378 4371 4370 4373 4373 4370 4368 4390 4392 4391 4391 4393 4390 4394 4396 4395 4397 4394 4398 4394 4397 4396 4398 4400 4399 4399 4397 4398 4401 4402 4400 4399 4400 4402 4401 4404 4403 4401 4403 4402 4405 4395 4396 4406 4395 4405 4407 4408 4406 4406 4405 4407 4409 4408 4410 4407 4410 4408 4409 4412 4411 4412 4409 4410 4413 4414 4411 4411 4412 4413 4413 4415 4414 4416 4418 4417 4418 4416 4419 4420 4422 4421 4422 4420 4423 4424 4426 4425 4427 4429 4428 4430 4432 4431 4433 4435 4434 4436 4438 4437 4437 4432 4436 4431 4432 4437 4436 4439 4438 4431 4433 4430 4425 4434 4435 4434 4430 4433 4426 4424 4429 4425 4435 4424 4429 4427 4426 4440 4442 4441 4441 4443 4440 4444 4446 4445 4447 4448 4445 4445 4446 4447 4449 4448 4450 4447 4450 4448 4449 4450 4451 4446 4444 4452 4444 4453 4452 4454 4453 4455 4453 4454 4452 4455 4457 4456 4456 4454 4455 4456 4457 4458 4457 4459 4458 4460 4462 4461 4461 4463 4460 4464 4466 4465 4467 4469 4468 4470 4472 4471 4473 4475 4474 4476 4478 4477 4479 4481 4480 4477 4483 4482 4482 4476 4477 4484 4485 4483 4482 4483 4485 4476 4479 4478 4479 4480 4478 4472 4481 4471 4480 4481 4472 4470 4473 4474 4471 4473 4470 4475 4464 4465 4475 4465 4474 4467 4466 4469 4469 4466 4464 4486 4488 4487 4487 4489 4486 4490 4492 4491 4493 4490 4494 4490 4493 4492 4494 4496 4495 4495 4493 4494 4497 4498 4496 4495 4496 4498 4497 4500 4499 4497 4499 4498 4501 4491 4492 4502 4491 4501 4503 4504 4502 4502 4501 4503 4505 4504 4506 4503 4506 4504 4505 4508 4507 4508 4505 4506 4509 4510 4507 4507 4508 4509 4509 4511 4510 4512 4514 4513 4514 4512 4515 4516 4518 4517 4518 4516 4519 4520 4522 4521 4523 4525 4524 4526 4528 4527 4529 4531 4530 4532 4534 4533 4533 4528 4532 4527 4528 4533 4532 4535 4534 4527 4529 4526 4521 4530 4531 4530 4526 4529 4522 4520 4525 4521 4531 4520 4525 4523 4522 4536 4538 4537 4537 4539 4536 4540 4542 4541 4543 4544 4541 4541 4542 4543 4545 4544 4546 4543 4546 4544 4545 4546 4547 4542 4540 4548 4540 4549 4548 4550 4549 4551 4549 4550 4548 4551 4553 4552 4552 4550 4551 4552 4553 4554 4553 4555 4554 4556 4558 4557 4557 4559 4556 4560 4562 4561 4563 4565 4564 4566 4568 4567 4569 4571 4570 4572 4574 4573 4575 4577 4576 4573 4579 4578 4578 4572 4573 4580 4581 4579 4578 4579 4581 4572 4575 4574 4575 4576 4574 4568 4577 4567 4576 4577 4568 4566 4569 4570 4567 4569 4566 4571 4560 4561 4571 4561 4570 4563 4562 4565 4565 4562 4560 4582 4584 4583 4583 4585 4582 4586 4588 4587 4589 4586 4590 4586 4589 4588 4590 4592 4591 4591 4589 4590 4593 4594 4592 4591 4592 4594 4593 4596 4595 4593 4595 4594 4597 4587 4588 4598 4587 4597 4599 4600 4598 4598 4597 4599 4601 4600 4602 4599 4602 4600 4601 4604 4603 4604 4601 4602 4605 4606 4603 4603 4604 4605 4605 4607 4606 4608 4610 4609 4610 4608 4611 4612 4614 4613 4614 4612 4615 4616 4618 4617 4619 4621 4620 4622 4624 4623 4625 4627 4626 4628 4630 4629 4629 4624 4628 4623 4624 4629 4628 4631 4630 4623 4625 4622 4617 4626 4627 4626 4622 4625 4618 4616 4621 4617 4627 4616 4621 4619 4618 4632 4634 4633 4633 4635 4632 4636 4638 4637 4639 4640 4637 4637 4638 4639 4641 4640 4642 4639 4642 4640 4641 4642 4643 4638 4636 4644 4636 4645 4644 4646 4645 4647 4645 4646 4644 4647 4649 4648 4648 4646 4647 4648 4649 4650 4649 4651 4650 4652 4654 4653 4653 4655 4652 4656 4658 4657 4659 4661 4660 4662 4664 4663 4665 4667 4666 4668 4670 4669 4671 4673 4672 4669 4675 4674 4674 4668 4669 4676 4677 4675 4674 4675 4677 4668 4671 4670 4671 4672 4670 4664 4673 4663 4672 4673 4664 4662 4665 4666 4663 4665 4662 4667 4656 4657 4667 4657 4666 4659 4658 4661 4661 4658 4656 4678 4680 4679 4679 4681 4678 4682 4684 4683 4685 4682 4686 4682 4685 4684 4686 4688 4687 4687 4685 4686 4689 4690 4688 4687 4688 4690 4689 4692 4691 4689 4691 4690 4693 4683 4684 4694 4683 4693 4695 4696 4694 4694 4693 4695 4697 4696 4698 4695 4698 4696 4697 4700 4699 4700 4697 4698 4701 4702 4699 4699 4700 4701 4701 4703 4702 4704 4706 4705 4706 4704 4707 4708 4710 4709 4710 4708 4711 4712 4714 4713 4715 4717 4716 4718 4720 4719 4721 4723 4722 4724 4726 4725 4725 4720 4724 4719 4720 4725 4724 4727 4726 4719 4721 4718 4713 4722 4723 4722 4718 4721 4714 4712 4717 4713 4723 4712 4717 4715 4714 4728 4730 4729 4729 4731 4728 4732 4734 4733 4735 4736 4733 4733 4734 4735 4737 4736 4738 4735 4738 4736 4737 4738 4739 4734 4732 4740 4732 4741 4740 4742 4741 4743 4741 4742 4740 4743 4745 4744 4744 4742 4743 4744 4745 4746 4745 4747 4746 4748 4750 4749 4749 4751 4748 4752 4754 4753 4755 4757 4756 4758 4760 4759 4761 4763 4762 4764 4766 4765 4767 4769 4768 4765 4771 4770 4770 4764 4765 4772 4773 4771 4770 4771 4773 4764 4767 4766 4767 4768 4766 4760 4769 4759 4768 4769 4760 4758 4761 4762 4759 4761 4758 4763 4752 4753 4763 4753 4762 4755 4754 4757 4757 4754 4752 4774 4776 4775 4775 4777 4774 4778 4780 4779 4781 4778 4782 4778 4781 4780 4782 4784 4783 4783 4781 4782 4785 4786 4784 4783 4784 4786 4785 4788 4787 4785 4787 4786 4789 4779 4780 4790 4779 4789 4791 4792 4790 4790 4789 4791 4793 4792 4794 4791 4794 4792 4793 4796 4795 4796 4793 4794 4797 4798 4795 4795 4796 4797 4797 4799 4798 4800 4802 4801 4802 4800 4803 4804 4806 4805 4806 4804 4807 4808 4810 4809 4811 4813 4812 4814 4816 4815 4817 4819 4818 4820 4822 4821 4821 4816 4820 4815 4816 4821 4820 4823 4822 4815 4817 4814 4809 4818 4819 4818 4814 4817 4810 4808 4813 4809 4819 4808 4813 4811 4810 4824 4826 4825 4825 4827 4824 4828 4830 4829 4831 4832 4829 4829 4830 4831 4833 4832 4834 4831 4834 4832 4833 4834 4835 4830 4828 4836 4828 4837 4836 4838 4837 4839 4837 4838 4836 4839 4841 4840 4840 4838 4839 4840 4841 4842 4841 4843 4842 4844 4846 4845 4845 4847 4844 4848 4850 4849 4851 4853 4852 4854 4856 4855 4857 4859 4858 4860 4862 4861 4863 4865 4864 4861 4867 4866 4866 4860 4861 4868 4869 4867 4866 4867 4869 4860 4863 4862 4863 4864 4862 4856 4865 4855 4864 4865 4856 4854 4857 4858 4855 4857 4854 4859 4848 4849 4859 4849 4858 4851 4850 4853 4853 4850 4848 4870 4872 4871 4871 4873 4870 4874 4876 4875 4877 4874 4878 4874 4877 4876 4878 4880 4879 4879 4877 4878 4881 4882 4880 4879 4880 4882 4881 4884 4883 4881 4883 4882 4885 4875 4876 4886 4875 4885 4887 4888 4886 4886 4885 4887 4889 4888 4890 4887 4890 4888 4889 4892 4891 4892 4889 4890 4893 4894 4891 4891 4892 4893 4893 4895 4894 4896 4898 4897 4898 4896 4899 4900 4902 4901 4902 4900 4903 4904 4906 4905 4907 4909 4908 4910 4912 4911 4913 4915 4914 4916 4918 4917 4917 4912 4916 4911 4912 4917 4916 4919 4918 4911 4913 4910 4905 4914 4915 4914 4910 4913 4906 4904 4909 4905 4915 4904 4909 4907 4906 4920 4922 4921 4921 4923 4920 4924 4926 4925 4927 4928 4925 4925 4926 4927 4929 4928 4930 4927 4930 4928 4929 4930 4931 4926 4924 4932 4924 4933 4932 4934 4933 4935 4933 4934 4932 4935 4937 4936 4936 4934 4935 4936 4937 4938 4937 4939 4938 4940 4942 4941 4941 4943 4940 4944 4946 4945 4947 4949 4948 4950 4952 4951 4953 4955 4954 4956 4958 4957 4959 4961 4960 4957 4963 4962 4962 4956 4957 4964 4965 4963 4962 4963 4965 4956 4959 4958 4959 4960 4958 4952 4961 4951 4960 4961 4952 4950 4953 4954 4951 4953 4950 4955 4944 4945 4955 4945 4954 4947 4946 4949 4949 4946 4944 4966 4968 4967 4967 4969 4966 4970 4972 4971 4973 4970 4974 4970 4973 4972 4974 4976 4975 4975 4973 4974 4977 4978 4976 4975 4976 4978 4977 4980 4979 4977 4979 4978 4981 4971 4972 4982 4971 4981 4983 4984 4982 4982 4981 4983 4985 4984 4986 4983 4986 4984 4985 4988 4987 4988 4985 4986 4989 4990 4987 4987 4988 4989 4989 4991 4990 4992 4994 4993 4994 4992 4995 4996 4998 4997 4998 4996 4999 5000 5002 5001 5003 5005 5004 5006 5008 5007 5009 5011 5010 5012 5014 5013 5013 5008 5012 5007 5008 5013 5012 5015 5014 5007 5009 5006 5001 5010 5011 5010 5006 5009 5002 5000 5005 5001 5011 5000 5005 5003 5002 5016 5018 5017 5017 5019 5016 5020 5022 5021 5023 5024 5021 5021 5022 5023 5025 5024 5026 5023 5026 5024 5025 5026 5027 5022 5020 5028 5020 5029 5028 5030 5029 5031 5029 5030 5028 5031 5033 5032 5032 5030 5031 5032 5033 5034 5033 5035 5034 5036 5038 5037 5037 5039 5036 5040 5042 5041 5043 5045 5044 5046 5048 5047 5049 5051 5050 5052 5054 5053 5055 5057 5056 5053 5059 5058 5058 5052 5053 5060 5061 5059 5058 5059 5061 5052 5055 5054 5055 5056 5054 5048 5057 5047 5056 5057 5048 5046 5049 5050 5047 5049 5046 5051 5040 5041 5051 5041 5050 5043 5042 5045 5045 5042 5040 5062 5064 5063 5063 5065 5062 5066 5068 5067 5069 5066 5070 5066 5069 5068 5070 5072 5071 5071 5069 5070 5073 5074 5072 5071 5072 5074 5073 5076 5075 5073 5075 5074 5077 5067 5068 5078 5067 5077 5079 5080 5078 5078 5077 5079 5081 5080 5082 5079 5082 5080 5081 5084 5083 5084 5081 5082 5085 5086 5083 5083 5084 5085 5085 5087 5086 5088 5090 5089 5090 5088 5091 5092 5094 5093 5094 5092 5095 5096 5098 5097 5099 5101 5100 5102 5104 5103 5105 5107 5106 5108 5110 5109 5109 5104 5108 5103 5104 5109 5108 5111 5110 5103 5105 5102 5097 5106 5107 5106 5102 5105 5098 5096 5101 5097 5107 5096 5101 5099 5098 5112 5114 5113 5113 5115 5112 5116 5118 5117 5119 5120 5117 5117 5118 5119 5121 5120 5122 5119 5122 5120 5121 5122 5123 5118 5116 5124 5116 5125 5124 5126 5125 5127 5125 5126 5124 5127 5129 5128 5128 5126 5127 5128 5129 5130 5129 5131 5130 5132 5134 5133 5133 5135 5132 5136 5138 5137 5139 5141 5140 5142 5144 5143 5145 5147 5146 5148 5150 5149 5151 5153 5152 5149 5155 5154 5154 5148 5149 5156 5157 5155 5154 5155 5157 5148 5151 5150 5151 5152 5150 5144 5153 5143 5152 5153 5144 5142 5145 5146 5143 5145 5142 5147 5136 5137 5147 5137 5146 5139 5138 5141 5141 5138 5136 5158 5160 5159 5159 5161 5158 5162 5164 5163 5165 5162 5166 5162 5165 5164 5166 5168 5167 5167 5165 5166 5169 5170 5168 5167 5168 5170 5169 5172 5171 5169 5171 5170 5173 5163 5164 5174 5163 5173 5175 5176 5174 5174 5173 5175 5177 5176 5178 5175 5178 5176 5177 5180 5179 5180 5177 5178 5181 5182 5179 5179 5180 5181 5181 5183 5182 5184 5186 5185 5186 5184 5187 5188 5190 5189 5190 5188 5191 5192 5194 5193 5195 5197 5196 5198 5200 5199 5201 5203 5202 5204 5206 5205 5205 5200 5204 5199 5200 5205 5204 5207 5206 5199 5201 5198 5193 5202 5203 5202 5198 5201 5194 5192 5197 5193 5203 5192 5197 5195 5194 5208 5210 5209 5209 5211 5208 5212 5214 5213 5215 5216 5213 5213 5214 5215 5217 5216 5218 5215 5218 5216 5217 5218 5219 5214 5212 5220 5212 5221 5220 5222 5221 5223 5221 5222 5220 5223 5225 5224 5224 5222 5223 5224 5225 5226 5225 5227 5226 5228 5230 5229 5229 5231 5228 5232 5234 5233 5235 5237 5236 5238 5240 5239 5241 5243 5242 5244 5246 5245 5247 5249 5248 5245 5251 5250 5250 5244 5245 5252 5253 5251 5250 5251 5253 5244 5247 5246 5247 5248 5246 5240 5249 5239 5248 5249 5240 5238 5241 5242 5239 5241 5238 5243 5232 5233 5243 5233 5242 5235 5234 5237 5237 5234 5232 5254 5256 5255 5255 5257 5254 5258 5260 5259 5261 5258 5262 5258 5261 5260 5262 5264 5263 5263 5261 5262 5265 5266 5264 5263 5264 5266 5265 5268 5267 5265 5267 5266 5269 5259 5260 5270 5259 5269 5271 5272 5270 5270 5269 5271 5273 5272 5274 5271 5274 5272 5273 5276 5275 5276 5273 5274 5277 5278 5275 5275 5276 5277 5277 5279 5278 5280 5282 5281 5282 5280 5283 5284 5286 5285 5286 5284 5287 5288 5290 5289 5291 5293 5292 5294 5296 5295 5297 5299 5298 5300 5302 5301 5301 5296 5300 5295 5296 5301 5300 5303 5302 5295 5297 5294 5289 5298 5299 5298 5294 5297 5290 5288 5293 5289 5299 5288 5293 5291 5290 5304 5306 5305 5305 5307 5304 5308 5310 5309 5311 5312 5309 5309 5310 5311 5313 5312 5314 5311 5314 5312 5313 5314 5315 5310 5308 5316 5308 5317 5316 5318 5317 5319 5317 5318 5316 5319 5321 5320 5320 5318 5319 5320 5321 5322 5321 5323 5322 5324 5326 5325 5325 5327 5324 5328 5330 5329 5331 5333 5332 5334 5336 5335 5337 5339 5338 5340 5342 5341 5343 5345 5344 5341 5347 5346 5346 5340 5341 5348 5349 5347 5346 5347 5349 5340 5343 5342 5343 5344 5342 5336 5345 5335 5344 5345 5336 5334 5337 5338 5335 5337 5334 5339 5328 5329 5339 5329 5338 5331 5330 5333 5333 5330 5328 5350 5352 5351 5351 5353 5350 5354 5356 5355 5357 5354 5358 5354 5357 5356 5358 5360 5359 5359 5357 5358 5361 5362 5360 5359 5360 5362 5361 5364 5363 5361 5363 5362 5365 5355 5356 5366 5355 5365 5367 5368 5366 5366 5365 5367 5369 5368 5370 5367 5370 5368 5369 5372 5371 5372 5369 5370 5373 5374 5371 5371 5372 5373 5373 5375 5374 5376 5378 5377 5378 5376 5379 5380 5382 5381 5382 5380 5383 5384 5386 5385 5387 5389 5388 5390 5392 5391 5393 5395 5394 5396 5398 5397 5397 5392 5396 5391 5392 5397 5396 5399 5398 5391 5393 5390 5385 5394 5395 5394 5390 5393 5386 5384 5389 5385 5395 5384 5389 5387 5386 5400 5402 5401 5401 5403 5400 5404 5406 5405 5407 5408 5405 5405 5406 5407 5409 5408 5410 5407 5410 5408 5409 5410 5411 5406 5404 5412 5404 5413 5412 5414 5413 5415 5413 5414 5412 5415 5417 5416 5416 5414 5415 5416 5417 5418 5417 5419 5418 5420 5422 5421 5421 5423 5420 5424 5426 5425 5427 5429 5428 5430 5432 5431 5433 5435 5434 5436 5438 5437 5439 5441 5440 5437 5443 5442 5442 5436 5437 5444 5445 5443 5442 5443 5445 5436 5439 5438 5439 5440 5438 5432 5441 5431 5440 5441 5432 5430 5433 5434 5431 5433 5430 5435 5424 5425 5435 5425 5434 5427 5426 5429 5429 5426 5424 5446 5448 5447 5447 5449 5446 5450 5452 5451 5453 5450 5454 5450 5453 5452 5454 5456 5455 5455 5453 5454 5457 5458 5456 5455 5456 5458 5457 5460 5459 5457 5459 5458 5461 5451 5452 5462 5451 5461 5463 5464 5462 5462 5461 5463 5465 5464 5466 5463 5466 5464 5465 5468 5467 5468 5465 5466 5469 5470 5467 5467 5468 5469 5469 5471 5470 5472 5474 5473 5474 5472 5475 5476 5478 5477 5478 5476 5479 5480 5482 5481 5483 5485 5484 5486 5488 5487 5489 5491 5490 5492 5494 5493 5493 5488 5492 5487 5488 5493 5492 5495 5494 5487 5489 5486 5481 5490 5491 5490 5486 5489 5482 5480 5485 5481 5491 5480 5485 5483 5482 5496 5498 5497 5497 5499 5496 5500 5502 5501 5503 5504 5501 5501 5502 5503 5505 5504 5506 5503 5506 5504 5505 5506 5507 5502 5500 5508 5500 5509 5508 5510 5509 5511 5509 5510 5508 5511 5513 5512 5512 5510 5511 5512 5513 5514 5513 5515 5514 5516 5518 5517 5517 5519 5516 5520 5522 5521 5523 5525 5524 5526 5528 5527 5529 5531 5530 5532 5534 5533 5535 5537 5536 5533 5539 5538 5538 5532 5533 5540 5541 5539 5538 5539 5541 5532 5535 5534 5535 5536 5534 5528 5537 5527 5536 5537 5528 5526 5529 5530 5527 5529 5526 5531 5520 5521 5531 5521 5530 5523 5522 5525 5525 5522 5520 5542 5544 5543 5543 5545 5542 5546 5548 5547 5549 5546 5550 5546 5549 5548 5550 5552 5551 5551 5549 5550 5553 5554 5552 5551 5552 5554 5553 5556 5555 5553 5555 5554 5557 5547 5548 5558 5547 5557 5559 5560 5558 5558 5557 5559 5561 5560 5562 5559 5562 5560 5561 5564 5563 5564 5561 5562 5565 5566 5563 5563 5564 5565 5565 5567 5566 5568 5570 5569 5570 5568 5571 5572 5574 5573 5574 5572 5575 5576 5578 5577 5579 5581 5580 5582 5584 5583 5585 5587 5586 5588 5590 5589 5589 5584 5588 5583 5584 5589 5588 5591 5590 5583 5585 5582 5577 5586 5587 5586 5582 5585 5578 5576 5581 5577 5587 5576 5581 5579 5578 5592 5594 5593 5593 5595 5592 5596 5598 5597 5599 5600 5597 5597 5598 5599 5601 5600 5602 5599 5602 5600 5601 5602 5603 5598 5596 5604 5596 5605 5604 5606 5605 5607 5605 5606 5604 5607 5609 5608 5608 5606 5607 5608 5609 5610 5609 5611 5610 5612 5614 5613 5613 5615 5612 5616 5618 5617 5619 5621 5620 5622 5624 5623 5625 5627 5626 5628 5630 5629 5631 5633 5632 5629 5635 5634 5634 5628 5629 5636 5637 5635 5634 5635 5637 5628 5631 5630 5631 5632 5630 5624 5633 5623 5632 5633 5624 5622 5625 5626 5623 5625 5622 5627 5616 5617 5627 5617 5626 5619 5618 5621 5621 5618 5616 5638 5640 5639 5639 5641 5638 5642 5644 5643 5645 5642 5646 5642 5645 5644 5646 5648 5647 5647 5645 5646 5649 5650 5648 5647 5648 5650 5649 5652 5651 5649 5651 5650 5653 5643 5644 5654 5643 5653 5655 5656 5654 5654 5653 5655 5657 5656 5658 5655 5658 5656 5657 5660 5659 5660 5657 5658 5661 5662 5659 5659 5660 5661 5661 5663 5662 5664 5666 5665 5666 5664 5667 5668 5670 5669 5670 5668 5671 5672 5674 5673 5675 5677 5676 5678 5680 5679 5681 5683 5682 5684 5686 5685 5685 5680 5684 5679 5680 5685 5684 5687 5686 5679 5681 5678 5673 5682 5683 5682 5678 5681 5674 5672 5677 5673 5683 5672 5677 5675 5674 5688 5690 5689 5689 5691 5688 5692 5694 5693 5695 5696 5693 5693 5694 5695 5697 5696 5698 5695 5698 5696 5697 5698 5699 5694 5692 5700 5692 5701 5700 5702 5701 5703 5701 5702 5700 5703 5705 5704 5704 5702 5703 5704 5705 5706 5705 5707 5706 5708 5710 5709 5709 5711 5708 5712 5714 5713 5715 5717 5716 5718 5720 5719 5721 5723 5722 5724 5726 5725 5727 5729 5728 5725 5731 5730 5730 5724 5725 5732 5733 5731 5730 5731 5733 5724 5727 5726 5727 5728 5726 5720 5729 5719 5728 5729 5720 5718 5721 5722 5719 5721 5718 5723 5712 5713 5723 5713 5722 5715 5714 5717 5717 5714 5712 5734 5736 5735 5735 5737 5734 5738 5740 5739 5741 5738 5742 5738 5741 5740 5742 5744 5743 5743 5741 5742 5745 5746 5744 5743 5744 5746 5745 5748 5747 5745 5747 5746 5749 5739 5740 5750 5739 5749 5751 5752 5750 5750 5749 5751 5753 5752 5754 5751 5754 5752 5753 5756 5755 5756 5753 5754 5757 5758 5755 5755 5756 5757 5757 5759 5758 5760 5762 5761 5762 5760 5763 5764 5766 5765 5766 5764 5767 5768 5770 5769 5771 5773 5772 5774 5776 5775 5777 5779 5778 5780 5782 5781 5781 5776 5780 5775 5776 5781 5780 5783 5782 5775 5777 5774 5769 5778 5779 5778 5774 5777 5770 5768 5773 5769 5779 5768 5773 5771 5770 5784 5786 5785 5785 5787 5784 5788 5790 5789 5791 5792 5789 5789 5790 5791 5793 5792 5794 5791 5794 5792 5793 5794 5795 5790 5788 5796 5788 5797 5796 5798 5797 5799 5797 5798 5796 5799 5801 5800 5800 5798 5799 5800 5801 5802 5801 5803 5802 5804 5806 5805 5805 5807 5804 5808 5810 5809 5811 5813 5812 5814 5816 5815 5817 5819 5818 5820 5822 5821 5823 5825 5824 5821 5827 5826 5826 5820 5821 5828 5829 5827 5826 5827 5829 5820 5823 5822 5823 5824 5822 5816 5825 5815 5824 5825 5816 5814 5817 5818 5815 5817 5814 5819 5808 5809 5819 5809 5818 5811 5810 5813 5813 5810 5808 5830 5832 5831 5831 5833 5830 5834 5836 5835 5837 5834 5838 5834 5837 5836 5838 5840 5839 5839 5837 5838 5841 5842 5840 5839 5840 5842 5841 5844 5843 5841 5843 5842 5845 5835 5836 5846 5835 5845 5847 5848 5846 5846 5845 5847 5849 5848 5850 5847 5850 5848 5849 5852 5851 5852 5849 5850 5853 5854 5851 5851 5852 5853 5853 5855 5854 5856 5858 5857 5858 5856 5859 5860 5862 5861 5862 5860 5863 5864 5866 5865 5867 5869 5868 5870 5872 5871 5873 5875 5874 5876 5878 5877 5877 5872 5876 5871 5872 5877 5876 5879 5878 5871 5873 5870 5865 5874 5875 5874 5870 5873 5866 5864 5869 5865 5875 5864 5869 5867 5866 5880 5882 5881 5881 5883 5880 5884 5886 5885 5887 5888 5885 5885 5886 5887 5889 5888 5890 5887 5890 5888 5889 5890 5891 5886 5884 5892 5884 5893 5892 5894 5893 5895 5893 5894 5892 5895 5897 5896 5896 5894 5895 5896 5897 5898 5897 5899 5898 5900 5902 5901 5901 5903 5900 5904 5906 5905 5907 5909 5908 5910 5912 5911 5913 5915 5914 5916 5918 5917 5919 5921 5920 5917 5923 5922 5922 5916 5917 5924 5925 5923 5922 5923 5925 5916 5919 5918 5919 5920 5918 5912 5921 5911 5920 5921 5912 5910 5913 5914 5911 5913 5910 5915 5904 5905 5915 5905 5914 5907 5906 5909 5909 5906 5904 5926 5928 5927 5927 5929 5926 5930 5932 5931 5933 5930 5934 5930 5933 5932 5934 5936 5935 5935 5933 5934 5937 5938 5936 5935 5936 5938 5937 5940 5939 5937 5939 5938 5941 5931 5932 5942 5931 5941 5943 5944 5942 5942 5941 5943 5945 5944 5946 5943 5946 5944 5945 5948 5947 5948 5945 5946 5949 5950 5947 5947 5948 5949 5949 5951 5950 5952 5954 5953 5954 5952 5955 5956 5958 5957 5958 5956 5959 5960 5962 5961 5963 5965 5964 5966 5968 5967 5969 5971 5970 5972 5974 5973 5973 5968 5972 5967 5968 5973 5972 5975 5974 5967 5969 5966 5961 5970 5971 5970 5966 5969 5962 5960 5965 5961 5971 5960 5965 5963 5962 5976 5978 5977 5977 5979 5976 5980 5982 5981 5983 5984 5981 5981 5982 5983 5985 5984 5986 5983 5986 5984 5985 5986 5987 5982 5980 5988 5980 5989 5988 5990 5989 5991 5989 5990 5988 5991 5993 5992 5992 5990 5991 5992 5993 5994 5993 5995 5994 5996 5998 5997 5997 5999 5996 6000 6002 6001 6003 6005 6004 6006 6008 6007 6009 6011 6010 6012 6014 6013 6015 6017 6016 6013 6019 6018 6018 6012 6013 6020 6021 6019 6018 6019 6021 6012 6015 6014 6015 6016 6014 6008 6017 6007 6016 6017 6008 6006 6009 6010 6007 6009 6006 6011 6000 6001 6011 6001 6010 6003 6002 6005 6005 6002 6000 6022 6024 6023 6023 6025 6022 6026 6028 6027 6029 6026 6030 6026 6029 6028 6030 6032 6031 6031 6029 6030 6033 6034 6032 6031 6032 6034 6033 6036 6035 6033 6035 6034 6037 6027 6028 6038 6027 6037 6039 6040 6038 6038 6037 6039 6041 6040 6042 6039 6042 6040 6041 6044 6043 6044 6041 6042 6045 6046 6043 6043 6044 6045 6045 6047 6046 6048 6050 6049 6050 6048 6051 6052 6054 6053 6054 6052 6055 6056 6058 6057 6059 6061 6060 6062 6064 6063 6065 6067 6066 6068 6070 6069 6069 6064 6068 6063 6064 6069 6068 6071 6070 6063 6065 6062 6057 6066 6067 6066 6062 6065 6058 6056 6061 6057 6067 6056 6061 6059 6058 6072 6074 6073 6073 6075 6072 6076 6078 6077 6079 6080 6077 6077 6078 6079 6081 6080 6082 6079 6082 6080 6081 6082 6083 6078 6076 6084 6076 6085 6084 6086 6085 6087 6085 6086 6084 6087 6089 6088 6088 6086 6087 6088 6089 6090 6089 6091 6090 6092 6094 6093 6093 6095 6092 6096 6098 6097 6099 6101 6100 6102 6104 6103 6105 6107 6106 6108 6110 6109 6111 6113 6112 6109 6115 6114 6114 6108 6109 6116 6117 6115 6114 6115 6117 6108 6111 6110 6111 6112 6110 6104 6113 6103 6112 6113 6104 6102 6105 6106 6103 6105 6102 6107 6096 6097 6107 6097 6106 6099 6098 6101 6101 6098 6096 6118 6120 6119 6119 6121 6118 6122 6124 6123 6125 6122 6126 6122 6125 6124 6126 6128 6127 6127 6125 6126 6129 6130 6128 6127 6128 6130 6129 6132 6131 6129 6131 6130 6133 6123 6124 6134 6123 6133 6135 6136 6134 6134 6133 6135 6137 6136 6138 6135 6138 6136 6137 6140 6139 6140 6137 6138 6141 6142 6139 6139 6140 6141 6141 6143 6142 6144 6146 6145 6146 6144 6147 6148 6150 6149 6150 6148 6151 6152 6154 6153 6155 6157 6156 6158 6160 6159 6161 6163 6162 6164 6166 6165 6165 6160 6164 6159 6160 6165 6164 6167 6166 6159 6161 6158 6153 6162 6163 6162 6158 6161 6154 6152 6157 6153 6163 6152 6157 6155 6154 6168 6170 6169 6169 6171 6168 6172 6174 6173 6175 6176 6173 6173 6174 6175 6177 6176 6178 6175 6178 6176 6177 6178 6179 6174 6172 6180 6172 6181 6180 6182 6181 6183 6181 6182 6180 6183 6185 6184 6184 6182 6183 6184 6185 6186 6185 6187 6186 6188 6190 6189 6189 6191 6188 6192 6194 6193 6195 6197 6196 6198 6200 6199 6201 6203 6202 6204 6206 6205 6207 6209 6208 6205 6211 6210 6210 6204 6205 6212 6213 6211 6210 6211 6213 6204 6207 6206 6207 6208 6206 6200 6209 6199 6208 6209 6200 6198 6201 6202 6199 6201 6198 6203 6192 6193 6203 6193 6202 6195 6194 6197 6197 6194 6192 6214 6216 6215 6215 6217 6214 6218 6220 6219 6221 6218 6222 6218 6221 6220 6222 6224 6223 6223 6221 6222 6225 6226 6224 6223 6224 6226 6225 6228 6227 6225 6227 6226 6229 6219 6220 6230 6219 6229 6231 6232 6230 6230 6229 6231 6233 6232 6234 6231 6234 6232 6233 6236 6235 6236 6233 6234 6237 6238 6235 6235 6236 6237 6237 6239 6238 6240 6242 6241 6242 6240 6243 6244 6246 6245 6246 6244 6247 6248 6250 6249 6251 6253 6252 6254 6256 6255 6257 6259 6258 6260 6262 6261 6261 6256 6260 6255 6256 6261 6260 6263 6262 6255 6257 6254 6249 6258 6259 6258 6254 6257 6250 6248 6253 6249 6259 6248 6253 6251 6250 6264 6266 6265 6265 6267 6264 6268 6270 6269 6271 6272 6269 6269 6270 6271 6273 6272 6274 6271 6274 6272 6273 6274 6275 6270 6268 6276 6268 6277 6276 6278 6277 6279 6277 6278 6276 6279 6281 6280 6280 6278 6279 6280 6281 6282 6281 6283 6282 6284 6286 6285 6285 6287 6284 6288 6290 6289 6291 6293 6292 6294 6296 6295 6297 6299 6298 6300 6302 6301 6303 6305 6304 6301 6307 6306 6306 6300 6301 6308 6309 6307 6306 6307 6309 6300 6303 6302 6303 6304 6302 6296 6305 6295 6304 6305 6296 6294 6297 6298 6295 6297 6294 6299 6288 6289 6299 6289 6298 6291 6290 6293 6293 6290 6288 6310 6312 6311 6311 6313 6310 6314 6316 6315 6317 6314 6318 6314 6317 6316 6318 6320 6319 6319 6317 6318 6321 6322 6320 6319 6320 6322 6321 6324 6323 6321 6323 6322 6325 6315 6316 6326 6315 6325 6327 6328 6326 6326 6325 6327 6329 6328 6330 6327 6330 6328 6329 6332 6331 6332 6329 6330 6333 6334 6331 6331 6332 6333 6333 6335 6334 6336 6338 6337 6338 6336 6339 6340 6342 6341 6342 6340 6343 6344 6346 6345 6347 6349 6348 6350 6352 6351 6353 6355 6354 6356 6358 6357 6357 6352 6356 6351 6352 6357 6356 6359 6358 6351 6353 6350 6345 6354 6355 6354 6350 6353 6346 6344 6349 6345 6355 6344 6349 6347 6346 6360 6362 6361 6361 6363 6360 6364 6366 6365 6367 6368 6365 6365 6366 6367 6369 6368 6370 6367 6370 6368 6369 6370 6371 6366 6364 6372 6364 6373 6372 6374 6373 6375 6373 6374 6372 6375 6377 6376 6376 6374 6375 6376 6377 6378 6377 6379 6378 6380 6382 6381 6381 6383 6380 6384 6386 6385 6387 6389 6388 6390 6392 6391 6393 6395 6394 6396 6398 6397 6399 6401 6400 6397 6403 6402 6402 6396 6397 6404 6405 6403 6402 6403 6405 6396 6399 6398 6399 6400 6398 6392 6401 6391 6400 6401 6392 6390 6393 6394 6391 6393 6390 6395 6384 6385 6395 6385 6394 6387 6386 6389 6389 6386 6384 6406 6408 6407 6407 6409 6406 6410 6412 6411 6413 6410 6414 6410 6413 6412 6414 6416 6415 6415 6413 6414 6417 6418 6416 6415 6416 6418 6417 6420 6419 6417 6419 6418 6421 6411 6412 6422 6411 6421 6423 6424 6422 6422 6421 6423 6425 6424 6426 6423 6426 6424 6425 6428 6427 6428 6425 6426 6429 6430 6427 6427 6428 6429 6429 6431 6430 6432 6434 6433 6434 6432 6435 6436 6438 6437 6438 6436 6439 6440 6442 6441 6443 6445 6444 6446 6448 6447 6449 6451 6450 6452 6454 6453 6453 6448 6452 6447 6448 6453 6452 6455 6454 6447 6449 6446 6441 6450 6451 6450 6446 6449 6442 6440 6445 6441 6451 6440 6445 6443 6442 6456 6458 6457 6457 6459 6456 6460 6462 6461 6463 6464 6461 6461 6462 6463 6465 6464 6466 6463 6466 6464 6465 6466 6467 6462 6460 6468 6460 6469 6468 6470 6469 6471 6469 6470 6468 6471 6473 6472 6472 6470 6471 6472 6473 6474 6473 6475 6474 6476 6478 6477 6477 6479 6476 6480 6482 6481 6483 6485 6484 6486 6488 6487 6489 6491 6490 6492 6494 6493 6495 6497 6496 6493 6499 6498 6498 6492 6493 6500 6501 6499 6498 6499 6501 6492 6495 6494 6495 6496 6494 6488 6497 6487 6496 6497 6488 6486 6489 6490 6487 6489 6486 6491 6480 6481 6491 6481 6490 6483 6482 6485 6485 6482 6480 6502 6504 6503 6503 6505 6502 6506 6508 6507 6509 6506 6510 6506 6509 6508 6510 6512 6511 6511 6509 6510 6513 6514 6512 6511 6512 6514 6513 6516 6515 6513 6515 6514 6517 6507 6508 6518 6507 6517 6519 6520 6518 6518 6517 6519 6521 6520 6522 6519 6522 6520 6521 6524 6523 6524 6521 6522 6525 6526 6523 6523 6524 6525 6525 6527 6526 6528 6530 6529 6530 6528 6531 6532 6534 6533 6534 6532 6535 6536 6538 6537 6539 6541 6540 6542 6544 6543 6545 6547 6546 6548 6550 6549 6549 6544 6548 6543 6544 6549 6548 6551 6550 6543 6545 6542 6537 6546 6547 6546 6542 6545 6538 6536 6541 6537 6547 6536 6541 6539 6538 6552 6554 6553 6553 6555 6552 6556 6558 6557 6559 6560 6557 6557 6558 6559 6561 6560 6562 6559 6562 6560 6561 6562 6563 6558 6556 6564 6556 6565 6564 6566 6565 6567 6565 6566 6564 6567 6569 6568 6568 6566 6567 6568 6569 6570 6569 6571 6570 6572 6574 6573 6573 6575 6572 6576 6578 6577 6579 6581 6580 6582 6584 6583 6585 6587 6586 6588 6590 6589 6591 6593 6592 6589 6595 6594 6594 6588 6589 6596 6597 6595 6594 6595 6597 6588 6591 6590 6591 6592 6590 6584 6593 6583 6592 6593 6584 6582 6585 6586 6583 6585 6582 6587 6576 6577 6587 6577 6586 6579 6578 6581 6581 6578 6576 6598 6600 6599 6599 6601 6598 6602 6604 6603 6605 6602 6606 6602 6605 6604 6606 6608 6607 6607 6605 6606 6609 6610 6608 6607 6608 6610 6609 6612 6611 6609 6611 6610 6613 6603 6604 6614 6603 6613 6615 6616 6614 6614 6613 6615 6617 6616 6618 6615 6618 6616 6617 6620 6619 6620 6617 6618 6621 6622 6619 6619 6620 6621 6621 6623 6622 6624 6626 6625 6626 6624 6627 6628 6630 6629 6630 6628 6631 6632 6634 6633 6635 6637 6636 6638 6640 6639 6641 6643 6642 6644 6646 6645 6645 6640 6644 6639 6640 6645 6644 6647 6646 6639 6641 6638 6633 6642 6643 6642 6638 6641 6634 6632 6637 6633 6643 6632 6637 6635 6634 6648 6650 6649 6649 6651 6648 6652 6654 6653 6655 6656 6653 6653 6654 6655 6657 6656 6658 6655 6658 6656 6657 6658 6659 6654 6652 6660 6652 6661 6660 6662 6661 6663 6661 6662 6660 6663 6665 6664 6664 6662 6663 6664 6665 6666 6665 6667 6666 6668 6670 6669 6669 6671 6668 6672 6674 6673 6675 6677 6676 6678 6680 6679 6681 6683 6682 6684 6686 6685 6687 6689 6688 6685 6691 6690 6690 6684 6685 6692 6693 6691 6690 6691 6693 6684 6687 6686 6687 6688 6686 6680 6689 6679 6688 6689 6680 6678 6681 6682 6679 6681 6678 6683 6672 6673 6683 6673 6682 6675 6674 6677 6677 6674 6672 6694 6696 6695 6695 6697 6694 6698 6700 6699 6701 6698 6702 6698 6701 6700 6702 6704 6703 6703 6701 6702 6705 6706 6704 6703 6704 6706 6705 6708 6707 6705 6707 6706 6709 6699 6700 6710 6699 6709 6711 6712 6710 6710 6709 6711 6713 6712 6714 6711 6714 6712 6713 6716 6715 6716 6713 6714 6717 6718 6715 6715 6716 6717 6717 6719 6718 6720 6722 6721 6722 6720 6723 6724 6726 6725 6726 6724 6727 6728 6730 6729 6731 6733 6732 6734 6736 6735 6737 6739 6738 6740 6742 6741 6741 6736 6740 6735 6736 6741 6740 6743 6742 6735 6737 6734 6729 6738 6739 6738 6734 6737 6730 6728 6733 6729 6739 6728 6733 6731 6730 6744 6746 6745 6745 6747 6744 6748 6750 6749 6751 6752 6749 6749 6750 6751 6753 6752 6754 6751 6754 6752 6753 6754 6755 6750 6748 6756 6748 6757 6756 6758 6757 6759 6757 6758 6756 6759 6761 6760 6760 6758 6759 6760 6761 6762 6761 6763 6762 6764 6766 6765 6765 6767 6764 6768 6770 6769 6771 6773 6772 6774 6776 6775 6777 6779 6778 6780 6782 6781 6783 6785 6784 6781 6787 6786 6786 6780 6781 6788 6789 6787 6786 6787 6789 6780 6783 6782 6783 6784 6782 6776 6785 6775 6784 6785 6776 6774 6777 6778 6775 6777 6774 6779 6768 6769 6779 6769 6778 6771 6770 6773 6773 6770 6768 6790 6792 6791 6791 6793 6790 6794 6796 6795 6797 6794 6798 6794 6797 6796 6798 6800 6799 6799 6797 6798 6801 6802 6800 6799 6800 6802 6801 6804 6803 6801 6803 6802 6805 6795 6796 6806 6795 6805 6807 6808 6806 6806 6805 6807 6809 6808 6810 6807 6810 6808 6809 6812 6811 6812 6809 6810 6813 6814 6811 6811 6812 6813 6813 6815 6814 6816 6818 6817 6818 6816 6819 6820 6822 6821 6822 6820 6823 6824 6826 6825 6827 6829 6828 6830 6832 6831 6833 6835 6834 6836 6838 6837 6837 6832 6836 6831 6832 6837 6836 6839 6838 6831 6833 6830 6825 6834 6835 6834 6830 6833 6826 6824 6829 6825 6835 6824 6829 6827 6826 6840 6842 6841 6841 6843 6840 6844 6846 6845 6847 6848 6845 6845 6846 6847 6849 6848 6850 6847 6850 6848 6849 6850 6851 6846 6844 6852 6844 6853 6852 6854 6853 6855 6853 6854 6852 6855 6857 6856 6856 6854 6855 6856 6857 6858 6857 6859 6858 6860 6862 6861 6861 6863 6860 6864 6866 6865 6867 6869 6868 6870 6872 6871 6873 6875 6874 6876 6878 6877 6879 6881 6880 6877 6883 6882 6882 6876 6877 6884 6885 6883 6882 6883 6885 6876 6879 6878 6879 6880 6878 6872 6881 6871 6880 6881 6872 6870 6873 6874 6871 6873 6870 6875 6864 6865 6875 6865 6874 6867 6866 6869 6869 6866 6864 6886 6888 6887 6887 6889 6886 6890 6892 6891 6893 6890 6894 6890 6893 6892 6894 6896 6895 6895 6893 6894 6897 6898 6896 6895 6896 6898 6897 6900 6899 6897 6899 6898 6901 6891 6892 6902 6891 6901 6903 6904 6902 6902 6901 6903 6905 6904 6906 6903 6906 6904 6905 6908 6907 6908 6905 6906 6909 6910 6907 6907 6908 6909 6909 6911 6910 6912 6914 6913 6914 6912 6915 6916 6918 6917 6918 6916 6919 6920 6922 6921 6923 6925 6924 6926 6928 6927 6929 6931 6930 6932 6934 6933 6933 6928 6932 6927 6928 6933 6932 6935 6934 6927 6929 6926 6921 6930 6931 6930 6926 6929 6922 6920 6925 6921 6931 6920 6925 6923 6922 6936 6938 6937 6937 6939 6936 6940 6942 6941 6943 6944 6941 6941 6942 6943 6945 6944 6946 6943 6946 6944 6945 6946 6947 6942 6940 6948 6940 6949 6948 6950 6949 6951 6949 6950 6948 6951 6953 6952 6952 6950 6951 6952 6953 6954 6953 6955 6954 6956 6958 6957 6957 6959 6956 6960 6962 6961 6963 6965 6964 6966 6968 6967 6969 6971 6970 6972 6974 6973 6975 6977 6976 6973 6979 6978 6978 6972 6973 6980 6981 6979 6978 6979 6981 6972 6975 6974 6975 6976 6974 6968 6977 6967 6976 6977 6968 6966 6969 6970 6967 6969 6966 6971 6960 6961 6971 6961 6970 6963 6962 6965 6965 6962 6960 6982 6984 6983 6983 6985 6982 6986 6988 6987 6989 6986 6990 6986 6989 6988 6990 6992 6991 6991 6989 6990 6993 6994 6992 6991 6992 6994 6993 6996 6995 6993 6995 6994 6997 6987 6988 6998 6987 6997 6999 7000 6998 6998 6997 6999 7001 7000 7002 6999 7002 7000 7001 7004 7003 7004 7001 7002 7005 7006 7003 7003 7004 7005 7005 7007 7006 7008 7010 7009 7010 7008 7011 7012 7014 7013 7014 7012 7015 7016 7018 7017 7019 7021 7020 7022 7024 7023 7025 7027 7026 7028 7030 7029 7029 7024 7028 7023 7024 7029 7028 7031 7030 7023 7025 7022 7017 7026 7027 7026 7022 7025 7018 7016 7021 7017 7027 7016 7021 7019 7018 7032 7034 7033 7033 7035 7032 7036 7038 7037 7039 7040 7037 7037 7038 7039 7041 7040 7042 7039 7042 7040 7041 7042 7043 7038 7036 7044 7036 7045 7044 7046 7045 7047 7045 7046 7044 7047 7049 7048 7048 7046 7047 7048 7049 7050 7049 7051 7050 7052 7054 7053 7053 7055 7052 7056 7058 7057 7059 7061 7060 7062 7064 7063 7065 7067 7066 7068 7070 7069 7071 7073 7072 7069 7075 7074 7074 7068 7069 7076 7077 7075 7074 7075 7077 7068 7071 7070 7071 7072 7070 7064 7073 7063 7072 7073 7064 7062 7065 7066 7063 7065 7062 7067 7056 7057 7067 7057 7066 7059 7058 7061 7061 7058 7056 7078 7080 7079 7079 7081 7078 7082 7084 7083 7085 7082 7086 7082 7085 7084 7086 7088 7087 7087 7085 7086 7089 7090 7088 7087 7088 7090 7089 7092 7091 7089 7091 7090 7093 7083 7084 7094 7083 7093 7095 7096 7094 7094 7093 7095 7097 7096 7098 7095 7098 7096 7097 7100 7099 7100 7097 7098 7101 7102 7099 7099 7100 7101 7101 7103 7102 7104 7106 7105 7106 7104 7107 7108 7110 7109 7110 7108 7111 7112 7114 7113 7115 7117 7116 7118 7120 7119 7121 7123 7122 7124 7126 7125 7125 7120 7124 7119 7120 7125 7124 7127 7126 7119 7121 7118 7113 7122 7123 7122 7118 7121 7114 7112 7117 7113 7123 7112 7117 7115 7114 7128 7130 7129 7129 7131 7128 7132 7134 7133 7135 7136 7133 7133 7134 7135 7137 7136 7138 7135 7138 7136 7137 7138 7139 7134 7132 7140 7132 7141 7140 7142 7141 7143 7141 7142 7140 7143 7145 7144 7144 7142 7143 7144 7145 7146 7145 7147 7146 7148 7150 7149 7149 7151 7148 7152 7154 7153 7155 7157 7156 7158 7160 7159 7161 7163 7162 7164 7166 7165 7167 7169 7168 7165 7171 7170 7170 7164 7165 7172 7173 7171 7170 7171 7173 7164 7167 7166 7167 7168 7166 7160 7169 7159 7168 7169 7160 7158 7161 7162 7159 7161 7158 7163 7152 7153 7163 7153 7162 7155 7154 7157 7157 7154 7152 7174 7176 7175 7175 7177 7174 7178 7180 7179 7181 7178 7182 7178 7181 7180 7182 7184 7183 7183 7181 7182 7185 7186 7184 7183 7184 7186 7185 7188 7187 7185 7187 7186 7189 7179 7180 7190 7179 7189 7191 7192 7190 7190 7189 7191 7193 7192 7194 7191 7194 7192 7193 7196 7195 7196 7193 7194 7197 7198 7195 7195 7196 7197 7197 7199 7198 7200 7202 7201 7202 7200 7203 7204 7206 7205 7206 7204 7207 7208 7210 7209 7211 7213 7212 7214 7216 7215 7217 7219 7218 7220 7222 7221 7221 7216 7220 7215 7216 7221 7220 7223 7222 7215 7217 7214 7209 7218 7219 7218 7214 7217 7210 7208 7213 7209 7219 7208 7213 7211 7210</p>
        </triangles>
      </mesh>
    </geometry>
  </library_geometries>

  <library_visual_scenes>
    <visual_scene id="ID1">
      <node id="ID2">
        <instance_geometry url="#ID3">
          <bind_material>
            <technique_common>
              <instance_material symbol="ID9" target="#ID9"/>
            </technique_common>
          </bind_material>
        </instance_geometry>
      </node>
    </visual_scene>
  </library_visual_scenes>

  <scene>
    <instance_visual_scene url="#ID1"/>
  </scene>

  <library_nodes/>

</COLLADA>
